"ファネル","承認元シート","No.","レビュー状態","行種別","フェーズ","シナリオ名","管理ID","対象・入口条件","配信タイミング","媒体","推奨形式","管理名称","件名","本文（全文・編集可）","CTA文言","CTA URL／変数","付与ラベル","解除ラベル","停止・除外条件","終了条件／次シナリオ","実装メモ","画像URL（原本）","画像プレビュー（セル内）","UTAGE挿入位置","画像内テキスト","使用指示・注意","YouTube本文_N（構造化原本）","YouTube本文_O（転記候補）","YouTube本文_P（補助文）","UTAGE編集URL","原本メッセージID"
"YouTube_ゆっくりAI","REVIEW_YouTube_ゆっくりAI_20260810","1","レビュー確定（要UTAGE実装）","アクション","ACTION","YT_00_ゆっくりAI入口","ACT-ENTRY","ゆっくりAI専用新規LINE登録経路のみ。2026-08-10以降の新規流入。","新規LINE登録時","LINE","アクション","ACT-ENTRY","","ゆっくりAI専用の新規読者としてsrc_youtube_yukkuri_aiを付与し、キーワード受付を開始。表示用動画名は[ゆっくりAI動画名]。既存読者は旧ルートを完走させる。","src_youtube_yukkuri_ai付与→登録直後シナリオ開始","src_youtube_yukkuri_ai付与→登録直後シナリオ開始","","","ゆっくりAI専用新規LINE登録経路のみ。2026-08-10以降の新規流入。","src_youtube_yukkuri_ai付与→登録直後シナリオ開始","配信基準=状態遷移。本文N/O/PとUTAGE編集URLは後続列に保持。","","","本文内定義","","YouTube正本を独自リライトしない。ステータスが廃止対象または旧読者のみの場合は新規実装しない。","ゆっくりAI専用の新規読者としてsrc_youtube_yukkuri_aiを付与し、キーワード受付を開始。表示用動画名は[ゆっくりAI動画名]。既存読者は旧ルートを完走させる。","ゆっくりAI専用の新規読者としてsrc_youtube_yukkuri_aiを付与し、キーワード受付を開始。表示用動画名は[ゆっくりAI動画名]。既存読者は旧ルートを完走させる。","ゆっくりAI専用の新規読者としてsrc_youtube_yukkuri_aiを付与し、キーワード受付を開始。表示用動画名は[ゆっくりAI動画名]。既存読者は旧ルートを完走させる。","[UTAGE実装時作成]","ACT-ENTRY"
"YouTube_ゆっくりAI","REVIEW_YouTube_ゆっくりAI_20260810","2","レビュー確定（要UTAGE実装）","アクション","ACTION","YT_05_特典配布完了","ACT-BENEFIT-DELIVERED","キーワード受信。予約完了・面談済み・成約・営業停止は除外。","キーワード受信時","LINE","アクション","ACT-BENEFIT-DELIVERED","","特典受信を成立点として、登録直後・キーワード催促を停止し、特典配布完了へ即時遷移。特典リンクのクリック有無では分岐しない。","登録直後/キーワード催促を停止→特典配布完了シナリオ開始","登録直後/キーワード催促を停止→特典配布完了シナリオ開始","","","キーワード受信。予約完了・面談済み・成約・営業停止は除外。","登録直後/キーワード催促を停止→特典配布完了シナリオ開始","配信基準=状態遷移。本文N/O/PとUTAGE編集URLは後続列に保持。","","","本文内定義","","YouTube正本を独自リライトしない。ステータスが廃止対象または旧読者のみの場合は新規実装しない。","特典受信を成立点として、登録直後・キーワード催促を停止し、特典配布完了へ即時遷移。特典リンクのクリック有無では分岐しない。","特典受信を成立点として、登録直後・キーワード催促を停止し、特典配布完了へ即時遷移。特典リンクのクリック有無では分岐しない。","特典受信を成立点として、登録直後・キーワード催促を停止し、特典配布完了へ即時遷移。特典リンクのクリック有無では分岐しない。","[UTAGE実装時作成]","ACT-BENEFIT-DELIVERED"
"YouTube_ゆっくりAI","REVIEW_YouTube_ゆっくりAI_20260810","3","レビュー確定（要UTAGE実装）","アクション","ACTION","YT_15_Zoomサポート予約完了","ACT-SUPPORT-BOOKED","Zoomサポート予約完了。予約完了が判定できる連携を使用。","予約完了時","LINE","アクション","ACT-SUPPORT-BOOKED","","Zoomサポート会の予約完了を停止点とし、Zoomサポート募集と下位オファーを停止。予約リマインドだけを配信する。","Zoomサポート募集停止→予約リマインドへ移行","Zoomサポート募集停止→予約リマインドへ移行","","","Zoomサポート予約完了。予約完了が判定できる連携を使用。","Zoomサポート募集停止→予約リマインドへ移行","配信基準=状態遷移。本文N/O/PとUTAGE編集URLは後続列に保持。","","","本文内定義","","YouTube正本を独自リライトしない。ステータスが廃止対象または旧読者のみの場合は新規実装しない。","Zoomサポート会の予約完了を停止点とし、Zoomサポート募集と下位オファーを停止。予約リマインドだけを配信する。","Zoomサポート会の予約完了を停止点とし、Zoomサポート募集と下位オファーを停止。予約リマインドだけを配信する。","Zoomサポート会の予約完了を停止点とし、Zoomサポート募集と下位オファーを停止。予約リマインドだけを配信する。","[UTAGE実装時作成]","ACT-SUPPORT-BOOKED"
"YouTube_ゆっくりAI","REVIEW_YouTube_ゆっくりAI_20260810","4","レビュー確定（要UTAGE実装）","アクション","ACTION","YT_19_Zoomサポート受付終了","ACT-SUPPORT-EXPIRE","Zoomサポート未予約者のみ。予約完了・面談済み・成約・営業停止は除外。","シナリオ流入翌日 23:59","LINE","アクション","ACT-SUPPORT-EXPIRE","","Zoomサポート会未予約者の募集を終了し、翌朝06:00からYouTube/Instagram共通セミナー募集へ移行。","Zoomサポート募集停止→翌朝06:00セミナー募集開始","Zoomサポート募集停止→翌朝06:00セミナー募集開始","","","Zoomサポート未予約者のみ。予約完了・面談済み・成約・営業停止は除外。","Zoomサポート募集停止→翌朝06:00セミナー募集開始","配信基準=状態遷移。本文N/O/PとUTAGE編集URLは後続列に保持。","","","本文内定義","","YouTube正本を独自リライトしない。ステータスが廃止対象または旧読者のみの場合は新規実装しない。","Zoomサポート会未予約者の募集を終了し、翌朝06:00からYouTube/Instagram共通セミナー募集へ移行。","Zoomサポート会未予約者の募集を終了し、翌朝06:00からYouTube/Instagram共通セミナー募集へ移行。","Zoomサポート会未予約者の募集を終了し、翌朝06:00からYouTube/Instagram共通セミナー募集へ移行。","[UTAGE実装時作成]","ACT-SUPPORT-EXPIRE"
"YouTube_ゆっくりAI","REVIEW_YouTube_ゆっくりAI_20260810","5","レビュー確定（要UTAGE実装）","アクション","ACTION","YT_25_セミナー申込完了","ACT-SEM-REG","セミナー申込完了。日程1・日程2のイベントごとに判定。","セミナー申込完了時","LINE","アクション","ACT-SEM-REG","","選択した日程のセミナー申込完了を成立点とし、未申込者向け募集を全停止。申込日程のリマインドへ移行する。","セミナー募集停止→申込日程リマインドへ移行","セミナー募集停止→申込日程リマインドへ移行","","","セミナー申込完了。日程1・日程2のイベントごとに判定。","セミナー募集停止→申込日程リマインドへ移行","配信基準=状態遷移。本文N/O/PとUTAGE編集URLは後続列に保持。","","","本文内定義","","YouTube正本を独自リライトしない。ステータスが廃止対象または旧読者のみの場合は新規実装しない。","選択した日程のセミナー申込完了を成立点とし、未申込者向け募集を全停止。申込日程のリマインドへ移行する。","選択した日程のセミナー申込完了を成立点とし、未申込者向け募集を全停止。申込日程のリマインドへ移行する。","選択した日程のセミナー申込完了を成立点とし、未申込者向け募集を全停止。申込日程のリマインドへ移行する。","[UTAGE実装時作成]","ACT-SEM-REG"
"YouTube_ゆっくりAI","REVIEW_YouTube_ゆっくりAI_20260810","6","レビュー確定（要UTAGE実装）","アクション","ACTION","YT_26_日程不可VSL即時開始","ACT-NODATE-VSL","日程不可ボタン初回クリック。既にVSL中・面談予約済み・面談済みは除外。","「どちらの日程も合わない」初回クリック時","LINE","アクション","ACT-NODATE-VSL","","セミナー募集を即時停止し、「前回企画のダイジェスト版」として72時間VSLを開始。初回クリック時刻を期限起点として固定し、再クリックで延長しない。","セミナー募集停止→72時間VSL即時開始","セミナー募集停止→72時間VSL即時開始","","","日程不可ボタン初回クリック。既にVSL中・面談予約済み・面談済みは除外。","セミナー募集停止→72時間VSL即時開始","配信基準=状態遷移。本文N/O/PとUTAGE編集URLは後続列に保持。","","","本文内定義","","YouTube正本を独自リライトしない。ステータスが廃止対象または旧読者のみの場合は新規実装しない。","セミナー募集を即時停止し、「前回企画のダイジェスト版」として72時間VSLを開始。初回クリック時刻を期限起点として固定し、再クリックで延長しない。","セミナー募集を即時停止し、「前回企画のダイジェスト版」として72時間VSLを開始。初回クリック時刻を期限起点として固定し、再クリックで延長しない。","セミナー募集を即時停止し、「前回企画のダイジェスト版」として72時間VSLを開始。初回クリック時刻を期限起点として固定し、再クリックで延長しない。","[UTAGE実装時作成]","ACT-NODATE-VSL"
"YouTube_ゆっくりAI","REVIEW_YouTube_ゆっくりAI_20260810","7","レビュー確定（要UTAGE実装）","アクション","ACTION","YT_29_第2日程終了未申込","ACT-SEM2-END-NOREG","第2日程終了時点でセミナー未申込。面談予約済み・面談済み・成約・営業停止は除外。","第2日程終了の翌朝 06:00","LINE","アクション","ACT-SEM2-END-NOREG","","2日程とも未申込だった人を確認ボタンなしで72時間VSLへ自動移行する。","セミナー募集停止→72時間VSL開始","セミナー募集停止→72時間VSL開始","","","第2日程終了時点でセミナー未申込。面談予約済み・面談済み・成約・営業停止は除外。","セミナー募集停止→72時間VSL開始","配信基準=状態遷移。本文N/O/PとUTAGE編集URLは後続列に保持。","","","本文内定義","","YouTube正本を独自リライトしない。ステータスが廃止対象または旧読者のみの場合は新規実装しない。","2日程とも未申込だった人を確認ボタンなしで72時間VSLへ自動移行する。","2日程とも未申込だった人を確認ボタンなしで72時間VSLへ自動移行する。","2日程とも未申込だった人を確認ボタンなしで72時間VSLへ自動移行する。","[UTAGE実装時作成]","ACT-SEM2-END-NOREG"
"YouTube_ゆっくりAI","REVIEW_YouTube_ゆっくりAI_20260810","8","レビュー確定（要UTAGE実装）","アクション","ACTION","YT_30_開催翌朝面談案内","ACT-POSTSEM-CONSULT","セミナー申込済みかつ面談未予約。参加/欠席は判定しない。","本人が申し込んだセミナー開催翌朝 06:00","LINE","アクション","ACT-POSTSEM-CONSULT","","セミナー申込済み・個別ロードマップ作成会未予約者へ面談案内を開始。受付は当日23:59で厳密に終了する。","セミナーリマインド停止→面談案内開始","セミナーリマインド停止→面談案内開始","","","セミナー申込済みかつ面談未予約。参加/欠席は判定しない。","セミナーリマインド停止→面談案内開始","配信基準=状態遷移。本文N/O/PとUTAGE編集URLは後続列に保持。","","","本文内定義","","YouTube正本を独自リライトしない。ステータスが廃止対象または旧読者のみの場合は新規実装しない。","セミナー申込済み・個別ロードマップ作成会未予約者へ面談案内を開始。受付は当日23:59で厳密に終了する。","セミナー申込済み・個別ロードマップ作成会未予約者へ面談案内を開始。受付は当日23:59で厳密に終了する。","セミナー申込済み・個別ロードマップ作成会未予約者へ面談案内を開始。受付は当日23:59で厳密に終了する。","[UTAGE実装時作成]","ACT-POSTSEM-CONSULT"
"YouTube_ゆっくりAI","REVIEW_YouTube_ゆっくりAI_20260810","9","レビュー確定（要UTAGE実装）","アクション","ACTION","YT_39_面談受付終了","ACT-POSTSEM-CONSULT-EXPIRE","面談未予約者のみ。受付フォームも23:59で閉鎖。","面談案内当日 23:59","LINE","アクション","ACT-POSTSEM-CONSULT-EXPIRE","","個別ロードマップ作成会の受付を実際にクローズし、未予約者を翌朝06:00から72時間VSLへ移行する。","面談案内停止→翌朝06:00に72時間VSL開始","面談案内停止→翌朝06:00に72時間VSL開始","","","面談未予約者のみ。受付フォームも23:59で閉鎖。","面談案内停止→翌朝06:00に72時間VSL開始","配信基準=状態遷移。本文N/O/PとUTAGE編集URLは後続列に保持。","","","本文内定義","","YouTube正本を独自リライトしない。ステータスが廃止対象または旧読者のみの場合は新規実装しない。","個別ロードマップ作成会の受付を実際にクローズし、未予約者を翌朝06:00から72時間VSLへ移行する。","個別ロードマップ作成会の受付を実際にクローズし、未予約者を翌朝06:00から72時間VSLへ移行する。","個別ロードマップ作成会の受付を実際にクローズし、未予約者を翌朝06:00から72時間VSLへ移行する。","[UTAGE実装時作成]","ACT-POSTSEM-CONSULT-EXPIRE"
"YouTube_ゆっくりAI","REVIEW_YouTube_ゆっくりAI_20260810","10","レビュー確定（要UTAGE実装）","アクション","ACTION","YT_45_VSL視聴開始","ACT-VSL-START","72時間VSL有効期間内。面談予約済み・面談済みは除外。","VSL視聴開始時","LINE","アクション","ACT-VSL-START","","未視聴者向け案内を即時停止し、途中視聴者向けの配信だけを有効化する。","未視聴シーケンス停止→途中視聴シーケンス開始","未視聴シーケンス停止→途中視聴シーケンス開始","","","72時間VSL有効期間内。面談予約済み・面談済みは除外。","未視聴シーケンス停止→途中視聴シーケンス開始","配信基準=状態遷移。本文N/O/PとUTAGE編集URLは後続列に保持。","","","本文内定義","","YouTube正本を独自リライトしない。ステータスが廃止対象または旧読者のみの場合は新規実装しない。","未視聴者向け案内を即時停止し、途中視聴者向けの配信だけを有効化する。","未視聴者向け案内を即時停止し、途中視聴者向けの配信だけを有効化する。","未視聴者向け案内を即時停止し、途中視聴者向けの配信だけを有効化する。","[UTAGE実装時作成]","ACT-VSL-START"
"YouTube_ゆっくりAI","REVIEW_YouTube_ゆっくりAI_20260810","11","レビュー確定（要UTAGE実装）","アクション","ACTION","YT_55_VSL視聴完了","ACT-VSL-COMPLETE","VSL視聴完了かつ面談未予約。","VSL視聴完了時","LINE","アクション","ACT-VSL-COMPLETE","","未視聴・途中視聴シーケンスを即時停止し、個別面談案内へ移行する。","VSL視聴催促停止→面談案内開始","VSL視聴催促停止→面談案内開始","","","VSL視聴完了かつ面談未予約。","VSL視聴催促停止→面談案内開始","配信基準=状態遷移。本文N/O/PとUTAGE編集URLは後続列に保持。","","","本文内定義","","YouTube正本を独自リライトしない。ステータスが廃止対象または旧読者のみの場合は新規実装しない。","未視聴・途中視聴シーケンスを即時停止し、個別面談案内へ移行する。","未視聴・途中視聴シーケンスを即時停止し、個別面談案内へ移行する。","未視聴・途中視聴シーケンスを即時停止し、個別面談案内へ移行する。","[UTAGE実装時作成]","ACT-VSL-COMPLETE"
"YouTube_ゆっくりAI","REVIEW_YouTube_ゆっくりAI_20260810","12","レビュー確定（要UTAGE実装）","アクション","ACTION","YT_65_VSL期限切れ","ACT-VSL-EXPIRE","VSL開始から72時間経過かつ面談未予約・面談未実施。","VSL起点から72時間後","LINE","アクション","ACT-VSL-EXPIRE","","VSL関連配信をすべて停止。面談未予約者をオープンチャット案内へ移行する。","VSL全配信停止→オプチャ案内開始","VSL全配信停止→オプチャ案内開始","","","VSL開始から72時間経過かつ面談未予約・面談未実施。","VSL全配信停止→オプチャ案内開始","配信基準=状態遷移。本文N/O/PとUTAGE編集URLは後続列に保持。","","","本文内定義","","YouTube正本を独自リライトしない。ステータスが廃止対象または旧読者のみの場合は新規実装しない。","VSL関連配信をすべて停止。面談未予約者をオープンチャット案内へ移行する。","VSL関連配信をすべて停止。面談未予約者をオープンチャット案内へ移行する。","VSL関連配信をすべて停止。面談未予約者をオープンチャット案内へ移行する。","[UTAGE実装時作成]","ACT-VSL-EXPIRE"
"YouTube_ゆっくりAI","REVIEW_YouTube_ゆっくりAI_20260810","13","レビュー確定（要UTAGE実装）","アクション","ACTION","YT_70_面談予約完了","ACT-RM-BOOK","予約ページクリックではなく予約完了。別LINEとの連携IDはUTAGE実装時に実値確認。","個別面談の予約完了時","LINE","アクション","ACT-RM-BOOK","","メインLINEと個別面談LINEの両方で、VSL・面談催促・期限・オプチャなど他オファーを全停止。面談リマインドだけを残す。","全オファー停止→面談リマインドのみ","全オファー停止→面談リマインドのみ","","","予約ページクリックではなく予約完了。別LINEとの連携IDはUTAGE実装時に実値確認。","全オファー停止→面談リマインドのみ","配信基準=状態遷移。本文N/O/PとUTAGE編集URLは後続列に保持。","","","本文内定義","","YouTube正本を独自リライトしない。ステータスが廃止対象または旧読者のみの場合は新規実装しない。","メインLINEと個別面談LINEの両方で、VSL・面談催促・期限・オプチャなど他オファーを全停止。面談リマインドだけを残す。","メインLINEと個別面談LINEの両方で、VSL・面談催促・期限・オプチャなど他オファーを全停止。面談リマインドだけを残す。","メインLINEと個別面談LINEの両方で、VSL・面談催促・期限・オプチャなど他オファーを全停止。面談リマインドだけを残す。","[UTAGE実装時作成]","ACT-RM-BOOK"
"YouTube_ゆっくりAI","REVIEW_YouTube_ゆっくりAI_20260810","14","レビュー確定（要UTAGE実装）","アクション","ACTION","YT_81_無断欠席","ACT-RM-NOSHOW","無断欠席者。再予約完了時は全催促を停止。","面談無断欠席判定時","LINE","アクション","ACT-RM-NOSHOW","","YouTube既存運用と同じ3通の再案内を開始。3通後も再予約がなければ見込み弱としてオプチャへ移行する。","面談再案内3通→未再予約ならオプチャ","面談再案内3通→未再予約ならオプチャ","","","無断欠席者。再予約完了時は全催促を停止。","面談再案内3通→未再予約ならオプチャ","配信基準=状態遷移。本文N/O/PとUTAGE編集URLは後続列に保持。","","","本文内定義","","YouTube正本を独自リライトしない。ステータスが廃止対象または旧読者のみの場合は新規実装しない。","YouTube既存運用と同じ3通の再案内を開始。3通後も再予約がなければ見込み弱としてオプチャへ移行する。","YouTube既存運用と同じ3通の再案内を開始。3通後も再予約がなければ見込み弱としてオプチャへ移行する。","YouTube既存運用と同じ3通の再案内を開始。3通後も再予約がなければ見込み弱としてオプチャへ移行する。","[UTAGE実装時作成]","ACT-RM-NOSHOW"
"YouTube_ゆっくりAI","REVIEW_YouTube_ゆっくりAI_20260810","15","レビュー確定（要UTAGE実装）","アクション","ACTION","YT_90_オプチャクリック","ACT-OPENCHAT-CLICK","面談未実施者のみ。面談済みは自動配信対象外。","オプチャリンク初回クリック時","LINE","アクション","ACT-OPENCHAT-CLICK","","オプチャ案内シーケンスを停止し、同じ案内の重複送信を防止する。","オプチャ案内停止","オプチャ案内停止","","","面談未実施者のみ。面談済みは自動配信対象外。","オプチャ案内停止","配信基準=状態遷移。本文N/O/PとUTAGE編集URLは後続列に保持。","","","本文内定義","","YouTube正本を独自リライトしない。ステータスが廃止対象または旧読者のみの場合は新規実装しない。","オプチャ案内シーケンスを停止し、同じ案内の重複送信を防止する。","オプチャ案内シーケンスを停止し、同じ案内の重複送信を防止する。","オプチャ案内シーケンスを停止し、同じ案内の重複送信を防止する。","[UTAGE実装時作成]","ACT-OPENCHAT-CLICK"
"YouTube_ゆっくりAI","REVIEW_YouTube_ゆっくりAI_20260810","16","レビュー確定（要UTAGE実装）","アクション","ACTION","YT_99_面談完了","ACT-MEETING-COMPLETE","面談完了者。自動オプチャ対象から除外。","面談完了を手動または連携で確定時","LINE","アクション","ACT-MEETING-COMPLETE","","面談済みをゴールとし、すべての自動営業配信から除外する。失注後のオプチャ案内は手動で切り替える。","全自動営業配信停止→ゴール","全自動営業配信停止→ゴール","","","面談完了者。自動オプチャ対象から除外。","全自動営業配信停止→ゴール","配信基準=状態遷移。本文N/O/PとUTAGE編集URLは後続列に保持。","","","本文内定義","","YouTube正本を独自リライトしない。ステータスが廃止対象または旧読者のみの場合は新規実装しない。","面談済みをゴールとし、すべての自動営業配信から除外する。失注後のオプチャ案内は手動で切り替える。","面談済みをゴールとし、すべての自動営業配信から除外する。失注後のオプチャ案内は手動で切り替える。","面談済みをゴールとし、すべての自動営業配信から除外する。失注後のオプチャ案内は手動で切り替える。","[UTAGE実装時作成]","ACT-MEETING-COMPLETE"
"YouTube_ゆっくりAI","REVIEW_YouTube_ゆっくりAI_20260810","17","稼働中","メッセージ","1","登録直後","HgjvN8CYjPDK","ゆっくりAI専用LINE登録経路／src_youtube_yukkuri_aiを付与／キーワード未送信。予約完了・面談済み・成約・営業停止は除外。","登録直後","LINE","ステップ配信","","","
%line_name%さん、登録ありがとうございます！すやです😊🎉

さっそくですが、ご覧いただいた動画の特典をお渡ししますね🎁

このLINEに 👇
▶️ 動画概要欄に記載のキーワード
を、そのまま送ってください✨

確認でき次第、その場ですぐにお届けします📩🔥","","","","","ゆっくりAI専用LINE登録経路／src_youtube_yukkuri_aiを付与／キーワード未送信。予約完了・面談済み・成約・営業停止は除外。","","配信基準=。本文N/O/PとUTAGE編集URLは後続列に保持。","","","本文内定義","","YouTube正本を独自リライトしない。ステータスが廃止対象または旧読者のみの場合は新規実装しない。","【LINEメッセージ 1／text】
%line_name%さん、登録ありがとうございます！すやです😊🎉

さっそくですが、ご覧いただいた動画の特典をお渡ししますね🎁

このLINEに 👇
▶️ 動画概要欄に記載のキーワード
を、そのまま送ってください✨

確認でき次第、その場ですぐにお届けします📩🔥","%line_name%さん、登録ありがとうございます！すやです😊🎉

さっそくですが、ご覧いただいた動画の特典をお渡ししますね🎁

このLINEに 👇
▶️ 動画概要欄に記載のキーワード
を、そのまま送ってください✨

確認でき次第、その場ですぐにお届けします📩🔥","[name]さん、登録ありがとうございます。すやです。

特典をお送りします。

このLINEに
動画内でお伝えしたキーワードを、そのまま送ってください。確認でき次第、すぐにお渡しします。","https://utage-system.com/account/Y86og5tIw1hZ/scenario/LtfGAaFIOBrD/step/line/HgjvN8CYjPDK/edit","HgjvN8CYjPDK"
"YouTube_ゆっくりAI","REVIEW_YouTube_ゆっくりAI_20260810","18","稼働中","メッセージ","1","登録直後","jhGqM81RS7kn","ゆっくりAI専用LINE登録経路／src_youtube_yukkuri_ai／キーワード未送信者のみ。キーワード受信時に登録直後シナリオを停止し、特典配布完了シナリオへ遷移。","0日後 0:10","LINE","ステップ配信","","","
%line_name%さん、キーワードの送信は大丈夫そうですか？👀

このLINEに 💬  動画概要欄に記載のキーワードを送ると、特典がその場でパッと届きます🎁✨

「あれ、どの動画だったっけ…？」ってなっちゃった方は、動画名やURLを送ってくださいね🙆‍♂️ こちらで確認します！😌","","","","","ゆっくりAI専用LINE登録経路／src_youtube_yukkuri_ai／キーワード未送信者のみ。キーワード受信時に登録直後シナリオを停止し、特典配布完了シナリオへ遷移。","","配信基準=。本文N/O/PとUTAGE編集URLは後続列に保持。","","","本文内定義","","YouTube正本を独自リライトしない。ステータスが廃止対象または旧読者のみの場合は新規実装しない。","【LINEメッセージ 1／text】
%line_name%さん、キーワードの送信は大丈夫そうですか？👀

このLINEに 💬 動画で案内された合言葉 を送ると、特典がその場でパッと届きます🎁✨

「あれ、どの動画だったっけ…？」ってなっちゃった方は、動画名やURLを送ってくださいね🙆‍♂️ こちらで確認します！😌","%line_name%さん、キーワードの送信は大丈夫そうですか？👀

このLINEに 💬 動画で案内された合言葉 を送ると、特典がその場でパッと届きます🎁✨

「あれ、どの動画だったっけ…？」ってなっちゃった方は、動画名やURLを送ってくださいね🙆‍♂️ こちらで確認します！😌","[name]さん、キーワードの送信は大丈夫そうですか？

このLINEに キーワードを送っていただけると、動画でご案内した特典を受け取れます。

どの動画だったか分からなくなった場合は、動画名やURLを送ってください。こちらで確認します。","https://utage-system.com/account/Y86og5tIw1hZ/scenario/LtfGAaFIOBrD/step/line/jhGqM81RS7kn/edit","jhGqM81RS7kn"
"YouTube_ゆっくりAI","REVIEW_YouTube_ゆっくりAI_20260810","19","廃止対象（UTAGEで停止）","メッセージ","2","サポート会_特典リンク未クリック","bvZVJd3EkGg5","使用禁止：特典リンクのクリック有無では分岐しない","30分 後","LINE","ステップ配信","SUP-A01","","
%line_name%さん、先ほどの「特典」、まだ開けていないみたいでした👀

忙しいと、受け取っただけで後回しになっちゃいますよね😌 まず保存だけでもしておいてくださいね。

※もう一度受け取りたい場合は、先ほどのキーワードをこのLINEに送ってくださいね💡","","","","","使用禁止：特典リンクのクリック有無では分岐しない","","配信基準=。本文N/O/PとUTAGE編集URLは後続列に保持。","","","本文内定義","","YouTube正本を独自リライトしない。ステータスが廃止対象または旧読者のみの場合は新規実装しない。","【LINEメッセージ 1／text】
%line_name%さん、先ほどの「特典」、まだ開けていないみたいでした👀

忙しいと、受け取っただけで後回しになっちゃいますよね😌 まず保存だけでもしておいてくださいね。

※もう一度受け取りたい場合は、先ほどの合言葉をこのLINEに送ってくださいね💡","%line_name%さん、先ほどの「特典」、まだ開けていないみたいでした👀

忙しいと、受け取っただけで後回しになっちゃいますよね😌 まず保存だけでもしておいてくださいね。

※もう一度受け取りたい場合は、先ほどの合言葉をこのLINEに送ってくださいね💡","送っていただきありがとうございます。

こちらで特典を特定したいので、見ていたYouTube動画のタイトルかURLを送ってもらえますか？確認でき次第、該当の特典をお送りします。","https://utage-system.com/account/Y86og5tIw1hZ/scenario/PH1yn5gcw4yb/step/line/bvZVJd3EkGg5/edit","bvZVJd3EkGg5"
"YouTube_ゆっくりAI","REVIEW_YouTube_ゆっくりAI_20260810","20","廃止対象（UTAGEで停止）","メッセージ","2","サポート会_特典リンク未クリック","CQ6G6Icjx77d","使用禁止：特典リンクのクリック有無では分岐しない","4時間 後","LINE","ステップ配信","SUP-A02","","特典🎁を受け取っていただいた方には、特典を活用していただくための30分のZoomサポート会を用意しています😊
是非この機会にご活用ください👇
https://utage-system.com/event/HKyoHqSFnPvU/register","","","","","使用禁止：特典リンクのクリック有無では分岐しない","","配信基準=。本文N/O/PとUTAGE編集URLは後続列に保持。","","","本文内定義","","YouTube正本を独自リライトしない。ステータスが廃止対象または旧読者のみの場合は新規実装しない。","【LINEメッセージ 1／text】
特典を見る前でも参加OKな、30分のZoom活用サポート会を用意していますよ😊

「自分の場合はどこから使えばいい？」を一緒に整理する場です👀 必要があれば私たちのサービスもご案内しますが、無理に決める必要はまったくありません✨","特典を見る前でも参加OKな、30分のZoom活用サポート会を用意していますよ😊

「自分の場合はどこから使えばいい？」を一緒に整理する場です👀 必要があれば私たちのサービスもご案内しますが、無理に決める必要はまったくありません✨","[name]さん、お待たせしました。

特典の 「[特典名]」 です。

これを使うと、[特典で得られること]。まずはこちらから受け取ってください。

[特典URL]

受け取ったあと、使い方で迷わないための無料サポートも案内します。","https://utage-system.com/account/Y86og5tIw1hZ/scenario/PH1yn5gcw4yb/step/line/CQ6G6Icjx77d/edit","CQ6G6Icjx77d"
"YouTube_ゆっくりAI","REVIEW_YouTube_ゆっくりAI_20260810","21","廃止対象（UTAGEで停止）","メッセージ","2","サポート会_特典リンク未クリック","ifotTltN9ImD","使用禁止：特典リンクのクリック有無では分岐しない","1日後 10:00","LINE","ステップ配信","SUP-A03","","
{
  ""original_content_url"": ""https://utagesystem.s3.ap-northeast-1.wasabisys.com/GX6OYW2fVtRD/jJ4FvI0TtE50.png""
}

────────────

【LINEメッセージ 2／text】
%line_name%さん、Zoomサポート会の申し込みはお済みでしょうか？

特典をご覧になっていなくても全く問題ございません🔥 一緒に使い方をマスターしてしまいましょう👇

────────────

【LINEメッセージ 3／button】
{
  ""alt_text"": ""【個別】ZOOMサポート会のご案内"",
  ""react_type"": ""free"",
  ""react_press_again_text"": null,
  ""thumbnail_image_url"": null,
  ""title"": ""ZOOMサポート会"",
  ""text"": ""Zoom30分・名前とメールだけで予約OK"",
  ""actions"": [
    {
      ""type"": ""url"",
      ""label"": ""ZOOMサポート会に申し込む"",
      ""uri"": ""https://utage-system.com/event/HKyoHqSFnPvU/register"",
      ""add_label_id"": null,
      ""del_label_id"": null
    }
  ]
}","[
  {
    ""url"": ""https://utage-system.com/event/HKyoHqSFnPvU/register"",
    ""action_id"": ""CuTNunOkS4Ul"",
    ""expiration_type"": ""none""
  }
]","[
  {
    ""url"": ""https://utage-system.com/event/HKyoHqSFnPvU/register"",
    ""action_id"": ""CuTNunOkS4Ul"",
    ""expiration_type"": ""none""
  }
]","","","使用禁止：特典リンクのクリック有無では分岐しない","[
  {
    ""url"": ""https://utage-system.com/event/HKyoHqSFnPvU/register"",
    ""action_id"": ""CuTNunOkS4Ul"",
    ""expiration_type"": ""none""
  }
]","配信基準=。本文N/O/PとUTAGE編集URLは後続列に保持。","https://utagesystem.s3.ap-northeast-1.wasabisys.com/GX6OYW2fVtRD/jJ4FvI0TtE50.png","","本文内定義","","YouTube正本を独自リライトしない。ステータスが廃止対象または旧読者のみの場合は新規実装しない。","【LINEメッセージ 1／image】
{
  ""original_content_url"": ""https://utagesystem.s3.ap-northeast-1.wasabisys.com/GX6OYW2fVtRD/jJ4FvI0TtE50.png""
}

────────────

【LINEメッセージ 2／text】
%line_name%さん、特典は読んでから面談に来なくても大丈夫ですよ😊

むしろ、まだ手を付けられていない状態から「最初の一歩」を決めるために使っちゃいましょう🔥 Zoomで３０分です👇

────────────

【LINEメッセージ 3／button】
{
  ""alt_text"": ""【個別】AI活用サポート会（Zoom30分）のご案内"",
  ""react_type"": ""free"",
  ""react_press_again_text"": null,
  ""thumbnail_image_url"": null,
  ""title"": ""AI個別サポート会"",
  ""text"": ""Zoom30分・名前とメールだけで予約OK"",
  ""actions"": [
    {
      ""type"": ""url"",
      ""label"": ""サポート会に申し込む"",
      ""uri"": ""https://utage-system.com/event/HKyoHqSFnPvU/register"",
      ""add_label_id"": null,
      ""del_label_id"": null
    }
  ]
}","%line_name%さん、特典は読んでから面談に来なくても大丈夫ですよ😊

むしろ、まだ手を付けられていない状態から「最初の一歩」を決めるために使っちゃいましょう🔥 Zoomで３０分です👇","[name]さん、先ほどの「[特典名]」はまだ開けていないようでした。

忙しいと、受け取っただけで後回しになりやすいですよね。まず保存だけでもしておいてください。

[特典URL]","https://utage-system.com/account/Y86og5tIw1hZ/scenario/PH1yn5gcw4yb/step/line/ifotTltN9ImD/edit","ifotTltN9ImD"
"YouTube_ゆっくりAI","REVIEW_YouTube_ゆっくりAI_20260810","22","廃止対象（UTAGEで停止）","メッセージ","2","サポート会_特典リンク未クリック","OndQwf3kv8kl","使用禁止：特典リンクのクリック有無では分岐しない","1日後 19:00","LINE","ステップ配信","SUP-A04","","
情報を集めるだけで終わらせないために😌

Zoomサポート会にぜひお越しください🎁","","","","","使用禁止：特典リンクのクリック有無では分岐しない","","配信基準=。本文N/O/PとUTAGE編集URLは後続列に保持。","","","本文内定義","","YouTube正本を独自リライトしない。ステータスが廃止対象または旧読者のみの場合は新規実装しない。","【LINEメッセージ 1／text】
情報を集めるだけで終わらせないために😌

AIで何ができるかより、自分の状況で何をやるかが決まると、ぐっと動きやすくなりますよ💪 特典の使い方を、あなた向けに整理しますね🎁","情報を集めるだけで終わらせないために😌

AIで何ができるかより、自分の状況で何をやるかが決まると、ぐっと動きやすくなりますよ💪 特典の使い方を、あなた向けに整理しますね🎁","特典を見る前でも参加できる、30分のZoom活用サポート会を用意しています。

「自分の場合はどこから使えばいい？」を一緒に整理する場です。是非ご活用ください。","https://utage-system.com/account/Y86og5tIw1hZ/scenario/PH1yn5gcw4yb/step/line/OndQwf3kv8kl/edit","OndQwf3kv8kl"
"YouTube_ゆっくりAI","REVIEW_YouTube_ゆっくりAI_20260810","23","廃止対象（UTAGEで停止）","メッセージ","2","サポート会_特典リンク未クリック","ivBKWMlrnLV6","使用禁止：特典リンクのクリック有無では分岐しない","2日後 10:00","LINE","ステップ配信","SUP-A05","","
無料のZoomサポート会をご案内できるのは、本日までとなります⏰

お早めにお申し込みください👇

────────────

【LINEメッセージ 2／button】
{
  ""alt_text"": ""【個別】ZOOMサポート会（本日まで）のご案内"",
  ""react_type"": ""free"",
  ""react_press_again_text"": null,
  ""thumbnail_image_url"": null,
  ""title"": ""ZOOMサポート会"",
  ""text"": ""無料受付は本日まで・Zoom30分"",
  ""actions"": [
    {
      ""type"": ""url"",
      ""label"": ""ZOOMサポート会に申し込む"",
      ""uri"": ""https://utage-system.com/event/HKyoHqSFnPvU/register"",
      ""add_label_id"": null,
      ""del_label_id"": null
    }
  ]
}","[
  {
    ""url"": ""https://utage-system.com/event/HKyoHqSFnPvU/register"",
    ""action_id"": ""CuTNunOkS4Ul"",
    ""expiration_type"": ""none""
  }
]","[
  {
    ""url"": ""https://utage-system.com/event/HKyoHqSFnPvU/register"",
    ""action_id"": ""CuTNunOkS4Ul"",
    ""expiration_type"": ""none""
  }
]","","","使用禁止：特典リンクのクリック有無では分岐しない","[
  {
    ""url"": ""https://utage-system.com/event/HKyoHqSFnPvU/register"",
    ""action_id"": ""CuTNunOkS4Ul"",
    ""expiration_type"": ""none""
  }
]","配信基準=。本文N/O/PとUTAGE編集URLは後続列に保持。","","","本文内定義","","YouTube正本を独自リライトしない。ステータスが廃止対象または旧読者のみの場合は新規実装しない。","【LINEメッセージ 1／text】
無料の活用サポート会をご案内できるのは、本日までなんです⏰

特典はこの後も見られますよ😊 今日までなのは、私たちが個別に整理する30分枠の受付だけです👇

────────────

【LINEメッセージ 2／button】
{
  ""alt_text"": ""【個別】AI活用サポート会（本日まで）のご案内"",
  ""react_type"": ""free"",
  ""react_press_again_text"": null,
  ""thumbnail_image_url"": null,
  ""title"": ""AI個別サポート会"",
  ""text"": ""無料受付は本日まで・Zoom30分"",
  ""actions"": [
    {
      ""type"": ""url"",
      ""label"": ""サポート会に申し込む"",
      ""uri"": ""https://utage-system.com/event/HKyoHqSFnPvU/register"",
      ""add_label_id"": null,
      ""del_label_id"": null
    }
  ]
}","無料の活用サポート会をご案内できるのは、本日までなんです⏰

特典はこの後も見られますよ😊 今日までなのは、私たちが個別に整理する30分枠の受付だけです👇","[name]さん、特典を使う前に面談に来ていただいても全く問題ありません。

むしろ、まだ手を付けられていない状態から「最初の一歩」を決めるために使ってください。

[サポート会予約URL]","https://utage-system.com/account/Y86og5tIw1hZ/scenario/PH1yn5gcw4yb/step/line/ivBKWMlrnLV6/edit","ivBKWMlrnLV6"
"YouTube_ゆっくりAI","REVIEW_YouTube_ゆっくりAI_20260810","24","廃止対象（UTAGEで停止）","メッセージ","2","サポート会_特典リンク未クリック","bnlTD8AAv6rX","使用禁止：特典リンクのクリック有無では分岐しない","2日後 20:00","LINE","ステップ配信","SUP-A06","","【LINEメッセージ 1／text】
%line_name%さん、最後のご案内です📣

特典の使い方をレクチャーする30分Zoomサポート会は、今日で受付を終了します⏰
まだ特典を見てなくても大丈夫ですよ😊
今のうちに枠だけ確保しちゃってください🙌","","","","","使用禁止：特典リンクのクリック有無では分岐しない","","配信基準=。本文N/O/PとUTAGE編集URLは後続列に保持。","","","本文内定義","","YouTube正本を独自リライトしない。ステータスが廃止対象または旧読者のみの場合は新規実装しない。","【LINEメッセージ 1／text】
%line_name%さん、最後のご案内です📣

特典を自分の行動に落とす30分Zoomは、今日で受付を終了します⏰
まだ特典を開いていなくても大丈夫ですよ😊
必要なら今のうちに枠だけ確保しちゃってくださいね🙌","%line_name%さん、最後のご案内です📣

特典を自分の行動に落とす30分Zoomは、今日で受付を終了します⏰
まだ特典を開いていなくても大丈夫ですよ😊
必要なら今のうちに枠だけ確保しちゃってくださいね🙌","情報を集めるだけで終わらせないために。

AIで何ができるかより、自分の状況で何をやるかが決まると動きやすくなります。[特典名]の使い方を、あなた向けにお伝えします。","https://utage-system.com/account/Y86og5tIw1hZ/scenario/PH1yn5gcw4yb/step/line/bnlTD8AAv6rX/edit","bnlTD8AAv6rX"
"YouTube_ゆっくりAI","REVIEW_YouTube_ゆっくりAI_20260810","25","稼働中","メッセージ","3","サポート会_特典クリック済・未予約","VSxWlsxjSOm4","キーワード受信・特典配布完了／Zoomサポート未予約／サポートシナリオ入場の翌日23:59まで／予約完了・面談済み・営業停止は除外","0日後 0:30","LINE","ステップ配信","SUP-B01","","【LINEメッセージ 1／text】
%line_name%さん、お受け取りいただきありがとうございます😊

特典🎁を受け取っていただいた方には、特典を活用していただくための30分のZoomサポート会を用意しています🙌
是非この機会にご活用ください👇
https://utage-system.com/event/HKyoHqSFnPvU/register","","","","","キーワード受信・特典配布完了／Zoomサポート未予約／サポートシナリオ入場の翌日23:59まで／予約完了・面談済み・営業停止は除外","","配信基準=。本文N/O/PとUTAGE編集URLは後続列に保持。","","","本文内定義","","YouTube正本を独自リライトしない。ステータスが廃止対象または旧読者のみの場合は新規実装しない。","【LINEメッセージ 1／text】
%line_name%さん、お受け取りいただきありがとうございます😊

読んで「自分なら何から始める？」が少しでも曖昧なら、30分の活用サポート会で一緒に整理できますよ✨","%line_name%さん、お受け取りいただきありがとうございます😊

読んで「自分なら何から始める？」が少しでも曖昧なら、30分の活用サポート会で一緒に整理できますよ✨","無料の活用サポート会をご案内できるのは、本日までです。

[サポート会予約URL]","https://utage-system.com/account/Y86og5tIw1hZ/scenario/0hGvItT6YXmd/step/line/VSxWlsxjSOm4/edit","VSxWlsxjSOm4"
"YouTube_ゆっくりAI","REVIEW_YouTube_ゆっくりAI_20260810","26","稼働中","メッセージ","3","サポート会_特典クリック済・未予約","H72dD475005l","キーワード受信・特典配布完了／Zoomサポート未予約／サポートシナリオ入場の翌日23:59まで／予約完了・面談済み・営業停止は除外","0日後 3:00","LINE","ステップ配信","SUP-B02","","【LINEメッセージ 1／text】
特典は、自分の状況に当てはめると、一気に使いやすくなります💡

今の仕事・得意なこと・AI経験を伺いながら、特典の活用法をレクチャーいたします。
Zoomで30分、無料です😊","","","","","キーワード受信・特典配布完了／Zoomサポート未予約／サポートシナリオ入場の翌日23:59まで／予約完了・面談済み・営業停止は除外","","配信基準=。本文N/O/PとUTAGE編集URLは後続列に保持。","","","本文内定義","","YouTube正本を独自リライトしない。ステータスが廃止対象または旧読者のみの場合は新規実装しない。","【LINEメッセージ 1／text】
特典は、読むだけより自分の状況に当てはめると、一気に使いやすくなるんです💡

今の仕事・得意なこと・AI経験を伺って、最初にやることを一緒に絞りますね。Zoom30分、無料です😊","特典は、読むだけより自分の状況に当てはめると、一気に使いやすくなるんです💡

今の仕事・得意なこと・AI経験を伺って、最初にやることを一緒に絞りますね。Zoom30分、無料です😊","[name]さん、最後のご案内です。

[特典名]を自分の行動に落とす30分Zoomは、今日で受付を終了します。まだ特典を開いていなくても大丈夫です。必要なら今のうちに予約だけ確保してください。","https://utage-system.com/account/Y86og5tIw1hZ/scenario/0hGvItT6YXmd/step/line/H72dD475005l/edit","H72dD475005l"
"YouTube_ゆっくりAI","REVIEW_YouTube_ゆっくりAI_20260810","27","稼働中","メッセージ","3","サポート会_特典クリック済・未予約","ISdPRuI50WC6","キーワード受信・特典配布完了／Zoomサポート未予約／サポートシナリオ入場の翌日23:59まで／予約完了・面談済み・営業停止は除外","0日後 8:00","LINE","ステップ配信","SUP-B03","","【LINEメッセージ 1／text】
「まだ特典をしっかり読んでない」と思っている方でもお申込みいただいて大丈夫です😌

お気軽に申し込んでしまってください👇

────────────

【LINEメッセージ 2／button】
{
  ""alt_text"": ""【個別】ZOOMサポート会（準備不要）のご案内"",
  ""react_type"": ""free"",
  ""react_press_again_text"": null,
  ""thumbnail_image_url"": null,
  ""title"": ""ZOOMサポート会"",
  ""text"": ""準備・資料不要・Zoom30分"",
  ""actions"": [
    {
      ""type"": ""url"",
      ""label"": ""ZOOMサポート会に申し込む"",
      ""uri"": ""https://utage-system.com/event/HKyoHqSFnPvU/register"",
      ""add_label_id"": null,
      ""del_label_id"": null
    }
  ]
}","[
  {
    ""url"": ""https://utage-system.com/event/HKyoHqSFnPvU/register"",
    ""action_id"": ""CuTNunOkS4Ul"",
    ""expiration_type"": ""none""
  }
]","[
  {
    ""url"": ""https://utage-system.com/event/HKyoHqSFnPvU/register"",
    ""action_id"": ""CuTNunOkS4Ul"",
    ""expiration_type"": ""none""
  }
]","","","キーワード受信・特典配布完了／Zoomサポート未予約／サポートシナリオ入場の翌日23:59まで／予約完了・面談済み・営業停止は除外","[
  {
    ""url"": ""https://utage-system.com/event/HKyoHqSFnPvU/register"",
    ""action_id"": ""CuTNunOkS4Ul"",
    ""expiration_type"": ""none""
  }
]","配信基準=。本文N/O/PとUTAGE編集URLは後続列に保持。","","","本文内定義","","YouTube正本を独自リライトしない。ステータスが廃止対象または旧読者のみの場合は新規実装しない。","【LINEメッセージ 1／text】
「まだ相談するほど整理できていない」と思っている方ほど大丈夫ですよ😌

整理するための会なので、準備や資料はいりません🙆‍♂️ 必要があればサービスの案内もしますが、まずは特典を使える形にすることから始めましょう👇

────────────

【LINEメッセージ 2／button】
{
  ""alt_text"": ""【個別】AI活用サポート会（準備不要）のご案内"",
  ""react_type"": ""free"",
  ""react_press_again_text"": null,
  ""thumbnail_image_url"": null,
  ""title"": ""AI個別サポート会"",
  ""text"": ""準備・資料不要・Zoom30分"",
  ""actions"": [
    {
      ""type"": ""url"",
      ""label"": ""サポート会に申し込む"",
      ""uri"": ""https://utage-system.com/event/HKyoHqSFnPvU/register"",
      ""add_label_id"": null,
      ""del_label_id"": null
    }
  ]
}","「まだ相談するほど整理できていない」と思っている方ほど大丈夫ですよ😌

整理するための会なので、準備や資料はいりません🙆‍♂️ 必要があればサービスの案内もしますが、まずは特典を使える形にすることから始めましょう👇","[name]さん、特典をお受け取りくださりありがとうございます。

読んで「自分なら何から始める？」が少しでも曖昧なら、30分の活用サポート会で一緒に整理できます。","https://utage-system.com/account/Y86og5tIw1hZ/scenario/0hGvItT6YXmd/step/line/ISdPRuI50WC6/edit","ISdPRuI50WC6"
"YouTube_ゆっくりAI","REVIEW_YouTube_ゆっくりAI_20260810","28","稼働中","メッセージ","3","サポート会_特典クリック済・未予約","KLLhgMm16H3d","キーワード受信・特典配布完了／Zoomサポート未予約／サポートシナリオ入場の翌日23:59まで／予約完了・面談済み・営業停止は除外","1日後 9:00","LINE","ステップ配信","SUP-B04","","【LINEメッセージ 1／text】
今日のうちに予約だけしておけば、面談日までにゆっくり特典を読み直せます😊

名前とメールアドレスの2項目でサクッと予約できます🙆‍♂️","","","","","キーワード受信・特典配布完了／Zoomサポート未予約／サポートシナリオ入場の翌日23:59まで／予約完了・面談済み・営業停止は除外","","配信基準=。本文N/O/PとUTAGE編集URLは後続列に保持。","","","本文内定義","","YouTube正本を独自リライトしない。ステータスが廃止対象または旧読者のみの場合は新規実装しない。","【LINEメッセージ 1／text】
知ったことを、今日の一歩へ🚀

特典の内容を、あなたの状況に合わせた行動へ一緒に落とし込みますね🙌","知ったことを、今日の一歩へ🚀

特典の内容を、あなたの状況に合わせた行動へ一緒に落とし込みますね🙌","特典は、読むだけより自分の状況に当てはめると一気に使いやすくなります。

今の仕事・得意なこと・AI経験を伺い、使い方をお伝えします。Zoom30分、無料です。","https://utage-system.com/account/Y86og5tIw1hZ/scenario/0hGvItT6YXmd/step/line/KLLhgMm16H3d/edit","KLLhgMm16H3d"
"YouTube_ゆっくりAI","REVIEW_YouTube_ゆっくりAI_20260810","29","稼働中","メッセージ","3","サポート会_特典クリック済・未予約","3GFwBEpTWkxT","キーワード受信・特典配布完了／Zoomサポート未予約／サポートシナリオ入場の翌日23:59まで／予約完了・面談済み・営業停止は除外","1日後 14:00","LINE","ステップ配信","SUP-B05","","","","","","","キーワード受信・特典配布完了／Zoomサポート未予約／サポートシナリオ入場の翌日23:59まで／予約完了・面談済み・営業停止は除外","","配信基準=。本文N/O/PとUTAGE編集URLは後続列に保持。","","","本文内定義","","YouTube正本を独自リライトしない。ステータスが廃止対象または旧読者のみの場合は新規実装しない。","【LINEメッセージ 1／text】
%line_name%さんが今つまずいているのは、AIツールの不足ではなく「何に使うか」が決まっていないからかもしれません😌

その優先順位を、30分で一緒に整理しちゃいましょう💡","%line_name%さんが今つまずいているのは、AIツールの不足ではなく「何に使うか」が決まっていないからかもしれません😌

その優先順位を、30分で一緒に整理しちゃいましょう💡","「まだ相談するほど整理できていない」と思っている方でも大丈夫です。

準備や資料は不要です。お気軽にお越しください
[サポート会予約URL]","https://utage-system.com/account/Y86og5tIw1hZ/scenario/0hGvItT6YXmd/step/line/3GFwBEpTWkxT/edit","3GFwBEpTWkxT"
"YouTube_ゆっくりAI","REVIEW_YouTube_ゆっくりAI_20260810","30","稼働中","メッセージ","3","サポート会_特典クリック済・未予約","zlqvHGMvQu6k","キーワード受信・特典配布完了／Zoomサポート未予約／サポートシナリオ入場の翌日23:59まで／予約完了・面談済み・営業停止は除外","1日後 20:00","LINE","ステップ配信","SUP-B06","","【LINEメッセージ 1／text】
「まだ相談するほど特典を読み込んでいない」と思っている方でも大丈夫です🙆‍♂️

準備は不要です。お気軽にお越しください💡
https://utage-system.com/event/HKyoHqSFnPvU/register","","","","","キーワード受信・特典配布完了／Zoomサポート未予約／サポートシナリオ入場の翌日23:59まで／予約完了・面談済み・営業停止は除外","","配信基準=。本文N/O/PとUTAGE編集URLは後続列に保持。","","","本文内定義","","YouTube正本を独自リライトしない。ステータスが廃止対象または旧読者のみの場合は新規実装しない。","【LINEメッセージ 1／text】
今日のうちに予約だけ取っておけば、面談日までにゆっくり特典を読み直せますよ😊

名前とメールアドレスの2項目でサクッと予約できます🙆‍♂️","今日のうちに予約だけ取っておけば、面談日までにゆっくり特典を読み直せますよ😊

名前とメールアドレスの2項目でサクッと予約できます🙆‍♂️","知ったことを、今日の一歩へ。

[特典名]の内容を、あなたの状況に合わせた行動へ落とし込みます。","https://utage-system.com/account/Y86og5tIw1hZ/scenario/0hGvItT6YXmd/step/line/zlqvHGMvQu6k/edit","zlqvHGMvQu6k"
"YouTube_ゆっくりAI","REVIEW_YouTube_ゆっくりAI_20260810","31","稼働中","メッセージ","3","サポート会_特典クリック済・未予約","dgt0YyCgh5YJ","キーワード受信・特典配布完了／Zoomサポート未予約／受付終了前／予約完了・面談済み・営業停止は除外","1日後 22:00","LINE","ステップ配信","SUP-B07","","【LINEメッセージ 1／text】
ZOOMサポート会の無料受付は、本日までとなります⏰

一緒に特典を触ってみる機会が必要なら、今日中に日程を押さえておいてくださいね👇

────────────

【LINEメッセージ 2／button】
{
  ""alt_text"": ""【個別】ZOOMサポート会（本日まで）のご案内"",
  ""react_type"": ""free"",
  ""react_press_again_text"": null,
  ""thumbnail_image_url"": null,
  ""title"": ""ZOOMサポート会"",
  ""text"": ""無料受付は本日まで・Zoom30分"",
  ""actions"": [
    {
      ""type"": ""url"",
      ""label"": ""ZOOMサポート会に申し込む"",
      ""uri"": ""https://utage-system.com/event/HKyoHqSFnPvU/register"",
      ""add_label_id"": null,
      ""del_label_id"": null
    }
  ]
}","[
  {
    ""url"": ""https://utage-system.com/event/HKyoHqSFnPvU/register"",
    ""action_id"": ""CuTNunOkS4Ul"",
    ""expiration_type"": ""none""
  }
]","[
  {
    ""url"": ""https://utage-system.com/event/HKyoHqSFnPvU/register"",
    ""action_id"": ""CuTNunOkS4Ul"",
    ""expiration_type"": ""none""
  }
]","","","キーワード受信・特典配布完了／Zoomサポート未予約／受付終了前／予約完了・面談済み・営業停止は除外","[
  {
    ""url"": ""https://utage-system.com/event/HKyoHqSFnPvU/register"",
    ""action_id"": ""CuTNunOkS4Ul"",
    ""expiration_type"": ""none""
  }
]","配信基準=。本文N/O/PとUTAGE編集URLは後続列に保持。","","","本文内定義","","YouTube正本を独自リライトしない。ステータスが廃止対象または旧読者のみの場合は新規実装しない。","【LINEメッセージ 1／text】
活用サポート会の無料受付は、本日までなんです⏰

特典は引き続き使えますが、個別に一緒に整理する機会が必要なら、今日中に日程を押さえておいてくださいね👇

────────────

【LINEメッセージ 2／button】
{
  ""alt_text"": ""【個別】AI活用サポート会（本日まで）のご案内"",
  ""react_type"": ""free"",
  ""react_press_again_text"": null,
  ""thumbnail_image_url"": null,
  ""title"": ""AI個別サポート会"",
  ""text"": ""無料受付は本日まで・Zoom30分"",
  ""actions"": [
    {
      ""type"": ""url"",
      ""label"": ""サポート会に申し込む"",
      ""uri"": ""https://utage-system.com/event/HKyoHqSFnPvU/register"",
      ""add_label_id"": null,
      ""del_label_id"": null
    }
  ]
}","活用サポート会の無料受付は、本日までなんです⏰

特典は引き続き使えますが、個別に一緒に整理する機会が必要なら、今日中に日程を押さえておいてくださいね👇","[name]さんが今つまずいているのは、AIツールの不足ではなく「何に使うか」が決まっていないからかもしれません。

その優先順位を30分で一緒に整理します。","https://utage-system.com/account/Y86og5tIw1hZ/scenario/0hGvItT6YXmd/step/line/dgt0YyCgh5YJ/edit","dgt0YyCgh5YJ"
"YouTube_ゆっくりAI","REVIEW_YouTube_ゆっくりAI_20260810","32","稼働中","メッセージ","3","サポート会_特典クリック済・未予約","4QUV65MbV9mp","キーワード受信・特典配布完了／Zoomサポート未予約／23:59で締切／予約完了・面談済み・営業停止は除外","1日後 23:30","LINE","ステップ配信","SUP-B08","","【LINEメッセージ 1／text】
本日で受付終了です⏰

特典を「いつか使う情報」で終わらせず、自分の行動へ変えたい方は、是非予約してくださいね🎁","","","","","キーワード受信・特典配布完了／Zoomサポート未予約／23:59で締切／予約完了・面談済み・営業停止は除外","","配信基準=。本文N/O/PとUTAGE編集URLは後続列に保持。","","","本文内定義","","YouTube正本を独自リライトしない。ステータスが廃止対象または旧読者のみの場合は新規実装しない。","【LINEメッセージ 1／text】
本日で受付終了です⏰

特典を「いつか使う情報」で終わらせず、自分の行動へ変えたい方は、最後にこちらから予約してくださいね🎁","本日で受付終了です⏰

特典を「いつか使う情報」で終わらせず、自分の行動へ変えたい方は、最後にこちらから予約してくださいね🎁","今日のうちに予約だけ取っておけば、面談日までに特典を読み直せます。

名前とメールアドレスの2項目だけで予約できます。","https://utage-system.com/account/Y86og5tIw1hZ/scenario/0hGvItT6YXmd/step/line/4QUV65MbV9mp/edit","4QUV65MbV9mp"
"YouTube_ゆっくりAI","REVIEW_YouTube_ゆっくりAI_20260810","33","稼働中","メッセージ","4","サポート会_予約ページ済・未予約","yLTL5md6OpN4","Zoomサポート予約ページクリック済み・未予約／サポートシナリオ入場の翌日23:59まで／予約完了・面談済み・営業停止は除外","15分 後","LINE","ステップ配信","SUP-C01","","【LINEメッセージ 1／text】
%line_name%さん、合う時間が見つからなかったでしょうか？枠は随時変わるので、もう一度のぞいてみてください😊","","","","","Zoomサポート予約ページクリック済み・未予約／サポートシナリオ入場の翌日23:59まで／予約完了・面談済み・営業停止は除外","","配信基準=。本文N/O/PとUTAGE編集URLは後続列に保持。","","","本文内定義","","YouTube正本を独自リライトしない。ステータスが廃止対象または旧読者のみの場合は新規実装しない。","【LINEメッセージ 1／text】
%line_name%さん、日程ページまで見てくださったんですね👀

合う時間が見つからなかったでしょうか？枠は随時変わるので、もう一度のぞいてみてくださいね😊","%line_name%さん、日程ページまで見てくださったんですね👀

合う時間が見つからなかったでしょうか？枠は随時変わるので、もう一度のぞいてみてくださいね😊","活用サポート会の無料受付は本日までです。

特典は引き続き使えますが、個別に一緒に整理する機会が必要なら、今日中に日程を押さえてください。

[サポート会予約URL]","https://utage-system.com/account/Y86og5tIw1hZ/scenario/GFocMBuu6yEe/step/line/yLTL5md6OpN4/edit","yLTL5md6OpN4"
"YouTube_ゆっくりAI","REVIEW_YouTube_ゆっくりAI_20260810","34","稼働中","メッセージ","4","サポート会_予約ページ済・未予約","f8HFyXBreGR1","Zoomサポート予約ページクリック済み・未予約／サポートシナリオ入場の翌日23:59まで／予約完了・面談済み・営業停止は除外","2時間 後","LINE","ステップ配信","SUP-C02","","【LINEメッセージ 1／text】
予約は名前とメールアドレスだけでサクッと完了します🙆‍♂️ 事前課題も準備もありません。

30分で「特典をどう使うか」「今どこから動くか」を一緒に整理しますね💡","","","","","Zoomサポート予約ページクリック済み・未予約／サポートシナリオ入場の翌日23:59まで／予約完了・面談済み・営業停止は除外","","配信基準=。本文N/O/PとUTAGE編集URLは後続列に保持。","","","本文内定義","","YouTube正本を独自リライトしない。ステータスが廃止対象または旧読者のみの場合は新規実装しない。","【LINEメッセージ 1／text】
予約は名前とメールアドレスだけでサクッと完了します🙆‍♂️ 事前課題も資料準備もありません。

30分で「特典をどう使うか」「今どこから動くか」を一緒に整理しますね💡","予約は名前とメールアドレスだけでサクッと完了します🙆‍♂️ 事前課題も資料準備もありません。

30分で「特典をどう使うか」「今どこから動くか」を一緒に整理しますね💡","本日で受付終了です。

[特典名]を「いつか使う情報」で終わらせず、自分の行動へ変えたい方は、こちらから予約してください。","https://utage-system.com/account/Y86og5tIw1hZ/scenario/GFocMBuu6yEe/step/line/f8HFyXBreGR1/edit","f8HFyXBreGR1"
"YouTube_ゆっくりAI","REVIEW_YouTube_ゆっくりAI_20260810","35","稼働中","メッセージ","4","サポート会_予約ページ済・未予約","m50niGYgjnil","Zoomサポート予約ページクリック済み・未予約／サポートシナリオ入場の翌日23:59まで／予約完了・面談済み・営業停止は除外","5時間 後","LINE","ステップ配信","SUP-C03","","【LINEメッセージ 1／text】
面談では、今の状況を聞いたうえで、特典の使い方を１on１でレクチャーいたします😊
AI活用でほかにも気になることがあれば、なんでも相談可能です
👇

────────────

【LINEメッセージ 2／button】
{
  ""alt_text"": ""【個別】ZOOMサポート会（Zoom30分）のご案内"",
  ""react_type"": ""free"",
  ""react_press_again_text"": null,
  ""thumbnail_image_url"": null,
  ""title"": ""ZOOMサポート会"",
  ""text"": ""ZOOM30分・その場で決断不要"",
  ""actions"": [
    {
      ""type"": ""url"",
      ""label"": ""ZOOMサポート会に申し込む"",
      ""uri"": ""https://utage-system.com/event/HKyoHqSFnPvU/register"",
      ""add_label_id"": null,
      ""del_label_id"": null
    }
  ]
}","[
  {
    ""url"": ""https://utage-system.com/event/HKyoHqSFnPvU/register"",
    ""action_id"": ""CuTNunOkS4Ul"",
    ""expiration_type"": ""none""
  }
]","[
  {
    ""url"": ""https://utage-system.com/event/HKyoHqSFnPvU/register"",
    ""action_id"": ""CuTNunOkS4Ul"",
    ""expiration_type"": ""none""
  }
]","","","Zoomサポート予約ページクリック済み・未予約／サポートシナリオ入場の翌日23:59まで／予約完了・面談済み・営業停止は除外","[
  {
    ""url"": ""https://utage-system.com/event/HKyoHqSFnPvU/register"",
    ""action_id"": ""CuTNunOkS4Ul"",
    ""expiration_type"": ""none""
  }
]","配信基準=。本文N/O/PとUTAGE編集URLは後続列に保持。","","","本文内定義","","YouTube正本を独自リライトしない。ステータスが廃止対象または旧読者のみの場合は新規実装しない。","【LINEメッセージ 1／text】
面談では、今の状況を聞いたうえで、具体的な次の一歩を一緒に作っていきます😊

必要に応じてAIひとり起業スクールもご案内しますが、その場で決断する必要はまったくありません👇

────────────

【LINEメッセージ 2／button】
{
  ""alt_text"": ""【個別】AI活用サポート会（Zoom30分）のご案内"",
  ""react_type"": ""free"",
  ""react_press_again_text"": null,
  ""thumbnail_image_url"": null,
  ""title"": ""AI個別サポート会"",
  ""text"": ""Zoom30分・その場で決断不要"",
  ""actions"": [
    {
      ""type"": ""url"",
      ""label"": ""サポート会に申し込む"",
      ""uri"": ""https://utage-system.com/event/HKyoHqSFnPvU/register"",
      ""add_label_id"": null,
      ""del_label_id"": null
    }
  ]
}","面談では、今の状況を聞いたうえで、具体的な次の一歩を一緒に作っていきます😊

必要に応じてAIひとり起業スクールもご案内しますが、その場で決断する必要はまったくありません👇","[name]さん、
予約可能日時は随時変わるので、もう一度確認してみてください。","https://utage-system.com/account/Y86og5tIw1hZ/scenario/GFocMBuu6yEe/step/line/m50niGYgjnil/edit","m50niGYgjnil"
"YouTube_ゆっくりAI","REVIEW_YouTube_ゆっくりAI_20260810","36","稼働中","メッセージ","4","サポート会_予約ページ済・未予約","JQUNV2nGfz4h","Zoomサポート予約ページクリック済み・未予約／サポートシナリオ入場の翌日23:59まで／予約完了・面談済み・営業停止は除外","1日後 9:00","LINE","ステップ配信","SUP-C04","","【LINEメッセージ 1／text】
もし、迷われているようでしたら、予約しちゃいましょう🙌

まだ方向性が決まっていなくても、そこから一緒に整理できますよ😊","","","","","Zoomサポート予約ページクリック済み・未予約／サポートシナリオ入場の翌日23:59まで／予約完了・面談済み・営業停止は除外","","配信基準=。本文N/O/PとUTAGE編集URLは後続列に保持。","","","本文内定義","","YouTube正本を独自リライトしない。ステータスが廃止対象または旧読者のみの場合は新規実装しない。","【LINEメッセージ 1／text】
迷っているうちに、まず30分だけ確保しちゃいましょう🙌

まだ方向性が決まっていなくても、そこから一緒に整理できますよ😊","迷っているうちに、まず30分だけ確保しちゃいましょう🙌

まだ方向性が決まっていなくても、そこから一緒に整理できますよ😊","予約は名前とメールアドレスだけで完了します。事前課題も資料準備もありません。

30分で「特典をどう使うか」をマスターできます。","https://utage-system.com/account/Y86og5tIw1hZ/scenario/GFocMBuu6yEe/step/line/JQUNV2nGfz4h/edit","JQUNV2nGfz4h"
"YouTube_ゆっくりAI","REVIEW_YouTube_ゆっくりAI_20260810","37","稼働中","メッセージ","4","サポート会_予約ページ済・未予約","h29JrXdkVU6w","Zoomサポート予約ページクリック済み・未予約／サポートシナリオ入場の翌日23:59まで／予約完了・面談済み・営業停止は除外","1日後 12:00","LINE","ステップ配信","SUP-C05","","【LINEメッセージ 1／text】
「自分のレベルで申し込んで大丈夫かな？」という心配は不要です😌

AI初心者でも大丈夫です🙆‍♂️ ０から使い方を教えますのでご安心ください🎁","","","","","Zoomサポート予約ページクリック済み・未予約／サポートシナリオ入場の翌日23:59まで／予約完了・面談済み・営業停止は除外","","配信基準=。本文N/O/PとUTAGE編集URLは後続列に保持。","","","本文内定義","","YouTube正本を独自リライトしない。ステータスが廃止対象または旧読者のみの場合は新規実装しない。","【LINEメッセージ 1／text】
「自分に相談していい内容かな？」という心配はいりませんよ😌

AI初心者でも、まだ商品がなくても大丈夫です🙆‍♂️ 特典を入口に、現状に合う使い方を一緒に考えますね🎁","「自分に相談していい内容かな？」という心配はいりませんよ😌

AI初心者でも、まだ商品がなくても大丈夫です🙆‍♂️ 特典を入口に、現状に合う使い方を一緒に考えますね🎁","面談では、今の状況を聞いたうえで具体的な次の一歩を一緒に作ります。


[サポート会予約URL]","https://utage-system.com/account/Y86og5tIw1hZ/scenario/GFocMBuu6yEe/step/line/h29JrXdkVU6w/edit","h29JrXdkVU6w"
"YouTube_ゆっくりAI","REVIEW_YouTube_ゆっくりAI_20260810","38","稼働中","メッセージ","4","サポート会_予約ページ済・未予約","2HI0abxePPzX","Zoomサポート予約ページクリック済み・未予約／サポートシナリオ入場の翌日23:59まで／予約完了・面談済み・営業停止は除外","1日後 18:00","LINE","ステップ配信","SUP-C06","","【LINEメッセージ 1／text】
日程ページを開いたまま予約を忘れちゃう方が多いので、念のためリマインドしますね😊

都合が変わった場合は、予約後の日程変更も可能です🙌","","","","","Zoomサポート予約ページクリック済み・未予約／サポートシナリオ入場の翌日23:59まで／予約完了・面談済み・営業停止は除外","","配信基準=。本文N/O/PとUTAGE編集URLは後続列に保持。","","","本文内定義","","YouTube正本を独自リライトしない。ステータスが廃止対象または旧読者のみの場合は新規実装しない。","【LINEメッセージ 1／text】
日程ページを開いたまま予約を忘れちゃう方が多いので、念のためお送りしますね😊

都合が変わった場合は、予約後の日程変更もできますよ🙌","日程ページを開いたまま予約を忘れちゃう方が多いので、念のためお送りしますね😊

都合が変わった場合は、予約後の日程変更もできますよ🙌","迷っているうちに、まず30分だけ確保してみてください。

まだ方向性が決まっていなくても、問題ございません。","https://utage-system.com/account/Y86og5tIw1hZ/scenario/GFocMBuu6yEe/step/line/2HI0abxePPzX/edit","2HI0abxePPzX"
"YouTube_ゆっくりAI","REVIEW_YouTube_ゆっくりAI_20260810","39","稼働中","メッセージ","4","サポート会_予約ページ済・未予約","CMf64P6WngBD","Zoomサポート予約ページクリック済み・未予約／サポートシナリオ入場の翌日23:59まで／予約完了・面談済み・営業停止は除外","1日後 21:00","LINE","ステップ配信","SUP-C07","","【LINEメッセージ 1／text】
特典の内容、せっかくだから手を動かしてみたいんだけど・・・👀
と思われている方こそ、 ZOOMサポート会にお申し込みください。
一緒にAIを触りましょう👇

────────────

【LINEメッセージ 2／button】
{
  ""alt_text"": ""【個別】ZOOMサポート会（まず30分）のご案内"",
  ""react_type"": ""free"",
  ""react_press_again_text"": null,
  ""thumbnail_image_url"": null,
  ""title"": ""ZOOMサポート会"",
  ""text"": ""まず30分で道筋を明確に"",
  ""actions"": [
    {
      ""type"": ""url"",
      ""label"": ""ZOOMサポート会に申し込む"",
      ""uri"": ""https://utage-system.com/event/HKyoHqSFnPvU/register"",
      ""add_label_id"": null,
      ""del_label_id"": null
    }
  ]
}","[
  {
    ""url"": ""https://utage-system.com/event/HKyoHqSFnPvU/register"",
    ""action_id"": ""CuTNunOkS4Ul"",
    ""expiration_type"": ""none""
  }
]","[
  {
    ""url"": ""https://utage-system.com/event/HKyoHqSFnPvU/register"",
    ""action_id"": ""CuTNunOkS4Ul"",
    ""expiration_type"": ""none""
  }
]","","","Zoomサポート予約ページクリック済み・未予約／サポートシナリオ入場の翌日23:59まで／予約完了・面談済み・営業停止は除外","[
  {
    ""url"": ""https://utage-system.com/event/HKyoHqSFnPvU/register"",
    ""action_id"": ""CuTNunOkS4Ul"",
    ""expiration_type"": ""none""
  }
]","配信基準=。本文N/O/PとUTAGE編集URLは後続列に保持。","","","本文内定義","","YouTube正本を独自リライトしない。ステータスが廃止対象または旧読者のみの場合は新規実装しない。","【LINEメッセージ 1／text】
今日決めるのは、スクールへの参加ではありませんよ😌

まず30分話して、今の自分に必要な道筋を明らかにするかどうかです👀 必要ならこちらから枠を選んでくださいね👇

────────────

【LINEメッセージ 2／button】
{
  ""alt_text"": ""【個別】AI活用サポート会（まず30分）のご案内"",
  ""react_type"": ""free"",
  ""react_press_again_text"": null,
  ""thumbnail_image_url"": null,
  ""title"": ""AI個別サポート会"",
  ""text"": ""まず30分で道筋を明確に"",
  ""actions"": [
    {
      ""type"": ""url"",
      ""label"": ""サポート会に申し込む"",
      ""uri"": ""https://utage-system.com/event/HKyoHqSFnPvU/register"",
      ""add_label_id"": null,
      ""del_label_id"": null
    }
  ]
}","今日決めるのは、スクールへの参加ではありませんよ😌

まず30分話して、今の自分に必要な道筋を明らかにするかどうかです👀 必要ならこちらから枠を選んでくださいね👇","「自分が相談していい内容かな？」という心配は不要です。

AI初心者でも、まだビジネスを始めてなくても大丈夫。[特典名]を入口に、現状に合う使い方を考えます。","https://utage-system.com/account/Y86og5tIw1hZ/scenario/GFocMBuu6yEe/step/line/CMf64P6WngBD/edit","CMf64P6WngBD"
"YouTube_ゆっくりAI","REVIEW_YouTube_ゆっくりAI_20260810","40","稼働中","メッセージ","4","サポート会_予約ページ済・未予約","3vvFFE2QRybT","Zoomサポート予約ページクリック済み・未予約／23:59で締切／予約完了・面談済み・営業停止は除外","1日後 22:00","LINE","ステップ配信","SUP-C08","","【LINEメッセージ 1／text】
Zoomサポート会の受付は本日までです⏰
","","","","","Zoomサポート予約ページクリック済み・未予約／23:59で締切／予約完了・面談済み・営業停止は除外","","配信基準=。本文N/O/PとUTAGE編集URLは後続列に保持。","","","本文内定義","","YouTube正本を独自リライトしない。ステータスが廃止対象または旧読者のみの場合は新規実装しない。","【LINEメッセージ 1／text】
無料受付は本日までです⏰

ページまで見て迷っていた方へ😊 準備なし・Zoom30分で参加できますよ✨","無料受付は本日までです⏰

ページまで見て迷っていた方へ😊 準備なし・Zoom30分で参加できますよ✨","日程ページを開いたまま予約を忘れてしまう方が多いので、念のためお送りします。

都合が変わった場合は、予約後の日程変更も可能です。","https://utage-system.com/account/Y86og5tIw1hZ/scenario/GFocMBuu6yEe/step/line/3vvFFE2QRybT/edit","3vvFFE2QRybT"
"YouTube_ゆっくりAI","REVIEW_YouTube_ゆっくりAI_20260810","41","稼働中","メッセージ","4","サポート会_予約ページ済・未予約","cAhwPE8tVflF","Zoomサポート予約ページクリック済み・未予約／23:59で締切／予約完了・面談済み・営業停止は除外","1日後 23:00","LINE","ステップ配信","SUP-C09","","【LINEメッセージ 1／text】
%line_name%さん、受付終了が近づいてきました⏰

Zoomサポート会の無料枠は今日までです。合う時間があるかだけでも、のぞいてみてくださいね😊

https://utage-system.com/event/HKyoHqSFnPvU/register","","","","","Zoomサポート予約ページクリック済み・未予約／23:59で締切／予約完了・面談済み・営業停止は除外","","配信基準=。本文N/O/PとUTAGE編集URLは後続列に保持。","","","本文内定義","","YouTube正本を独自リライトしない。ステータスが廃止対象または旧読者のみの場合は新規実装しない。","【LINEメッセージ 1／text】
%line_name%さん、受付終了が近づいてきました⏰

特典は残りますが、個別に活用方法を整理する無料枠は今日までなんです。合う時間があるかだけでも、のぞいてみてくださいね😊","%line_name%さん、受付終了が近づいてきました⏰

特典は残りますが、個別に活用方法を整理する無料枠は今日までなんです。合う時間があるかだけでも、のぞいてみてくださいね😊","AIをまだ触ったことがない人こそ、まず30分話してみてください。こちらから予約枠を選んでください。

[サポート会予約URL]","https://utage-system.com/account/Y86og5tIw1hZ/scenario/GFocMBuu6yEe/step/line/cAhwPE8tVflF/edit","cAhwPE8tVflF"
"YouTube_ゆっくりAI","REVIEW_YouTube_ゆっくりAI_20260810","42","稼働中","メッセージ","4","サポート会_予約ページ済・未予約","tltNdpSYF83z","Zoomサポート予約ページクリック済み・未予約／23:59で締切／予約完了・面談済み・営業停止は除外","1日後 23:30","LINE","ステップ配信","SUP-C10","","【LINEメッセージ 1／text】
これで最後のご案内です📣

特典をきっかけに、AIを自分の仕事や事業へどうつなげるかを一緒に整理したい方は、受付終了前に予約を完了しておいてくださいね🙌","","","","","Zoomサポート予約ページクリック済み・未予約／23:59で締切／予約完了・面談済み・営業停止は除外","","配信基準=。本文N/O/PとUTAGE編集URLは後続列に保持。","","","本文内定義","","YouTube正本を独自リライトしない。ステータスが廃止対象または旧読者のみの場合は新規実装しない。","【LINEメッセージ 1／text】
これで最後のご案内です📣

特典をきっかけに、AIを自分の仕事や事業へどうつなげるかを一緒に整理したい方は、受付終了前に予約を完了しておいてくださいね🙌","これで最後のご案内です📣

特典をきっかけに、AIを自分の仕事や事業へどうつなげるかを一緒に整理したい方は、受付終了前に予約を完了しておいてくださいね🙌","無料受付は本日まで。

ページまで見て迷っていた方へ。準備なし・Zoomで参加できます。顔出しも不要です。","https://utage-system.com/account/Y86og5tIw1hZ/scenario/GFocMBuu6yEe/step/line/tltNdpSYF83z/edit","tltNdpSYF83z"
"YouTube_ゆっくりAI","REVIEW_YouTube_ゆっくりAI_20260810","43","稼働中","メッセージ","5","AI個別サポートセッションリマインダ","hcFlzVdtklq8","Zoomサポート予約完了者のみ。予約完了時点でセミナー・VSL・オプチャを停止し、この予約リマインドだけ配信。","登録直後","メール","ステップ配信","申込時","【重要】%event_name%へのお申込みが完了しました","%name% 様

この度はお申込み頂き、本当にありがとうございます😊

お申込み頂いたご予約について
ご案内をお送りしますね📩


■　日程・参加方法
━━━━━━━━━━━━━━━━

%event_info%



当日は楽しみにしておりますのでよろしくお願いいたします🙌","","","","","Zoomサポート予約完了者のみ。予約完了時点でセミナー・VSL・オプチャを停止し、この予約リマインドだけ配信。","","配信基準=。本文N/O/PとUTAGE編集URLは後続列に保持。","","","本文内定義","","YouTube正本を独自リライトしない。ステータスが廃止対象または旧読者のみの場合は新規実装しない。","%name% 様

この度は
%event_name%
にお申込み頂き、本当にありがとうございます😊

お申込み頂いたご予約について
ご案内をお送りしますね📩

■　お申込者情報
━━━━━━━━━━━━━━━━

お名前：%name%
メールアドレス：%mail%
電話番号：%phone%


■　日程・参加方法
━━━━━━━━━━━━━━━━

%event_info%


■　キャンセルについて
━━━━━━━━━━━━━━━━

キャンセルを希望される場合は事前に『必ず』ご連絡ください。


━━━━━━━━━━━━━━━━
%event_name%運営事務局
%from_mail%
━━━━━━━━━━━━━━━━","","[name]さん、受付終了が近づいています。

個別に活用方法を整理する無料枠は今日までです。合う時間があるかだけでも確認してみてください。","https://utage-system.com/account/Y86og5tIw1hZ/scenario/UFibyE5xmPyh/step/hcFlzVdtklq8/edit","hcFlzVdtklq8"
"YouTube_ゆっくりAI","REVIEW_YouTube_ゆっくりAI_20260810","44","稼働中","メッセージ","5","AI個別サポートセッションリマインダ","ms9KNzEau9gB","Zoomサポート予約完了者のみ。予約完了時点でセミナー・VSL・オプチャを停止し、この予約リマインドだけ配信。","14日前の 8:00","メール","リマインダ配信","開催14日前","【開催14日前】%event_name%","%name% 様

この度はお申込み頂き、本当にありがとうございます😊

開催14日前になりましたので
リマインドをお送りしますね📩

■　日程・参加方法
━━━━━━━━━━━━━━━━

%event_info%



","","","","","Zoomサポート予約完了者のみ。予約完了時点でセミナー・VSL・オプチャを停止し、この予約リマインドだけ配信。","","配信基準=イベント参加日時。本文N/O/PとUTAGE編集URLは後続列に保持。","","","本文内定義","","YouTube正本を独自リライトしない。ステータスが廃止対象または旧読者のみの場合は新規実装しない。","%name% 様

この度は
%event_name%
にお申込み頂き、本当にありがとうございます😊

開催14日前になりましたので
リマインドをお送りしますね📩

■　お申込者情報
━━━━━━━━━━━━━━━━

お名前：%name%
メールアドレス：%mail%
電話番号：%phone%


■　日程・参加方法
━━━━━━━━━━━━━━━━

%event_info%


■　キャンセルについて
━━━━━━━━━━━━━━━━

キャンセルを希望される場合は事前に『必ず』ご連絡ください。


━━━━━━━━━━━━━━━━
%event_name%運営事務局
%from_mail%
━━━━━━━━━━━━━━━━","","これで最後のご案内です。

[特典名]をきっかけに、AIを自分の仕事や事業へどうつなげるかを一緒に整理したい方は、受付終了前に予約を完了してください。","https://utage-system.com/account/Y86og5tIw1hZ/scenario/UFibyE5xmPyh/reminder/ms9KNzEau9gB/edit","ms9KNzEau9gB"
"YouTube_ゆっくりAI","REVIEW_YouTube_ゆっくりAI_20260810","45","稼働中","メッセージ","5","AI個別サポートセッションリマインダ","swzxfS6n0w9k","Zoomサポート予約完了者のみ。予約完了時点でセミナー・VSL・オプチャを停止し、この予約リマインドだけ配信。","7日前の 8:00","メール","リマインダ配信","開催7日前","【開催7日前】%event_name%","%name% 様


開催7日前になりましたので
リマインドをお送りしますね📩

■　日程・参加方法
━━━━━━━━━━━━━━━━

%event_info%


それでは来週、よろしくお願いいたします🙌","","","","","Zoomサポート予約完了者のみ。予約完了時点でセミナー・VSL・オプチャを停止し、この予約リマインドだけ配信。","","配信基準=イベント参加日時。本文N/O/PとUTAGE編集URLは後続列に保持。","","","本文内定義","","YouTube正本を独自リライトしない。ステータスが廃止対象または旧読者のみの場合は新規実装しない。","%name% 様

この度は
%event_name%
にお申込み頂き、本当にありがとうございます😊

開催7日前になりましたので
リマインドをお送りしますね📩

■　お申込者情報
━━━━━━━━━━━━━━━━

お名前：%name%
メールアドレス：%mail%
電話番号：%phone%


■　日程・参加方法
━━━━━━━━━━━━━━━━

%event_info%


■　キャンセルについて
━━━━━━━━━━━━━━━━

キャンセルを希望される場合は事前に『必ず』ご連絡ください。


━━━━━━━━━━━━━━━━
%event_name%運営事務局
%from_mail%
━━━━━━━━━━━━━━━━","","[name]さん、ご予約ありがとうございます。

日時： [面談日時]
形式： Zoom（30分）
参加URL： [ZoomURL]

当日は、今の状況と目指したいことを伺いながら、次の一歩を一緒に整理します。楽しみにしておりますのでよろしくお願いいたします。

日程変更はこちら：[日程変更URL]","https://utage-system.com/account/Y86og5tIw1hZ/scenario/UFibyE5xmPyh/reminder/swzxfS6n0w9k/edit","swzxfS6n0w9k"
"YouTube_ゆっくりAI","REVIEW_YouTube_ゆっくりAI_20260810","46","稼働中","メッセージ","5","AI個別サポートセッションリマインダ","oxqv6hQ7XQCs","Zoomサポート予約完了者のみ。予約完了時点でセミナー・VSL・オプチャを停止し、この予約リマインドだけ配信。","3日前の 8:00","メール","リマインダ配信","開催3日前","【開催3日前】%event_name%","%name% 様



開催3日前になりましたので
リマインドをお送りしますね📩

■　日程・参加方法
━━━━━━━━━━━━━━━━

%event_info%


当日は何卒よろしくお願いいたします🙌","","","","","Zoomサポート予約完了者のみ。予約完了時点でセミナー・VSL・オプチャを停止し、この予約リマインドだけ配信。","","配信基準=イベント参加日時。本文N/O/PとUTAGE編集URLは後続列に保持。","","","本文内定義","","YouTube正本を独自リライトしない。ステータスが廃止対象または旧読者のみの場合は新規実装しない。","%name% 様

この度は
%event_name%
にお申込み頂き、本当にありがとうございます😊

開催3日前になりましたので
リマインドをお送りしますね📩

■　お申込者情報
━━━━━━━━━━━━━━━━

お名前：%name%
メールアドレス：%mail%
電話番号：%phone%


■　日程・参加方法
━━━━━━━━━━━━━━━━

%event_info%


■　キャンセルについて
━━━━━━━━━━━━━━━━

キャンセルを希望される場合は事前に『必ず』ご連絡ください。


━━━━━━━━━━━━━━━━
%event_name%運営事務局
%from_mail%
━━━━━━━━━━━━━━━━","","明日の面談の確認です。

[面談日時]／Zoom30分
[ZoomURL]

準備物はありません。都合が変わった場合は、こちらから変更してください。
[日程変更URL]","https://utage-system.com/account/Y86og5tIw1hZ/scenario/UFibyE5xmPyh/reminder/oxqv6hQ7XQCs/edit","oxqv6hQ7XQCs"
"YouTube_ゆっくりAI","REVIEW_YouTube_ゆっくりAI_20260810","47","稼働中","メッセージ","5","AI個別サポートセッションリマインダ","9SKShpBczhHZ","Zoomサポート予約完了者のみ。予約完了時点でセミナー・VSL・オプチャを停止し、この予約リマインドだけ配信。","1日前の 8:00","メール","リマインダ配信","開催前日","【明日開催】%event_name%","%name% 様

この度はお申込み頂き、本当にありがとうございます😊

開催前日になりましたので
リマインドをお送りしますね📩

■　日程・参加方法
━━━━━━━━━━━━━━━━

%event_info%


明日は楽しみにしております👀","","","","","Zoomサポート予約完了者のみ。予約完了時点でセミナー・VSL・オプチャを停止し、この予約リマインドだけ配信。","","配信基準=イベント参加日時。本文N/O/PとUTAGE編集URLは後続列に保持。","","","本文内定義","","YouTube正本を独自リライトしない。ステータスが廃止対象または旧読者のみの場合は新規実装しない。","%name% 様

この度は
%event_name%
にお申込み頂き、本当にありがとうございます😊

開催前日になりましたので
リマインドをお送りしますね📩

■　お申込者情報
━━━━━━━━━━━━━━━━

お名前：%name%
メールアドレス：%mail%
電話番号：%phone%


■　日程・参加方法
━━━━━━━━━━━━━━━━

%event_info%


■　キャンセルについて
━━━━━━━━━━━━━━━━

キャンセルを希望される場合は事前に『必ず』ご連絡ください。


━━━━━━━━━━━━━━━━
%event_name%運営事務局
%from_mail%
━━━━━━━━━━━━━━━━","","[name]さん、本日が面談日です。

開始時刻になりましたら、こちらからZoomへお入りください。
[ZoomURL]

お話しできるのを楽しみにしています。","https://utage-system.com/account/Y86og5tIw1hZ/scenario/UFibyE5xmPyh/reminder/9SKShpBczhHZ/edit","9SKShpBczhHZ"
"YouTube_ゆっくりAI","REVIEW_YouTube_ゆっくりAI_20260810","48","稼働中","メッセージ","5","AI個別サポートセッションリマインダ","IZEHgwvzE4jz","Zoomサポート予約完了者のみ。予約完了時点でセミナー・VSL・オプチャを停止し、この予約リマインドだけ配信。","当日の 8:00","メール","リマインダ配信","開催当日","【本日開催】%event_name%","%name% 様

開催当日になりましたので
リマインドをお送りしますね📩
■　日程・参加方法
━━━━━━━━━━━━━━━━

%event_info%

本日はよろしくお願いいたします🙌","","","","","Zoomサポート予約完了者のみ。予約完了時点でセミナー・VSL・オプチャを停止し、この予約リマインドだけ配信。","","配信基準=イベント参加日時。本文N/O/PとUTAGE編集URLは後続列に保持。","","","本文内定義","","YouTube正本を独自リライトしない。ステータスが廃止対象または旧読者のみの場合は新規実装しない。","%name% 様

この度は
%event_name%
にお申込み頂き、本当にありがとうございます😊

開催当日になりましたので
リマインドをお送りしますね📩

■　お申込者情報
━━━━━━━━━━━━━━━━

お名前：%name%
メールアドレス：%mail%
電話番号：%phone%


■　日程・参加方法
━━━━━━━━━━━━━━━━

%event_info%


■　キャンセルについて
━━━━━━━━━━━━━━━━

キャンセルを希望される場合は事前に『必ず』ご連絡ください。


━━━━━━━━━━━━━━━━
%event_name%運営事務局
%from_mail%
━━━━━━━━━━━━━━━━","","面談まであと3時間です。

[面談日時]
[ZoomURL]","https://utage-system.com/account/Y86og5tIw1hZ/scenario/UFibyE5xmPyh/reminder/IZEHgwvzE4jz/edit","IZEHgwvzE4jz"
"YouTube_ゆっくりAI","REVIEW_YouTube_ゆっくりAI_20260810","49","稼働中","メッセージ","5","AI個別サポートセッションリマインダ","NjefxiR7t9tg","Zoomサポート予約完了者のみ。予約完了時点でセミナー・VSL・オプチャを停止し、この予約リマインドだけ配信。","1時間 前","メール","リマインダ配信","開催60分前","【開催30分前】%event_name%","%name% 様

この度はお申込み頂き、本当にありがとうございます😊

開催30分前になりましたので
リマインドをお送りしますね📩

■　日程・参加方法
━━━━━━━━━━━━━━━━

%event_info%



後程よろしくお願いいたします🙌","","","","","Zoomサポート予約完了者のみ。予約完了時点でセミナー・VSL・オプチャを停止し、この予約リマインドだけ配信。","","配信基準=イベント参加日時。本文N/O/PとUTAGE編集URLは後続列に保持。","","","本文内定義","","YouTube正本を独自リライトしない。ステータスが廃止対象または旧読者のみの場合は新規実装しない。","%name% 様

この度は
%event_name%
にお申込み頂き、本当にありがとうございます😊

開催60分前になりましたので
リマインドをお送りしますね📩

■　お申込者情報
━━━━━━━━━━━━━━━━

お名前：%name%
メールアドレス：%mail%
電話番号：%phone%


■　日程・参加方法
━━━━━━━━━━━━━━━━

%event_info%


■　キャンセルについて
━━━━━━━━━━━━━━━━

キャンセルを希望される場合は事前に『必ず』ご連絡ください。


━━━━━━━━━━━━━━━━
%event_name%運営事務局
%from_mail%
━━━━━━━━━━━━━━━━","","あと30分で開始します。

こちらのZoomでお待ちしています。
[ZoomURL]

それでは後ほど、よろしくお願いします。","https://utage-system.com/account/Y86og5tIw1hZ/scenario/UFibyE5xmPyh/reminder/NjefxiR7t9tg/edit","NjefxiR7t9tg"
"YouTube_ゆっくりAI","REVIEW_YouTube_ゆっくりAI_20260810","50","稼働中","メッセージ","6","無断欠席→再予約","RxuU4dWHGqhI","Zoomサポート無断欠席者／再予約未完了。3通終了後も未再予約ならオプチャ。","登録直後","LINE","ステップ配信","NS-01","","【LINEメッセージ 1／text】
%line_name%さん、本日のZoomでお会いできなかったので、ご連絡しました😊

急な予定や接続トラブルもあると思います。
改めて参加したい場合は、こちらから都合のよい日時をお取り直しください。

%event_schedule_change_url%","","","","","Zoomサポート無断欠席者／再予約未完了。3通終了後も未再予約ならオプチャ。","","配信基準=。本文N/O/PとUTAGE編集URLは後続列に保持。","","","本文内定義","","YouTube正本を独自リライトしない。ステータスが廃止対象または旧読者のみの場合は新規実装しない。","【LINEメッセージ 1／text】
%line_name%さん、本日のZoomでお会いできなかったので、ご連絡しました😊

急な予定や接続トラブルもありますよね。改めて参加したい場合は、こちらから都合のよい日時を取り直してくださいね👇
%event_schedule_change_url%","%line_name%さん、本日のZoomでお会いできなかったので、ご連絡しました😊

急な予定や接続トラブルもありますよね。改めて参加したい場合は、こちらから都合のよい日時を取り直してくださいね👇
%event_schedule_change_url%","[name]さん、本日のZoomでお会いできなかったのでご連絡しました。

急な予定や接続トラブルもあると思います。改めて参加したい場合は、こちらから都合のよい日時を取り直してください。
[日程変更URL]","https://utage-system.com/account/Y86og5tIw1hZ/scenario/6s37CibWJW8f/step/line/RxuU4dWHGqhI/edit","RxuU4dWHGqhI"
"YouTube_ゆっくりAI","REVIEW_YouTube_ゆっくりAI_20260810","51","稼働中","メッセージ","6","無断欠席→再予約","IRA85CJbLCRs","Zoomサポート無断欠席者／再予約未完了。3通終了後も未再予約ならオプチャ。","1日後 10:00","LINE","ステップ配信","NS-02","","【LINEメッセージ 1／text】
昨日の面談について、再予約を受け付けています😊

事前準備はいりません。AIを使って何を形にするか、今の状況から一緒に整理していきましょう🙏","","","","","Zoomサポート無断欠席者／再予約未完了。3通終了後も未再予約ならオプチャ。","","配信基準=。本文N/O/PとUTAGE編集URLは後続列に保持。","","","本文内定義","","YouTube正本を独自リライトしない。ステータスが廃止対象または旧読者のみの場合は新規実装しない。","【LINEメッセージ 1／text】
昨日の面談について、再予約を受け付けていますよ😊

事前準備はいりません。AIを使って何を形にするか、今の状況から一緒に整理していきましょう🙏","昨日の面談について、再予約を受け付けていますよ😊

事前準備はいりません。AIを使って何を形にするか、今の状況から一緒に整理していきましょう🙏","昨日の面談について、再予約を受け付けています。

事前準備は不要です。AIを使って何を形にするか、今の状況から一緒に整理できます。","https://utage-system.com/account/Y86og5tIw1hZ/scenario/6s37CibWJW8f/step/line/IRA85CJbLCRs/edit","IRA85CJbLCRs"
"YouTube_ゆっくりAI","REVIEW_YouTube_ゆっくりAI_20260810","52","稼働中","メッセージ","6","無断欠席→再予約","UnzMydkQizNO","Zoomサポート無断欠席者／再予約未完了。3通終了後も未再予約ならオプチャ。","1日後 20:00","LINE","ステップ配信","NS-03","","【LINEメッセージ 1／text】
再予約については、これでいったん最後のご案内です😌

こちらから好きな日時を選んでください😊
%event_schedule_change_url%","","","","","Zoomサポート無断欠席者／再予約未完了。3通終了後も未再予約ならオプチャ。","","配信基準=。本文N/O/PとUTAGE編集URLは後続列に保持。","","","本文内定義","","YouTube正本を独自リライトしない。ステータスが廃止対象または旧読者のみの場合は新規実装しない。","【LINEメッセージ 1／text】
再予約については、これでいったん最後のご案内ですね😌

もう一度話したい場合は、こちらから好きな日時を選んでください😊
今すぐは難しければ、今後のセミナー案内から参加しても大丈夫ですよ👇
%event_schedule_change_url%","再予約については、これでいったん最後のご案内ですね😌

もう一度話したい場合は、こちらから好きな日時を選んでください😊
今すぐは難しければ、今後のセミナー案内から参加しても大丈夫ですよ👇
%event_schedule_change_url%","再予約については、これでいったん最後のご案内です。

こちらから好きな日時を選んでください。
[日程変更URL]","https://utage-system.com/account/Y86og5tIw1hZ/scenario/6s37CibWJW8f/step/line/UnzMydkQizNO/edit","UnzMydkQizNO"
"YouTube_ゆっくりAI","REVIEW_YouTube_ゆっくりAI_20260810","53","レビュー中","メッセージ","20260810新規","セミナー募集_2日程提示","NEW-YT-SEM-CHOICE","Zoomサポート未予約・セミナー未申込・面談未予約。日程不可／VSL中／予約完了／面談済み／営業停止は除外","サポートシナリオ終了後の翌朝06:00","LINE","ステップ配信","YT-SEM-CHOICE","","%line_name%さん、次回のZoomライブセミナーが決まりました😊

AIでひとり起業攻略法
📅 日程①：[第1日程]
📅 日程②：[第2日程]

AIを触るだけで終わらず、自分に合う事業テーマを見つけ、商品・集客・販売へつなげる考え方をお伝えします。

ご都合の合う日程を選択してください👇","日程①：[第1日程申込URL]／日程②：[第2日程申込URL]／どちらの日程も合わない：[ACT-NODATE-VSL]","日程①：[第1日程申込URL]／日程②：[第2日程申込URL]／どちらの日程も合わない：[ACT-NODATE-VSL]","","","Zoomサポート未予約・セミナー未申込・面談未予約。日程不可／VSL中／予約完了／面談済み／営業停止は除外","日程①：[第1日程申込URL]／日程②：[第2日程申込URL]／どちらの日程も合わない：[ACT-NODATE-VSL]","配信基準=サポート会受付終了。本文N/O/PとUTAGE編集URLは後続列に保持。","","","本文内定義","","YouTube正本を独自リライトしない。ステータスが廃止対象または旧読者のみの場合は新規実装しない。","%line_name%さん、次回のZoomライブセミナーが決まりました😊

AIでひとり起業攻略法
📅 日程①：[第1日程]
📅 日程②：[第2日程]

AIを触るだけで終わらず、自分に合う事業テーマを見つけ、商品・集客・販売へつなげる考え方をお伝えします。

ご都合の合う日程を選択してください👇","%line_name%さん、次回のZoomライブセミナーが決まりました😊

AIでひとり起業攻略法
📅 日程①：[第1日程]
📅 日程②：[第2日程]

AIを触るだけで終わらず、自分に合う事業テーマを見つけ、商品・集客・販売へつなげる考え方をお伝えします。

ご都合の合う日程を選択してください👇","%line_name%さん、次回のZoomライブセミナーが決まりました😊

AIでひとり起業攻略法
📅 日程①：[第1日程]
📅 日程②：[第2日程]

AIを触るだけで終わらず、自分に合う事業テーマを見つけ、商品・集客・販売へつなげる考え方をお伝えします。

ご都合の合う日程を選択してください👇","[UTAGE実装時作成]","NEW-YT-SEM-CHOICE"
"YouTube_ゆっくりAI","REVIEW_YouTube_ゆっくりAI_20260810","54","レビュー中","メッセージ","20260810新規","セミナー募集_第1日程","NEW-YT-D1-01","セミナー未申込・面談未予約・日程不可未選択。申込ページクリック済み／VSL中／予約完了／面談済み／営業停止は除外","第1日程 14日前10:00（未経過時のみ）","LINE","ステップ配信","YT-D1-SEM-A01（開催14日前10:00）","","【LINEメッセージ 1／text】
特典①〜④をご覧になって、
「自分なら、何から始めればいいんだろう？🤔」
と感じた方へ。

先ほど、そのモヤモヤをすっきり解消する
【特典⑤：セミナー招待券】をお送りしました！🎟️🚀
質疑応答の時間もたくさんご用意しているので、まずは現状を変えるための一歩としてご参加していただければと思います☺️
ぜひチェックしてください✨","[第1日程申込URL] / 画像：https://drive.usercontent.google.com/download?id=1hDHYwE25L5n73r3M4u7dnhZP935HQ8-5&export=view&confirm=t","[第1日程申込URL] / 画像：https://drive.usercontent.google.com/download?id=1hDHYwE25L5n73r3M4u7dnhZP935HQ8-5&export=view&confirm=t","","","セミナー未申込・面談未予約・日程不可未選択。申込ページクリック済み／VSL中／予約完了／面談済み／営業停止は除外","[第1日程申込URL] / 画像：https://drive.usercontent.google.com/download?id=1hDHYwE25L5n73r3M4u7dnhZP935HQ8-5&export=view&confirm=t","配信基準=イベント参加日。本文N/O/PとUTAGE編集URLは後続列に保持。","","","本文内定義","","YouTube正本を独自リライトしない。ステータスが廃止対象または旧読者のみの場合は新規実装しない。","【LINEメッセージ 1／text】
特典①〜④をご覧になって、
「自分なら、何から始めればいいんだろう？🤔」
と感じた方へ。

先ほど、そのモヤモヤをすっきり解消する
【特典⑤：セミナー招待券】をお送りしました！🎟️🚀
質疑応答の時間もたくさんご用意しているので、まずは現状を変えるための一歩としてご参加していただければと思います☺️
ぜひチェックしてください✨","【LINEメッセージ 1／text】
特典①〜④をご覧になって、
「自分なら、何から始めればいいんだろう？🤔」
と感じた方へ。

先ほど、そのモヤモヤをすっきり解消する
【特典⑤：セミナー招待券】をお送りしました！🎟️🚀
質疑応答の時間もたくさんご用意しているので、まずは現状を変えるための一歩としてご参加していただければと思います☺️
ぜひチェックしてください✨","【LINEメッセージ 1／text】
特典①〜④をご覧になって、
「自分なら、何から始めればいいんだろう？🤔」
と感じた方へ。

先ほど、そのモヤモヤをすっきり解消する
【特典⑤：セミナー招待券】をお送りしました！🎟️🚀
質疑応答の時間もたくさんご用意しているので、まずは現状を変えるための一歩としてご参加していただければと思います☺️
ぜひチェックしてください✨","[UTAGE実装時作成]","NEW-YT-D1-01"
"YouTube_ゆっくりAI","REVIEW_YouTube_ゆっくりAI_20260810","55","レビュー中","メッセージ","20260810新規","セミナー募集_第1日程","NEW-YT-D1-02","セミナー未申込・面談未予約・日程不可未選択。申込ページクリック済み／VSL中／予約完了／面談済み／営業停止は除外","第1日程 12日前19:00（未経過時のみ）","LINE","ステップ配信","YT-D1-SEM-A02（開催12日前19:00）","","【LINEメッセージ 1／text】
先ほどお送りした「セミナー招待状」は
確認できましたか？😊

残りの5大特典（⑥〜⑩）は、
特に有料級の内容となっているため、
セミナーの最後に【参加者限定】でお渡しします🎁

予定が合う方は、忘れないうちに
先に席だけ確保しておいてくださいね👇
[第1日程申込URL]","[第1日程申込URL] / 画像：https://drive.usercontent.google.com/download?id=1N4ce4deT64SE9bn9-tsgLF3B-K6o4coO&export=view&confirm=t","[第1日程申込URL] / 画像：https://drive.usercontent.google.com/download?id=1N4ce4deT64SE9bn9-tsgLF3B-K6o4coO&export=view&confirm=t","","","セミナー未申込・面談未予約・日程不可未選択。申込ページクリック済み／VSL中／予約完了／面談済み／営業停止は除外","[第1日程申込URL] / 画像：https://drive.usercontent.google.com/download?id=1N4ce4deT64SE9bn9-tsgLF3B-K6o4coO&export=view&confirm=t","配信基準=イベント参加日。本文N/O/PとUTAGE編集URLは後続列に保持。","","","本文内定義","","YouTube正本を独自リライトしない。ステータスが廃止対象または旧読者のみの場合は新規実装しない。","【LINEメッセージ 1／text】
先ほどお送りした「セミナー招待状」は
確認できましたか？😊

残りの5大特典（⑥〜⑩）は、
特に有料級の内容となっているため、
セミナーの最後に【参加者限定】でお渡しします🎁

予定が合う方は、忘れないうちに
先に席だけ確保しておいてくださいね👇
[第1日程申込URL]","【LINEメッセージ 1／text】
先ほどお送りした「セミナー招待状」は
確認できましたか？😊

残りの5大特典（⑥〜⑩）は、
特に有料級の内容となっているため、
セミナーの最後に【参加者限定】でお渡しします🎁

予定が合う方は、忘れないうちに
先に席だけ確保しておいてくださいね👇
[第1日程申込URL]","【LINEメッセージ 1／text】
先ほどお送りした「セミナー招待状」は
確認できましたか？😊

残りの5大特典（⑥〜⑩）は、
特に有料級の内容となっているため、
セミナーの最後に【参加者限定】でお渡しします🎁

予定が合う方は、忘れないうちに
先に席だけ確保しておいてくださいね👇
[第1日程申込URL]","[UTAGE実装時作成]","NEW-YT-D1-02"
"YouTube_ゆっくりAI","REVIEW_YouTube_ゆっくりAI_20260810","56","レビュー中","メッセージ","20260810新規","セミナー募集_第1日程","NEW-YT-D1-03","セミナー未申込・面談未予約・日程不可未選択。申込ページクリック済み／VSL中／予約完了／面談済み／営業停止は除外","第1日程 10日前10:00（未経過時のみ）","LINE","ステップ配信","YT-D1-SEM-A03（開催10日前10:00）","","【LINEメッセージ 1／text】
セミナーの最後にお渡しする
【限定特典⑥〜⑩】について少しご紹介します✨

内容は、【AIで動画制作法】や、【AIを使ったホームページ制作法】など、
セミナーの理解をさらに深めて「次の一歩」へすぐ踏み出せるような、
超・実践的なお役立ち資料にしています！💡

ぜひ楽しみにしていてくださいね😊
▼セミナーのお申し込みはこちら
[第1日程申込URL]","[第1日程申込URL]","[第1日程申込URL]","","","セミナー未申込・面談未予約・日程不可未選択。申込ページクリック済み／VSL中／予約完了／面談済み／営業停止は除外","[第1日程申込URL]","配信基準=イベント参加日。本文N/O/PとUTAGE編集URLは後続列に保持。","","","本文内定義","","YouTube正本を独自リライトしない。ステータスが廃止対象または旧読者のみの場合は新規実装しない。","【LINEメッセージ 1／text】
セミナーの最後にお渡しする
【限定特典⑥〜⑩】について少しご紹介します✨

内容は、【AIで動画制作法】や、【AIを使ったホームページ制作法】など、
セミナーの理解をさらに深めて「次の一歩」へすぐ踏み出せるような、
超・実践的なお役立ち資料にしています！💡

ぜひ楽しみにしていてくださいね😊
▼セミナーのお申し込みはこちら
[第1日程申込URL]","【LINEメッセージ 1／text】
セミナーの最後にお渡しする
【限定特典⑥〜⑩】について少しご紹介します✨

内容は、【AIで動画制作法】や、【AIを使ったホームページ制作法】など、
セミナーの理解をさらに深めて「次の一歩」へすぐ踏み出せるような、
超・実践的なお役立ち資料にしています！💡

ぜひ楽しみにしていてくださいね😊
▼セミナーのお申し込みはこちら
[第1日程申込URL]","【LINEメッセージ 1／text】
セミナーの最後にお渡しする
【限定特典⑥〜⑩】について少しご紹介します✨

内容は、【AIで動画制作法】や、【AIを使ったホームページ制作法】など、
セミナーの理解をさらに深めて「次の一歩」へすぐ踏み出せるような、
超・実践的なお役立ち資料にしています！💡

ぜひ楽しみにしていてくださいね😊
▼セミナーのお申し込みはこちら
[第1日程申込URL]","[UTAGE実装時作成]","NEW-YT-D1-03"
"YouTube_ゆっくりAI","REVIEW_YouTube_ゆっくりAI_20260810","57","レビュー中","メッセージ","20260810新規","セミナー募集_第1日程","NEW-YT-D1-04","セミナー未申込・面談未予約・日程不可未選択。申込ページクリック済み／VSL中／予約完了／面談済み／営業停止は除外","第1日程 8日前19:00（未経過時のみ）","LINE","ステップ配信","YT-D1-SEM-A04（開催8日前19:00）","","【LINEメッセージ 1／text】
今回のセミナーでは、単にAIの知識を
増やすだけではなく、以下の3点を
あなたのペースに合わせて整理していきます🌱✨

１．今のあなたに実践できること🚀
２．あなたの生活・仕事で「AIを活かせる場面」🤖
３．今日からスタートできる「最初の一歩」💪

▼お席の確保はこちらからどうぞ👇😊
[第1日程申込URL]","[第1日程申込URL]","[第1日程申込URL]","","","セミナー未申込・面談未予約・日程不可未選択。申込ページクリック済み／VSL中／予約完了／面談済み／営業停止は除外","[第1日程申込URL]","配信基準=イベント参加日。本文N/O/PとUTAGE編集URLは後続列に保持。","","","本文内定義","","YouTube正本を独自リライトしない。ステータスが廃止対象または旧読者のみの場合は新規実装しない。","【LINEメッセージ 1／text】
今回のセミナーでは、単にAIの知識を
増やすだけではなく、以下の3点を
あなたのペースに合わせて整理していきます🌱✨

１．今のあなたに実践できること🚀
２．あなたの生活・仕事で「AIを活かせる場面」🤖
３．今日からスタートできる「最初の一歩」💪

▼お席の確保はこちらからどうぞ👇😊
[第1日程申込URL]","【LINEメッセージ 1／text】
今回のセミナーでは、単にAIの知識を
増やすだけではなく、以下の3点を
あなたのペースに合わせて整理していきます🌱✨

１．今のあなたに実践できること🚀
２．あなたの生活・仕事で「AIを活かせる場面」🤖
３．今日からスタートできる「最初の一歩」💪

▼お席の確保はこちらからどうぞ👇😊
[第1日程申込URL]","【LINEメッセージ 1／text】
今回のセミナーでは、単にAIの知識を
増やすだけではなく、以下の3点を
あなたのペースに合わせて整理していきます🌱✨

１．今のあなたに実践できること🚀
２．あなたの生活・仕事で「AIを活かせる場面」🤖
３．今日からスタートできる「最初の一歩」💪

▼お席の確保はこちらからどうぞ👇😊
[第1日程申込URL]","[UTAGE実装時作成]","NEW-YT-D1-04"
"YouTube_ゆっくりAI","REVIEW_YouTube_ゆっくりAI_20260810","58","レビュー中","メッセージ","20260810新規","セミナー募集_第1日程","NEW-YT-D1-05","セミナー未申込・面談未予約・日程不可未選択。申込ページクリック済み／VSL中／予約完了／面談済み／営業停止は除外","第1日程 7日前10:00（未経過時のみ）","LINE","ステップ配信","YT-D1-SEM-D7-01（開催7日前10:00）","","【LINEメッセージ 1／text】
セミナー開催まで【あと1週間】です！🗓️✨


▼お席の確保はこちらからどうぞ👇😊
[第1日程申込URL]","[第1日程申込URL]","[第1日程申込URL]","","","セミナー未申込・面談未予約・日程不可未選択。申込ページクリック済み／VSL中／予約完了／面談済み／営業停止は除外","[第1日程申込URL]","配信基準=イベント参加日。本文N/O/PとUTAGE編集URLは後続列に保持。","","","本文内定義","","YouTube正本を独自リライトしない。ステータスが廃止対象または旧読者のみの場合は新規実装しない。","【LINEメッセージ 1／text】
セミナー開催まで【あと1週間】です！🗓️✨


▼お席の確保はこちらからどうぞ👇😊
[第1日程申込URL]","【LINEメッセージ 1／text】
セミナー開催まで【あと1週間】です！🗓️✨


▼お席の確保はこちらからどうぞ👇😊
[第1日程申込URL]","【LINEメッセージ 1／text】
セミナー開催まで【あと1週間】です！🗓️✨


▼お席の確保はこちらからどうぞ👇😊
[第1日程申込URL]","[UTAGE実装時作成]","NEW-YT-D1-05"
"YouTube_ゆっくりAI","REVIEW_YouTube_ゆっくりAI_20260810","59","レビュー中","メッセージ","20260810新規","セミナー募集_第1日程","NEW-YT-D1-06","セミナー未申込・面談未予約・日程不可未選択。申込ページクリック済み／VSL中／予約完了／面談済み／営業停止は除外","第1日程 7日前20:00（未経過時のみ）","LINE","ステップ配信","YT-D1-SEM-D7-02（開催7日前20:00）","","【LINEメッセージ 1／text】
セミナー開催まで【あと1週間】です！🗓️✨

セミナーのお申し込みは、お名前と
メールアドレスを入力するだけで完了します📝✨

ご登録後、参加URLをLINEとメールの
両方へお送りします。

まずは開催日時が合うかだけでも確認してみてくださいね👇😊
[第1日程申込URL]","[第1日程申込URL]","[第1日程申込URL]","","","セミナー未申込・面談未予約・日程不可未選択。申込ページクリック済み／VSL中／予約完了／面談済み／営業停止は除外","[第1日程申込URL]","配信基準=イベント参加日。本文N/O/PとUTAGE編集URLは後続列に保持。","","","本文内定義","","YouTube正本を独自リライトしない。ステータスが廃止対象または旧読者のみの場合は新規実装しない。","【LINEメッセージ 1／text】
セミナー開催まで【あと1週間】です！🗓️✨

セミナーのお申し込みは、お名前と
メールアドレスを入力するだけで完了します📝✨

ご登録後、参加URLをLINEとメールの
両方へお送りします。

まずは開催日時が合うかだけでも確認してみてくださいね👇😊
[第1日程申込URL]","【LINEメッセージ 1／text】
セミナー開催まで【あと1週間】です！🗓️✨

セミナーのお申し込みは、お名前と
メールアドレスを入力するだけで完了します📝✨

ご登録後、参加URLをLINEとメールの
両方へお送りします。

まずは開催日時が合うかだけでも確認してみてくださいね👇😊
[第1日程申込URL]","【LINEメッセージ 1／text】
セミナー開催まで【あと1週間】です！🗓️✨

セミナーのお申し込みは、お名前と
メールアドレスを入力するだけで完了します📝✨

ご登録後、参加URLをLINEとメールの
両方へお送りします。

まずは開催日時が合うかだけでも確認してみてくださいね👇😊
[第1日程申込URL]","[UTAGE実装時作成]","NEW-YT-D1-06"
"YouTube_ゆっくりAI","REVIEW_YouTube_ゆっくりAI_20260810","60","レビュー中","メッセージ","20260810新規","セミナー募集_第1日程","NEW-YT-D1-07","セミナー未申込・面談未予約・日程不可未選択。申込ページクリック済み／VSL中／予約完了／面談済み／営業停止は除外","第1日程 6日前10:00（未経過時のみ）","LINE","ステップ配信","YT-D1-SEM-A05（開催6日前10:00）","","【LINEメッセージ 1／text】
今回のセミナーは、単に「AIの知識を増やす」
だけのものではありません💡

このセミナーで1番多い声は
「AIを学んだけど成果が出ない理由がすっきり解決した！」✨
「これまでYouTubeで学んできたけど、自分にあったAIの活かし方がようやくわかった！」💡
「今の私が次にやるべきアクションが明確になりました！」🚀

実はAIの知識だけ増やしても、ビジネスへの活かし方に繋がりません。
「AIを自分の仕事やキャリアにどう活かすか」
を整理し、聞いた後に【具体的に何をすればいいか】
まで、一緒に考えられる内容になっています！🚀

▼席の確保はこちらからどうぞ👇
[第1日程申込URL]","[第1日程申込URL]","[第1日程申込URL]","","","セミナー未申込・面談未予約・日程不可未選択。申込ページクリック済み／VSL中／予約完了／面談済み／営業停止は除外","[第1日程申込URL]","配信基準=イベント参加日。本文N/O/PとUTAGE編集URLは後続列に保持。","","","本文内定義","","YouTube正本を独自リライトしない。ステータスが廃止対象または旧読者のみの場合は新規実装しない。","【LINEメッセージ 1／text】
今回のセミナーは、単に「AIの知識を増やす」
だけのものではありません💡

このセミナーで1番多い声は
「AIを学んだけど成果が出ない理由がすっきり解決した！」✨
「これまでYouTubeで学んできたけど、自分にあったAIの活かし方がようやくわかった！」💡
「今の私が次にやるべきアクションが明確になりました！」🚀

実はAIの知識だけ増やしても、ビジネスへの活かし方に繋がりません。
「AIを自分の仕事やキャリアにどう活かすか」
を整理し、聞いた後に【具体的に何をすればいいか】
まで、一緒に考えられる内容になっています！🚀

▼席の確保はこちらからどうぞ👇
[第1日程申込URL]","【LINEメッセージ 1／text】
今回のセミナーは、単に「AIの知識を増やす」
だけのものではありません💡

このセミナーで1番多い声は
「AIを学んだけど成果が出ない理由がすっきり解決した！」✨
「これまでYouTubeで学んできたけど、自分にあったAIの活かし方がようやくわかった！」💡
「今の私が次にやるべきアクションが明確になりました！」🚀

実はAIの知識だけ増やしても、ビジネスへの活かし方に繋がりません。
「AIを自分の仕事やキャリアにどう活かすか」
を整理し、聞いた後に【具体的に何をすればいいか】
まで、一緒に考えられる内容になっています！🚀

▼席の確保はこちらからどうぞ👇
[第1日程申込URL]","【LINEメッセージ 1／text】
今回のセミナーは、単に「AIの知識を増やす」
だけのものではありません💡

このセミナーで1番多い声は
「AIを学んだけど成果が出ない理由がすっきり解決した！」✨
「これまでYouTubeで学んできたけど、自分にあったAIの活かし方がようやくわかった！」💡
「今の私が次にやるべきアクションが明確になりました！」🚀

実はAIの知識だけ増やしても、ビジネスへの活かし方に繋がりません。
「AIを自分の仕事やキャリアにどう活かすか」
を整理し、聞いた後に【具体的に何をすればいいか】
まで、一緒に考えられる内容になっています！🚀

▼席の確保はこちらからどうぞ👇
[第1日程申込URL]","[UTAGE実装時作成]","NEW-YT-D1-07"
"YouTube_ゆっくりAI","REVIEW_YouTube_ゆっくりAI_20260810","61","レビュー中","メッセージ","20260810新規","セミナー募集_第1日程","NEW-YT-D1-08","セミナー未申込・面談未予約・日程不可未選択。申込ページクリック済み／VSL中／予約完了／面談済み／営業停止は除外","第1日程 5日前19:00（未経過時のみ）","LINE","ステップ配信","YT-D1-SEM-A06（開催5日前19:00）","","【LINEメッセージ 1／text】
「AI初心者ですが、参加しても大丈夫ですか...？」
というご質問をよくいただきましたが、
全く問題ありませんのでご安心ください！😊

むしろAIは初心者だからこその着眼点がかなり重要なんです！
初心者だからこその、新しい発想や発見がある...!!😳

過去のセミナーの様子や、
参加者の方々のリアルな感想は、
こちらからご確認いただけます👇✨
https://seminar-voices.netlify.app/","[第1日程申込URL]","[第1日程申込URL]","","","セミナー未申込・面談未予約・日程不可未選択。申込ページクリック済み／VSL中／予約完了／面談済み／営業停止は除外","[第1日程申込URL]","配信基準=イベント参加日。本文N/O/PとUTAGE編集URLは後続列に保持。","","","本文内定義","","YouTube正本を独自リライトしない。ステータスが廃止対象または旧読者のみの場合は新規実装しない。","【LINEメッセージ 1／text】
「AI初心者ですが、参加しても大丈夫ですか...？」
というご質問をよくいただきましたが、
全く問題ありませんのでご安心ください！😊

むしろAIは初心者だからこその着眼点がかなり重要なんです！
初心者だからこその、新しい発想や発見がある...!!😳

過去のセミナーの様子や、
参加者の方々のリアルな感想は、
こちらからご確認いただけます👇✨
https://seminar-voices.netlify.app/","【LINEメッセージ 1／text】
「AI初心者ですが、参加しても大丈夫ですか...？」
というご質問をよくいただきましたが、
全く問題ありませんのでご安心ください！😊

むしろAIは初心者だからこその着眼点がかなり重要なんです！
初心者だからこその、新しい発想や発見がある...!!😳

過去のセミナーの様子や、
参加者の方々のリアルな感想は、
こちらからご確認いただけます👇✨
https://seminar-voices.netlify.app/","【LINEメッセージ 1／text】
「AI初心者ですが、参加しても大丈夫ですか...？」
というご質問をよくいただきましたが、
全く問題ありませんのでご安心ください！😊

むしろAIは初心者だからこその着眼点がかなり重要なんです！
初心者だからこその、新しい発想や発見がある...!!😳

過去のセミナーの様子や、
参加者の方々のリアルな感想は、
こちらからご確認いただけます👇✨
https://seminar-voices.netlify.app/","[UTAGE実装時作成]","NEW-YT-D1-08"
"YouTube_ゆっくりAI","REVIEW_YouTube_ゆっくりAI_20260810","62","レビュー中","メッセージ","20260810新規","セミナー募集_第1日程","NEW-YT-D1-09","セミナー未申込・面談未予約・日程不可未選択。申込ページクリック済み／VSL中／予約完了／面談済み／営業停止は除外","第1日程 4日前20:00（未経過時のみ）","LINE","ステップ配信","YT-D1-SEM-A07（開催4日前20:00）","","【LINEメッセージ 1／text】
セミナーのお申し込みは、お名前と
メールアドレスを入力するだけで完了します📝✨

ご登録後、参加URLをLINEとメールの
両方へお送りします。👍😊

「当日にLINEのトークからURLを探すのが大変…💦」
という時も、メールに情報が残っているので
スムーズに参加できて安心です
👇😊
[第1日程申込URL]","[第1日程申込URL]","[第1日程申込URL]","","","セミナー未申込・面談未予約・日程不可未選択。申込ページクリック済み／VSL中／予約完了／面談済み／営業停止は除外","[第1日程申込URL]","配信基準=イベント参加日。本文N/O/PとUTAGE編集URLは後続列に保持。","","","本文内定義","","YouTube正本を独自リライトしない。ステータスが廃止対象または旧読者のみの場合は新規実装しない。","【LINEメッセージ 1／text】
セミナーのお申し込みは、お名前と
メールアドレスを入力するだけで完了します📝✨

ご登録後、参加URLをLINEとメールの
両方へお送りします。👍😊

「当日にLINEのトークからURLを探すのが大変…💦」
という時も、メールに情報が残っているので
スムーズに参加できて安心です
👇😊
[第1日程申込URL]","【LINEメッセージ 1／text】
セミナーのお申し込みは、お名前と
メールアドレスを入力するだけで完了します📝✨

ご登録後、参加URLをLINEとメールの
両方へお送りします。👍😊

「当日にLINEのトークからURLを探すのが大変…💦」
という時も、メールに情報が残っているので
スムーズに参加できて安心です
👇😊
[第1日程申込URL]","【LINEメッセージ 1／text】
セミナーのお申し込みは、お名前と
メールアドレスを入力するだけで完了します📝✨

ご登録後、参加URLをLINEとメールの
両方へお送りします。👍😊

「当日にLINEのトークからURLを探すのが大変…💦」
という時も、メールに情報が残っているので
スムーズに参加できて安心です
👇😊
[第1日程申込URL]","[UTAGE実装時作成]","NEW-YT-D1-09"
"YouTube_ゆっくりAI","REVIEW_YouTube_ゆっくりAI_20260810","63","レビュー中","メッセージ","20260810新規","セミナー募集_第1日程","NEW-YT-D1-10","セミナー未申込・面談未予約・日程不可未選択。申込ページクリック済み／VSL中／予約完了／面談済み／営業停止は除外","第1日程 3日前10:00（未経過時のみ）","LINE","ステップ配信","YT-D1-SEM-B01（開催3日前10:00）","","【LINEメッセージ 1／text】
セミナー開催まで【あと3日】となりました！⏰


このセミナーでは「AIの深い知識」ではなく、
「AIをどうビジネスに繋げるか」を体系的に学べる時間になっています☺️✨

""AIでホームページが作れる""、""AIで動画制作ができる""、
ではその後は...？😥

AIを学ぶだけではビジネスは出来ません💦
その知識を発展させるための時間になっています🚀

少しでもご興味ある方は、ぜひお早めにお申し込みください！✨

📅 日時：[第1日程]
💻 形式：オンライン（Zoomなど）

参加用のURLは、お申し込み後に
LINEとメールでお送りいたします。

▼席の確保はお早めにどうぞ👇😊
[第1日程申込URL]","[第1日程申込URL]","[第1日程申込URL]","","","セミナー未申込・面談未予約・日程不可未選択。申込ページクリック済み／VSL中／予約完了／面談済み／営業停止は除外","[第1日程申込URL]","配信基準=イベント参加日。本文N/O/PとUTAGE編集URLは後続列に保持。","","","本文内定義","","YouTube正本を独自リライトしない。ステータスが廃止対象または旧読者のみの場合は新規実装しない。","【LINEメッセージ 1／text】
セミナー開催まで【あと3日】となりました！⏰


このセミナーでは「AIの深い知識」ではなく、
「AIをどうビジネスに繋げるか」を体系的に学べる時間になっています☺️✨

""AIでホームページが作れる""、""AIで動画制作ができる""、
ではその後は...？😥

AIを学ぶだけではビジネスは出来ません💦
その知識を発展させるための時間になっています🚀

少しでもご興味ある方は、ぜひお早めにお申し込みください！✨

📅 日時：[第1日程]
💻 形式：オンライン（Zoomなど）

参加用のURLは、お申し込み後に
LINEとメールでお送りいたします。

▼席の確保はお早めにどうぞ👇😊
[第1日程申込URL]","【LINEメッセージ 1／text】
セミナー開催まで【あと3日】となりました！⏰


このセミナーでは「AIの深い知識」ではなく、
「AIをどうビジネスに繋げるか」を体系的に学べる時間になっています☺️✨

""AIでホームページが作れる""、""AIで動画制作ができる""、
ではその後は...？😥

AIを学ぶだけではビジネスは出来ません💦
その知識を発展させるための時間になっています🚀

少しでもご興味ある方は、ぜひお早めにお申し込みください！✨

📅 日時：[第1日程]
💻 形式：オンライン（Zoomなど）

参加用のURLは、お申し込み後に
LINEとメールでお送りいたします。

▼席の確保はお早めにどうぞ👇😊
[第1日程申込URL]","【LINEメッセージ 1／text】
セミナー開催まで【あと3日】となりました！⏰


このセミナーでは「AIの深い知識」ではなく、
「AIをどうビジネスに繋げるか」を体系的に学べる時間になっています☺️✨

""AIでホームページが作れる""、""AIで動画制作ができる""、
ではその後は...？😥

AIを学ぶだけではビジネスは出来ません💦
その知識を発展させるための時間になっています🚀

少しでもご興味ある方は、ぜひお早めにお申し込みください！✨

📅 日時：[第1日程]
💻 形式：オンライン（Zoomなど）

参加用のURLは、お申し込み後に
LINEとメールでお送りいたします。

▼席の確保はお早めにどうぞ👇😊
[第1日程申込URL]","[UTAGE実装時作成]","NEW-YT-D1-10"
"YouTube_ゆっくりAI","REVIEW_YouTube_ゆっくりAI_20260810","64","レビュー中","メッセージ","20260810新規","セミナー募集_第1日程","NEW-YT-D1-11","セミナー未申込・面談未予約・日程不可未選択。申込ページクリック済み／VSL中／予約完了／面談済み／営業停止は除外","第1日程 3日前20:00（未経過時のみ）","LINE","ステップ配信","YT-D1-SEM-B02（開催3日前20:00）","","【LINEメッセージ 1／text】
「まだAIを触り始めたばかり…」
という方でも、どうぞご安心ください😊

むしろAIビジネスは触り始めた方の方が有利に働くことが多いです！
その実態をセミナーでお伝えいたします🚀🔥

あなたのこれまでの経験や、得意なことを
振り返りながら、「自分にぴったりのAI活用法」
を見つけるところから優しく進めていきます🌱

▼詳細・お申し込みはこちらから👇
[第1日程申込URL]","[第1日程申込URL]","[第1日程申込URL]","","","セミナー未申込・面談未予約・日程不可未選択。申込ページクリック済み／VSL中／予約完了／面談済み／営業停止は除外","[第1日程申込URL]","配信基準=イベント参加日。本文N/O/PとUTAGE編集URLは後続列に保持。","","","本文内定義","","YouTube正本を独自リライトしない。ステータスが廃止対象または旧読者のみの場合は新規実装しない。","【LINEメッセージ 1／text】
「まだAIを触り始めたばかり…」
という方でも、どうぞご安心ください😊

むしろAIビジネスは触り始めた方の方が有利に働くことが多いです！
その実態をセミナーでお伝えいたします🚀🔥

あなたのこれまでの経験や、得意なことを
振り返りながら、「自分にぴったりのAI活用法」
を見つけるところから優しく進めていきます🌱

▼詳細・お申し込みはこちらから👇
[第1日程申込URL]","【LINEメッセージ 1／text】
「まだAIを触り始めたばかり…」
という方でも、どうぞご安心ください😊

むしろAIビジネスは触り始めた方の方が有利に働くことが多いです！
その実態をセミナーでお伝えいたします🚀🔥

あなたのこれまでの経験や、得意なことを
振り返りながら、「自分にぴったりのAI活用法」
を見つけるところから優しく進めていきます🌱

▼詳細・お申し込みはこちらから👇
[第1日程申込URL]","【LINEメッセージ 1／text】
「まだAIを触り始めたばかり…」
という方でも、どうぞご安心ください😊

むしろAIビジネスは触り始めた方の方が有利に働くことが多いです！
その実態をセミナーでお伝えいたします🚀🔥

あなたのこれまでの経験や、得意なことを
振り返りながら、「自分にぴったりのAI活用法」
を見つけるところから優しく進めていきます🌱

▼詳細・お申し込みはこちらから👇
[第1日程申込URL]","[UTAGE実装時作成]","NEW-YT-D1-11"
"YouTube_ゆっくりAI","REVIEW_YouTube_ゆっくりAI_20260810","65","レビュー中","メッセージ","20260810新規","セミナー募集_第1日程","NEW-YT-D1-12","セミナー未申込・面談未予約・日程不可未選択。申込ページクリック済み／VSL中／予約完了／面談済み／営業停止は除外","第1日程 2日前10:00（未経過時のみ）","LINE","ステップ配信","YT-D1-SEM-B03（開催2日前10:00）","","【LINEメッセージ 1／text】
今回のセミナーは、
特にこんな方におすすめです！💡

🌟 AIを自分の仕事に活かしたい
🌟 学ぶ順番をスッキリ整理したい
🌟 自分の「強み」とAIを掛け合わせたい
🌟 今日からできる具体的な一歩を決めたい

1つでも当てはまる方は、
ここが分岐点になると思います...!!
一歩踏み出すか、足踏みをするか。
少しでもご自身にプラスの影響を与えたい方はぜひ👇😊
[第1日程申込URL]","[第1日程申込URL]","[第1日程申込URL]","","","セミナー未申込・面談未予約・日程不可未選択。申込ページクリック済み／VSL中／予約完了／面談済み／営業停止は除外","[第1日程申込URL]","配信基準=イベント参加日。本文N/O/PとUTAGE編集URLは後続列に保持。","","","本文内定義","","YouTube正本を独自リライトしない。ステータスが廃止対象または旧読者のみの場合は新規実装しない。","【LINEメッセージ 1／text】
今回のセミナーは、
特にこんな方におすすめです！💡

🌟 AIを自分の仕事に活かしたい
🌟 学ぶ順番をスッキリ整理したい
🌟 自分の「強み」とAIを掛け合わせたい
🌟 今日からできる具体的な一歩を決めたい

1つでも当てはまる方は、
ここが分岐点になると思います...!!
一歩踏み出すか、足踏みをするか。
少しでもご自身にプラスの影響を与えたい方はぜひ👇😊
[第1日程申込URL]","【LINEメッセージ 1／text】
今回のセミナーは、
特にこんな方におすすめです！💡

🌟 AIを自分の仕事に活かしたい
🌟 学ぶ順番をスッキリ整理したい
🌟 自分の「強み」とAIを掛け合わせたい
🌟 今日からできる具体的な一歩を決めたい

1つでも当てはまる方は、
ここが分岐点になると思います...!!
一歩踏み出すか、足踏みをするか。
少しでもご自身にプラスの影響を与えたい方はぜひ👇😊
[第1日程申込URL]","【LINEメッセージ 1／text】
今回のセミナーは、
特にこんな方におすすめです！💡

🌟 AIを自分の仕事に活かしたい
🌟 学ぶ順番をスッキリ整理したい
🌟 自分の「強み」とAIを掛け合わせたい
🌟 今日からできる具体的な一歩を決めたい

1つでも当てはまる方は、
ここが分岐点になると思います...!!
一歩踏み出すか、足踏みをするか。
少しでもご自身にプラスの影響を与えたい方はぜひ👇😊
[第1日程申込URL]","[UTAGE実装時作成]","NEW-YT-D1-12"
"YouTube_ゆっくりAI","REVIEW_YouTube_ゆっくりAI_20260810","66","レビュー中","メッセージ","20260810新規","セミナー募集_第1日程","NEW-YT-D1-13","セミナー未申込・面談未予約・日程不可未選択。申込ページクリック済み／VSL中／予約完了／面談済み／営業停止は除外","第1日程 2日前20:00（未経過時のみ）","LINE","ステップ配信","YT-D1-SEM-B04（開催2日前20:00）","","【LINEメッセージ 1／text】
限定特典⑥〜⑩をお受け取りいただけるのは、
セミナーを最後までご視聴いただいた方のみとなります🎁

もし「途中までは参加できるけど、最後までは時間的に...」
という方は、個別にメールからご連絡ください！
ご参加いただけたことを確認できましたら、特典の方をお礼にお渡しいたします！

「あとで予定を確認しよう」と思っていると
満席になってしまうこともあるので、
忘れないうちに席を確保しておいてくださいね👇✨
[第1日程申込URL]","[第1日程申込URL]","[第1日程申込URL]","","","セミナー未申込・面談未予約・日程不可未選択。申込ページクリック済み／VSL中／予約完了／面談済み／営業停止は除外","[第1日程申込URL]","配信基準=イベント参加日。本文N/O/PとUTAGE編集URLは後続列に保持。","","","本文内定義","","YouTube正本を独自リライトしない。ステータスが廃止対象または旧読者のみの場合は新規実装しない。","【LINEメッセージ 1／text】
限定特典⑥〜⑩をお受け取りいただけるのは、
セミナーを最後までご視聴いただいた方のみとなります🎁

もし「途中までは参加できるけど、最後までは時間的に...」
という方は、個別にメールからご連絡ください！
ご参加いただけたことを確認できましたら、特典の方をお礼にお渡しいたします！

「あとで予定を確認しよう」と思っていると
満席になってしまうこともあるので、
忘れないうちに席を確保しておいてくださいね👇✨
[第1日程申込URL]","【LINEメッセージ 1／text】
限定特典⑥〜⑩をお受け取りいただけるのは、
セミナーを最後までご視聴いただいた方のみとなります🎁

もし「途中までは参加できるけど、最後までは時間的に...」
という方は、個別にメールからご連絡ください！
ご参加いただけたことを確認できましたら、特典の方をお礼にお渡しいたします！

「あとで予定を確認しよう」と思っていると
満席になってしまうこともあるので、
忘れないうちに席を確保しておいてくださいね👇✨
[第1日程申込URL]","【LINEメッセージ 1／text】
限定特典⑥〜⑩をお受け取りいただけるのは、
セミナーを最後までご視聴いただいた方のみとなります🎁

もし「途中までは参加できるけど、最後までは時間的に...」
という方は、個別にメールからご連絡ください！
ご参加いただけたことを確認できましたら、特典の方をお礼にお渡しいたします！

「あとで予定を確認しよう」と思っていると
満席になってしまうこともあるので、
忘れないうちに席を確保しておいてくださいね👇✨
[第1日程申込URL]","[UTAGE実装時作成]","NEW-YT-D1-13"
"YouTube_ゆっくりAI","REVIEW_YouTube_ゆっくりAI_20260810","67","レビュー中","メッセージ","20260810新規","セミナー募集_第1日程","NEW-YT-D1-14","セミナー未申込・面談未予約・日程不可未選択。申込ページクリック済み／VSL中／予約完了／面談済み／営業停止は除外","第1日程 前日09:00","LINE","ステップ配信","YT-D1-SEM-B05（開催前日09:00）","","【LINEメッセージ 1／text】
いよいよ【明日開催】となりました！✨

「自分に合う内容かな…？🔰」
と迷われている方へ。

AIを使ったことがない初心者の方でも、
まだやりたい方向が決まっていなくても大丈夫！
あなたの「今の状態」から一緒に整理していくセミナーです😊🌱

むしろ""AI界隈は初心者が有利""だと確信しています！
その理由はセミナーで語っていますので、ぜひ覗いてみてください

📢 セミナー：AIでひとり起業攻略法
📅 日時：[第1日程]

参加を迷われている方、迷われているだけでも半歩先に進んでいる状態です。
もう半歩踏み出すきっかけにしていただけると嬉しいです☺️
忘れないうちにお申し込みを済ませてくださいね👇😊
[第1日程申込URL]","[第1日程申込URL]","[第1日程申込URL]","","","セミナー未申込・面談未予約・日程不可未選択。申込ページクリック済み／VSL中／予約完了／面談済み／営業停止は除外","[第1日程申込URL]","配信基準=イベント参加日。本文N/O/PとUTAGE編集URLは後続列に保持。","","","本文内定義","","YouTube正本を独自リライトしない。ステータスが廃止対象または旧読者のみの場合は新規実装しない。","【LINEメッセージ 1／text】
いよいよ【明日開催】となりました！✨

「自分に合う内容かな…？🔰」
と迷われている方へ。

AIを使ったことがない初心者の方でも、
まだやりたい方向が決まっていなくても大丈夫！
あなたの「今の状態」から一緒に整理していくセミナーです😊🌱

むしろ""AI界隈は初心者が有利""だと確信しています！
その理由はセミナーで語っていますので、ぜひ覗いてみてください

📢 セミナー：AIでひとり起業攻略法
📅 日時：[第1日程]

参加を迷われている方、迷われているだけでも半歩先に進んでいる状態です。
もう半歩踏み出すきっかけにしていただけると嬉しいです☺️
忘れないうちにお申し込みを済ませてくださいね👇😊
[第1日程申込URL]","【LINEメッセージ 1／text】
いよいよ【明日開催】となりました！✨

「自分に合う内容かな…？🔰」
と迷われている方へ。

AIを使ったことがない初心者の方でも、
まだやりたい方向が決まっていなくても大丈夫！
あなたの「今の状態」から一緒に整理していくセミナーです😊🌱

むしろ""AI界隈は初心者が有利""だと確信しています！
その理由はセミナーで語っていますので、ぜひ覗いてみてください

📢 セミナー：AIでひとり起業攻略法
📅 日時：[第1日程]

参加を迷われている方、迷われているだけでも半歩先に進んでいる状態です。
もう半歩踏み出すきっかけにしていただけると嬉しいです☺️
忘れないうちにお申し込みを済ませてくださいね👇😊
[第1日程申込URL]","【LINEメッセージ 1／text】
いよいよ【明日開催】となりました！✨

「自分に合う内容かな…？🔰」
と迷われている方へ。

AIを使ったことがない初心者の方でも、
まだやりたい方向が決まっていなくても大丈夫！
あなたの「今の状態」から一緒に整理していくセミナーです😊🌱

むしろ""AI界隈は初心者が有利""だと確信しています！
その理由はセミナーで語っていますので、ぜひ覗いてみてください

📢 セミナー：AIでひとり起業攻略法
📅 日時：[第1日程]

参加を迷われている方、迷われているだけでも半歩先に進んでいる状態です。
もう半歩踏み出すきっかけにしていただけると嬉しいです☺️
忘れないうちにお申し込みを済ませてくださいね👇😊
[第1日程申込URL]","[UTAGE実装時作成]","NEW-YT-D1-14"
"YouTube_ゆっくりAI","REVIEW_YouTube_ゆっくりAI_20260810","68","レビュー中","メッセージ","20260810新規","セミナー募集_第1日程","NEW-YT-D1-15","セミナー未申込・面談未予約・日程不可未選択。申込ページクリック済み／VSL中／予約完了／面談済み／営業停止は除外","第1日程 前日15:00","LINE","ステップ配信","YT-D1-SEM-B06（開催前日15:00）","","【LINEメッセージ 1／text】
【重要なご連絡】
「セミナーに必要な知識はありますか？」
と聞かれますが、知識は不要です！

ほんの少しのAIへの興味と、
ビジネスにしたいという気持ちがあれば十分すぎるぐらいです☺️

あとはリラックスして視聴できる場所と、
メモ用の筆記用具があれば準備はバッチリです👍

顔出し声出しは不要ですので、お気軽にご参加ください🤲
こちらからご確認くださいね👇","[第1日程申込URL]","[第1日程申込URL]","","","セミナー未申込・面談未予約・日程不可未選択。申込ページクリック済み／VSL中／予約完了／面談済み／営業停止は除外","[第1日程申込URL]","配信基準=イベント参加日。本文N/O/PとUTAGE編集URLは後続列に保持。","","","本文内定義","","YouTube正本を独自リライトしない。ステータスが廃止対象または旧読者のみの場合は新規実装しない。","【LINEメッセージ 1／text】
【重要なご連絡】
「セミナーに必要な知識はありますか？」
と聞かれますが、知識は不要です！

ほんの少しのAIへの興味と、
ビジネスにしたいという気持ちがあれば十分すぎるぐらいです☺️

あとはリラックスして視聴できる場所と、
メモ用の筆記用具があれば準備はバッチリです👍

顔出し声出しは不要ですので、お気軽にご参加ください🤲
こちらからご確認くださいね👇","【LINEメッセージ 1／text】
【重要なご連絡】
「セミナーに必要な知識はありますか？」
と聞かれますが、知識は不要です！

ほんの少しのAIへの興味と、
ビジネスにしたいという気持ちがあれば十分すぎるぐらいです☺️

あとはリラックスして視聴できる場所と、
メモ用の筆記用具があれば準備はバッチリです👍

顔出し声出しは不要ですので、お気軽にご参加ください🤲
こちらからご確認くださいね👇","【LINEメッセージ 1／text】
【重要なご連絡】
「セミナーに必要な知識はありますか？」
と聞かれますが、知識は不要です！

ほんの少しのAIへの興味と、
ビジネスにしたいという気持ちがあれば十分すぎるぐらいです☺️

あとはリラックスして視聴できる場所と、
メモ用の筆記用具があれば準備はバッチリです👍

顔出し声出しは不要ですので、お気軽にご参加ください🤲
こちらからご確認くださいね👇","[UTAGE実装時作成]","NEW-YT-D1-15"
"YouTube_ゆっくりAI","REVIEW_YouTube_ゆっくりAI_20260810","69","レビュー中","メッセージ","20260810新規","セミナー募集_第1日程","NEW-YT-D1-16","セミナー未申込・面談未予約・日程不可未選択。申込ページクリック済み／VSL中／予約完了／面談済み／営業停止は除外","第1日程 前日21:00","LINE","ステップ配信","YT-D1-SEM-B07（開催前日21:00）","","【LINEメッセージ 1／text】
【大変申し訳ございません】
物凄く現実的で残酷なことをお伝えします。

それは、
""AIは学ぶだけでは、一生成功しません""

これは別に大袈裟にいっているわけではありません。
AIに限ったことではないですが、道具の使い方が分かっても、
実践する場所や、活かす機会がないと意味がないんです。

今回のセミナーでは、
そういった状況から一気に抜け出せる内容となっています。

ご参加いただける場合は、
今夜のうちにお名前とメールアドレスを登録して、
参加用URLを受け取っておいてくださいね👇✨
[第1日程申込URL]","[第1日程申込URL]","[第1日程申込URL]","","","セミナー未申込・面談未予約・日程不可未選択。申込ページクリック済み／VSL中／予約完了／面談済み／営業停止は除外","[第1日程申込URL]","配信基準=イベント参加日。本文N/O/PとUTAGE編集URLは後続列に保持。","","","本文内定義","","YouTube正本を独自リライトしない。ステータスが廃止対象または旧読者のみの場合は新規実装しない。","【LINEメッセージ 1／text】
【大変申し訳ございません】
物凄く現実的で残酷なことをお伝えします。

それは、
""AIは学ぶだけでは、一生成功しません""

これは別に大袈裟にいっているわけではありません。
AIに限ったことではないですが、道具の使い方が分かっても、
実践する場所や、活かす機会がないと意味がないんです。

今回のセミナーでは、
そういった状況から一気に抜け出せる内容となっています。

ご参加いただける場合は、
今夜のうちにお名前とメールアドレスを登録して、
参加用URLを受け取っておいてくださいね👇✨
[第1日程申込URL]","【LINEメッセージ 1／text】
【大変申し訳ございません】
物凄く現実的で残酷なことをお伝えします。

それは、
""AIは学ぶだけでは、一生成功しません""

これは別に大袈裟にいっているわけではありません。
AIに限ったことではないですが、道具の使い方が分かっても、
実践する場所や、活かす機会がないと意味がないんです。

今回のセミナーでは、
そういった状況から一気に抜け出せる内容となっています。

ご参加いただける場合は、
今夜のうちにお名前とメールアドレスを登録して、
参加用URLを受け取っておいてくださいね👇✨
[第1日程申込URL]","【LINEメッセージ 1／text】
【大変申し訳ございません】
物凄く現実的で残酷なことをお伝えします。

それは、
""AIは学ぶだけでは、一生成功しません""

これは別に大袈裟にいっているわけではありません。
AIに限ったことではないですが、道具の使い方が分かっても、
実践する場所や、活かす機会がないと意味がないんです。

今回のセミナーでは、
そういった状況から一気に抜け出せる内容となっています。

ご参加いただける場合は、
今夜のうちにお名前とメールアドレスを登録して、
参加用URLを受け取っておいてくださいね👇✨
[第1日程申込URL]","[UTAGE実装時作成]","NEW-YT-D1-16"
"YouTube_ゆっくりAI","REVIEW_YouTube_ゆっくりAI_20260810","70","レビュー中","メッセージ","20260810新規","セミナー募集_第1日程","NEW-YT-D1-17","セミナー未申込・面談未予約・日程不可未選択。申込ページクリック済み／VSL中／予約完了／面談済み／営業停止は除外","第1日程 当日09:00","LINE","ステップ配信","YT-D1-SEM-B08（開催当日09:00）","","【LINEメッセージ 1／text】
＼ いよいよ本日開催です！🎉 ／

📢 AIでひとり起業攻略法
📅 [第1日程]

まだ今からでもお申し込み可能です！

最後までご参加いただいた方には、
実践で使える超有料級の【特典⑥〜⑩】も
プレゼントいたします！🎁

お席が埋まる前に、ぜひご確認くだいね👇✨

▼お申し込みはこちらから👇😊
[第1日程申込URL]","[第1日程申込URL]","[第1日程申込URL]","","","セミナー未申込・面談未予約・日程不可未選択。申込ページクリック済み／VSL中／予約完了／面談済み／営業停止は除外","[第1日程申込URL]","配信基準=イベント参加日。本文N/O/PとUTAGE編集URLは後続列に保持。","","","本文内定義","","YouTube正本を独自リライトしない。ステータスが廃止対象または旧読者のみの場合は新規実装しない。","【LINEメッセージ 1／text】
＼ いよいよ本日開催です！🎉 ／

📢 AIでひとり起業攻略法
📅 [第1日程]

まだ今からでもお申し込み可能です！

最後までご参加いただいた方には、
実践で使える超有料級の【特典⑥〜⑩】も
プレゼントいたします！🎁

お席が埋まる前に、ぜひご確認くだいね👇✨

▼お申し込みはこちらから👇😊
[第1日程申込URL]","【LINEメッセージ 1／text】
＼ いよいよ本日開催です！🎉 ／

📢 AIでひとり起業攻略法
📅 [第1日程]

まだ今からでもお申し込み可能です！

最後までご参加いただいた方には、
実践で使える超有料級の【特典⑥〜⑩】も
プレゼントいたします！🎁

お席が埋まる前に、ぜひご確認くだいね👇✨

▼お申し込みはこちらから👇😊
[第1日程申込URL]","【LINEメッセージ 1／text】
＼ いよいよ本日開催です！🎉 ／

📢 AIでひとり起業攻略法
📅 [第1日程]

まだ今からでもお申し込み可能です！

最後までご参加いただいた方には、
実践で使える超有料級の【特典⑥〜⑩】も
プレゼントいたします！🎁

お席が埋まる前に、ぜひご確認くだいね👇✨

▼お申し込みはこちらから👇😊
[第1日程申込URL]","[UTAGE実装時作成]","NEW-YT-D1-17"
"YouTube_ゆっくりAI","REVIEW_YouTube_ゆっくりAI_20260810","71","レビュー中","メッセージ","20260810新規","セミナー募集_第1日程","NEW-YT-D1-18","セミナー未申込・面談未予約・日程不可未選択。申込ページクリック済み／VSL中／予約完了／面談済み／営業停止は除外","第1日程 開始3時間前","LINE","ステップ配信","YT-D1-SEM-B09（開始3時間前）","","【LINEメッセージ 1／text】
セミナー開始まで【あと3時間】となりました！⏰

今からの駆け込みお申し込みも大歓迎です！👍
ご登録後、すぐに参加用URLをお送りします。

事前準備は不要です。
顔出しや声出しも不要です☺️
好きな飲み物を片手にリラックスしてご参加ください😌

昨日の連絡を見て、
「最後まで見るのは時間的に厳しくて...」
というお声がありましたので、セミナーにご参加いただけたのがわかった場合、
後からメールにてご連絡いただければ、特典の方をお送りいたしますのでご安心ください！

ぜひご参加お待ちしております☺️

▼こちらから席を確保してくださいね👇✨
[第1日程申込URL]","[第1日程申込URL]","[第1日程申込URL]","","","セミナー未申込・面談未予約・日程不可未選択。申込ページクリック済み／VSL中／予約完了／面談済み／営業停止は除外","[第1日程申込URL]","配信基準=イベント参加日。本文N/O/PとUTAGE編集URLは後続列に保持。","","","本文内定義","","YouTube正本を独自リライトしない。ステータスが廃止対象または旧読者のみの場合は新規実装しない。","【LINEメッセージ 1／text】
セミナー開始まで【あと3時間】となりました！⏰

今からの駆け込みお申し込みも大歓迎です！👍
ご登録後、すぐに参加用URLをお送りします。

事前準備は不要です。
顔出しや声出しも不要です☺️
好きな飲み物を片手にリラックスしてご参加ください😌

昨日の連絡を見て、
「最後まで見るのは時間的に厳しくて...」
というお声がありましたので、セミナーにご参加いただけたのがわかった場合、
後からメールにてご連絡いただければ、特典の方をお送りいたしますのでご安心ください！

ぜひご参加お待ちしております☺️

▼こちらから席を確保してくださいね👇✨
[第1日程申込URL]","【LINEメッセージ 1／text】
セミナー開始まで【あと3時間】となりました！⏰

今からの駆け込みお申し込みも大歓迎です！👍
ご登録後、すぐに参加用URLをお送りします。

事前準備は不要です。
顔出しや声出しも不要です☺️
好きな飲み物を片手にリラックスしてご参加ください😌

昨日の連絡を見て、
「最後まで見るのは時間的に厳しくて...」
というお声がありましたので、セミナーにご参加いただけたのがわかった場合、
後からメールにてご連絡いただければ、特典の方をお送りいたしますのでご安心ください！

ぜひご参加お待ちしております☺️

▼こちらから席を確保してくださいね👇✨
[第1日程申込URL]","【LINEメッセージ 1／text】
セミナー開始まで【あと3時間】となりました！⏰

今からの駆け込みお申し込みも大歓迎です！👍
ご登録後、すぐに参加用URLをお送りします。

事前準備は不要です。
顔出しや声出しも不要です☺️
好きな飲み物を片手にリラックスしてご参加ください😌

昨日の連絡を見て、
「最後まで見るのは時間的に厳しくて...」
というお声がありましたので、セミナーにご参加いただけたのがわかった場合、
後からメールにてご連絡いただければ、特典の方をお送りいたしますのでご安心ください！

ぜひご参加お待ちしております☺️

▼こちらから席を確保してくださいね👇✨
[第1日程申込URL]","[UTAGE実装時作成]","NEW-YT-D1-18"
"YouTube_ゆっくりAI","REVIEW_YouTube_ゆっくりAI_20260810","72","レビュー中","メッセージ","20260810新規","セミナー募集_第1日程","NEW-YT-D1-19","セミナー未申込・面談未予約・日程不可未選択。申込ページクリック済み／VSL中／予約完了／面談済み／営業停止は除外","第1日程 開始30分前","LINE","ステップ配信","YT-D1-SEM-B10（開始30分前）","","【LINEメッセージ 1／text】
あと30分でセミナーが開始します！⏳✨

あと30分でセミナーが始まります！⏳🔥

申込ページを見て迷っていた方への、
これが【最後のご案内】となります。

まだ申し込みが来ているため、時間延長いたしました💦
こちらから滑り込みでのお申し込みをお待ちしております！👇😊
[第1日程申込URL]","[第1日程申込URL]","[第1日程申込URL]","","","セミナー未申込・面談未予約・日程不可未選択。申込ページクリック済み／VSL中／予約完了／面談済み／営業停止は除外","[第1日程申込URL]","配信基準=イベント参加日。本文N/O/PとUTAGE編集URLは後続列に保持。","","","本文内定義","","YouTube正本を独自リライトしない。ステータスが廃止対象または旧読者のみの場合は新規実装しない。","【LINEメッセージ 1／text】
あと30分でセミナーが開始します！⏳✨

あと30分でセミナーが始まります！⏳🔥

申込ページを見て迷っていた方への、
これが【最後のご案内】となります。

まだ申し込みが来ているため、時間延長いたしました💦
こちらから滑り込みでのお申し込みをお待ちしております！👇😊
[第1日程申込URL]","【LINEメッセージ 1／text】
あと30分でセミナーが開始します！⏳✨

あと30分でセミナーが始まります！⏳🔥

申込ページを見て迷っていた方への、
これが【最後のご案内】となります。

まだ申し込みが来ているため、時間延長いたしました💦
こちらから滑り込みでのお申し込みをお待ちしております！👇😊
[第1日程申込URL]","【LINEメッセージ 1／text】
あと30分でセミナーが開始します！⏳✨

あと30分でセミナーが始まります！⏳🔥

申込ページを見て迷っていた方への、
これが【最後のご案内】となります。

まだ申し込みが来ているため、時間延長いたしました💦
こちらから滑り込みでのお申し込みをお待ちしております！👇😊
[第1日程申込URL]","[UTAGE実装時作成]","NEW-YT-D1-19"
"YouTube_ゆっくりAI","REVIEW_YouTube_ゆっくりAI_20260810","73","レビュー中","メッセージ","20260810新規","セミナー募集_第1日程","NEW-YT-D1-20","セミナー未申込・面談未予約・日程不可未選択。申込ページクリック済み／VSL中／予約完了／面談済み／営業停止は除外","第1日程 開始10分前","LINE","ステップ配信","YT-D1-SEM-B11（開始10分前）","","【LINEメッセージ 1／text】
まもなくセミナーを開始します！📢

こちらが今回のセミナーお申し込みの
【最後のご案内】となります。

正直ながら見するだけでも、
今回の内容は十分皆さんの分岐点になると確信しています。
AIをビジネスに発展させるのに必要なのは、""知識""ではなく""きっかけ""です。

まだ受付中ですので、こちらから
今すぐ参加登録を完了してくださいね👇✨

【LINEメッセージ 2／button】
{
  ""seq"": 1,
  ""type"": ""button"",
  ""alt_text"": ""【無料セミナー】AIでひとり起業攻略法"",
  ""react_type"": ""free"",
  ""react_press_again_text"": null,
  ""thumbnail_image_url"": null,
  ""title"": ""AIでひとり起業攻略法"",
  ""text"": ""Zoomライブ・最新日程は申込ページへ"",
  ""actions"": [
    {
      ""type"": ""url"",
      ""label"": ""セミナーに申し込む"",
      ""uri"": ""[第1日程申込URL]"",
      ""add_label_id"": null,
      ""del_label_id"": null
    }
  ]
}","[第1日程申込URL]","[第1日程申込URL]","","","セミナー未申込・面談未予約・日程不可未選択。申込ページクリック済み／VSL中／予約完了／面談済み／営業停止は除外","[第1日程申込URL]","配信基準=イベント参加日。本文N/O/PとUTAGE編集URLは後続列に保持。","","","本文内定義","","YouTube正本を独自リライトしない。ステータスが廃止対象または旧読者のみの場合は新規実装しない。","【LINEメッセージ 1／text】
まもなくセミナーを開始します！📢

こちらが今回のセミナーお申し込みの
【最後のご案内】となります。

正直ながら見するだけでも、
今回の内容は十分皆さんの分岐点になると確信しています。
AIをビジネスに発展させるのに必要なのは、""知識""ではなく""きっかけ""です。

まだ受付中ですので、こちらから
今すぐ参加登録を完了してくださいね👇✨

【LINEメッセージ 2／button】
{
  ""seq"": 1,
  ""type"": ""button"",
  ""alt_text"": ""【無料セミナー】AIでひとり起業攻略法"",
  ""react_type"": ""free"",
  ""react_press_again_text"": null,
  ""thumbnail_image_url"": null,
  ""title"": ""AIでひとり起業攻略法"",
  ""text"": ""Zoomライブ・最新日程は申込ページへ"",
  ""actions"": [
    {
      ""type"": ""url"",
      ""label"": ""セミナーに申し込む"",
      ""uri"": ""[第1日程申込URL]"",
      ""add_label_id"": null,
      ""del_label_id"": null
    }
  ]
}","【LINEメッセージ 1／text】
まもなくセミナーを開始します！📢

こちらが今回のセミナーお申し込みの
【最後のご案内】となります。

正直ながら見するだけでも、
今回の内容は十分皆さんの分岐点になると確信しています。
AIをビジネスに発展させるのに必要なのは、""知識""ではなく""きっかけ""です。

まだ受付中ですので、こちらから
今すぐ参加登録を完了してくださいね👇✨

【LINEメッセージ 2／button】
{
  ""seq"": 1,
  ""type"": ""button"",
  ""alt_text"": ""【無料セミナー】AIでひとり起業攻略法"",
  ""react_type"": ""free"",
  ""react_press_again_text"": null,
  ""thumbnail_image_url"": null,
  ""title"": ""AIでひとり起業攻略法"",
  ""text"": ""Zoomライブ・最新日程は申込ページへ"",
  ""actions"": [
    {
      ""type"": ""url"",
      ""label"": ""セミナーに申し込む"",
      ""uri"": ""[第1日程申込URL]"",
      ""add_label_id"": null,
      ""del_label_id"": null
    }
  ]
}","【LINEメッセージ 1／text】
まもなくセミナーを開始します！📢

こちらが今回のセミナーお申し込みの
【最後のご案内】となります。

正直ながら見するだけでも、
今回の内容は十分皆さんの分岐点になると確信しています。
AIをビジネスに発展させるのに必要なのは、""知識""ではなく""きっかけ""です。

まだ受付中ですので、こちらから
今すぐ参加登録を完了してくださいね👇✨

【LINEメッセージ 2／button】
{
  ""seq"": 1,
  ""type"": ""button"",
  ""alt_text"": ""【無料セミナー】AIでひとり起業攻略法"",
  ""react_type"": ""free"",
  ""react_press_again_text"": null,
  ""thumbnail_image_url"": null,
  ""title"": ""AIでひとり起業攻略法"",
  ""text"": ""Zoomライブ・最新日程は申込ページへ"",
  ""actions"": [
    {
      ""type"": ""url"",
      ""label"": ""セミナーに申し込む"",
      ""uri"": ""[第1日程申込URL]"",
      ""add_label_id"": null,
      ""del_label_id"": null
    }
  ]
}","[UTAGE実装時作成]","NEW-YT-D1-20"
"YouTube_ゆっくりAI","REVIEW_YouTube_ゆっくりAI_20260810","74","レビュー中","メッセージ","20260810新規","セミナー募集_次が最後","NEW-YT-SEM-LAST","セミナー未申込・日程不可未選択・面談未予約。予約完了／面談済み／営業停止は除外","第1日程終了後（第2日程の募集開始時刻）","LINE","ステップ配信","YT-SEM-LAST-DATE","","【LINEメッセージ 1／text】
第1日程は終了しました。
次が最後の日程です！📢

📅 [第2日程]

まだお申し込みでない方は、こちらから参加枠をご確認ください👇","[第2日程申込URL]","[第2日程申込URL]","","","セミナー未申込・日程不可未選択・面談未予約。予約完了／面談済み／営業停止は除外","[第2日程申込URL]","配信基準=第1日程終了。本文N/O/PとUTAGE編集URLは後続列に保持。","","","本文内定義","","YouTube正本を独自リライトしない。ステータスが廃止対象または旧読者のみの場合は新規実装しない。","【LINEメッセージ 1／text】
第1日程は終了しました。
次が最後の日程です！📢

📅 [第2日程]

まだお申し込みでない方は、こちらから参加枠をご確認ください👇","【LINEメッセージ 1／text】
第1日程は終了しました。
次が最後の日程です！📢

📅 [第2日程]

まだお申し込みでない方は、こちらから参加枠をご確認ください👇","【LINEメッセージ 1／text】
第1日程は終了しました。
次が最後の日程です！📢

📅 [第2日程]

まだお申し込みでない方は、こちらから参加枠をご確認ください👇","[UTAGE実装時作成]","NEW-YT-SEM-LAST"
"YouTube_ゆっくりAI","REVIEW_YouTube_ゆっくりAI_20260810","75","レビュー中","メッセージ","20260810新規","セミナー募集_第2日程","NEW-YT-D2-01","セミナー未申込・面談未予約・日程不可未選択。申込ページクリック済み／VSL中／予約完了／面談済み／営業停止は除外","第2日程 14日前10:00（未経過時のみ）","LINE","ステップ配信","YT-D2-SEM-A01（開催14日前10:00）","","【LINEメッセージ 1／text】
特典①〜④をご覧になって、
「自分なら、何から始めればいいんだろう？🤔」
と感じた方へ。

先ほど、そのモヤモヤをすっきり解消する
【特典⑤：セミナー招待券】をお送りしました！🎟️🚀
質疑応答の時間もたくさんご用意しているので、まずは現状を変えるための一歩としてご参加していただければと思います☺️
ぜひチェックしてください✨","[第2日程申込URL] / 画像：https://drive.usercontent.google.com/download?id=1hDHYwE25L5n73r3M4u7dnhZP935HQ8-5&export=view&confirm=t","[第2日程申込URL] / 画像：https://drive.usercontent.google.com/download?id=1hDHYwE25L5n73r3M4u7dnhZP935HQ8-5&export=view&confirm=t","","","セミナー未申込・面談未予約・日程不可未選択。申込ページクリック済み／VSL中／予約完了／面談済み／営業停止は除外","[第2日程申込URL] / 画像：https://drive.usercontent.google.com/download?id=1hDHYwE25L5n73r3M4u7dnhZP935HQ8-5&export=view&confirm=t","配信基準=イベント参加日。本文N/O/PとUTAGE編集URLは後続列に保持。","","","本文内定義","","YouTube正本を独自リライトしない。ステータスが廃止対象または旧読者のみの場合は新規実装しない。","【LINEメッセージ 1／text】
特典①〜④をご覧になって、
「自分なら、何から始めればいいんだろう？🤔」
と感じた方へ。

先ほど、そのモヤモヤをすっきり解消する
【特典⑤：セミナー招待券】をお送りしました！🎟️🚀
質疑応答の時間もたくさんご用意しているので、まずは現状を変えるための一歩としてご参加していただければと思います☺️
ぜひチェックしてください✨","【LINEメッセージ 1／text】
特典①〜④をご覧になって、
「自分なら、何から始めればいいんだろう？🤔」
と感じた方へ。

先ほど、そのモヤモヤをすっきり解消する
【特典⑤：セミナー招待券】をお送りしました！🎟️🚀
質疑応答の時間もたくさんご用意しているので、まずは現状を変えるための一歩としてご参加していただければと思います☺️
ぜひチェックしてください✨","【LINEメッセージ 1／text】
特典①〜④をご覧になって、
「自分なら、何から始めればいいんだろう？🤔」
と感じた方へ。

先ほど、そのモヤモヤをすっきり解消する
【特典⑤：セミナー招待券】をお送りしました！🎟️🚀
質疑応答の時間もたくさんご用意しているので、まずは現状を変えるための一歩としてご参加していただければと思います☺️
ぜひチェックしてください✨","[UTAGE実装時作成]","NEW-YT-D2-01"
"YouTube_ゆっくりAI","REVIEW_YouTube_ゆっくりAI_20260810","76","レビュー中","メッセージ","20260810新規","セミナー募集_第2日程","NEW-YT-D2-02","セミナー未申込・面談未予約・日程不可未選択。申込ページクリック済み／VSL中／予約完了／面談済み／営業停止は除外","第2日程 12日前19:00（未経過時のみ）","LINE","ステップ配信","YT-D2-SEM-A02（開催12日前19:00）","","【LINEメッセージ 1／text】
先ほどお送りした「セミナー招待状」は
確認できましたか？😊

残りの5大特典（⑥〜⑩）は、
特に有料級の内容となっているため、
セミナーの最後に【参加者限定】でお渡しします🎁

予定が合う方は、忘れないうちに
先に席だけ確保しておいてくださいね👇
[第2日程申込URL]","[第2日程申込URL] / 画像：https://drive.usercontent.google.com/download?id=1N4ce4deT64SE9bn9-tsgLF3B-K6o4coO&export=view&confirm=t","[第2日程申込URL] / 画像：https://drive.usercontent.google.com/download?id=1N4ce4deT64SE9bn9-tsgLF3B-K6o4coO&export=view&confirm=t","","","セミナー未申込・面談未予約・日程不可未選択。申込ページクリック済み／VSL中／予約完了／面談済み／営業停止は除外","[第2日程申込URL] / 画像：https://drive.usercontent.google.com/download?id=1N4ce4deT64SE9bn9-tsgLF3B-K6o4coO&export=view&confirm=t","配信基準=イベント参加日。本文N/O/PとUTAGE編集URLは後続列に保持。","","","本文内定義","","YouTube正本を独自リライトしない。ステータスが廃止対象または旧読者のみの場合は新規実装しない。","【LINEメッセージ 1／text】
先ほどお送りした「セミナー招待状」は
確認できましたか？😊

残りの5大特典（⑥〜⑩）は、
特に有料級の内容となっているため、
セミナーの最後に【参加者限定】でお渡しします🎁

予定が合う方は、忘れないうちに
先に席だけ確保しておいてくださいね👇
[第2日程申込URL]","【LINEメッセージ 1／text】
先ほどお送りした「セミナー招待状」は
確認できましたか？😊

残りの5大特典（⑥〜⑩）は、
特に有料級の内容となっているため、
セミナーの最後に【参加者限定】でお渡しします🎁

予定が合う方は、忘れないうちに
先に席だけ確保しておいてくださいね👇
[第2日程申込URL]","【LINEメッセージ 1／text】
先ほどお送りした「セミナー招待状」は
確認できましたか？😊

残りの5大特典（⑥〜⑩）は、
特に有料級の内容となっているため、
セミナーの最後に【参加者限定】でお渡しします🎁

予定が合う方は、忘れないうちに
先に席だけ確保しておいてくださいね👇
[第2日程申込URL]","[UTAGE実装時作成]","NEW-YT-D2-02"
"YouTube_ゆっくりAI","REVIEW_YouTube_ゆっくりAI_20260810","77","レビュー中","メッセージ","20260810新規","セミナー募集_第2日程","NEW-YT-D2-03","セミナー未申込・面談未予約・日程不可未選択。申込ページクリック済み／VSL中／予約完了／面談済み／営業停止は除外","第2日程 10日前10:00（未経過時のみ）","LINE","ステップ配信","YT-D2-SEM-A03（開催10日前10:00）","","【LINEメッセージ 1／text】
セミナーの最後にお渡しする
【限定特典⑥〜⑩】について少しご紹介します✨

内容は、【AIで動画制作法】や、【AIを使ったホームページ制作法】など、
セミナーの理解をさらに深めて「次の一歩」へすぐ踏み出せるような、
超・実践的なお役立ち資料にしています！💡

ぜひ楽しみにしていてくださいね😊
▼セミナーのお申し込みはこちら
[第2日程申込URL]","[第2日程申込URL]","[第2日程申込URL]","","","セミナー未申込・面談未予約・日程不可未選択。申込ページクリック済み／VSL中／予約完了／面談済み／営業停止は除外","[第2日程申込URL]","配信基準=イベント参加日。本文N/O/PとUTAGE編集URLは後続列に保持。","","","本文内定義","","YouTube正本を独自リライトしない。ステータスが廃止対象または旧読者のみの場合は新規実装しない。","【LINEメッセージ 1／text】
セミナーの最後にお渡しする
【限定特典⑥〜⑩】について少しご紹介します✨

内容は、【AIで動画制作法】や、【AIを使ったホームページ制作法】など、
セミナーの理解をさらに深めて「次の一歩」へすぐ踏み出せるような、
超・実践的なお役立ち資料にしています！💡

ぜひ楽しみにしていてくださいね😊
▼セミナーのお申し込みはこちら
[第2日程申込URL]","【LINEメッセージ 1／text】
セミナーの最後にお渡しする
【限定特典⑥〜⑩】について少しご紹介します✨

内容は、【AIで動画制作法】や、【AIを使ったホームページ制作法】など、
セミナーの理解をさらに深めて「次の一歩」へすぐ踏み出せるような、
超・実践的なお役立ち資料にしています！💡

ぜひ楽しみにしていてくださいね😊
▼セミナーのお申し込みはこちら
[第2日程申込URL]","【LINEメッセージ 1／text】
セミナーの最後にお渡しする
【限定特典⑥〜⑩】について少しご紹介します✨

内容は、【AIで動画制作法】や、【AIを使ったホームページ制作法】など、
セミナーの理解をさらに深めて「次の一歩」へすぐ踏み出せるような、
超・実践的なお役立ち資料にしています！💡

ぜひ楽しみにしていてくださいね😊
▼セミナーのお申し込みはこちら
[第2日程申込URL]","[UTAGE実装時作成]","NEW-YT-D2-03"
"YouTube_ゆっくりAI","REVIEW_YouTube_ゆっくりAI_20260810","78","レビュー中","メッセージ","20260810新規","セミナー募集_第2日程","NEW-YT-D2-04","セミナー未申込・面談未予約・日程不可未選択。申込ページクリック済み／VSL中／予約完了／面談済み／営業停止は除外","第2日程 8日前19:00（未経過時のみ）","LINE","ステップ配信","YT-D2-SEM-A04（開催8日前19:00）","","【LINEメッセージ 1／text】
今回のセミナーでは、単にAIの知識を
増やすだけではなく、以下の3点を
あなたのペースに合わせて整理していきます🌱✨

１．今のあなたに実践できること🚀
２．あなたの生活・仕事で「AIを活かせる場面」🤖
３．今日からスタートできる「最初の一歩」💪

▼お席の確保はこちらからどうぞ👇😊
[第2日程申込URL]","[第2日程申込URL]","[第2日程申込URL]","","","セミナー未申込・面談未予約・日程不可未選択。申込ページクリック済み／VSL中／予約完了／面談済み／営業停止は除外","[第2日程申込URL]","配信基準=イベント参加日。本文N/O/PとUTAGE編集URLは後続列に保持。","","","本文内定義","","YouTube正本を独自リライトしない。ステータスが廃止対象または旧読者のみの場合は新規実装しない。","【LINEメッセージ 1／text】
今回のセミナーでは、単にAIの知識を
増やすだけではなく、以下の3点を
あなたのペースに合わせて整理していきます🌱✨

１．今のあなたに実践できること🚀
２．あなたの生活・仕事で「AIを活かせる場面」🤖
３．今日からスタートできる「最初の一歩」💪

▼お席の確保はこちらからどうぞ👇😊
[第2日程申込URL]","【LINEメッセージ 1／text】
今回のセミナーでは、単にAIの知識を
増やすだけではなく、以下の3点を
あなたのペースに合わせて整理していきます🌱✨

１．今のあなたに実践できること🚀
２．あなたの生活・仕事で「AIを活かせる場面」🤖
３．今日からスタートできる「最初の一歩」💪

▼お席の確保はこちらからどうぞ👇😊
[第2日程申込URL]","【LINEメッセージ 1／text】
今回のセミナーでは、単にAIの知識を
増やすだけではなく、以下の3点を
あなたのペースに合わせて整理していきます🌱✨

１．今のあなたに実践できること🚀
２．あなたの生活・仕事で「AIを活かせる場面」🤖
３．今日からスタートできる「最初の一歩」💪

▼お席の確保はこちらからどうぞ👇😊
[第2日程申込URL]","[UTAGE実装時作成]","NEW-YT-D2-04"
"YouTube_ゆっくりAI","REVIEW_YouTube_ゆっくりAI_20260810","79","レビュー中","メッセージ","20260810新規","セミナー募集_第2日程","NEW-YT-D2-05","セミナー未申込・面談未予約・日程不可未選択。申込ページクリック済み／VSL中／予約完了／面談済み／営業停止は除外","第2日程 7日前10:00（未経過時のみ）","LINE","ステップ配信","YT-D2-SEM-D7-01（開催7日前10:00）","","【LINEメッセージ 1／text】
セミナー開催まで【あと1週間】です！🗓️✨


▼お席の確保はこちらからどうぞ👇😊
[第2日程申込URL]","[第2日程申込URL]","[第2日程申込URL]","","","セミナー未申込・面談未予約・日程不可未選択。申込ページクリック済み／VSL中／予約完了／面談済み／営業停止は除外","[第2日程申込URL]","配信基準=イベント参加日。本文N/O/PとUTAGE編集URLは後続列に保持。","","","本文内定義","","YouTube正本を独自リライトしない。ステータスが廃止対象または旧読者のみの場合は新規実装しない。","【LINEメッセージ 1／text】
セミナー開催まで【あと1週間】です！🗓️✨


▼お席の確保はこちらからどうぞ👇😊
[第2日程申込URL]","【LINEメッセージ 1／text】
セミナー開催まで【あと1週間】です！🗓️✨


▼お席の確保はこちらからどうぞ👇😊
[第2日程申込URL]","【LINEメッセージ 1／text】
セミナー開催まで【あと1週間】です！🗓️✨


▼お席の確保はこちらからどうぞ👇😊
[第2日程申込URL]","[UTAGE実装時作成]","NEW-YT-D2-05"
"YouTube_ゆっくりAI","REVIEW_YouTube_ゆっくりAI_20260810","80","レビュー中","メッセージ","20260810新規","セミナー募集_第2日程","NEW-YT-D2-06","セミナー未申込・面談未予約・日程不可未選択。申込ページクリック済み／VSL中／予約完了／面談済み／営業停止は除外","第2日程 7日前20:00（未経過時のみ）","LINE","ステップ配信","YT-D2-SEM-D7-02（開催7日前20:00）","","【LINEメッセージ 1／text】
セミナー開催まで【あと1週間】です！🗓️✨

セミナーのお申し込みは、お名前と
メールアドレスを入力するだけで完了します📝✨

ご登録後、参加URLをLINEとメールの
両方へお送りします。

まずは開催日時が合うかだけでも確認してみてくださいね👇😊
[第2日程申込URL]","[第2日程申込URL]","[第2日程申込URL]","","","セミナー未申込・面談未予約・日程不可未選択。申込ページクリック済み／VSL中／予約完了／面談済み／営業停止は除外","[第2日程申込URL]","配信基準=イベント参加日。本文N/O/PとUTAGE編集URLは後続列に保持。","","","本文内定義","","YouTube正本を独自リライトしない。ステータスが廃止対象または旧読者のみの場合は新規実装しない。","【LINEメッセージ 1／text】
セミナー開催まで【あと1週間】です！🗓️✨

セミナーのお申し込みは、お名前と
メールアドレスを入力するだけで完了します📝✨

ご登録後、参加URLをLINEとメールの
両方へお送りします。

まずは開催日時が合うかだけでも確認してみてくださいね👇😊
[第2日程申込URL]","【LINEメッセージ 1／text】
セミナー開催まで【あと1週間】です！🗓️✨

セミナーのお申し込みは、お名前と
メールアドレスを入力するだけで完了します📝✨

ご登録後、参加URLをLINEとメールの
両方へお送りします。

まずは開催日時が合うかだけでも確認してみてくださいね👇😊
[第2日程申込URL]","【LINEメッセージ 1／text】
セミナー開催まで【あと1週間】です！🗓️✨

セミナーのお申し込みは、お名前と
メールアドレスを入力するだけで完了します📝✨

ご登録後、参加URLをLINEとメールの
両方へお送りします。

まずは開催日時が合うかだけでも確認してみてくださいね👇😊
[第2日程申込URL]","[UTAGE実装時作成]","NEW-YT-D2-06"
"YouTube_ゆっくりAI","REVIEW_YouTube_ゆっくりAI_20260810","81","レビュー中","メッセージ","20260810新規","セミナー募集_第2日程","NEW-YT-D2-07","セミナー未申込・面談未予約・日程不可未選択。申込ページクリック済み／VSL中／予約完了／面談済み／営業停止は除外","第2日程 6日前10:00（未経過時のみ）","LINE","ステップ配信","YT-D2-SEM-A05（開催6日前10:00）","","【LINEメッセージ 1／text】
今回のセミナーは、単に「AIの知識を増やす」
だけのものではありません💡

このセミナーで1番多い声は
「AIを学んだけど成果が出ない理由がすっきり解決した！」✨
「これまでYouTubeで学んできたけど、自分にあったAIの活かし方がようやくわかった！」💡
「今の私が次にやるべきアクションが明確になりました！」🚀

実はAIの知識だけ増やしても、ビジネスへの活かし方に繋がりません。
「AIを自分の仕事やキャリアにどう活かすか」
を整理し、聞いた後に【具体的に何をすればいいか】
まで、一緒に考えられる内容になっています！🚀

▼席の確保はこちらからどうぞ👇
[第2日程申込URL]","[第2日程申込URL]","[第2日程申込URL]","","","セミナー未申込・面談未予約・日程不可未選択。申込ページクリック済み／VSL中／予約完了／面談済み／営業停止は除外","[第2日程申込URL]","配信基準=イベント参加日。本文N/O/PとUTAGE編集URLは後続列に保持。","","","本文内定義","","YouTube正本を独自リライトしない。ステータスが廃止対象または旧読者のみの場合は新規実装しない。","【LINEメッセージ 1／text】
今回のセミナーは、単に「AIの知識を増やす」
だけのものではありません💡

このセミナーで1番多い声は
「AIを学んだけど成果が出ない理由がすっきり解決した！」✨
「これまでYouTubeで学んできたけど、自分にあったAIの活かし方がようやくわかった！」💡
「今の私が次にやるべきアクションが明確になりました！」🚀

実はAIの知識だけ増やしても、ビジネスへの活かし方に繋がりません。
「AIを自分の仕事やキャリアにどう活かすか」
を整理し、聞いた後に【具体的に何をすればいいか】
まで、一緒に考えられる内容になっています！🚀

▼席の確保はこちらからどうぞ👇
[第2日程申込URL]","【LINEメッセージ 1／text】
今回のセミナーは、単に「AIの知識を増やす」
だけのものではありません💡

このセミナーで1番多い声は
「AIを学んだけど成果が出ない理由がすっきり解決した！」✨
「これまでYouTubeで学んできたけど、自分にあったAIの活かし方がようやくわかった！」💡
「今の私が次にやるべきアクションが明確になりました！」🚀

実はAIの知識だけ増やしても、ビジネスへの活かし方に繋がりません。
「AIを自分の仕事やキャリアにどう活かすか」
を整理し、聞いた後に【具体的に何をすればいいか】
まで、一緒に考えられる内容になっています！🚀

▼席の確保はこちらからどうぞ👇
[第2日程申込URL]","【LINEメッセージ 1／text】
今回のセミナーは、単に「AIの知識を増やす」
だけのものではありません💡

このセミナーで1番多い声は
「AIを学んだけど成果が出ない理由がすっきり解決した！」✨
「これまでYouTubeで学んできたけど、自分にあったAIの活かし方がようやくわかった！」💡
「今の私が次にやるべきアクションが明確になりました！」🚀

実はAIの知識だけ増やしても、ビジネスへの活かし方に繋がりません。
「AIを自分の仕事やキャリアにどう活かすか」
を整理し、聞いた後に【具体的に何をすればいいか】
まで、一緒に考えられる内容になっています！🚀

▼席の確保はこちらからどうぞ👇
[第2日程申込URL]","[UTAGE実装時作成]","NEW-YT-D2-07"
"YouTube_ゆっくりAI","REVIEW_YouTube_ゆっくりAI_20260810","82","レビュー中","メッセージ","20260810新規","セミナー募集_第2日程","NEW-YT-D2-08","セミナー未申込・面談未予約・日程不可未選択。申込ページクリック済み／VSL中／予約完了／面談済み／営業停止は除外","第2日程 5日前19:00（未経過時のみ）","LINE","ステップ配信","YT-D2-SEM-A06（開催5日前19:00）","","【LINEメッセージ 1／text】
「AI初心者ですが、参加しても大丈夫ですか...？」
というご質問をよくいただきましたが、
全く問題ありませんのでご安心ください！😊

むしろAIは初心者だからこその着眼点がかなり重要なんです！
初心者だからこその、新しい発想や発見がある...!!😳

過去のセミナーの様子や、
参加者の方々のリアルな感想は、
こちらからご確認いただけます👇✨
https://seminar-voices.netlify.app/","[第2日程申込URL]","[第2日程申込URL]","","","セミナー未申込・面談未予約・日程不可未選択。申込ページクリック済み／VSL中／予約完了／面談済み／営業停止は除外","[第2日程申込URL]","配信基準=イベント参加日。本文N/O/PとUTAGE編集URLは後続列に保持。","","","本文内定義","","YouTube正本を独自リライトしない。ステータスが廃止対象または旧読者のみの場合は新規実装しない。","【LINEメッセージ 1／text】
「AI初心者ですが、参加しても大丈夫ですか...？」
というご質問をよくいただきましたが、
全く問題ありませんのでご安心ください！😊

むしろAIは初心者だからこその着眼点がかなり重要なんです！
初心者だからこその、新しい発想や発見がある...!!😳

過去のセミナーの様子や、
参加者の方々のリアルな感想は、
こちらからご確認いただけます👇✨
https://seminar-voices.netlify.app/","【LINEメッセージ 1／text】
「AI初心者ですが、参加しても大丈夫ですか...？」
というご質問をよくいただきましたが、
全く問題ありませんのでご安心ください！😊

むしろAIは初心者だからこその着眼点がかなり重要なんです！
初心者だからこその、新しい発想や発見がある...!!😳

過去のセミナーの様子や、
参加者の方々のリアルな感想は、
こちらからご確認いただけます👇✨
https://seminar-voices.netlify.app/","【LINEメッセージ 1／text】
「AI初心者ですが、参加しても大丈夫ですか...？」
というご質問をよくいただきましたが、
全く問題ありませんのでご安心ください！😊

むしろAIは初心者だからこその着眼点がかなり重要なんです！
初心者だからこその、新しい発想や発見がある...!!😳

過去のセミナーの様子や、
参加者の方々のリアルな感想は、
こちらからご確認いただけます👇✨
https://seminar-voices.netlify.app/","[UTAGE実装時作成]","NEW-YT-D2-08"
"YouTube_ゆっくりAI","REVIEW_YouTube_ゆっくりAI_20260810","83","レビュー中","メッセージ","20260810新規","セミナー募集_第2日程","NEW-YT-D2-09","セミナー未申込・面談未予約・日程不可未選択。申込ページクリック済み／VSL中／予約完了／面談済み／営業停止は除外","第2日程 4日前20:00（未経過時のみ）","LINE","ステップ配信","YT-D2-SEM-A07（開催4日前20:00）","","【LINEメッセージ 1／text】
セミナーのお申し込みは、お名前と
メールアドレスを入力するだけで完了します📝✨

ご登録後、参加URLをLINEとメールの
両方へお送りします。👍😊

「当日にLINEのトークからURLを探すのが大変…💦」
という時も、メールに情報が残っているので
スムーズに参加できて安心です
👇😊
[第2日程申込URL]","[第2日程申込URL]","[第2日程申込URL]","","","セミナー未申込・面談未予約・日程不可未選択。申込ページクリック済み／VSL中／予約完了／面談済み／営業停止は除外","[第2日程申込URL]","配信基準=イベント参加日。本文N/O/PとUTAGE編集URLは後続列に保持。","","","本文内定義","","YouTube正本を独自リライトしない。ステータスが廃止対象または旧読者のみの場合は新規実装しない。","【LINEメッセージ 1／text】
セミナーのお申し込みは、お名前と
メールアドレスを入力するだけで完了します📝✨

ご登録後、参加URLをLINEとメールの
両方へお送りします。👍😊

「当日にLINEのトークからURLを探すのが大変…💦」
という時も、メールに情報が残っているので
スムーズに参加できて安心です
👇😊
[第2日程申込URL]","【LINEメッセージ 1／text】
セミナーのお申し込みは、お名前と
メールアドレスを入力するだけで完了します📝✨

ご登録後、参加URLをLINEとメールの
両方へお送りします。👍😊

「当日にLINEのトークからURLを探すのが大変…💦」
という時も、メールに情報が残っているので
スムーズに参加できて安心です
👇😊
[第2日程申込URL]","【LINEメッセージ 1／text】
セミナーのお申し込みは、お名前と
メールアドレスを入力するだけで完了します📝✨

ご登録後、参加URLをLINEとメールの
両方へお送りします。👍😊

「当日にLINEのトークからURLを探すのが大変…💦」
という時も、メールに情報が残っているので
スムーズに参加できて安心です
👇😊
[第2日程申込URL]","[UTAGE実装時作成]","NEW-YT-D2-09"
"YouTube_ゆっくりAI","REVIEW_YouTube_ゆっくりAI_20260810","84","レビュー中","メッセージ","20260810新規","セミナー募集_第2日程","NEW-YT-D2-10","セミナー未申込・面談未予約・日程不可未選択。申込ページクリック済み／VSL中／予約完了／面談済み／営業停止は除外","第2日程 3日前10:00（未経過時のみ）","LINE","ステップ配信","YT-D2-SEM-B01（開催3日前10:00）","","【LINEメッセージ 1／text】
セミナー開催まで【あと3日】となりました！⏰


このセミナーでは「AIの深い知識」ではなく、
「AIをどうビジネスに繋げるか」を体系的に学べる時間になっています☺️✨

""AIでホームページが作れる""、""AIで動画制作ができる""、
ではその後は...？😥

AIを学ぶだけではビジネスは出来ません💦
その知識を発展させるための時間になっています🚀

少しでもご興味ある方は、ぜひお早めにお申し込みください！✨

📅 日時：[第2日程]
💻 形式：オンライン（Zoomなど）

参加用のURLは、お申し込み後に
LINEとメールでお送りいたします。

▼席の確保はお早めにどうぞ👇😊
[第2日程申込URL]","[第2日程申込URL]","[第2日程申込URL]","","","セミナー未申込・面談未予約・日程不可未選択。申込ページクリック済み／VSL中／予約完了／面談済み／営業停止は除外","[第2日程申込URL]","配信基準=イベント参加日。本文N/O/PとUTAGE編集URLは後続列に保持。","","","本文内定義","","YouTube正本を独自リライトしない。ステータスが廃止対象または旧読者のみの場合は新規実装しない。","【LINEメッセージ 1／text】
セミナー開催まで【あと3日】となりました！⏰


このセミナーでは「AIの深い知識」ではなく、
「AIをどうビジネスに繋げるか」を体系的に学べる時間になっています☺️✨

""AIでホームページが作れる""、""AIで動画制作ができる""、
ではその後は...？😥

AIを学ぶだけではビジネスは出来ません💦
その知識を発展させるための時間になっています🚀

少しでもご興味ある方は、ぜひお早めにお申し込みください！✨

📅 日時：[第2日程]
💻 形式：オンライン（Zoomなど）

参加用のURLは、お申し込み後に
LINEとメールでお送りいたします。

▼席の確保はお早めにどうぞ👇😊
[第2日程申込URL]","【LINEメッセージ 1／text】
セミナー開催まで【あと3日】となりました！⏰


このセミナーでは「AIの深い知識」ではなく、
「AIをどうビジネスに繋げるか」を体系的に学べる時間になっています☺️✨

""AIでホームページが作れる""、""AIで動画制作ができる""、
ではその後は...？😥

AIを学ぶだけではビジネスは出来ません💦
その知識を発展させるための時間になっています🚀

少しでもご興味ある方は、ぜひお早めにお申し込みください！✨

📅 日時：[第2日程]
💻 形式：オンライン（Zoomなど）

参加用のURLは、お申し込み後に
LINEとメールでお送りいたします。

▼席の確保はお早めにどうぞ👇😊
[第2日程申込URL]","【LINEメッセージ 1／text】
セミナー開催まで【あと3日】となりました！⏰


このセミナーでは「AIの深い知識」ではなく、
「AIをどうビジネスに繋げるか」を体系的に学べる時間になっています☺️✨

""AIでホームページが作れる""、""AIで動画制作ができる""、
ではその後は...？😥

AIを学ぶだけではビジネスは出来ません💦
その知識を発展させるための時間になっています🚀

少しでもご興味ある方は、ぜひお早めにお申し込みください！✨

📅 日時：[第2日程]
💻 形式：オンライン（Zoomなど）

参加用のURLは、お申し込み後に
LINEとメールでお送りいたします。

▼席の確保はお早めにどうぞ👇😊
[第2日程申込URL]","[UTAGE実装時作成]","NEW-YT-D2-10"
"YouTube_ゆっくりAI","REVIEW_YouTube_ゆっくりAI_20260810","85","レビュー中","メッセージ","20260810新規","セミナー募集_第2日程","NEW-YT-D2-11","セミナー未申込・面談未予約・日程不可未選択。申込ページクリック済み／VSL中／予約完了／面談済み／営業停止は除外","第2日程 3日前20:00（未経過時のみ）","LINE","ステップ配信","YT-D2-SEM-B02（開催3日前20:00）","","【LINEメッセージ 1／text】
「まだAIを触り始めたばかり…」
という方でも、どうぞご安心ください😊

むしろAIビジネスは触り始めた方の方が有利に働くことが多いです！
その実態をセミナーでお伝えいたします🚀🔥

あなたのこれまでの経験や、得意なことを
振り返りながら、「自分にぴったりのAI活用法」
を見つけるところから優しく進めていきます🌱

▼詳細・お申し込みはこちらから👇
[第2日程申込URL]","[第2日程申込URL]","[第2日程申込URL]","","","セミナー未申込・面談未予約・日程不可未選択。申込ページクリック済み／VSL中／予約完了／面談済み／営業停止は除外","[第2日程申込URL]","配信基準=イベント参加日。本文N/O/PとUTAGE編集URLは後続列に保持。","","","本文内定義","","YouTube正本を独自リライトしない。ステータスが廃止対象または旧読者のみの場合は新規実装しない。","【LINEメッセージ 1／text】
「まだAIを触り始めたばかり…」
という方でも、どうぞご安心ください😊

むしろAIビジネスは触り始めた方の方が有利に働くことが多いです！
その実態をセミナーでお伝えいたします🚀🔥

あなたのこれまでの経験や、得意なことを
振り返りながら、「自分にぴったりのAI活用法」
を見つけるところから優しく進めていきます🌱

▼詳細・お申し込みはこちらから👇
[第2日程申込URL]","【LINEメッセージ 1／text】
「まだAIを触り始めたばかり…」
という方でも、どうぞご安心ください😊

むしろAIビジネスは触り始めた方の方が有利に働くことが多いです！
その実態をセミナーでお伝えいたします🚀🔥

あなたのこれまでの経験や、得意なことを
振り返りながら、「自分にぴったりのAI活用法」
を見つけるところから優しく進めていきます🌱

▼詳細・お申し込みはこちらから👇
[第2日程申込URL]","【LINEメッセージ 1／text】
「まだAIを触り始めたばかり…」
という方でも、どうぞご安心ください😊

むしろAIビジネスは触り始めた方の方が有利に働くことが多いです！
その実態をセミナーでお伝えいたします🚀🔥

あなたのこれまでの経験や、得意なことを
振り返りながら、「自分にぴったりのAI活用法」
を見つけるところから優しく進めていきます🌱

▼詳細・お申し込みはこちらから👇
[第2日程申込URL]","[UTAGE実装時作成]","NEW-YT-D2-11"
"YouTube_ゆっくりAI","REVIEW_YouTube_ゆっくりAI_20260810","86","レビュー中","メッセージ","20260810新規","セミナー募集_第2日程","NEW-YT-D2-12","セミナー未申込・面談未予約・日程不可未選択。申込ページクリック済み／VSL中／予約完了／面談済み／営業停止は除外","第2日程 2日前10:00（未経過時のみ）","LINE","ステップ配信","YT-D2-SEM-B03（開催2日前10:00）","","【LINEメッセージ 1／text】
今回のセミナーは、
特にこんな方におすすめです！💡

🌟 AIを自分の仕事に活かしたい
🌟 学ぶ順番をスッキリ整理したい
🌟 自分の「強み」とAIを掛け合わせたい
🌟 今日からできる具体的な一歩を決めたい

1つでも当てはまる方は、
ここが分岐点になると思います...!!
一歩踏み出すか、足踏みをするか。
少しでもご自身にプラスの影響を与えたい方はぜひ👇😊
[第2日程申込URL]","[第2日程申込URL]","[第2日程申込URL]","","","セミナー未申込・面談未予約・日程不可未選択。申込ページクリック済み／VSL中／予約完了／面談済み／営業停止は除外","[第2日程申込URL]","配信基準=イベント参加日。本文N/O/PとUTAGE編集URLは後続列に保持。","","","本文内定義","","YouTube正本を独自リライトしない。ステータスが廃止対象または旧読者のみの場合は新規実装しない。","【LINEメッセージ 1／text】
今回のセミナーは、
特にこんな方におすすめです！💡

🌟 AIを自分の仕事に活かしたい
🌟 学ぶ順番をスッキリ整理したい
🌟 自分の「強み」とAIを掛け合わせたい
🌟 今日からできる具体的な一歩を決めたい

1つでも当てはまる方は、
ここが分岐点になると思います...!!
一歩踏み出すか、足踏みをするか。
少しでもご自身にプラスの影響を与えたい方はぜひ👇😊
[第2日程申込URL]","【LINEメッセージ 1／text】
今回のセミナーは、
特にこんな方におすすめです！💡

🌟 AIを自分の仕事に活かしたい
🌟 学ぶ順番をスッキリ整理したい
🌟 自分の「強み」とAIを掛け合わせたい
🌟 今日からできる具体的な一歩を決めたい

1つでも当てはまる方は、
ここが分岐点になると思います...!!
一歩踏み出すか、足踏みをするか。
少しでもご自身にプラスの影響を与えたい方はぜひ👇😊
[第2日程申込URL]","【LINEメッセージ 1／text】
今回のセミナーは、
特にこんな方におすすめです！💡

🌟 AIを自分の仕事に活かしたい
🌟 学ぶ順番をスッキリ整理したい
🌟 自分の「強み」とAIを掛け合わせたい
🌟 今日からできる具体的な一歩を決めたい

1つでも当てはまる方は、
ここが分岐点になると思います...!!
一歩踏み出すか、足踏みをするか。
少しでもご自身にプラスの影響を与えたい方はぜひ👇😊
[第2日程申込URL]","[UTAGE実装時作成]","NEW-YT-D2-12"
"YouTube_ゆっくりAI","REVIEW_YouTube_ゆっくりAI_20260810","87","レビュー中","メッセージ","20260810新規","セミナー募集_第2日程","NEW-YT-D2-13","セミナー未申込・面談未予約・日程不可未選択。申込ページクリック済み／VSL中／予約完了／面談済み／営業停止は除外","第2日程 2日前20:00（未経過時のみ）","LINE","ステップ配信","YT-D2-SEM-B04（開催2日前20:00）","","【LINEメッセージ 1／text】
限定特典⑥〜⑩をお受け取りいただけるのは、
セミナーを最後までご視聴いただいた方のみとなります🎁

もし「途中までは参加できるけど、最後までは時間的に...」
という方は、個別にメールからご連絡ください！
ご参加いただけたことを確認できましたら、特典の方をお礼にお渡しいたします！

「あとで予定を確認しよう」と思っていると
満席になってしまうこともあるので、
忘れないうちに席を確保しておいてくださいね👇✨
[第2日程申込URL]","[第2日程申込URL]","[第2日程申込URL]","","","セミナー未申込・面談未予約・日程不可未選択。申込ページクリック済み／VSL中／予約完了／面談済み／営業停止は除外","[第2日程申込URL]","配信基準=イベント参加日。本文N/O/PとUTAGE編集URLは後続列に保持。","","","本文内定義","","YouTube正本を独自リライトしない。ステータスが廃止対象または旧読者のみの場合は新規実装しない。","【LINEメッセージ 1／text】
限定特典⑥〜⑩をお受け取りいただけるのは、
セミナーを最後までご視聴いただいた方のみとなります🎁

もし「途中までは参加できるけど、最後までは時間的に...」
という方は、個別にメールからご連絡ください！
ご参加いただけたことを確認できましたら、特典の方をお礼にお渡しいたします！

「あとで予定を確認しよう」と思っていると
満席になってしまうこともあるので、
忘れないうちに席を確保しておいてくださいね👇✨
[第2日程申込URL]","【LINEメッセージ 1／text】
限定特典⑥〜⑩をお受け取りいただけるのは、
セミナーを最後までご視聴いただいた方のみとなります🎁

もし「途中までは参加できるけど、最後までは時間的に...」
という方は、個別にメールからご連絡ください！
ご参加いただけたことを確認できましたら、特典の方をお礼にお渡しいたします！

「あとで予定を確認しよう」と思っていると
満席になってしまうこともあるので、
忘れないうちに席を確保しておいてくださいね👇✨
[第2日程申込URL]","【LINEメッセージ 1／text】
限定特典⑥〜⑩をお受け取りいただけるのは、
セミナーを最後までご視聴いただいた方のみとなります🎁

もし「途中までは参加できるけど、最後までは時間的に...」
という方は、個別にメールからご連絡ください！
ご参加いただけたことを確認できましたら、特典の方をお礼にお渡しいたします！

「あとで予定を確認しよう」と思っていると
満席になってしまうこともあるので、
忘れないうちに席を確保しておいてくださいね👇✨
[第2日程申込URL]","[UTAGE実装時作成]","NEW-YT-D2-13"
"YouTube_ゆっくりAI","REVIEW_YouTube_ゆっくりAI_20260810","88","レビュー中","メッセージ","20260810新規","セミナー募集_第2日程","NEW-YT-D2-14","セミナー未申込・面談未予約・日程不可未選択。申込ページクリック済み／VSL中／予約完了／面談済み／営業停止は除外","第2日程 前日09:00","LINE","ステップ配信","YT-D2-SEM-B05（開催前日09:00）","","【LINEメッセージ 1／text】
いよいよ【明日開催】となりました！✨

「自分に合う内容かな…？🔰」
と迷われている方へ。

AIを使ったことがない初心者の方でも、
まだやりたい方向が決まっていなくても大丈夫！
あなたの「今の状態」から一緒に整理していくセミナーです😊🌱

むしろ""AI界隈は初心者が有利""だと確信しています！
その理由はセミナーで語っていますので、ぜひ覗いてみてください

📢 セミナー：AIでひとり起業攻略法
📅 日時：[第2日程]

参加を迷われている方、迷われているだけでも半歩先に進んでいる状態です。
もう半歩踏み出すきっかけにしていただけると嬉しいです☺️
忘れないうちにお申し込みを済ませてくださいね👇😊
[第2日程申込URL]","[第2日程申込URL]","[第2日程申込URL]","","","セミナー未申込・面談未予約・日程不可未選択。申込ページクリック済み／VSL中／予約完了／面談済み／営業停止は除外","[第2日程申込URL]","配信基準=イベント参加日。本文N/O/PとUTAGE編集URLは後続列に保持。","","","本文内定義","","YouTube正本を独自リライトしない。ステータスが廃止対象または旧読者のみの場合は新規実装しない。","【LINEメッセージ 1／text】
いよいよ【明日開催】となりました！✨

「自分に合う内容かな…？🔰」
と迷われている方へ。

AIを使ったことがない初心者の方でも、
まだやりたい方向が決まっていなくても大丈夫！
あなたの「今の状態」から一緒に整理していくセミナーです😊🌱

むしろ""AI界隈は初心者が有利""だと確信しています！
その理由はセミナーで語っていますので、ぜひ覗いてみてください

📢 セミナー：AIでひとり起業攻略法
📅 日時：[第2日程]

参加を迷われている方、迷われているだけでも半歩先に進んでいる状態です。
もう半歩踏み出すきっかけにしていただけると嬉しいです☺️
忘れないうちにお申し込みを済ませてくださいね👇😊
[第2日程申込URL]","【LINEメッセージ 1／text】
いよいよ【明日開催】となりました！✨

「自分に合う内容かな…？🔰」
と迷われている方へ。

AIを使ったことがない初心者の方でも、
まだやりたい方向が決まっていなくても大丈夫！
あなたの「今の状態」から一緒に整理していくセミナーです😊🌱

むしろ""AI界隈は初心者が有利""だと確信しています！
その理由はセミナーで語っていますので、ぜひ覗いてみてください

📢 セミナー：AIでひとり起業攻略法
📅 日時：[第2日程]

参加を迷われている方、迷われているだけでも半歩先に進んでいる状態です。
もう半歩踏み出すきっかけにしていただけると嬉しいです☺️
忘れないうちにお申し込みを済ませてくださいね👇😊
[第2日程申込URL]","【LINEメッセージ 1／text】
いよいよ【明日開催】となりました！✨

「自分に合う内容かな…？🔰」
と迷われている方へ。

AIを使ったことがない初心者の方でも、
まだやりたい方向が決まっていなくても大丈夫！
あなたの「今の状態」から一緒に整理していくセミナーです😊🌱

むしろ""AI界隈は初心者が有利""だと確信しています！
その理由はセミナーで語っていますので、ぜひ覗いてみてください

📢 セミナー：AIでひとり起業攻略法
📅 日時：[第2日程]

参加を迷われている方、迷われているだけでも半歩先に進んでいる状態です。
もう半歩踏み出すきっかけにしていただけると嬉しいです☺️
忘れないうちにお申し込みを済ませてくださいね👇😊
[第2日程申込URL]","[UTAGE実装時作成]","NEW-YT-D2-14"
"YouTube_ゆっくりAI","REVIEW_YouTube_ゆっくりAI_20260810","89","レビュー中","メッセージ","20260810新規","セミナー募集_第2日程","NEW-YT-D2-15","セミナー未申込・面談未予約・日程不可未選択。申込ページクリック済み／VSL中／予約完了／面談済み／営業停止は除外","第2日程 前日15:00","LINE","ステップ配信","YT-D2-SEM-B06（開催前日15:00）","","【LINEメッセージ 1／text】
【重要なご連絡】
「セミナーに必要な知識はありますか？」
と聞かれますが、知識は不要です！

ほんの少しのAIへの興味と、
ビジネスにしたいという気持ちがあれば十分すぎるぐらいです☺️

あとはリラックスして視聴できる場所と、
メモ用の筆記用具があれば準備はバッチリです👍

顔出し声出しは不要ですので、お気軽にご参加ください🤲
こちらからご確認くださいね👇","[第2日程申込URL]","[第2日程申込URL]","","","セミナー未申込・面談未予約・日程不可未選択。申込ページクリック済み／VSL中／予約完了／面談済み／営業停止は除外","[第2日程申込URL]","配信基準=イベント参加日。本文N/O/PとUTAGE編集URLは後続列に保持。","","","本文内定義","","YouTube正本を独自リライトしない。ステータスが廃止対象または旧読者のみの場合は新規実装しない。","【LINEメッセージ 1／text】
【重要なご連絡】
「セミナーに必要な知識はありますか？」
と聞かれますが、知識は不要です！

ほんの少しのAIへの興味と、
ビジネスにしたいという気持ちがあれば十分すぎるぐらいです☺️

あとはリラックスして視聴できる場所と、
メモ用の筆記用具があれば準備はバッチリです👍

顔出し声出しは不要ですので、お気軽にご参加ください🤲
こちらからご確認くださいね👇","【LINEメッセージ 1／text】
【重要なご連絡】
「セミナーに必要な知識はありますか？」
と聞かれますが、知識は不要です！

ほんの少しのAIへの興味と、
ビジネスにしたいという気持ちがあれば十分すぎるぐらいです☺️

あとはリラックスして視聴できる場所と、
メモ用の筆記用具があれば準備はバッチリです👍

顔出し声出しは不要ですので、お気軽にご参加ください🤲
こちらからご確認くださいね👇","【LINEメッセージ 1／text】
【重要なご連絡】
「セミナーに必要な知識はありますか？」
と聞かれますが、知識は不要です！

ほんの少しのAIへの興味と、
ビジネスにしたいという気持ちがあれば十分すぎるぐらいです☺️

あとはリラックスして視聴できる場所と、
メモ用の筆記用具があれば準備はバッチリです👍

顔出し声出しは不要ですので、お気軽にご参加ください🤲
こちらからご確認くださいね👇","[UTAGE実装時作成]","NEW-YT-D2-15"
"YouTube_ゆっくりAI","REVIEW_YouTube_ゆっくりAI_20260810","90","レビュー中","メッセージ","20260810新規","セミナー募集_第2日程","NEW-YT-D2-16","セミナー未申込・面談未予約・日程不可未選択。申込ページクリック済み／VSL中／予約完了／面談済み／営業停止は除外","第2日程 前日21:00","LINE","ステップ配信","YT-D2-SEM-B07（開催前日21:00）","","【LINEメッセージ 1／text】
【大変申し訳ございません】
物凄く現実的で残酷なことをお伝えします。

それは、
""AIは学ぶだけでは、一生成功しません""

これは別に大袈裟にいっているわけではありません。
AIに限ったことではないですが、道具の使い方が分かっても、
実践する場所や、活かす機会がないと意味がないんです。

今回のセミナーでは、
そういった状況から一気に抜け出せる内容となっています。

ご参加いただける場合は、
今夜のうちにお名前とメールアドレスを登録して、
参加用URLを受け取っておいてくださいね👇✨
[第2日程申込URL]","[第2日程申込URL]","[第2日程申込URL]","","","セミナー未申込・面談未予約・日程不可未選択。申込ページクリック済み／VSL中／予約完了／面談済み／営業停止は除外","[第2日程申込URL]","配信基準=イベント参加日。本文N/O/PとUTAGE編集URLは後続列に保持。","","","本文内定義","","YouTube正本を独自リライトしない。ステータスが廃止対象または旧読者のみの場合は新規実装しない。","【LINEメッセージ 1／text】
【大変申し訳ございません】
物凄く現実的で残酷なことをお伝えします。

それは、
""AIは学ぶだけでは、一生成功しません""

これは別に大袈裟にいっているわけではありません。
AIに限ったことではないですが、道具の使い方が分かっても、
実践する場所や、活かす機会がないと意味がないんです。

今回のセミナーでは、
そういった状況から一気に抜け出せる内容となっています。

ご参加いただける場合は、
今夜のうちにお名前とメールアドレスを登録して、
参加用URLを受け取っておいてくださいね👇✨
[第2日程申込URL]","【LINEメッセージ 1／text】
【大変申し訳ございません】
物凄く現実的で残酷なことをお伝えします。

それは、
""AIは学ぶだけでは、一生成功しません""

これは別に大袈裟にいっているわけではありません。
AIに限ったことではないですが、道具の使い方が分かっても、
実践する場所や、活かす機会がないと意味がないんです。

今回のセミナーでは、
そういった状況から一気に抜け出せる内容となっています。

ご参加いただける場合は、
今夜のうちにお名前とメールアドレスを登録して、
参加用URLを受け取っておいてくださいね👇✨
[第2日程申込URL]","【LINEメッセージ 1／text】
【大変申し訳ございません】
物凄く現実的で残酷なことをお伝えします。

それは、
""AIは学ぶだけでは、一生成功しません""

これは別に大袈裟にいっているわけではありません。
AIに限ったことではないですが、道具の使い方が分かっても、
実践する場所や、活かす機会がないと意味がないんです。

今回のセミナーでは、
そういった状況から一気に抜け出せる内容となっています。

ご参加いただける場合は、
今夜のうちにお名前とメールアドレスを登録して、
参加用URLを受け取っておいてくださいね👇✨
[第2日程申込URL]","[UTAGE実装時作成]","NEW-YT-D2-16"
"YouTube_ゆっくりAI","REVIEW_YouTube_ゆっくりAI_20260810","91","レビュー中","メッセージ","20260810新規","セミナー募集_第2日程","NEW-YT-D2-17","セミナー未申込・面談未予約・日程不可未選択。申込ページクリック済み／VSL中／予約完了／面談済み／営業停止は除外","第2日程 当日09:00","LINE","ステップ配信","YT-D2-SEM-B08（開催当日09:00）","","【LINEメッセージ 1／text】
＼ いよいよ本日開催です！🎉 ／

📢 AIでひとり起業攻略法
📅 [第2日程]

まだ今からでもお申し込み可能です！

最後までご参加いただいた方には、
実践で使える超有料級の【特典⑥〜⑩】も
プレゼントいたします！🎁

お席が埋まる前に、ぜひご確認くだいね👇✨

▼お申し込みはこちらから👇😊
[第2日程申込URL]","[第2日程申込URL]","[第2日程申込URL]","","","セミナー未申込・面談未予約・日程不可未選択。申込ページクリック済み／VSL中／予約完了／面談済み／営業停止は除外","[第2日程申込URL]","配信基準=イベント参加日。本文N/O/PとUTAGE編集URLは後続列に保持。","","","本文内定義","","YouTube正本を独自リライトしない。ステータスが廃止対象または旧読者のみの場合は新規実装しない。","【LINEメッセージ 1／text】
＼ いよいよ本日開催です！🎉 ／

📢 AIでひとり起業攻略法
📅 [第2日程]

まだ今からでもお申し込み可能です！

最後までご参加いただいた方には、
実践で使える超有料級の【特典⑥〜⑩】も
プレゼントいたします！🎁

お席が埋まる前に、ぜひご確認くだいね👇✨

▼お申し込みはこちらから👇😊
[第2日程申込URL]","【LINEメッセージ 1／text】
＼ いよいよ本日開催です！🎉 ／

📢 AIでひとり起業攻略法
📅 [第2日程]

まだ今からでもお申し込み可能です！

最後までご参加いただいた方には、
実践で使える超有料級の【特典⑥〜⑩】も
プレゼントいたします！🎁

お席が埋まる前に、ぜひご確認くだいね👇✨

▼お申し込みはこちらから👇😊
[第2日程申込URL]","【LINEメッセージ 1／text】
＼ いよいよ本日開催です！🎉 ／

📢 AIでひとり起業攻略法
📅 [第2日程]

まだ今からでもお申し込み可能です！

最後までご参加いただいた方には、
実践で使える超有料級の【特典⑥〜⑩】も
プレゼントいたします！🎁

お席が埋まる前に、ぜひご確認くだいね👇✨

▼お申し込みはこちらから👇😊
[第2日程申込URL]","[UTAGE実装時作成]","NEW-YT-D2-17"
"YouTube_ゆっくりAI","REVIEW_YouTube_ゆっくりAI_20260810","92","レビュー中","メッセージ","20260810新規","セミナー募集_第2日程","NEW-YT-D2-18","セミナー未申込・面談未予約・日程不可未選択。申込ページクリック済み／VSL中／予約完了／面談済み／営業停止は除外","第2日程 開始3時間前","LINE","ステップ配信","YT-D2-SEM-B09（開始3時間前）","","【LINEメッセージ 1／text】
セミナー開始まで【あと3時間】となりました！⏰

今からの駆け込みお申し込みも大歓迎です！👍
ご登録後、すぐに参加用URLをお送りします。

事前準備は不要です。
顔出しや声出しも不要です☺️
好きな飲み物を片手にリラックスしてご参加ください😌

昨日の連絡を見て、
「最後まで見るのは時間的に厳しくて...」
というお声がありましたので、セミナーにご参加いただけたのがわかった場合、
後からメールにてご連絡いただければ、特典の方をお送りいたしますのでご安心ください！

ぜひご参加お待ちしております☺️

▼こちらから席を確保してくださいね👇✨
[第2日程申込URL]","[第2日程申込URL]","[第2日程申込URL]","","","セミナー未申込・面談未予約・日程不可未選択。申込ページクリック済み／VSL中／予約完了／面談済み／営業停止は除外","[第2日程申込URL]","配信基準=イベント参加日。本文N/O/PとUTAGE編集URLは後続列に保持。","","","本文内定義","","YouTube正本を独自リライトしない。ステータスが廃止対象または旧読者のみの場合は新規実装しない。","【LINEメッセージ 1／text】
セミナー開始まで【あと3時間】となりました！⏰

今からの駆け込みお申し込みも大歓迎です！👍
ご登録後、すぐに参加用URLをお送りします。

事前準備は不要です。
顔出しや声出しも不要です☺️
好きな飲み物を片手にリラックスしてご参加ください😌

昨日の連絡を見て、
「最後まで見るのは時間的に厳しくて...」
というお声がありましたので、セミナーにご参加いただけたのがわかった場合、
後からメールにてご連絡いただければ、特典の方をお送りいたしますのでご安心ください！

ぜひご参加お待ちしております☺️

▼こちらから席を確保してくださいね👇✨
[第2日程申込URL]","【LINEメッセージ 1／text】
セミナー開始まで【あと3時間】となりました！⏰

今からの駆け込みお申し込みも大歓迎です！👍
ご登録後、すぐに参加用URLをお送りします。

事前準備は不要です。
顔出しや声出しも不要です☺️
好きな飲み物を片手にリラックスしてご参加ください😌

昨日の連絡を見て、
「最後まで見るのは時間的に厳しくて...」
というお声がありましたので、セミナーにご参加いただけたのがわかった場合、
後からメールにてご連絡いただければ、特典の方をお送りいたしますのでご安心ください！

ぜひご参加お待ちしております☺️

▼こちらから席を確保してくださいね👇✨
[第2日程申込URL]","【LINEメッセージ 1／text】
セミナー開始まで【あと3時間】となりました！⏰

今からの駆け込みお申し込みも大歓迎です！👍
ご登録後、すぐに参加用URLをお送りします。

事前準備は不要です。
顔出しや声出しも不要です☺️
好きな飲み物を片手にリラックスしてご参加ください😌

昨日の連絡を見て、
「最後まで見るのは時間的に厳しくて...」
というお声がありましたので、セミナーにご参加いただけたのがわかった場合、
後からメールにてご連絡いただければ、特典の方をお送りいたしますのでご安心ください！

ぜひご参加お待ちしております☺️

▼こちらから席を確保してくださいね👇✨
[第2日程申込URL]","[UTAGE実装時作成]","NEW-YT-D2-18"
"YouTube_ゆっくりAI","REVIEW_YouTube_ゆっくりAI_20260810","93","レビュー中","メッセージ","20260810新規","セミナー募集_第2日程","NEW-YT-D2-19","セミナー未申込・面談未予約・日程不可未選択。申込ページクリック済み／VSL中／予約完了／面談済み／営業停止は除外","第2日程 開始30分前","LINE","ステップ配信","YT-D2-SEM-B10（開始30分前）","","【LINEメッセージ 1／text】
あと30分でセミナーが開始します！⏳✨

あと30分でセミナーが始まります！⏳🔥

申込ページを見て迷っていた方への、
これが【最後のご案内】となります。

まだ申し込みが来ているため、時間延長いたしました💦
こちらから滑り込みでのお申し込みをお待ちしております！👇😊
[第2日程申込URL]","[第2日程申込URL]","[第2日程申込URL]","","","セミナー未申込・面談未予約・日程不可未選択。申込ページクリック済み／VSL中／予約完了／面談済み／営業停止は除外","[第2日程申込URL]","配信基準=イベント参加日。本文N/O/PとUTAGE編集URLは後続列に保持。","","","本文内定義","","YouTube正本を独自リライトしない。ステータスが廃止対象または旧読者のみの場合は新規実装しない。","【LINEメッセージ 1／text】
あと30分でセミナーが開始します！⏳✨

あと30分でセミナーが始まります！⏳🔥

申込ページを見て迷っていた方への、
これが【最後のご案内】となります。

まだ申し込みが来ているため、時間延長いたしました💦
こちらから滑り込みでのお申し込みをお待ちしております！👇😊
[第2日程申込URL]","【LINEメッセージ 1／text】
あと30分でセミナーが開始します！⏳✨

あと30分でセミナーが始まります！⏳🔥

申込ページを見て迷っていた方への、
これが【最後のご案内】となります。

まだ申し込みが来ているため、時間延長いたしました💦
こちらから滑り込みでのお申し込みをお待ちしております！👇😊
[第2日程申込URL]","【LINEメッセージ 1／text】
あと30分でセミナーが開始します！⏳✨

あと30分でセミナーが始まります！⏳🔥

申込ページを見て迷っていた方への、
これが【最後のご案内】となります。

まだ申し込みが来ているため、時間延長いたしました💦
こちらから滑り込みでのお申し込みをお待ちしております！👇😊
[第2日程申込URL]","[UTAGE実装時作成]","NEW-YT-D2-19"
"YouTube_ゆっくりAI","REVIEW_YouTube_ゆっくりAI_20260810","94","レビュー中","メッセージ","20260810新規","セミナー募集_第2日程","NEW-YT-D2-20","セミナー未申込・面談未予約・日程不可未選択。申込ページクリック済み／VSL中／予約完了／面談済み／営業停止は除外","第2日程 開始10分前","LINE","ステップ配信","YT-D2-SEM-B11（開始10分前）","","【LINEメッセージ 1／text】
まもなくセミナーを開始します！📢

こちらが今回のセミナーお申し込みの
【最後のご案内】となります。

正直ながら見するだけでも、
今回の内容は十分皆さんの分岐点になると確信しています。
AIをビジネスに発展させるのに必要なのは、""知識""ではなく""きっかけ""です。

まだ受付中ですので、こちらから
今すぐ参加登録を完了してくださいね👇✨

【LINEメッセージ 2／button】
{
  ""seq"": 1,
  ""type"": ""button"",
  ""alt_text"": ""【無料セミナー】AIでひとり起業攻略法"",
  ""react_type"": ""free"",
  ""react_press_again_text"": null,
  ""thumbnail_image_url"": null,
  ""title"": ""AIでひとり起業攻略法"",
  ""text"": ""Zoomライブ・最新日程は申込ページへ"",
  ""actions"": [
    {
      ""type"": ""url"",
      ""label"": ""セミナーに申し込む"",
      ""uri"": ""[第2日程申込URL]"",
      ""add_label_id"": null,
      ""del_label_id"": null
    }
  ]
}","[第2日程申込URL]","[第2日程申込URL]","","","セミナー未申込・面談未予約・日程不可未選択。申込ページクリック済み／VSL中／予約完了／面談済み／営業停止は除外","[第2日程申込URL]","配信基準=イベント参加日。本文N/O/PとUTAGE編集URLは後続列に保持。","","","本文内定義","","YouTube正本を独自リライトしない。ステータスが廃止対象または旧読者のみの場合は新規実装しない。","【LINEメッセージ 1／text】
まもなくセミナーを開始します！📢

こちらが今回のセミナーお申し込みの
【最後のご案内】となります。

正直ながら見するだけでも、
今回の内容は十分皆さんの分岐点になると確信しています。
AIをビジネスに発展させるのに必要なのは、""知識""ではなく""きっかけ""です。

まだ受付中ですので、こちらから
今すぐ参加登録を完了してくださいね👇✨

【LINEメッセージ 2／button】
{
  ""seq"": 1,
  ""type"": ""button"",
  ""alt_text"": ""【無料セミナー】AIでひとり起業攻略法"",
  ""react_type"": ""free"",
  ""react_press_again_text"": null,
  ""thumbnail_image_url"": null,
  ""title"": ""AIでひとり起業攻略法"",
  ""text"": ""Zoomライブ・最新日程は申込ページへ"",
  ""actions"": [
    {
      ""type"": ""url"",
      ""label"": ""セミナーに申し込む"",
      ""uri"": ""[第2日程申込URL]"",
      ""add_label_id"": null,
      ""del_label_id"": null
    }
  ]
}","【LINEメッセージ 1／text】
まもなくセミナーを開始します！📢

こちらが今回のセミナーお申し込みの
【最後のご案内】となります。

正直ながら見するだけでも、
今回の内容は十分皆さんの分岐点になると確信しています。
AIをビジネスに発展させるのに必要なのは、""知識""ではなく""きっかけ""です。

まだ受付中ですので、こちらから
今すぐ参加登録を完了してくださいね👇✨

【LINEメッセージ 2／button】
{
  ""seq"": 1,
  ""type"": ""button"",
  ""alt_text"": ""【無料セミナー】AIでひとり起業攻略法"",
  ""react_type"": ""free"",
  ""react_press_again_text"": null,
  ""thumbnail_image_url"": null,
  ""title"": ""AIでひとり起業攻略法"",
  ""text"": ""Zoomライブ・最新日程は申込ページへ"",
  ""actions"": [
    {
      ""type"": ""url"",
      ""label"": ""セミナーに申し込む"",
      ""uri"": ""[第2日程申込URL]"",
      ""add_label_id"": null,
      ""del_label_id"": null
    }
  ]
}","【LINEメッセージ 1／text】
まもなくセミナーを開始します！📢

こちらが今回のセミナーお申し込みの
【最後のご案内】となります。

正直ながら見するだけでも、
今回の内容は十分皆さんの分岐点になると確信しています。
AIをビジネスに発展させるのに必要なのは、""知識""ではなく""きっかけ""です。

まだ受付中ですので、こちらから
今すぐ参加登録を完了してくださいね👇✨

【LINEメッセージ 2／button】
{
  ""seq"": 1,
  ""type"": ""button"",
  ""alt_text"": ""【無料セミナー】AIでひとり起業攻略法"",
  ""react_type"": ""free"",
  ""react_press_again_text"": null,
  ""thumbnail_image_url"": null,
  ""title"": ""AIでひとり起業攻略法"",
  ""text"": ""Zoomライブ・最新日程は申込ページへ"",
  ""actions"": [
    {
      ""type"": ""url"",
      ""label"": ""セミナーに申し込む"",
      ""uri"": ""[第2日程申込URL]"",
      ""add_label_id"": null,
      ""del_label_id"": null
    }
  ]
}","[UTAGE実装時作成]","NEW-YT-D2-20"
"YouTube_ゆっくりAI","REVIEW_YouTube_ゆっくりAI_20260810","95","稼働中","メッセージ","8","AIでひとり起業リマインダ（選択した日程基準）","Q78Z15SlfHME","第1または第2日程の申込完了者。選択した開催日時を基準に配信。面談予約完了／面談済み／営業停止は除外。","登録直後","メール","ステップ配信","申込時","【重要】%event_name%へのお申込みが完了しました","%name% 様

この度はお申込み頂きありがとうございます。

お申込み頂いたイベントについて
ご案内をさせて頂きます。

■　日程・参加方法
━━━━━━━━━━━━━━━━

%event_info%","","","","","第1または第2日程の申込完了者。選択した開催日時を基準に配信。面談予約完了／面談済み／営業停止は除外。","","配信基準=。本文N/O/PとUTAGE編集URLは後続列に保持。","","","本文内定義","","YouTube正本を独自リライトしない。ステータスが廃止対象または旧読者のみの場合は新規実装しない。","%name% 様

この度は
%event_name%
にお申込み頂きありがとうございます。

お申込み頂いたイベントについて
ご案内をさせて頂きます。

■　お申込者情報
━━━━━━━━━━━━━━━━

お名前：%name%
メールアドレス：%mail%
電話番号：%phone%


■　開催日時・会場
━━━━━━━━━━━━━━━━

%event_info%


■　キャンセルについて
━━━━━━━━━━━━━━━━

キャンセルを希望される場合は事前に『必ず』ご連絡ください。


━━━━━━━━━━━━━━━━
%event_name%運営事務局
%from_mail%
━━━━━━━━━━━━━━━━","","開催まであと4日です。

AIでひとり起業攻略法
[セミナー日時]

「AIで何ができるか」から、「AIを使って自分は何を事業にするか」へ進みたい方へ。明日から開催直前の案内に入ります。","https://utage-system.com/account/Y86og5tIw1hZ/scenario/k6xTtx6rInVq/step/Q78Z15SlfHME/edit","Q78Z15SlfHME"
"YouTube_ゆっくりAI","REVIEW_YouTube_ゆっくりAI_20260810","96","稼働中","メッセージ","8","AIでひとり起業リマインダ（選択した日程基準）","bncjtTMsscfK","第1または第2日程の申込完了者。選択した開催日時を基準に配信。面談予約完了／面談済み／営業停止は除外。","14日前の 8:00","メール","リマインダ配信","開催14日前","【開催14日前】%event_name%","%name% 様

この度はお申込み頂きありがとうございます。

開催14日前になりましたので
リマインドをさせて頂きます。

■　日程・参加方法
━━━━━━━━━━━━━━━━

%event_info%","","","","","第1または第2日程の申込完了者。選択した開催日時を基準に配信。面談予約完了／面談済み／営業停止は除外。","","配信基準=イベント参加日時。本文N/O/PとUTAGE編集URLは後続列に保持。","","","本文内定義","","YouTube正本を独自リライトしない。ステータスが廃止対象または旧読者のみの場合は新規実装しない。","%name% 様

この度は
%event_name%
にお申込み頂きありがとうございます。

開催14日前になりましたので
リマインドをさせて頂きます。

■　お申込者情報
━━━━━━━━━━━━━━━━

お名前：%name%
メールアドレス：%mail%
電話番号：%phone%


■　開催日時・会場
━━━━━━━━━━━━━━━━

%event_info%


■　キャンセルについて
━━━━━━━━━━━━━━━━

キャンセルを希望される場合は事前に『必ず』ご連絡ください。


━━━━━━━━━━━━━━━━
%event_name%運営事務局
%from_mail%
━━━━━━━━━━━━━━━━","","開催まで3日。

AIを学ぶだけでなく、自分の商品・集客・販売につなげる全体像を、Zoomライブでお伝えします。

日時：[セミナー日時]","https://utage-system.com/account/Y86og5tIw1hZ/scenario/k6xTtx6rInVq/reminder/bncjtTMsscfK/edit","bncjtTMsscfK"
"YouTube_ゆっくりAI","REVIEW_YouTube_ゆっくりAI_20260810","97","稼働中","メッセージ","8","AIでひとり起業リマインダ（選択した日程基準）","s8IGVv7QrLqd","第1または第2日程の申込完了者。選択した開催日時を基準に配信。面談予約完了／面談済み／営業停止は除外。","14日前の 10:00","LINE","リマインダ配信","SEM-A01（開催14日前10:00）","","【LINEメッセージ 1／image】
{
  ""original_content_url"": ""https://utagesystem.s3.ap-northeast-1.wasabisys.com/GX6OYW2fVtRD/Bhq9uf1WWavu.png""
}

────────────

【LINEメッセージ 2／text】
%line_name%さん、次回のZoomライブセミナーが決まりました〜！✨

AIでひとり起業攻略法
日時：7月30日(木) 20:00〜

AIを触るだけで終わらず、自分に合う事業テーマを見つけて、商品・集客・販売へつなげる考え方をお伝えしますね😊🎥","","","","","第1または第2日程の申込完了者。選択した開催日時を基準に配信。面談予約完了／面談済み／営業停止は除外。","","配信基準=イベント参加日時。本文N/O/PとUTAGE編集URLは後続列に保持。","https://utagesystem.s3.ap-northeast-1.wasabisys.com/GX6OYW2fVtRD/Bhq9uf1WWavu.png","","本文内定義","","YouTube正本を独自リライトしない。ステータスが廃止対象または旧読者のみの場合は新規実装しない。","【LINEメッセージ 1／image】
{
  ""original_content_url"": ""https://utagesystem.s3.ap-northeast-1.wasabisys.com/GX6OYW2fVtRD/Bhq9uf1WWavu.png""
}

────────────

【LINEメッセージ 2／text】
%line_name%さん、次回のZoomライブセミナーが決まりました〜！✨

AIでひとり起業攻略法
日時：7月30日(木) 20:00〜

AIを触るだけで終わらず、自分に合う事業テーマを見つけて、商品・集客・販売へつなげる考え方をお伝えしますね😊🎥","%line_name%さん、次回のZoomライブセミナーが決まりました〜！✨

AIでひとり起業攻略法
日時：7月30日(木) 20:00〜

AIを触るだけで終わらず、自分に合う事業テーマを見つけて、商品・集客・販売へつなげる考え方をお伝えしますね😊🎥","「自分には売れるものがない」と感じていても、最初から完成した答えを持つ必要はありません。

経験・得意・興味をAIと一緒に掘り下げ、事業テーマの候補を作るところから始められます。

[申込URL]","https://utage-system.com/account/Y86og5tIw1hZ/scenario/k6xTtx6rInVq/reminder/line/s8IGVv7QrLqd/edit","s8IGVv7QrLqd"
"YouTube_ゆっくりAI","REVIEW_YouTube_ゆっくりAI_20260810","98","稼働中","メッセージ","8","AIでひとり起業リマインダ（選択した日程基準）","GgATKBKS6nJh","第1または第2日程の申込完了者。選択した開催日時を基準に配信。面談予約完了／面談済み／営業停止は除外。","12日前の 19:00","LINE","リマインダ配信","SEM-A02（開催12日前19:00）","","【LINEメッセージ 1／text】
AIの情報は増えているのに、「自分は何をすればいいか」が決まらない…。そんなふうに感じること、ありませんか？😌

そこから抜け出すには、ツールを増やすより“事業にする順番”を知ることが大事なんですよ。Zoomライブで、その全体像を一緒に整理していきますね😊👇

────────────

【LINEメッセージ 2／button】
{
  ""alt_text"": ""【無料セミナー】AIでひとり起業攻略法のご案内"",
  ""react_type"": ""free"",
  ""react_press_again_text"": null,
  ""thumbnail_image_url"": null,
  ""title"": ""AIでひとり起業攻略法"",
  ""text"": ""7/30(木)20:00〜・Zoomライブ"",
  ""actions"": [
    {
      ""type"": ""url"",
      ""label"": ""セミナーに申し込む"",
      ""uri"": ""https://utage-system.com/event/uxPuWYWcc1DD/register"",
      ""add_label_id"": null,
      ""del_label_id"": null
    }
  ]
}","","","","","第1または第2日程の申込完了者。選択した開催日時を基準に配信。面談予約完了／面談済み／営業停止は除外。","","配信基準=イベント参加日時。本文N/O/PとUTAGE編集URLは後続列に保持。","","","本文内定義","","YouTube正本を独自リライトしない。ステータスが廃止対象または旧読者のみの場合は新規実装しない。","【LINEメッセージ 1／text】
AIの情報は増えているのに、「自分は何をすればいいか」が決まらない…。そんなふうに感じること、ありませんか？😌

そこから抜け出すには、ツールを増やすより“事業にする順番”を知ることが大事なんですよ。Zoomライブで、その全体像を一緒に整理していきますね😊👇

────────────

【LINEメッセージ 2／button】
{
  ""alt_text"": ""【無料セミナー】AIでひとり起業攻略法のご案内"",
  ""react_type"": ""free"",
  ""react_press_again_text"": null,
  ""thumbnail_image_url"": null,
  ""title"": ""AIでひとり起業攻略法"",
  ""text"": ""7/30(木)20:00〜・Zoomライブ"",
  ""actions"": [
    {
      ""type"": ""url"",
      ""label"": ""セミナーに申し込む"",
      ""uri"": ""https://utage-system.com/event/uxPuWYWcc1DD/register"",
      ""add_label_id"": null,
      ""del_label_id"": null
    }
  ]
}","AIの情報は増えているのに、「自分は何をすればいいか」が決まらない…。そんなふうに感じること、ありませんか？😌

そこから抜け出すには、ツールを増やすより“事業にする順番”を知ることが大事なんですよ。Zoomライブで、その全体像を一緒に整理していきますね😊👇","あと2日です。

こんな方に向いています。
・AIを仕事や副業につなげたい
・自分の商品を作りたい
・発信しても何を売ればいいか分からない
・一人で会社を回せる仕組みを作りたい","https://utage-system.com/account/Y86og5tIw1hZ/scenario/k6xTtx6rInVq/reminder/line/GgATKBKS6nJh/edit","GgATKBKS6nJh"
"YouTube_ゆっくりAI","REVIEW_YouTube_ゆっくりAI_20260810","99","稼働中","メッセージ","8","AIでひとり起業リマインダ（選択した日程基準）","T8nDAcUFnUbQ","第1または第2日程の申込完了者。選択した開催日時を基準に配信。面談予約完了／面談済み／営業停止は除外。","10日前の 10:00","LINE","リマインダ配信","SEM-A03（開催10日前10:00）","","【LINEメッセージ 1／text】
ひとり起業って、全部を一人で抱えて頑張ることじゃないんですよ😊

AIに任せることで不要な人間関係のストレスを受けず、のびのびと事業を始められます🙆‍♂️ 「AIでひとり起業攻略法」で具体的に解説しますね📣","","","","","第1または第2日程の申込完了者。選択した開催日時を基準に配信。面談予約完了／面談済み／営業停止は除外。","","配信基準=イベント参加日時。本文N/O/PとUTAGE編集URLは後続列に保持。","","","本文内定義","","YouTube正本を独自リライトしない。ステータスが廃止対象または旧読者のみの場合は新規実装しない。","【LINEメッセージ 1／text】
ひとり起業って、全部を一人で抱えて頑張ることじゃないんですよ😊

AIに任せる部分と、自分が判断する部分を分けると、商品づくり・発信・販売を小さく回し始められます🙆‍♂️ AIでひとり起業攻略法 で具体的に解説しますね📣","ひとり起業って、全部を一人で抱えて頑張ることじゃないんですよ😊

AIに任せる部分と、自分が判断する部分を分けると、商品づくり・発信・販売を小さく回し始められます🙆‍♂️ AIでひとり起業攻略法 で具体的に解説しますね📣","知識より、順番。

事業テーマ、商品、集客、販売。この順番がバラバラだと、AIを使っても動きは止まります。セミナーで一本のロードマップとして整理してください。","https://utage-system.com/account/Y86og5tIw1hZ/scenario/k6xTtx6rInVq/reminder/line/T8nDAcUFnUbQ/edit","T8nDAcUFnUbQ"
"YouTube_ゆっくりAI","REVIEW_YouTube_ゆっくりAI_20260810","100","稼働中","メッセージ","8","AIでひとり起業リマインダ（選択した日程基準）","epA6GY8KUGwU","第1または第2日程の申込完了者。選択した開催日時を基準に配信。面談予約完了／面談済み／営業停止は除外。","8日前の 19:00","LINE","リマインダ配信","SEM-A04（開催8日前19:00）","","【LINEメッセージ 1／text】
AI初心者の方でも大丈夫、安心して参加してくださいね😊

まだ商品がない、自分の強みが分からない、方向性も決まっていない。そんな状態の人こそおすすめです💡

日時：7月30日(木) 20:00〜✨","","","","","第1または第2日程の申込完了者。選択した開催日時を基準に配信。面談予約完了／面談済み／営業停止は除外。","","配信基準=イベント参加日時。本文N/O/PとUTAGE編集URLは後続列に保持。","","","本文内定義","","YouTube正本を独自リライトしない。ステータスが廃止対象または旧読者のみの場合は新規実装しない。","【LINEメッセージ 1／text】
AI初心者の方でも大丈夫、安心して参加してくださいね😊

まだ商品がない、強みが分からない、副業の方向性も決まっていない。そんな状態から「誰に何を届けるか」を一緒に考えるライブですよ💡

日時：7月30日(木) 20:00〜✨","AI初心者の方でも大丈夫、安心して参加してくださいね😊

まだ商品がない、強みが分からない、副業の方向性も決まっていない。そんな状態から「誰に何を届けるか」を一緒に考えるライブですよ💡

日時：7月30日(木) 20:00〜✨","明日開催です。

AIでひとり起業攻略法
[セミナー日時]／Zoomライブ

申込は名前とメールアドレスの2項目だけで完了します。
[申込URL]","https://utage-system.com/account/Y86og5tIw1hZ/scenario/k6xTtx6rInVq/reminder/line/epA6GY8KUGwU/edit","epA6GY8KUGwU"
"YouTube_ゆっくりAI","REVIEW_YouTube_ゆっくりAI_20260810","101","稼働中","メッセージ","8","AIでひとり起業リマインダ（選択した日程基準）","bMcMfO7emtsh","第1または第2日程の申込完了者。選択した開催日時を基準に配信。面談予約完了／面談済み／営業停止は除外。","7日前の 8:00","メール","リマインダ配信","開催7日前","【開催7日前】%event_name%","%name% 様

この度は
%event_name%
にお申込み頂きありがとうございます。

開催7日前になりましたので
リマインドをさせて頂きます。

■　お申込者情報
━━━━━━━━━━━━━━━━

お名前：%name%
メールアドレス：%mail%
電話番号：%phone%


■　開催日時・会場
━━━━━━━━━━━━━━━━

%event_info%


■　キャンセルについて
━━━━━━━━━━━━━━━━

キャンセルを希望される場合は事前に『必ず』ご連絡ください。


━━━━━━━━━━━━━━━━
%event_name%運営事務局
%from_mail%
━━━━━━━━━━━━━━━━","","","","","第1または第2日程の申込完了者。選択した開催日時を基準に配信。面談予約完了／面談済み／営業停止は除外。","","配信基準=イベント参加日時。本文N/O/PとUTAGE編集URLは後続列に保持。","","","本文内定義","","YouTube正本を独自リライトしない。ステータスが廃止対象または旧読者のみの場合は新規実装しない。","%name% 様

この度は
%event_name%
にお申込み頂きありがとうございます。

開催7日前になりましたので
リマインドをさせて頂きます。

■　お申込者情報
━━━━━━━━━━━━━━━━

お名前：%name%
メールアドレス：%mail%
電話番号：%phone%


■　開催日時・会場
━━━━━━━━━━━━━━━━

%event_info%


■　キャンセルについて
━━━━━━━━━━━━━━━━

キャンセルを希望される場合は事前に『必ず』ご連絡ください。


━━━━━━━━━━━━━━━━
%event_name%運営事務局
%from_mail%
━━━━━━━━━━━━━━━━","","AIを使えば、作業時間は短くできます。

ただし、誰に何を届けるかという判断まで曖昧なままでは、作業が速くなっても事業にはなりません。明日は、その設計部分を中心にお話しします。

[申込URL]","https://utage-system.com/account/Y86og5tIw1hZ/scenario/k6xTtx6rInVq/reminder/bMcMfO7emtsh/edit","bMcMfO7emtsh"
"YouTube_ゆっくりAI","REVIEW_YouTube_ゆっくりAI_20260810","102","稼働中","メッセージ","8","AIでひとり起業リマインダ（選択した日程基準）","3E6E25mtftpc","第1または第2日程の申込完了者。選択した開催日時を基準に配信。面談予約完了／面談済み／営業停止は除外。","6日前の 10:00","LINE","リマインダ配信","SEM-A05（開催6日前10:00）","","【LINEメッセージ 1／text】
AIツールの使い方だけ学んでも、事業はできあがらないんですよね😌

大事なのは、テーマ選びから商品化・集客・販売までを一つの流れとして設計すること。今回のセミナーで、そのつながりをまるっとお見せします😊👇

────────────

【LINEメッセージ 2／button】
{
  ""alt_text"": ""【無料セミナー】AIでひとり起業攻略法のご案内"",
  ""react_type"": ""free"",
  ""react_press_again_text"": null,
  ""thumbnail_image_url"": null,
  ""title"": ""AIでひとり起業攻略法"",
  ""text"": ""7/30(木)20:00〜・Zoomライブ"",
  ""actions"": [
    {
      ""type"": ""url"",
      ""label"": ""セミナーに申し込む"",
      ""uri"": ""https://utage-system.com/event/uxPuWYWcc1DD/register"",
      ""add_label_id"": null,
      ""del_label_id"": null
    }
  ]
}","","","","","第1または第2日程の申込完了者。選択した開催日時を基準に配信。面談予約完了／面談済み／営業停止は除外。","","配信基準=イベント参加日時。本文N/O/PとUTAGE編集URLは後続列に保持。","","","本文内定義","","YouTube正本を独自リライトしない。ステータスが廃止対象または旧読者のみの場合は新規実装しない。","【LINEメッセージ 1／text】
AIツールの使い方だけ学んでも、売上までの道筋って自動ではできないんですよね😌

大事なのは、テーマ選びから商品化・集客・販売までを一つの流れとして設計すること。今回のセミナーで、そのつながりをまるっとお見せしますね😊👇

────────────

【LINEメッセージ 2／button】
{
  ""alt_text"": ""【無料セミナー】AIでひとり起業攻略法のご案内"",
  ""react_type"": ""free"",
  ""react_press_again_text"": null,
  ""thumbnail_image_url"": null,
  ""title"": ""AIでひとり起業攻略法"",
  ""text"": ""7/30(木)20:00〜・Zoomライブ"",
  ""actions"": [
    {
      ""type"": ""url"",
      ""label"": ""セミナーに申し込む"",
      ""uri"": ""https://utage-system.com/event/uxPuWYWcc1DD/register"",
      ""add_label_id"": null,
      ""del_label_id"": null
    }
  ]
}","AIツールの使い方だけ学んでも、売上までの道筋って自動ではできないんですよね😌

大事なのは、テーマ選びから商品化・集客・販売までを一つの流れとして設計すること。今回のセミナーで、そのつながりをまるっとお見せしますね😊👇","[name]さん、明日の予定は空けられそうですか？

ライブで受けるからこそ、その場で自分の現状と照らし合わせられます。参加する場合は、今夜のうちに登録を済ませてください。
[申込URL]","https://utage-system.com/account/Y86og5tIw1hZ/scenario/k6xTtx6rInVq/reminder/line/3E6E25mtftpc/edit","3E6E25mtftpc"
"YouTube_ゆっくりAI","REVIEW_YouTube_ゆっくりAI_20260810","103","稼働中","メッセージ","8","AIでひとり起業リマインダ（選択した日程基準）","siAvg0yTDFhf","第1または第2日程の申込完了者。選択した開催日時を基準に配信。面談予約完了／面談済み／営業停止は除外。","5日前の 19:00","LINE","リマインダ配信","SEM-A06（開催5日前19:00）","","【LINEメッセージ 1／text】
今回は録画教材ではなく、Zoomライブでの開催です🎥

同じ内容でも、開催日に時間を取って、その場で自分の課題として考えると理解がぐっと変わりますよ😊
毎回質疑の応答も盛り上がります。

参加できる方は、今のうちに予定を確保しておいてくださいね🔥","","","","","第1または第2日程の申込完了者。選択した開催日時を基準に配信。面談予約完了／面談済み／営業停止は除外。","","配信基準=イベント参加日時。本文N/O/PとUTAGE編集URLは後続列に保持。","","","本文内定義","","YouTube正本を独自リライトしない。ステータスが廃止対象または旧読者のみの場合は新規実装しない。","【LINEメッセージ 1／text】
今回は録画教材ではなく、Zoomライブでの開催です🎥

同じ内容でも、開催日に時間を取って、その場で自分の課題として考えると理解がぐっと変わりますよ😊 参加できる方は、今のうちに予定を確保しておいてくださいね🔥","今回は録画教材ではなく、Zoomライブでの開催です🎥

同じ内容でも、開催日に時間を取って、その場で自分の課題として考えると理解がぐっと変わりますよ😊 参加できる方は、今のうちに予定を確保しておいてくださいね🔥","本日開催。

AIでひとり起業攻略法
[セミナー日時]／Zoom

AIを自分の事業へつなぐ道筋を、今日のライブで整理します。
[申込URL]","https://utage-system.com/account/Y86og5tIw1hZ/scenario/k6xTtx6rInVq/reminder/line/siAvg0yTDFhf/edit","siAvg0yTDFhf"
"YouTube_ゆっくりAI","REVIEW_YouTube_ゆっくりAI_20260810","104","稼働中","メッセージ","8","AIでひとり起業リマインダ（選択した日程基準）","PWaav3ryRLrd","第1または第2日程の申込完了者。選択した開催日時を基準に配信。面談予約完了／面談済み／営業停止は除外。","4日前の 20:00","LINE","リマインダ配信","SEM-A07（開催4日前20:00）","","【LINEメッセージ 1／text】
開催まであと4日です⏰

AIでひとり起業攻略法
7月30日(木) 20:00〜

「AIで何ができるか」から、「AIを使って仕組みを作る」へ進みたい方へ😊 明日から開催直前のご案内に入りますね📣","","","","","第1または第2日程の申込完了者。選択した開催日時を基準に配信。面談予約完了／面談済み／営業停止は除外。","","配信基準=イベント参加日時。本文N/O/PとUTAGE編集URLは後続列に保持。","","","本文内定義","","YouTube正本を独自リライトしない。ステータスが廃止対象または旧読者のみの場合は新規実装しない。","【LINEメッセージ 1／text】
開催まであと4日です⏰

AIでひとり起業攻略法
7月30日(木) 20:00〜

「AIで何ができるか」から、「AIを使って自分は何を事業にするか」へ進みたい方へ😊 明日から開催直前のご案内に入りますね📣","開催まであと4日です⏰

AIでひとり起業攻略法
7月30日(木) 20:00〜

「AIで何ができるか」から、「AIを使って自分は何を事業にするか」へ進みたい方へ😊 明日から開催直前のご案内に入りますね📣","開始まであと3時間です。

まだ申込は間に合います。名前とメールアドレスを入力すると、参加用Zoom URLが届きます。

[申込URL]","https://utage-system.com/account/Y86og5tIw1hZ/scenario/k6xTtx6rInVq/reminder/line/PWaav3ryRLrd/edit","PWaav3ryRLrd"
"YouTube_ゆっくりAI","REVIEW_YouTube_ゆっくりAI_20260810","105","稼働中","メッセージ","8","AIでひとり起業リマインダ（選択した日程基準）","Dn4tac7u9S6t","第1または第2日程の申込完了者。選択した開催日時を基準に配信。面談予約完了／面談済み／営業停止は除外。","3日前の 8:00","メール","リマインダ配信","開催3日前","【開催3日前】%event_name%","%name% 様

この度は
%event_name%
にお申込み頂きありがとうございます。

開催3日前になりましたので
リマインドをさせて頂きます。

■　お申込者情報
━━━━━━━━━━━━━━━━

お名前：%name%
メールアドレス：%mail%
電話番号：%phone%


■　開催日時・会場
━━━━━━━━━━━━━━━━

%event_info%


■　キャンセルについて
━━━━━━━━━━━━━━━━

キャンセルを希望される場合は事前に『必ず』ご連絡ください。


━━━━━━━━━━━━━━━━
%event_name%運営事務局
%from_mail%
━━━━━━━━━━━━━━━━","","","","","第1または第2日程の申込完了者。選択した開催日時を基準に配信。面談予約完了／面談済み／営業停止は除外。","","配信基準=イベント参加日時。本文N/O/PとUTAGE編集URLは後続列に保持。","","","本文内定義","","YouTube正本を独自リライトしない。ステータスが廃止対象または旧読者のみの場合は新規実装しない。","%name% 様

この度は
%event_name%
にお申込み頂きありがとうございます。

開催3日前になりましたので
リマインドをさせて頂きます。

■　お申込者情報
━━━━━━━━━━━━━━━━

お名前：%name%
メールアドレス：%mail%
電話番号：%phone%


■　開催日時・会場
━━━━━━━━━━━━━━━━

%event_info%


■　キャンセルについて
━━━━━━━━━━━━━━━━

キャンセルを希望される場合は事前に『必ず』ご連絡ください。


━━━━━━━━━━━━━━━━
%event_name%運営事務局
%from_mail%
━━━━━━━━━━━━━━━━","","あと30分で開始します。

今日ここで、AIの情報収集から「自分の事業を作る側」へ進みたい方はご参加ください。
[申込URL]","https://utage-system.com/account/Y86og5tIw1hZ/scenario/k6xTtx6rInVq/reminder/Dn4tac7u9S6t/edit","Dn4tac7u9S6t"
"YouTube_ゆっくりAI","REVIEW_YouTube_ゆっくりAI_20260810","106","稼働中","メッセージ","8","AIでひとり起業リマインダ（選択した日程基準）","OWXIVcHMLYKo","第1または第2日程の申込完了者。選択した開催日時を基準に配信。面談予約完了／面談済み／営業停止は除外。","3日前の 10:00","LINE","リマインダ配信","SEM-B01（開催3日前10:00）","","【LINEメッセージ 1／text】
開催まであと3日です😊

AIを学ぶだけでなく、自分の商品・集客・販売につなげる全体像を、Zoomライブでお伝えしますね🙌

日時：7月30日(木) 20:00〜✨","","","","","第1または第2日程の申込完了者。選択した開催日時を基準に配信。面談予約完了／面談済み／営業停止は除外。","","配信基準=イベント参加日時。本文N/O/PとUTAGE編集URLは後続列に保持。","","","本文内定義","","YouTube正本を独自リライトしない。ステータスが廃止対象または旧読者のみの場合は新規実装しない。","【LINEメッセージ 1／text】
開催まであと3日です😊

AIを学ぶだけでなく、自分の商品・集客・販売につなげる全体像を、Zoomライブでお伝えしますね🙌

日時：7月30日(木) 20:00〜✨","開催まであと3日です😊

AIを学ぶだけでなく、自分の商品・集客・販売につなげる全体像を、Zoomライブでお伝えしますね🙌

日時：7月30日(木) 20:00〜✨","まもなく開始します。申込受付は開始3分前までです。

迷っていた方は、こちらが最後のご案内です。
[申込URL]","https://utage-system.com/account/Y86og5tIw1hZ/scenario/k6xTtx6rInVq/reminder/line/OWXIVcHMLYKo/edit","OWXIVcHMLYKo"
"YouTube_ゆっくりAI","REVIEW_YouTube_ゆっくりAI_20260810","107","稼働中","メッセージ","8","AIでひとり起業リマインダ（選択した日程基準）","9sihvptXzwte","第1または第2日程の申込完了者。選択した開催日時を基準に配信。面談予約完了／面談済み／営業停止は除外。","3日前の 20:00","LINE","リマインダ配信","SEM-B02（開催3日前20:00）","","【LINEメッセージ 1／text】
「自分には売れるものがない」と感じていても、大丈夫。最初から完成した答えを持っている必要はないんですよ😌

経験・得意・興味をAIと一緒に掘り下げて、事業テーマの候補を作るところから始められます😊👇

────────────

【LINEメッセージ 2／button】
{
  ""alt_text"": ""【無料セミナー】AIでひとり起業攻略法のご案内"",
  ""react_type"": ""free"",
  ""react_press_again_text"": null,
  ""thumbnail_image_url"": null,
  ""title"": ""AIでひとり起業攻略法"",
  ""text"": ""7/30(木)20:00〜・Zoomライブ"",
  ""actions"": [
    {
      ""type"": ""url"",
      ""label"": ""セミナーに申し込む"",
      ""uri"": ""https://utage-system.com/event/uxPuWYWcc1DD/register"",
      ""add_label_id"": null,
      ""del_label_id"": null
    }
  ]
}","","","","","第1または第2日程の申込完了者。選択した開催日時を基準に配信。面談予約完了／面談済み／営業停止は除外。","","配信基準=イベント参加日時。本文N/O/PとUTAGE編集URLは後続列に保持。","","","本文内定義","","YouTube正本を独自リライトしない。ステータスが廃止対象または旧読者のみの場合は新規実装しない。","【LINEメッセージ 1／text】
「自分には売れるものがない」と感じていても、大丈夫。最初から完成した答えを持っている必要はないんですよ😌

経験・得意・興味をAIと一緒に掘り下げて、事業テーマの候補を作るところから始められます😊👇

────────────

【LINEメッセージ 2／button】
{
  ""alt_text"": ""【無料セミナー】AIでひとり起業攻略法のご案内"",
  ""react_type"": ""free"",
  ""react_press_again_text"": null,
  ""thumbnail_image_url"": null,
  ""title"": ""AIでひとり起業攻略法"",
  ""text"": ""7/30(木)20:00〜・Zoomライブ"",
  ""actions"": [
    {
      ""type"": ""url"",
      ""label"": ""セミナーに申し込む"",
      ""uri"": ""https://utage-system.com/event/uxPuWYWcc1DD/register"",
      ""add_label_id"": null,
      ""del_label_id"": null
    }
  ]
}","「自分には売れるものがない」と感じていても、大丈夫。最初から完成した答えを持っている必要はないんですよ😌

経験・得意・興味をAIと一緒に掘り下げて、事業テーマの候補を作るところから始められます😊👇","[name]さん、お申し込みありがとうございます。

AIでひとり起業攻略法
日時：[セミナー日時]
形式：Zoomライブ
参加URL：[参加URL]

当日は開始３分前からお入りください。","https://utage-system.com/account/Y86og5tIw1hZ/scenario/k6xTtx6rInVq/reminder/line/9sihvptXzwte/edit","9sihvptXzwte"
"YouTube_ゆっくりAI","REVIEW_YouTube_ゆっくりAI_20260810","108","稼働中","メッセージ","8","AIでひとり起業リマインダ（選択した日程基準）","7GLrzdEk8FbV","第1または第2日程の申込完了者。選択した開催日時を基準に配信。面談予約完了／面談済み／営業停止は除外。","2日前の 10:00","LINE","リマインダ配信","SEM-B03（開催2日前10:00）","","【LINEメッセージ 1／text】
開催まであと2日です⏰

こんな方にぴったりですよ😊
・AIを仕事や副業につなげたい
・自分の商品を作りたい
・発信しても何を売ればいいか分からない
・一人で回せる仕組みを作りたい🔥","","","","","第1または第2日程の申込完了者。選択した開催日時を基準に配信。面談予約完了／面談済み／営業停止は除外。","","配信基準=イベント参加日時。本文N/O/PとUTAGE編集URLは後続列に保持。","","","本文内定義","","YouTube正本を独自リライトしない。ステータスが廃止対象または旧読者のみの場合は新規実装しない。","【LINEメッセージ 1／text】
開催まであと2日です⏰

こんな方にぴったりですよ😊
・AIを仕事や副業につなげたい
・自分の商品を作りたい
・発信しても何を売ればいいか分からない
・一人で回せる仕組みを作りたい🔥","開催まであと2日です⏰

こんな方にぴったりですよ😊
・AIを仕事や副業につなげたい
・自分の商品を作りたい
・発信しても何を売ればいいか分からない
・一人で回せる仕組みを作りたい🔥","開催1週間前になりました。

AIで何を学ぶかだけでなく、自分は何を事業にするかを考える時間にします。カレンダーに予定が入っているかご確認ください。

[参加URL]","https://utage-system.com/account/Y86og5tIw1hZ/scenario/k6xTtx6rInVq/reminder/line/7GLrzdEk8FbV/edit","7GLrzdEk8FbV"
"YouTube_ゆっくりAI","REVIEW_YouTube_ゆっくりAI_20260810","109","稼働中","メッセージ","8","AIでひとり起業リマインダ（選択した日程基準）","SxUMQUpRWqbO","第1または第2日程の申込完了者。選択した開催日時を基準に配信。面談予約完了／面談済み／営業停止は除外。","2日前の 20:00","LINE","リマインダ配信","SEM-B04（開催2日前20:00）","","【LINEメッセージ 1／text】
知識より、順番なんです💡

事業テーマ、商品、集客、販売。この順番がバラバラだと、AIを使っても動きは止まっちゃうんですよね😌 セミナーで、一本のロードマップとして一緒に整理していきましょう😊📣","","","","","第1または第2日程の申込完了者。選択した開催日時を基準に配信。面談予約完了／面談済み／営業停止は除外。","","配信基準=イベント参加日時。本文N/O/PとUTAGE編集URLは後続列に保持。","","","本文内定義","","YouTube正本を独自リライトしない。ステータスが廃止対象または旧読者のみの場合は新規実装しない。","【LINEメッセージ 1／text】
知識より、順番なんです💡

事業テーマ、商品、集客、販売。この順番がバラバラだと、AIを使っても動きは止まっちゃうんですよね😌 セミナーで、一本のロードマップとして一緒に整理していきましょう😊📣","知識より、順番なんです💡

事業テーマ、商品、集客、販売。この順番がバラバラだと、AIを使っても動きは止まっちゃうんですよね😌 セミナーで、一本のロードマップとして一緒に整理していきましょう😊📣","あと3日です。

当日は、今の仕事・得意なこと・興味を自分なりに思い浮かべておくと、内容をより自分事にできます。資料の準備は不要です。","https://utage-system.com/account/Y86og5tIw1hZ/scenario/k6xTtx6rInVq/reminder/line/SxUMQUpRWqbO/edit","SxUMQUpRWqbO"
"YouTube_ゆっくりAI","REVIEW_YouTube_ゆっくりAI_20260810","110","稼働中","メッセージ","8","AIでひとり起業リマインダ（選択した日程基準）","Ml3G0kXISlpu","第1または第2日程の申込完了者。選択した開催日時を基準に配信。面談予約完了／面談済み／営業停止は除外。","1日前の 8:00","メール","リマインダ配信","開催前日","【明日開催】%event_name%","%name% 様

この度は
%event_name%
にお申込み頂きありがとうございます。

開催前日になりましたので
リマインドをさせて頂きます。

■　お申込者情報
━━━━━━━━━━━━━━━━

お名前：%name%
メールアドレス：%mail%
電話番号：%phone%


■　開催日時・会場
━━━━━━━━━━━━━━━━

%event_info%


■　キャンセルについて
━━━━━━━━━━━━━━━━

キャンセルを希望される場合は事前に『必ず』ご連絡ください。


━━━━━━━━━━━━━━━━
%event_name%運営事務局
%from_mail%
━━━━━━━━━━━━━━━━","","","","","第1または第2日程の申込完了者。選択した開催日時を基準に配信。面談予約完了／面談済み／営業停止は除外。","","配信基準=イベント参加日時。本文N/O/PとUTAGE編集URLは後続列に保持。","","","本文内定義","","YouTube正本を独自リライトしない。ステータスが廃止対象または旧読者のみの場合は新規実装しない。","%name% 様

この度は
%event_name%
にお申込み頂きありがとうございます。

開催前日になりましたので
リマインドをさせて頂きます。

■　お申込者情報
━━━━━━━━━━━━━━━━

お名前：%name%
メールアドレス：%mail%
電話番号：%phone%


■　開催日時・会場
━━━━━━━━━━━━━━━━

%event_info%


■　キャンセルについて
━━━━━━━━━━━━━━━━

キャンセルを希望される場合は事前に『必ず』ご連絡ください。


━━━━━━━━━━━━━━━━
%event_name%運営事務局
%from_mail%
━━━━━━━━━━━━━━━━","","明日開催

AIでひとり起業攻略法
[セミナー日時]

参加URL：[参加URL]
ライブでお会いできるのを楽しみにしています。","https://utage-system.com/account/Y86og5tIw1hZ/scenario/k6xTtx6rInVq/reminder/Ml3G0kXISlpu/edit","Ml3G0kXISlpu"
"YouTube_ゆっくりAI","REVIEW_YouTube_ゆっくりAI_20260810","111","稼働中","メッセージ","8","AIでひとり起業リマインダ（選択した日程基準）","P3YNIZDP42tl","第1または第2日程の申込完了者。選択した開催日時を基準に配信。面談予約完了／面談済み／営業停止は除外。","1日前の 9:00","LINE","リマインダ配信","SEM-B05（開催前日09:00）","","【LINEメッセージ 1／text】
いよいよ明日開催です🎉

AIでひとり起業攻略法
7月30日(木) 20:00〜／Zoomライブ

申込は名前とメールアドレスの2項目だけでサクッと完了しますよ😊✨","","","","","第1または第2日程の申込完了者。選択した開催日時を基準に配信。面談予約完了／面談済み／営業停止は除外。","","配信基準=イベント参加日時。本文N/O/PとUTAGE編集URLは後続列に保持。","","","本文内定義","","YouTube正本を独自リライトしない。ステータスが廃止対象または旧読者のみの場合は新規実装しない。","【LINEメッセージ 1／text】
いよいよ明日開催です🎉

AIでひとり起業攻略法
7月30日(木) 20:00〜／Zoomライブ

申込は名前とメールアドレスの2項目だけでサクッと完了しますよ😊✨","いよいよ明日開催です🎉

AIでひとり起業攻略法
7月30日(木) 20:00〜／Zoomライブ

申込は名前とメールアドレスの2項目だけでサクッと完了しますよ😊✨","[name]さん、本日開催です。

開始時刻になりましたら、こちらからZoomへお入りください。
[参加URL]

落ち着いて参加できる場所と、メモをご用意ください。","https://utage-system.com/account/Y86og5tIw1hZ/scenario/k6xTtx6rInVq/reminder/line/P3YNIZDP42tl/edit","P3YNIZDP42tl"
"YouTube_ゆっくりAI","REVIEW_YouTube_ゆっくりAI_20260810","112","稼働中","メッセージ","8","AIでひとり起業リマインダ（選択した日程基準）","NLOMhG84Ci6Q","第1または第2日程の申込完了者。選択した開催日時を基準に配信。面談予約完了／面談済み／営業停止は除外。","1日前の 15:00","LINE","リマインダ配信","SEM-B06（開催前日15:00）","","【LINEメッセージ 1／text】
AIを使えば、作業時間はぐっと短くできます🚀

ただ、「誰に何を届けるか」という判断が曖昧なままだと、作業が速くなっても事業にはならないんですよね😌 明日は、その設計部分を中心にお話ししますね😊👇

────────────

【LINEメッセージ 2／button】
{
  ""alt_text"": ""【無料セミナー】明日開催・AIでひとり起業攻略法"",
  ""react_type"": ""free"",
  ""react_press_again_text"": null,
  ""thumbnail_image_url"": null,
  ""title"": ""AIでひとり起業攻略法"",
  ""text"": ""7/30(木)20:00〜・Zoomライブ"",
  ""actions"": [
    {
      ""type"": ""url"",
      ""label"": ""セミナーに申し込む"",
      ""uri"": ""https://utage-system.com/event/uxPuWYWcc1DD/register"",
      ""add_label_id"": null,
      ""del_label_id"": null
    }
  ]
}","","","","","第1または第2日程の申込完了者。選択した開催日時を基準に配信。面談予約完了／面談済み／営業停止は除外。","","配信基準=イベント参加日時。本文N/O/PとUTAGE編集URLは後続列に保持。","","","本文内定義","","YouTube正本を独自リライトしない。ステータスが廃止対象または旧読者のみの場合は新規実装しない。","【LINEメッセージ 1／text】
AIを使えば、作業時間はぐっと短くできます🚀

ただ、「誰に何を届けるか」という判断が曖昧なままだと、作業が速くなっても事業にはならないんですよね😌 明日は、その設計部分を中心にお話ししますね😊👇

────────────

【LINEメッセージ 2／button】
{
  ""alt_text"": ""【無料セミナー】明日開催・AIでひとり起業攻略法"",
  ""react_type"": ""free"",
  ""react_press_again_text"": null,
  ""thumbnail_image_url"": null,
  ""title"": ""AIでひとり起業攻略法"",
  ""text"": ""7/30(木)20:00〜・Zoomライブ"",
  ""actions"": [
    {
      ""type"": ""url"",
      ""label"": ""セミナーに申し込む"",
      ""uri"": ""https://utage-system.com/event/uxPuWYWcc1DD/register"",
      ""add_label_id"": null,
      ""del_label_id"": null
    }
  ]
}","AIを使えば、作業時間はぐっと短くできます🚀

ただ、「誰に何を届けるか」という判断が曖昧なままだと、作業が速くなっても事業にはならないんですよね😌 明日は、その設計部分を中心にお話ししますね😊👇","開始まであと3時間です。

[セミナー日時]
Zoom：[参加URL]

参加URLを今のうちに開けるか確認しておくと安心です。","https://utage-system.com/account/Y86og5tIw1hZ/scenario/k6xTtx6rInVq/reminder/line/NLOMhG84Ci6Q/edit","NLOMhG84Ci6Q"
"YouTube_ゆっくりAI","REVIEW_YouTube_ゆっくりAI_20260810","113","稼働中","メッセージ","8","AIでひとり起業リマインダ（選択した日程基準）","J4IfqonkEI86","第1または第2日程の申込完了者。選択した開催日時を基準に配信。面談予約完了／面談済み／営業停止は除外。","1日前の 21:00","LINE","リマインダ配信","SEM-B07（開催前日21:00）","","【LINEメッセージ 1／text】
%line_name%さん、明日の予定は空けられそうですか？😊

ライブで受けるからこそ、その場で自分の現状と照らし合わせられますよ💬 参加される方は、今夜のうちに登録を済ませておいてくださいね🔥","","","","","第1または第2日程の申込完了者。選択した開催日時を基準に配信。面談予約完了／面談済み／営業停止は除外。","","配信基準=イベント参加日時。本文N/O/PとUTAGE編集URLは後続列に保持。","","","本文内定義","","YouTube正本を独自リライトしない。ステータスが廃止対象または旧読者のみの場合は新規実装しない。","【LINEメッセージ 1／text】
%line_name%さん、明日の予定は空けられそうですか？😊

ライブで受けるからこそ、その場で自分の現状と照らし合わせられますよ💬 参加される方は、今夜のうちに登録を済ませておいてくださいね🔥","%line_name%さん、明日の予定は空けられそうですか？😊

ライブで受けるからこそ、その場で自分の現状と照らし合わせられますよ💬 参加される方は、今夜のうちに登録を済ませておいてくださいね🔥","あと30分で開始します。

こちらのZoomからご参加ください。
[参加URL]

開始３分前を目安にお入りください。","https://utage-system.com/account/Y86og5tIw1hZ/scenario/k6xTtx6rInVq/reminder/line/J4IfqonkEI86/edit","J4IfqonkEI86"
"YouTube_ゆっくりAI","REVIEW_YouTube_ゆっくりAI_20260810","114","稼働中","メッセージ","8","AIでひとり起業リマインダ（選択した日程基準）","eBdgYPhuuHDS","第1または第2日程の申込完了者。選択した開催日時を基準に配信。面談予約完了／面談済み／営業停止は除外。","当日の 8:00","メール","リマインダ配信","開催当日","【本日開催】%event_name%","%name% 様

この度は
%event_name%
にお申込み頂きありがとうございます。

開催当日になりましたので
リマインドをさせて頂きます。

■　お申込者情報
━━━━━━━━━━━━━━━━

お名前：%name%
メールアドレス：%mail%
電話番号：%phone%


■　開催日時・会場
━━━━━━━━━━━━━━━━

%event_info%


■　キャンセルについて
━━━━━━━━━━━━━━━━

キャンセルを希望される場合は事前に『必ず』ご連絡ください。


━━━━━━━━━━━━━━━━
%event_name%運営事務局
%from_mail%
━━━━━━━━━━━━━━━━","","","","","第1または第2日程の申込完了者。選択した開催日時を基準に配信。面談予約完了／面談済み／営業停止は除外。","","配信基準=イベント参加日時。本文N/O/PとUTAGE編集URLは後続列に保持。","","","本文内定義","","YouTube正本を独自リライトしない。ステータスが廃止対象または旧読者のみの場合は新規実装しない。","%name% 様

この度は
%event_name%
にお申込み頂きありがとうございます。

開催当日になりましたので
リマインドをさせて頂きます。

■　お申込者情報
━━━━━━━━━━━━━━━━

お名前：%name%
メールアドレス：%mail%
電話番号：%phone%


■　開催日時・会場
━━━━━━━━━━━━━━━━

%event_info%


■　キャンセルについて
━━━━━━━━━━━━━━━━

キャンセルを希望される場合は事前に『必ず』ご連絡ください。


━━━━━━━━━━━━━━━━
%event_name%運営事務局
%from_mail%
━━━━━━━━━━━━━━━━","","ただいま開始しました。

まだ間に合います。こちらからZoomへお入りください。
[参加URL]","https://utage-system.com/account/Y86og5tIw1hZ/scenario/k6xTtx6rInVq/reminder/eBdgYPhuuHDS/edit","eBdgYPhuuHDS"
"YouTube_ゆっくりAI","REVIEW_YouTube_ゆっくりAI_20260810","115","稼働中","メッセージ","8","AIでひとり起業リマインダ（選択した日程基準）","1t46K2YxFytZ","第1または第2日程の申込完了者。選択した開催日時を基準に配信。面談予約完了／面談済み／営業停止は除外。","当日の 9:00","LINE","リマインダ配信","SEM-B08（開催当日09:00）","","【LINEメッセージ 1／text】
いよいよ本日開催です🎉

AIでひとり起業攻略法
7月30日(木) 20:00〜／Zoom

AIを自分の事業へつなぐ道筋を、今日のライブで一緒に整理していきましょう😊📣","","","","","第1または第2日程の申込完了者。選択した開催日時を基準に配信。面談予約完了／面談済み／営業停止は除外。","","配信基準=イベント参加日時。本文N/O/PとUTAGE編集URLは後続列に保持。","","","本文内定義","","YouTube正本を独自リライトしない。ステータスが廃止対象または旧読者のみの場合は新規実装しない。","【LINEメッセージ 1／text】
いよいよ本日開催です🎉

AIでひとり起業攻略法
7月30日(木) 20:00〜／Zoom

AIを自分の事業へつなぐ道筋を、今日のライブで一緒に整理していきましょう😊📣","いよいよ本日開催です🎉

AIでひとり起業攻略法
7月30日(木) 20:00〜／Zoom

AIを自分の事業へつなぐ道筋を、今日のライブで一緒に整理していきましょう😊📣","[name]さん

すやです。
AIでひとり起業攻略法 へお申し込みいただき、ありがとうございます。

【開催日時】[セミナー日時]
【形式】Zoomライブ
【参加URL】[参加URL]

当日は開始３分前を目安にZoomへお入りください。AIを使って自分に合う事業テーマを見つけ、商品づくり・集客・販売までをどうつなぐか、全体像をお伝えします。

このメールは当日まで保存してください。

すや","https://utage-system.com/account/Y86og5tIw1hZ/scenario/k6xTtx6rInVq/reminder/line/1t46K2YxFytZ/edit","1t46K2YxFytZ"
"YouTube_ゆっくりAI","REVIEW_YouTube_ゆっくりAI_20260810","116","稼働中","メッセージ","8","AIでひとり起業リマインダ（選択した日程基準）","eEW6iUHnTRoG","第1または第2日程の申込完了者。選択した開催日時を基準に配信。面談予約完了／面談済み／営業停止は除外。","3時間 前","LINE","リマインダ配信","SEM-B09（開始3時間前）","","【LINEメッセージ 1／text】
開始まであと3時間です⏰

まだ申込は間に合いますよ😊 名前とメールアドレスを入力すると、参加用のZoom URLが届きます👇

────────────

【LINEメッセージ 2／button】
{
  ""alt_text"": ""【無料セミナー】本日20:00〜・申込受付中"",
  ""react_type"": ""free"",
  ""react_press_again_text"": null,
  ""thumbnail_image_url"": null,
  ""title"": ""AIでひとり起業攻略法"",
  ""text"": ""本日20:00〜・Zoomライブ"",
  ""actions"": [
    {
      ""type"": ""url"",
      ""label"": ""セミナーに申し込む"",
      ""uri"": ""https://utage-system.com/event/uxPuWYWcc1DD/register"",
      ""add_label_id"": null,
      ""del_label_id"": null
    }
  ]
}","","","","","第1または第2日程の申込完了者。選択した開催日時を基準に配信。面談予約完了／面談済み／営業停止は除外。","","配信基準=イベント参加日時。本文N/O/PとUTAGE編集URLは後続列に保持。","","","本文内定義","","YouTube正本を独自リライトしない。ステータスが廃止対象または旧読者のみの場合は新規実装しない。","【LINEメッセージ 1／text】
開始まであと3時間です⏰

まだ申込は間に合いますよ😊 名前とメールアドレスを入力すると、参加用のZoom URLが届きます👇

────────────

【LINEメッセージ 2／button】
{
  ""alt_text"": ""【無料セミナー】本日20:00〜・申込受付中"",
  ""react_type"": ""free"",
  ""react_press_again_text"": null,
  ""thumbnail_image_url"": null,
  ""title"": ""AIでひとり起業攻略法"",
  ""text"": ""本日20:00〜・Zoomライブ"",
  ""actions"": [
    {
      ""type"": ""url"",
      ""label"": ""セミナーに申し込む"",
      ""uri"": ""https://utage-system.com/event/uxPuWYWcc1DD/register"",
      ""add_label_id"": null,
      ""del_label_id"": null
    }
  ]
}","開始まであと3時間です⏰

まだ申込は間に合いますよ😊 名前とメールアドレスを入力すると、参加用のZoom URLが届きます👇","[name]さん

すやです。明日はいよいよ AIでひとり起業攻略法 の開催日です。

【開催日時】[セミナー日時]
【参加URL】[参加URL]

事前課題はありません。今の仕事、得意なこと、これから作ってみたいものを少し思い浮かべておくと、内容を自分に当てはめやすくなります。

Zoomでお会いできるのを楽しみにしています。

すや","https://utage-system.com/account/Y86og5tIw1hZ/scenario/k6xTtx6rInVq/reminder/line/eEW6iUHnTRoG/edit","eEW6iUHnTRoG"
"YouTube_ゆっくりAI","REVIEW_YouTube_ゆっくりAI_20260810","117","稼働中","メッセージ","8","AIでひとり起業リマインダ（選択した日程基準）","hRspe99qRdRB","第1または第2日程の申込完了者。選択した開催日時を基準に配信。面談予約完了／面談済み／営業停止は除外。","1時間 前","メール","リマインダ配信","開催60分前","【開催60分前】%event_name%","%name% 様

この度は
%event_name%
にお申込み頂きありがとうございます。

開催60分前になりましたので
リマインドをさせて頂きます。

■　お申込者情報
━━━━━━━━━━━━━━━━

お名前：%name%
メールアドレス：%mail%
電話番号：%phone%


■　開催日時・会場
━━━━━━━━━━━━━━━━

%event_info%


■　キャンセルについて
━━━━━━━━━━━━━━━━

キャンセルを希望される場合は事前に『必ず』ご連絡ください。


━━━━━━━━━━━━━━━━
%event_name%運営事務局
%from_mail%
━━━━━━━━━━━━━━━━","","","","","第1または第2日程の申込完了者。選択した開催日時を基準に配信。面談予約完了／面談済み／営業停止は除外。","","配信基準=イベント参加日時。本文N/O/PとUTAGE編集URLは後続列に保持。","","","本文内定義","","YouTube正本を独自リライトしない。ステータスが廃止対象または旧読者のみの場合は新規実装しない。","%name% 様

この度は
%event_name%
にお申込み頂きありがとうございます。

開催60分前になりましたので
リマインドをさせて頂きます。

■　お申込者情報
━━━━━━━━━━━━━━━━

お名前：%name%
メールアドレス：%mail%
電話番号：%phone%


■　開催日時・会場
━━━━━━━━━━━━━━━━

%event_info%


■　キャンセルについて
━━━━━━━━━━━━━━━━

キャンセルを希望される場合は事前に『必ず』ご連絡ください。


━━━━━━━━━━━━━━━━
%event_name%運営事務局
%from_mail%
━━━━━━━━━━━━━━━━","","[name]さん

すやです。AIでひとり起業攻略法 は1時間後に開始します。

【日時】[セミナー日時]
【Zoom】[参加URL]

開始３分前を目安にお入りください。接続が不安な場合は、今のうちにURLが開くか確認しておくと安心です。

それでは後ほどお会いしましょう。

すや","https://utage-system.com/account/Y86og5tIw1hZ/scenario/k6xTtx6rInVq/reminder/hRspe99qRdRB/edit","hRspe99qRdRB"
"YouTube_ゆっくりAI","REVIEW_YouTube_ゆっくりAI_20260810","118","稼働中","メッセージ","8","AIでひとり起業リマインダ（選択した日程基準）","siHNqgx45bVs","第1または第2日程の申込完了者。選択した開催日時を基準に配信。面談予約完了／面談済み／営業停止は除外。","30分 前","LINE","リマインダ配信","SEM-B10（開始30分前）","","【LINEメッセージ 1／text】
あと３０分で開始します⏰

今日ここで、AIの情報収集から「自分の事業を作る側」へ進みたい方は、ぜひご参加くださいね😊🎥","","","","","第1または第2日程の申込完了者。選択した開催日時を基準に配信。面談予約完了／面談済み／営業停止は除外。","","配信基準=イベント参加日時。本文N/O/PとUTAGE編集URLは後続列に保持。","","","本文内定義","","YouTube正本を独自リライトしない。ステータスが廃止対象または旧読者のみの場合は新規実装しない。","【LINEメッセージ 1／text】
あと３０分で開始します⏰

今日ここで、AIの情報収集から「自分の事業を作る側」へ進みたい方は、ぜひご参加くださいね😊🎥","あと３０分で開始します⏰

今日ここで、AIの情報収集から「自分の事業を作る側」へ進みたい方は、ぜひご参加くださいね😊🎥","[name]さん

すやです。昨日の AIでひとり起業攻略法 について、見逃した方・もう一度確認したい方向けに、内容を3日間だけ公開します。

【視聴ページ】[VSLURL]
【公開終了】[VSL終了日時]

AIを使ったテーマ選びから商品・集客・販売まで、途中で止めずに一本の流れとして確認してください。視聴後、スクールに興味がある方は AIひとり起業ロードマップ作成会 を予約できます。

すや","https://utage-system.com/account/Y86og5tIw1hZ/scenario/k6xTtx6rInVq/reminder/line/siHNqgx45bVs/edit","siHNqgx45bVs"
"YouTube_ゆっくりAI","REVIEW_YouTube_ゆっくりAI_20260810","119","稼働中","メッセージ","8","AIでひとり起業リマインダ（選択した日程基準）","V2eXqcNB22PM","第1または第2日程の申込完了者。選択した開催日時を基準に配信。面談予約完了／面談済み／営業停止は除外。","10分 前","LINE","リマインダ配信","SEM-B11（開始10分前）","","【LINEメッセージ 1／text】
まもなく開始します🎬 申込受付は開始3分前までです。

迷っていた方へ、こちらが最後のご案内ですよ😊👇

────────────

【LINEメッセージ 2／button】
{
  ""alt_text"": ""【無料セミナー】まもなく開始・最後の受付"",
  ""react_type"": ""free"",
  ""react_press_again_text"": null,
  ""thumbnail_image_url"": null,
  ""title"": ""AIでひとり起業攻略法"",
  ""text"": ""まもなく開始・受付は開始3分前まで"",
  ""actions"": [
    {
      ""type"": ""url"",
      ""label"": ""セミナーに申し込む"",
      ""uri"": ""https://utage-system.com/event/uxPuWYWcc1DD/register"",
      ""add_label_id"": null,
      ""del_label_id"": null
    }
  ]
}","","","","","第1または第2日程の申込完了者。選択した開催日時を基準に配信。面談予約完了／面談済み／営業停止は除外。","","配信基準=イベント参加日時。本文N/O/PとUTAGE編集URLは後続列に保持。","","","本文内定義","","YouTube正本を独自リライトしない。ステータスが廃止対象または旧読者のみの場合は新規実装しない。","【LINEメッセージ 1／text】
まもなく開始します🎬 申込受付は開始3分前までです。

迷っていた方へ、こちらが最後のご案内ですよ😊👇

────────────

【LINEメッセージ 2／button】
{
  ""alt_text"": ""【無料セミナー】まもなく開始・最後の受付"",
  ""react_type"": ""free"",
  ""react_press_again_text"": null,
  ""thumbnail_image_url"": null,
  ""title"": ""AIでひとり起業攻略法"",
  ""text"": ""まもなく開始・受付は開始3分前まで"",
  ""actions"": [
    {
      ""type"": ""url"",
      ""label"": ""セミナーに申し込む"",
      ""uri"": ""https://utage-system.com/event/uxPuWYWcc1DD/register"",
      ""add_label_id"": null,
      ""del_label_id"": null
    }
  ]
}","まもなく開始します🎬 申込受付は開始3分前までです。

迷っていた方へ、こちらが最後のご案内ですよ😊👇","[name]さん、本日はご参加ありがとうございました。

参加特典の 「[参加特典名]」 はこちらです。
[参加特典URL]

今日の内容を自分の場合に落とし込み、AIで何を事業にするか、商品・集客・販売をどの順番で作るかを一緒に整理したい方へ。AIひとり起業ロードマップ作成会を用意しました。Zoom30分です。スクールの案内も含みますので、興味がある方だけ日程をご覧ください。","https://utage-system.com/account/Y86og5tIw1hZ/scenario/k6xTtx6rInVq/reminder/line/V2eXqcNB22PM/edit","V2eXqcNB22PM"
"YouTube_ゆっくりAI","REVIEW_YouTube_ゆっくりAI_20260810","120","稼働中","メッセージ","9","ロードマップ案内_未クリック","cO2LU7CnUnkj","セミナー申込済み・面談未予約。参加／欠席は判定しない。受付は当日23:59で実際に終了。予約完了／面談済み／営業停止は除外。","申込したセミナー開催日の翌朝06:00","LINE","ステップ配信","ATT-N02","","【LINEメッセージ 1／text】
昨日のセミナー内容を「分かった」で終わらせず、自分の計画に変えたい方へ😊

AIひとり起業ロードマップ作成会 では、今の経験や得意なことをもとに、最初の商品と集客までの順番を30分で整理していきますね🎁","","","","","セミナー申込済み・面談未予約。参加／欠席は判定しない。受付は当日23:59で実際に終了。予約完了／面談済み／営業停止は除外。","","配信基準=。本文N/O/PとUTAGE編集URLは後続列に保持。","","","本文内定義","","YouTube正本を独自リライトしない。ステータスが廃止対象または旧読者のみの場合は新規実装しない。","【LINEメッセージ 1／text】
昨日のセミナー内容を「分かった」で終わらせず、自分の計画に変えたい方へ😊

AIひとり起業ロードマップ作成会 では、今の経験や得意なことをもとに、最初の商品と集客までの順番を30分で整理していきますね🎁","昨日のセミナー内容を「分かった」で終わらせず、自分の計画に変えたい方へ😊

AIひとり起業ロードマップ作成会 では、今の経験や得意なことをもとに、最初の商品と集客までの順番を30分で整理していきますね🎁","昨日のセミナー内容を「分かった」で終わらせず、自分の計画に変えたい方へ。

AIひとり起業ロードマップ作成会 では、今の経験や得意なことをもとに、最初の商品と集客までの順番を30分で整理します。","https://utage-system.com/account/Y86og5tIw1hZ/scenario/9uJfawAYUqeR/step/line/cO2LU7CnUnkj/edit","cO2LU7CnUnkj"
"YouTube_ゆっくりAI","REVIEW_YouTube_ゆっくりAI_20260810","121","稼働中","メッセージ","9","ロードマップ案内_未クリック","xbw9oHnCwN8w","セミナー申込済み・面談未予約。参加／欠席は判定しない。受付は当日23:59で実際に終了。予約完了／面談済み／営業停止は除外。","同日20:00","LINE","ステップ配信","ATT-N03","","【LINEメッセージ 1／text】
参加者向けのロードマップ作成会については、これで最後のご案内ですね😌

スクールに興味があって、自分の場合の進め方を直接相談したい方だけご予約くださいね。名前とメールアドレスで予約できますよ👇

────────────

【LINEメッセージ 2／button】
{
  ""alt_text"": ""【個別】ロードマップ作成会・最後のご案内"",
  ""react_type"": ""free"",
  ""react_press_again_text"": null,
  ""thumbnail_image_url"": null,
  ""title"": ""AIひとり起業ロードマップ作成会"",
  ""text"": ""これが最後のご案内・Zoom30分"",
  ""actions"": [
    {
      ""type"": ""url"",
      ""label"": ""日程を見て予約する"",
      ""uri"": ""https://utage-system.com/event/DkY6Co3mN1oB/register"",
      ""add_label_id"": null,
      ""del_label_id"": null
    }
  ]
}","[
  {
    ""url"": ""https://utage-system.com/event/DkY6Co3mN1oB/register"",
    ""action_id"": ""lMxbsrSPWV9W"",
    ""expiration_type"": ""none""
  }
]","[
  {
    ""url"": ""https://utage-system.com/event/DkY6Co3mN1oB/register"",
    ""action_id"": ""lMxbsrSPWV9W"",
    ""expiration_type"": ""none""
  }
]","","","セミナー申込済み・面談未予約。参加／欠席は判定しない。受付は当日23:59で実際に終了。予約完了／面談済み／営業停止は除外。","[
  {
    ""url"": ""https://utage-system.com/event/DkY6Co3mN1oB/register"",
    ""action_id"": ""lMxbsrSPWV9W"",
    ""expiration_type"": ""none""
  }
]","配信基準=。本文N/O/PとUTAGE編集URLは後続列に保持。","","","本文内定義","","YouTube正本を独自リライトしない。ステータスが廃止対象または旧読者のみの場合は新規実装しない。","【LINEメッセージ 1／text】
参加者向けのロードマップ作成会については、これで最後のご案内ですね😌

スクールに興味があって、自分の場合の進め方を直接相談したい方だけご予約くださいね。名前とメールアドレスで予約できますよ👇

────────────

【LINEメッセージ 2／button】
{
  ""alt_text"": ""【個別】ロードマップ作成会・最後のご案内"",
  ""react_type"": ""free"",
  ""react_press_again_text"": null,
  ""thumbnail_image_url"": null,
  ""title"": ""AIひとり起業ロードマップ作成会"",
  ""text"": ""これが最後のご案内・Zoom30分"",
  ""actions"": [
    {
      ""type"": ""url"",
      ""label"": ""日程を見て予約する"",
      ""uri"": ""https://utage-system.com/event/DkY6Co3mN1oB/register"",
      ""add_label_id"": null,
      ""del_label_id"": null
    }
  ]
}","参加者向けのロードマップ作成会については、これで最後のご案内ですね😌

スクールに興味があって、自分の場合の進め方を直接相談したい方だけご予約くださいね。名前とメールアドレスで予約できますよ👇","参加者向けのロードマップ作成会については、これで最後のご案内です。

自分の場合の進め方を直接相談したい方はぜひご予約ください。名前とメールアドレスで予約できます。

[面談予約URL]","https://utage-system.com/account/Y86og5tIw1hZ/scenario/9uJfawAYUqeR/step/line/xbw9oHnCwN8w/edit","xbw9oHnCwN8w"
"YouTube_ゆっくりAI","REVIEW_YouTube_ゆっくりAI_20260810","122","稼働中","メッセージ","10","ロードマップ案内_クリック済","SYNF1KACwEzd","セミナー申込済み・面談未予約。参加／欠席は判定しない。受付は当日23:59で実際に終了。予約完了／面談済み／営業停止は除外。","ページクリック15分後（同日23:59まで）","LINE","ステップ配信","ATT-C01","","【LINEメッセージ 1／text】
%line_name%さん、ロードマップ作成会の日程ページまで見てくださってありがとうございます😊

合う枠が見つからなかった場合も、時間を置くと空き状況が変わることがありますよ。もう一度こちらから確認できます(^^)","","","","","セミナー申込済み・面談未予約。参加／欠席は判定しない。受付は当日23:59で実際に終了。予約完了／面談済み／営業停止は除外。","","配信基準=。本文N/O/PとUTAGE編集URLは後続列に保持。","","","本文内定義","","YouTube正本を独自リライトしない。ステータスが廃止対象または旧読者のみの場合は新規実装しない。","【LINEメッセージ 1／text】
%line_name%さん、ロードマップ作成会の日程ページまで見てくださってありがとうございます😊

合う枠が見つからなかった場合も、時間を置くと空き状況が変わることがありますよ。もう一度こちらから確認できます(^^)","%line_name%さん、ロードマップ作成会の日程ページまで見てくださってありがとうございます😊

合う枠が見つからなかった場合も、時間を置くと空き状況が変わることがありますよ。もう一度こちらから確認できます(^^)","[name]さん、ロードマップ作成会の日程ページまでありがとうございます。

合う枠が見つからなかった場合は、時間を置くと空き状況が変わることがあります。もう一度こちらから確認できます。","https://utage-system.com/account/Y86og5tIw1hZ/scenario/WaWrM4BWtUx3/step/line/SYNF1KACwEzd/edit","SYNF1KACwEzd"
"YouTube_ゆっくりAI","REVIEW_YouTube_ゆっくりAI_20260810","123","稼働中","メッセージ","10","ロードマップ案内_クリック済","do913Up1Agmm","セミナー申込済み・面談未予約。参加／欠席は判定しない。受付は当日23:59で実際に終了。予約完了／面談済み／営業停止は除外。","ページクリック2時間後（同日23:59まで）","LINE","ステップ配信","ATT-C02","","【LINEメッセージ 1／text】
作成会はZoom30分です😊 事前課題はなく、予約は名前とメールアドレスだけでOKですよ。

セミナーで学んだ全体像を、あなたの経験・時間・目標に合わせて具体化していきますね✨","","","","","セミナー申込済み・面談未予約。参加／欠席は判定しない。受付は当日23:59で実際に終了。予約完了／面談済み／営業停止は除外。","","配信基準=。本文N/O/PとUTAGE編集URLは後続列に保持。","","","本文内定義","","YouTube正本を独自リライトしない。ステータスが廃止対象または旧読者のみの場合は新規実装しない。","【LINEメッセージ 1／text】
作成会はZoom30分です😊 事前課題はなく、予約は名前とメールアドレスだけでOKですよ。

セミナーで学んだ全体像を、あなたの経験・時間・目標に合わせて具体化していきますね✨","作成会はZoom30分です😊 事前課題はなく、予約は名前とメールアドレスだけでOKですよ。

セミナーで学んだ全体像を、あなたの経験・時間・目標に合わせて具体化していきますね✨","ロードマップ作成会はZoom30分です。事前課題はなく、予約は名前とメールアドレスだけ。

セミナーで学んだ全体像を、あなたの経験・時間・目標に合わせて具体化します。","https://utage-system.com/account/Y86og5tIw1hZ/scenario/WaWrM4BWtUx3/step/line/do913Up1Agmm/edit","do913Up1Agmm"
"YouTube_ゆっくりAI","REVIEW_YouTube_ゆっくりAI_20260810","124","稼働中","メッセージ","10","ロードマップ案内_クリック済","UQK3EIApCLhQ","セミナー申込済み・面談未予約。参加／欠席は判定しない。受付は当日23:59で実際に終了。予約完了／面談済み／営業停止は除外。","ページクリック5時間後（同日23:59まで）","LINE","ステップ配信","ATT-C03","","【LINEメッセージ 1／text】
「まだ商品も発信テーマも決まっていない」という状態でも大丈夫ですよ😌

何を作るかを決めるところからロードマップにしていきますね。スクールの説明も行うので、受講に関心がある方に向いた会です👇

────────────

【LINEメッセージ 2／button】
{
  ""alt_text"": ""【個別】AIひとり起業ロードマップ作成会のご案内"",
  ""react_type"": ""free"",
  ""react_press_again_text"": null,
  ""thumbnail_image_url"": null,
  ""title"": ""AIひとり起業ロードマップ作成会"",
  ""text"": ""Zoom30分・名前とメールだけで予約OK"",
  ""actions"": [
    {
      ""type"": ""url"",
      ""label"": ""日程を見て予約する"",
      ""uri"": ""https://utage-system.com/event/DkY6Co3mN1oB/register"",
      ""add_label_id"": null,
      ""del_label_id"": null
    }
  ]
}","[
  {
    ""url"": ""https://utage-system.com/event/DkY6Co3mN1oB/register"",
    ""action_id"": ""lMxbsrSPWV9W"",
    ""expiration_type"": ""none""
  }
]","[
  {
    ""url"": ""https://utage-system.com/event/DkY6Co3mN1oB/register"",
    ""action_id"": ""lMxbsrSPWV9W"",
    ""expiration_type"": ""none""
  }
]","","","セミナー申込済み・面談未予約。参加／欠席は判定しない。受付は当日23:59で実際に終了。予約完了／面談済み／営業停止は除外。","[
  {
    ""url"": ""https://utage-system.com/event/DkY6Co3mN1oB/register"",
    ""action_id"": ""lMxbsrSPWV9W"",
    ""expiration_type"": ""none""
  }
]","配信基準=。本文N/O/PとUTAGE編集URLは後続列に保持。","","","本文内定義","","YouTube正本を独自リライトしない。ステータスが廃止対象または旧読者のみの場合は新規実装しない。","【LINEメッセージ 1／text】
「まだ商品も発信テーマも決まっていない」という状態でも大丈夫ですよ😌

何を作るかを決めるところからロードマップにしていきますね。スクールの説明も行うので、受講に関心がある方に向いた会です👇

────────────

【LINEメッセージ 2／button】
{
  ""alt_text"": ""【個別】AIひとり起業ロードマップ作成会のご案内"",
  ""react_type"": ""free"",
  ""react_press_again_text"": null,
  ""thumbnail_image_url"": null,
  ""title"": ""AIひとり起業ロードマップ作成会"",
  ""text"": ""Zoom30分・名前とメールだけで予約OK"",
  ""actions"": [
    {
      ""type"": ""url"",
      ""label"": ""日程を見て予約する"",
      ""uri"": ""https://utage-system.com/event/DkY6Co3mN1oB/register"",
      ""add_label_id"": null,
      ""del_label_id"": null
    }
  ]
}","「まだ商品も発信テーマも決まっていない」という状態でも大丈夫ですよ😌

何を作るかを決めるところからロードマップにしていきますね。スクールの説明も行うので、受講に関心がある方に向いた会です👇","「まだ商品も発信テーマも決まっていない」という状態で大丈夫です。

何を作るかを決めるところからロードマップにします。AI未経験者、初心者でも全く問題ございません。
[面談予約URL]","https://utage-system.com/account/Y86og5tIw1hZ/scenario/WaWrM4BWtUx3/step/line/UQK3EIApCLhQ/edit","UQK3EIApCLhQ"
"YouTube_ゆっくりAI","REVIEW_YouTube_ゆっくりAI_20260810","125","稼働中","メッセージ","10","ロードマップ案内_クリック済","DqIbgdnGuXWJ","セミナー申込済み・面談未予約。参加／欠席は判定しない。受付は当日23:59で実際に終了。予約完了／面談済み／営業停止は除外。","ページクリック10時間後（同日23:59まで）","LINE","ステップ配信","ATT-C04","","【LINEメッセージ 1／text】
セミナーの熱があるうちに、次の一歩を決めちゃいましょう😊

一人で考えて止まりそうなら、30分で優先順位を整理しましょうね(^^)","","","","","セミナー申込済み・面談未予約。参加／欠席は判定しない。受付は当日23:59で実際に終了。予約完了／面談済み／営業停止は除外。","","配信基準=。本文N/O/PとUTAGE編集URLは後続列に保持。","","","本文内定義","","YouTube正本を独自リライトしない。ステータスが廃止対象または旧読者のみの場合は新規実装しない。","【LINEメッセージ 1／text】
セミナーの熱があるうちに、次の一歩を決めちゃいましょう😊

一人で考えて止まりそうなら、30分で優先順位を整理しましょうね(^^)","セミナーの熱があるうちに、次の一歩を決めちゃいましょう😊

一人で考えて止まりそうなら、30分で優先順位を整理しましょうね(^^)","セミナーの熱があるうちに、次の一歩を決める。

一人で考えて止まりそうなら、30分で優先順位を整理しましょう。","https://utage-system.com/account/Y86og5tIw1hZ/scenario/WaWrM4BWtUx3/step/line/DqIbgdnGuXWJ/edit","DqIbgdnGuXWJ"
"YouTube_ゆっくりAI","REVIEW_YouTube_ゆっくりAI_20260810","126","稼働中","メッセージ","10","ロードマップ案内_クリック済","R6S0f0lJiip5","セミナー申込済み・面談未予約。参加／欠席は判定しない。受付は当日23:59で実際に終了。予約完了／面談済み／営業停止は除外。","同日12:00（未経過時のみ）","LINE","ステップ配信","ATT-C05","","【LINEメッセージ 1／text】
%line_name%さん、昨日ページを見て迷っていた方へ😌

作成会で決めるのは、いきなり受講するかどうかだけではないんです。まず「自分に合う事業テーマと進め方」を一緒に確認していきますね🙌","","","","","セミナー申込済み・面談未予約。参加／欠席は判定しない。受付は当日23:59で実際に終了。予約完了／面談済み／営業停止は除外。","","配信基準=。本文N/O/PとUTAGE編集URLは後続列に保持。","","","本文内定義","","YouTube正本を独自リライトしない。ステータスが廃止対象または旧読者のみの場合は新規実装しない。","【LINEメッセージ 1／text】
%line_name%さん、昨日ページを見て迷っていた方へ😌

作成会で決めるのは、いきなり受講するかどうかだけではないんです。まず「自分に合う事業テーマと進め方」を一緒に確認していきますね🙌","%line_name%さん、昨日ページを見て迷っていた方へ😌

作成会で決めるのは、いきなり受講するかどうかだけではないんです。まず「自分に合う事業テーマと進め方」を一緒に確認していきますね🙌","[name]さん、昨日ページを見て迷っていた方へ。

作成会で決めるのは、いきなり受講するかどうかだけではありません。まず「自分に合う事業テーマと進め方」を一緒に確認します。","https://utage-system.com/account/Y86og5tIw1hZ/scenario/WaWrM4BWtUx3/step/line/R6S0f0lJiip5/edit","R6S0f0lJiip5"
"YouTube_ゆっくりAI","REVIEW_YouTube_ゆっくりAI_20260810","127","稼働中","メッセージ","10","ロードマップ案内_クリック済","nHv86RZEKktF","セミナー申込済み・面談未予約。参加／欠席は判定しない。受付は当日23:59で実際に終了。予約完了／面談済み／営業停止は除外。","同日15:00（未経過時のみ）","LINE","ステップ配信","ATT-C06","","【LINEメッセージ 1／text】
AIを使ったひとり起業では、やることを増やすより、何をやらないかまで決めることが大切なんですよ😊

今の状況から、最短の順番を一緒に組み立てていきますね💡","","","","","セミナー申込済み・面談未予約。参加／欠席は判定しない。受付は当日23:59で実際に終了。予約完了／面談済み／営業停止は除外。","","配信基準=。本文N/O/PとUTAGE編集URLは後続列に保持。","","","本文内定義","","YouTube正本を独自リライトしない。ステータスが廃止対象または旧読者のみの場合は新規実装しない。","【LINEメッセージ 1／text】
AIを使ったひとり起業では、やることを増やすより、何をやらないかまで決めることが大切なんですよ😊

今の状況から、最短の順番を一緒に組み立てていきますね💡","AIを使ったひとり起業では、やることを増やすより、何をやらないかまで決めることが大切なんですよ😊

今の状況から、最短の順番を一緒に組み立てていきますね💡","AIを使ったひとり起業では、やることを増やすより、何をやらないかまで決めることが重要です。

今の状況から、最短の順番を組み立てます。","https://utage-system.com/account/Y86og5tIw1hZ/scenario/WaWrM4BWtUx3/step/line/nHv86RZEKktF/edit","nHv86RZEKktF"
"YouTube_ゆっくりAI","REVIEW_YouTube_ゆっくりAI_20260810","128","稼働中","メッセージ","10","ロードマップ案内_クリック済","IHNRxZag2dSb","セミナー申込済み・面談未予約。参加／欠席は判定しない。受付は当日23:59で実際に終了。予約完了／面談済み／営業停止は除外。","同日18:00（未経過時のみ）","LINE","ステップ配信","ATT-C07","","【LINEメッセージ 1／text】
予約後に都合が変わった場合も、日程変更できるので安心してくださいね😊

時間が合うかだけでも、こちらから気軽に確認してください👇

────────────

【LINEメッセージ 2／button】
{
  ""alt_text"": ""【個別】ロードマップ作成会・予約後も日程変更OK"",
  ""react_type"": ""free"",
  ""react_press_again_text"": null,
  ""thumbnail_image_url"": null,
  ""title"": ""AIひとり起業ロードマップ作成会"",
  ""text"": ""予約後の日程変更OK・Zoom30分"",
  ""actions"": [
    {
      ""type"": ""url"",
      ""label"": ""日程を見て予約する"",
      ""uri"": ""https://utage-system.com/event/DkY6Co3mN1oB/register"",
      ""add_label_id"": null,
      ""del_label_id"": null
    }
  ]
}","[
  {
    ""url"": ""https://utage-system.com/event/DkY6Co3mN1oB/register"",
    ""action_id"": ""lMxbsrSPWV9W"",
    ""expiration_type"": ""none""
  }
]","[
  {
    ""url"": ""https://utage-system.com/event/DkY6Co3mN1oB/register"",
    ""action_id"": ""lMxbsrSPWV9W"",
    ""expiration_type"": ""none""
  }
]","","","セミナー申込済み・面談未予約。参加／欠席は判定しない。受付は当日23:59で実際に終了。予約完了／面談済み／営業停止は除外。","[
  {
    ""url"": ""https://utage-system.com/event/DkY6Co3mN1oB/register"",
    ""action_id"": ""lMxbsrSPWV9W"",
    ""expiration_type"": ""none""
  }
]","配信基準=。本文N/O/PとUTAGE編集URLは後続列に保持。","","","本文内定義","","YouTube正本を独自リライトしない。ステータスが廃止対象または旧読者のみの場合は新規実装しない。","【LINEメッセージ 1／text】
予約後に都合が変わった場合も、日程変更できるので安心してくださいね😊

時間が合うかだけでも、こちらから気軽に確認してください👇

────────────

【LINEメッセージ 2／button】
{
  ""alt_text"": ""【個別】ロードマップ作成会・予約後も日程変更OK"",
  ""react_type"": ""free"",
  ""react_press_again_text"": null,
  ""thumbnail_image_url"": null,
  ""title"": ""AIひとり起業ロードマップ作成会"",
  ""text"": ""予約後の日程変更OK・Zoom30分"",
  ""actions"": [
    {
      ""type"": ""url"",
      ""label"": ""日程を見て予約する"",
      ""uri"": ""https://utage-system.com/event/DkY6Co3mN1oB/register"",
      ""add_label_id"": null,
      ""del_label_id"": null
    }
  ]
}","予約後に都合が変わった場合も、日程変更できるので安心してくださいね😊

時間が合うかだけでも、こちらから気軽に確認してください👇","予約後に都合が変わった場合は、日程変更できます。

時間が合うかだけでも、こちらから確認してください。
[面談予約URL]","https://utage-system.com/account/Y86og5tIw1hZ/scenario/WaWrM4BWtUx3/step/line/IHNRxZag2dSb/edit","IHNRxZag2dSb"
"YouTube_ゆっくりAI","REVIEW_YouTube_ゆっくりAI_20260810","129","稼働中","メッセージ","10","ロードマップ案内_クリック済","hIwrgVWlkj7R","セミナー申込済み・面談未予約。参加／欠席は判定しない。受付は当日23:59で実際に終了。予約完了／面談済み／営業停止は除外。","同日20:00（未経過時のみ）","LINE","ステップ配信","ATT-C08","","【LINEメッセージ 1／text】
受付は残りわずかな時間です⏰

これは実際の受付期限に基づくご案内です。スクールの内容も聞いたうえで、自分に必要かを判断したい方はご予約くださいね😊","","","","","セミナー申込済み・面談未予約。参加／欠席は判定しない。受付は当日23:59で実際に終了。予約完了／面談済み／営業停止は除外。","","配信基準=。本文N/O/PとUTAGE編集URLは後続列に保持。","","","本文内定義","","YouTube正本を独自リライトしない。ステータスが廃止対象または旧読者のみの場合は新規実装しない。","【LINEメッセージ 1／text】
受付は残りわずかな時間です⏰

これは実際の受付期限に基づくご案内です。スクールの内容も聞いたうえで、自分に必要かを判断したい方はご予約くださいね😊","受付は残りわずかな時間です⏰

これは実際の受付期限に基づくご案内です。スクールの内容も聞いたうえで、自分に必要かを判断したい方はご予約くださいね😊","受付は残りわずかな時間です。

これは実際の受付期限に基づくご案内です。スクールの内容も聞いたうえで、自分に必要かを判断したい方はご予約ください。
[面談予約URL]","https://utage-system.com/account/Y86og5tIw1hZ/scenario/WaWrM4BWtUx3/step/line/hIwrgVWlkj7R/edit","hIwrgVWlkj7R"
"YouTube_ゆっくりAI","REVIEW_YouTube_ゆっくりAI_20260810","130","稼働中","メッセージ","10","ロードマップ案内_クリック済","vjWTxNc4SzJR","セミナー申込済み・面談未予約。参加／欠席は判定しない。受付は当日23:59で実際に終了。予約完了／面談済み／営業停止は除外。","同日22:00（未経過時のみ）","LINE","ステップ配信","ATT-C09","","【LINEメッセージ 1／text】
あと数時間で、今回の参加者向け案内を終了しますね⏰

考え続けるより、一度話して方向を明確にしたい方はこちらです👇

────────────

【LINEメッセージ 2／button】
{
  ""alt_text"": ""【個別】ロードマップ作成会・まもなく受付終了"",
  ""react_type"": ""free"",
  ""react_press_again_text"": null,
  ""thumbnail_image_url"": null,
  ""title"": ""AIひとり起業ロードマップ作成会"",
  ""text"": ""今回の案内はまもなく終了"",
  ""actions"": [
    {
      ""type"": ""url"",
      ""label"": ""日程を見て予約する"",
      ""uri"": ""https://utage-system.com/event/DkY6Co3mN1oB/register"",
      ""add_label_id"": null,
      ""del_label_id"": null
    }
  ]
}","[
  {
    ""url"": ""https://utage-system.com/event/DkY6Co3mN1oB/register"",
    ""action_id"": ""lMxbsrSPWV9W"",
    ""expiration_type"": ""none""
  }
]","[
  {
    ""url"": ""https://utage-system.com/event/DkY6Co3mN1oB/register"",
    ""action_id"": ""lMxbsrSPWV9W"",
    ""expiration_type"": ""none""
  }
]","","","セミナー申込済み・面談未予約。参加／欠席は判定しない。受付は当日23:59で実際に終了。予約完了／面談済み／営業停止は除外。","[
  {
    ""url"": ""https://utage-system.com/event/DkY6Co3mN1oB/register"",
    ""action_id"": ""lMxbsrSPWV9W"",
    ""expiration_type"": ""none""
  }
]","配信基準=。本文N/O/PとUTAGE編集URLは後続列に保持。","","","本文内定義","","YouTube正本を独自リライトしない。ステータスが廃止対象または旧読者のみの場合は新規実装しない。","【LINEメッセージ 1／text】
あと数時間で、今回の参加者向け案内を終了しますね⏰

考え続けるより、一度話して方向を明確にしたい方はこちらです👇

────────────

【LINEメッセージ 2／button】
{
  ""alt_text"": ""【個別】ロードマップ作成会・まもなく受付終了"",
  ""react_type"": ""free"",
  ""react_press_again_text"": null,
  ""thumbnail_image_url"": null,
  ""title"": ""AIひとり起業ロードマップ作成会"",
  ""text"": ""今回の案内はまもなく終了"",
  ""actions"": [
    {
      ""type"": ""url"",
      ""label"": ""日程を見て予約する"",
      ""uri"": ""https://utage-system.com/event/DkY6Co3mN1oB/register"",
      ""add_label_id"": null,
      ""del_label_id"": null
    }
  ]
}","あと数時間で、今回の参加者向け案内を終了しますね⏰

考え続けるより、一度話して方向を明確にしたい方はこちらです👇","あと数時間で、今回の参加者向け案内を終了します。

考え続けるより、一度話して方向を明確にしたい方はこちらです。
[面談予約URL]","https://utage-system.com/account/Y86og5tIw1hZ/scenario/WaWrM4BWtUx3/step/line/vjWTxNc4SzJR/edit","vjWTxNc4SzJR"
"YouTube_ゆっくりAI","REVIEW_YouTube_ゆっくりAI_20260810","131","稼働中","メッセージ","10","ロードマップ案内_クリック済","qjo7yaI34Vo1","セミナー申込済み・面談未予約。参加／欠席は判定しない。受付は当日23:59で実際に終了。予約完了／面談済み／営業停止は除外。","同日23:00（最終）","LINE","ステップ配信","ATT-C10","","【LINEメッセージ 1／text】
これで最後です🔥

AIひとり起業ロードマップ作成会 の受付をまもなく終了します。参加したい方は、今のうちに予約を完了してくださいね(^^)","","","","","セミナー申込済み・面談未予約。参加／欠席は判定しない。受付は当日23:59で実際に終了。予約完了／面談済み／営業停止は除外。","","配信基準=。本文N/O/PとUTAGE編集URLは後続列に保持。","","","本文内定義","","YouTube正本を独自リライトしない。ステータスが廃止対象または旧読者のみの場合は新規実装しない。","【LINEメッセージ 1／text】
これで最後です🔥

AIひとり起業ロードマップ作成会 の受付をまもなく終了します。参加したい方は、今のうちに予約を完了してくださいね(^^)","これで最後です🔥

AIひとり起業ロードマップ作成会 の受付をまもなく終了します。参加したい方は、今のうちに予約を完了してくださいね(^^)","これで最後です。

AIひとり起業ロードマップ作成会 の受付をまもなく終了します。参加したい方は、今のうちに予約を完了してください。","https://utage-system.com/account/Y86og5tIw1hZ/scenario/WaWrM4BWtUx3/step/line/qjo7yaI34Vo1/edit","qjo7yaI34Vo1"
"YouTube_ゆっくりAI","REVIEW_YouTube_ゆっくりAI_20260810","132","稼働中","メッセージ","11","VSL_未開封","erP64nKaKQfs","VSL未視聴・面談未予約。視聴開始で未視聴を停止、視聴完了で未視聴・途中を停止。予約完了／面談済み／営業停止は除外。VSL初回開始から72時間。","0日後 10:00","LINE","ステップ配信","VSL-U01","","【LINEメッセージ 1／image】
{
  ""original_content_url"": ""https://utagesystem.s3.ap-northeast-1.wasabisys.com/GX6OYW2fVtRD/BP6jdJufvGaM.png""
}

────────────

【LINEメッセージ 2／text】
欠席・参加不明の方：見逃した方・復習したい方へ😊
未申込の方：日程が合わなかった方向けの特別公開です✨

AIでひとり起業攻略法 の内容を、本日から3日間だけ視聴できちゃいます🎁
公開終了：8月2日(土)23:59👇

────────────

【LINEメッセージ 3／button】
{
  ""alt_text"": ""【動画】期間限定・無料公開のご案内"",
  ""react_type"": ""free"",
  ""react_press_again_text"": null,
  ""thumbnail_image_url"": null,
  ""title"": ""LINE友だち限定 プレミアム無料動画"",
  ""text"": ""無料公開は登録から3日間・スマホ視聴OK"",
  ""actions"": [
    {
      ""type"": ""url"",
      ""label"": ""動画を見る"",
      ""uri"": ""https://utage-system.com/p/m6COEDrJH2BP"",
      ""add_label_id"": null,
      ""del_label_id"": null
    }
  ]
}","[
  {
    ""url"": ""https://utage-system.com/p/m6COEDrJH2BP"",
    ""action_id"": ""mjNKfwKZJRag"",
    ""expiration_type"": ""none""
  }
]","[
  {
    ""url"": ""https://utage-system.com/p/m6COEDrJH2BP"",
    ""action_id"": ""mjNKfwKZJRag"",
    ""expiration_type"": ""none""
  }
]","","","VSL未視聴・面談未予約。視聴開始で未視聴を停止、視聴完了で未視聴・途中を停止。予約完了／面談済み／営業停止は除外。VSL初回開始から72時間。","[
  {
    ""url"": ""https://utage-system.com/p/m6COEDrJH2BP"",
    ""action_id"": ""mjNKfwKZJRag"",
    ""expiration_type"": ""none""
  }
]","配信基準=。本文N/O/PとUTAGE編集URLは後続列に保持。","https://utagesystem.s3.ap-northeast-1.wasabisys.com/GX6OYW2fVtRD/BP6jdJufvGaM.png","","本文内定義","","YouTube正本を独自リライトしない。ステータスが廃止対象または旧読者のみの場合は新規実装しない。","【LINEメッセージ 1／image】
{
  ""original_content_url"": ""https://utagesystem.s3.ap-northeast-1.wasabisys.com/GX6OYW2fVtRD/BP6jdJufvGaM.png""
}

────────────

【LINEメッセージ 2／text】
欠席・参加不明の方：見逃した方・復習したい方へ😊
未申込の方：日程が合わなかった方向けの特別公開です✨

AIでひとり起業攻略法 の内容を、本日から3日間だけ視聴できちゃいます🎁
公開終了：8月2日(土)23:59👇

────────────

【LINEメッセージ 3／button】
{
  ""alt_text"": ""【動画】期間限定・無料公開のご案内"",
  ""react_type"": ""free"",
  ""react_press_again_text"": null,
  ""thumbnail_image_url"": null,
  ""title"": ""LINE友だち限定 プレミアム無料動画"",
  ""text"": ""無料公開は登録から3日間・スマホ視聴OK"",
  ""actions"": [
    {
      ""type"": ""url"",
      ""label"": ""動画を見る"",
      ""uri"": ""https://utage-system.com/p/m6COEDrJH2BP"",
      ""add_label_id"": null,
      ""del_label_id"": null
    }
  ]
}","欠席・参加不明の方：見逃した方・復習したい方へ😊
未申込の方：日程が合わなかった方向けの特別公開です✨

AIでひとり起業攻略法 の内容を、本日から3日間だけ視聴できちゃいます🎁
公開終了：8月2日(土)23:59👇","欠席・参加不明の方：見逃した方・復習したい方へ。
未申込の方：日程が合わなかった方向けの特別公開です。

AIでひとり起業攻略法 の内容を、本日から3日間だけ視聴できます。
公開終了：[VSL終了日時]

[VSLURL]","https://utage-system.com/account/Y86og5tIw1hZ/scenario/6vW01x7mDumA/step/line/erP64nKaKQfs/edit","erP64nKaKQfs"
"YouTube_ゆっくりAI","REVIEW_YouTube_ゆっくりAI_20260810","133","稼働中","メッセージ","11","VSL_未開封","t0CViMJ6jbZk","VSL未視聴・面談未予約。視聴開始で未視聴を停止、視聴完了で未視聴・途中を停止。予約完了／面談済み／営業停止は除外。VSL初回開始から72時間。","0日後 13:00","LINE","ステップ配信","VSL-U02","","【LINEメッセージ 1／text】
先ほど期間限定の動画を公開しましたよ〜🎥

AIツールの紹介だけじゃなくて、自分に合う事業テーマをどう見つけて、商品・集客・販売へつなげるかを順番に解説しています😊👇

────────────

【LINEメッセージ 2／button】
{
  ""alt_text"": ""【動画】期間限定・無料公開のご案内"",
  ""react_type"": ""free"",
  ""react_press_again_text"": null,
  ""thumbnail_image_url"": null,
  ""title"": ""LINE友だち限定 プレミアム無料動画"",
  ""text"": ""無料公開は登録から3日間・スマホ視聴OK"",
  ""actions"": [
    {
      ""type"": ""url"",
      ""label"": ""動画を見る"",
      ""uri"": ""https://utage-system.com/p/m6COEDrJH2BP"",
      ""add_label_id"": null,
      ""del_label_id"": null
    }
  ]
}","[
  {
    ""url"": ""https://utage-system.com/p/m6COEDrJH2BP"",
    ""action_id"": ""mjNKfwKZJRag"",
    ""expiration_type"": ""none""
  }
]","[
  {
    ""url"": ""https://utage-system.com/p/m6COEDrJH2BP"",
    ""action_id"": ""mjNKfwKZJRag"",
    ""expiration_type"": ""none""
  }
]","","","VSL未視聴・面談未予約。視聴開始で未視聴を停止、視聴完了で未視聴・途中を停止。予約完了／面談済み／営業停止は除外。VSL初回開始から72時間。","[
  {
    ""url"": ""https://utage-system.com/p/m6COEDrJH2BP"",
    ""action_id"": ""mjNKfwKZJRag"",
    ""expiration_type"": ""none""
  }
]","配信基準=。本文N/O/PとUTAGE編集URLは後続列に保持。","","","本文内定義","","YouTube正本を独自リライトしない。ステータスが廃止対象または旧読者のみの場合は新規実装しない。","【LINEメッセージ 1／text】
先ほど期間限定の動画を公開しましたよ〜🎥

AIツールの紹介だけじゃなくて、自分に合う事業テーマをどう見つけて、商品・集客・販売へつなげるかを順番に解説しています😊👇

────────────

【LINEメッセージ 2／button】
{
  ""alt_text"": ""【動画】期間限定・無料公開のご案内"",
  ""react_type"": ""free"",
  ""react_press_again_text"": null,
  ""thumbnail_image_url"": null,
  ""title"": ""LINE友だち限定 プレミアム無料動画"",
  ""text"": ""無料公開は登録から3日間・スマホ視聴OK"",
  ""actions"": [
    {
      ""type"": ""url"",
      ""label"": ""動画を見る"",
      ""uri"": ""https://utage-system.com/p/m6COEDrJH2BP"",
      ""add_label_id"": null,
      ""del_label_id"": null
    }
  ]
}","先ほど期間限定の動画を公開しましたよ〜🎥

AIツールの紹介だけじゃなくて、自分に合う事業テーマをどう見つけて、商品・集客・販売へつなげるかを順番に解説しています😊👇","先ほど期間限定動画を公開しました。

AIツールの紹介だけではなく、自分に合う事業テーマをどう見つけ、商品・集客・販売へつなげるかを順番に解説しています。

[VSLURL]","https://utage-system.com/account/Y86og5tIw1hZ/scenario/6vW01x7mDumA/step/line/t0CViMJ6jbZk/edit","t0CViMJ6jbZk"
"YouTube_ゆっくりAI","REVIEW_YouTube_ゆっくりAI_20260810","134","稼働中","メッセージ","11","VSL_未開封","WrAkXMAcgVcn","VSL未視聴・面談未予約。視聴開始で未視聴を停止、視聴完了で未視聴・途中を停止。予約完了／面談済み／営業停止は除外。VSL初回開始から72時間。","0日後 18:00","LINE","ステップ配信","VSL-U03","","【LINEメッセージ 1／text】
%line_name%さん、まだ動画を開いていないみたいでした👀

まとまった時間がなくても大丈夫なので、まずはページを開いて視聴できる状態だけ確認しておいてくださいね😊 公開は3日間です🔥","","","","","VSL未視聴・面談未予約。視聴開始で未視聴を停止、視聴完了で未視聴・途中を停止。予約完了／面談済み／営業停止は除外。VSL初回開始から72時間。","","配信基準=。本文N/O/PとUTAGE編集URLは後続列に保持。","","","本文内定義","","YouTube正本を独自リライトしない。ステータスが廃止対象または旧読者のみの場合は新規実装しない。","【LINEメッセージ 1／text】
%line_name%さん、まだ動画を開いていないみたいでした👀

まとまった時間がなくても大丈夫なので、まずはページを開いて視聴できる状態だけ確認しておいてくださいね😊 公開は3日間です🔥","%line_name%さん、まだ動画を開いていないみたいでした👀

まとまった時間がなくても大丈夫なので、まずはページを開いて視聴できる状態だけ確認しておいてくださいね😊 公開は3日間です🔥","[name]さん、まだ動画を開いていないようでしたら、

まとまった時間がなくても、まずページを開いて視聴できる状態だけ確認しておいてください。公開は3日間限定です。","https://utage-system.com/account/Y86og5tIw1hZ/scenario/6vW01x7mDumA/step/line/WrAkXMAcgVcn/edit","WrAkXMAcgVcn"
"YouTube_ゆっくりAI","REVIEW_YouTube_ゆっくりAI_20260810","135","稼働中","メッセージ","11","VSL_未開封","mbbRaBAoA64G","VSL未視聴・面談未予約。視聴開始で未視聴を停止、視聴完了で未視聴・途中を停止。予約完了／面談済み／営業停止は除外。VSL初回開始から72時間。","0日後 21:00","LINE","ステップ配信","VSL-U04","","【LINEメッセージ 1／text】
AIについて学んでも行動に移せないときって、能力よりも進める順番が曖昧なことが多いんです💡

動画では、ひとりで事業を形にする全体の流れをまるっとお伝えしていますよ😊👇

────────────

【LINEメッセージ 2／button】
{
  ""alt_text"": ""【動画】期間限定・無料公開のご案内"",
  ""react_type"": ""free"",
  ""react_press_again_text"": null,
  ""thumbnail_image_url"": null,
  ""title"": ""LINE友だち限定 プレミアム無料動画"",
  ""text"": ""無料公開は登録から3日間・スマホ視聴OK"",
  ""actions"": [
    {
      ""type"": ""url"",
      ""label"": ""動画を見る"",
      ""uri"": ""https://utage-system.com/p/m6COEDrJH2BP"",
      ""add_label_id"": null,
      ""del_label_id"": null
    }
  ]
}","[
  {
    ""url"": ""https://utage-system.com/p/m6COEDrJH2BP"",
    ""action_id"": ""mjNKfwKZJRag"",
    ""expiration_type"": ""none""
  }
]","[
  {
    ""url"": ""https://utage-system.com/p/m6COEDrJH2BP"",
    ""action_id"": ""mjNKfwKZJRag"",
    ""expiration_type"": ""none""
  }
]","","","VSL未視聴・面談未予約。視聴開始で未視聴を停止、視聴完了で未視聴・途中を停止。予約完了／面談済み／営業停止は除外。VSL初回開始から72時間。","[
  {
    ""url"": ""https://utage-system.com/p/m6COEDrJH2BP"",
    ""action_id"": ""mjNKfwKZJRag"",
    ""expiration_type"": ""none""
  }
]","配信基準=。本文N/O/PとUTAGE編集URLは後続列に保持。","","","本文内定義","","YouTube正本を独自リライトしない。ステータスが廃止対象または旧読者のみの場合は新規実装しない。","【LINEメッセージ 1／text】
AIについて学んでも行動に移せないときって、能力よりも進める順番が曖昧なことが多いんです💡

動画では、ひとりで事業を形にする全体の流れをまるっとお伝えしていますよ😊👇

────────────

【LINEメッセージ 2／button】
{
  ""alt_text"": ""【動画】期間限定・無料公開のご案内"",
  ""react_type"": ""free"",
  ""react_press_again_text"": null,
  ""thumbnail_image_url"": null,
  ""title"": ""LINE友だち限定 プレミアム無料動画"",
  ""text"": ""無料公開は登録から3日間・スマホ視聴OK"",
  ""actions"": [
    {
      ""type"": ""url"",
      ""label"": ""動画を見る"",
      ""uri"": ""https://utage-system.com/p/m6COEDrJH2BP"",
      ""add_label_id"": null,
      ""del_label_id"": null
    }
  ]
}","AIについて学んでも行動に移せないときって、能力よりも進める順番が曖昧なことが多いんです💡

動画では、ひとりで事業を形にする全体の流れをまるっとお伝えしていますよ😊👇","AIについて学んでも行動に移せないときは、能力よりも進める順番が曖昧なことが多いです。

動画では、ひとりで事業を形にする全体の流れをお伝えしています。
[VSLURL]","https://utage-system.com/account/Y86og5tIw1hZ/scenario/6vW01x7mDumA/step/line/mbbRaBAoA64G/edit","mbbRaBAoA64G"
"YouTube_ゆっくりAI","REVIEW_YouTube_ゆっくりAI_20260810","136","稼働中","メッセージ","11","VSL_未開封","lhRYYqfY3Z65","VSL未視聴・面談未予約。視聴開始で未視聴を停止、視聴完了で未視聴・途中を停止。予約完了／面談済み／営業停止は除外。VSL初回開始から72時間。","1日後 9:00","LINE","ステップ配信","VSL-U05","","【LINEメッセージ 1／text】
公開2日目です😊

まだ視聴を始めていない方へ。自分の商品がない状態からでも考えられる内容になっていますよ✨","","","","","VSL未視聴・面談未予約。視聴開始で未視聴を停止、視聴完了で未視聴・途中を停止。予約完了／面談済み／営業停止は除外。VSL初回開始から72時間。","","配信基準=。本文N/O/PとUTAGE編集URLは後続列に保持。","","","本文内定義","","YouTube正本を独自リライトしない。ステータスが廃止対象または旧読者のみの場合は新規実装しない。","【LINEメッセージ 1／text】
公開2日目です😊

まだ視聴を始めていない方へ。自分の商品がない状態からでも考えられる内容になっていますよ✨","公開2日目です😊

まだ視聴を始めていない方へ。自分の商品がない状態からでも考えられる内容になっていますよ✨","公開2日目。

多くの感想をいただきありがとうございます。
AIで会社経営する未来が現実的になったなどの声をたくさんいただいております。","https://utage-system.com/account/Y86og5tIw1hZ/scenario/6vW01x7mDumA/step/line/lhRYYqfY3Z65/edit","lhRYYqfY3Z65"
"YouTube_ゆっくりAI","REVIEW_YouTube_ゆっくりAI_20260810","137","稼働中","メッセージ","11","VSL_未開封","40JbjOH3V041","VSL未視聴・面談未予約。視聴開始で未視聴を停止、視聴完了で未視聴・途中を停止。予約完了／面談済み／営業停止は除外。VSL初回開始から72時間。","1日後 13:00","LINE","ステップ配信","VSL-U06","","【LINEメッセージ 1／text】
「AIを使えるようになってから事業を考える」必要は、実はないんです😌

何を作りたいかを考えながら、必要なAIの使い方を身につけていく方法もありますよ💡 動画でその考え方をぜひ確認してみてくださいね👇

────────────

【LINEメッセージ 2／button】
{
  ""alt_text"": ""【動画】期間限定・無料公開のご案内"",
  ""react_type"": ""free"",
  ""react_press_again_text"": null,
  ""thumbnail_image_url"": null,
  ""title"": ""LINE友だち限定 プレミアム無料動画"",
  ""text"": ""無料公開は登録から3日間・スマホ視聴OK"",
  ""actions"": [
    {
      ""type"": ""url"",
      ""label"": ""動画を見る"",
      ""uri"": ""https://utage-system.com/p/m6COEDrJH2BP"",
      ""add_label_id"": null,
      ""del_label_id"": null
    }
  ]
}","[
  {
    ""url"": ""https://utage-system.com/p/m6COEDrJH2BP"",
    ""action_id"": ""mjNKfwKZJRag"",
    ""expiration_type"": ""none""
  }
]","[
  {
    ""url"": ""https://utage-system.com/p/m6COEDrJH2BP"",
    ""action_id"": ""mjNKfwKZJRag"",
    ""expiration_type"": ""none""
  }
]","","","VSL未視聴・面談未予約。視聴開始で未視聴を停止、視聴完了で未視聴・途中を停止。予約完了／面談済み／営業停止は除外。VSL初回開始から72時間。","[
  {
    ""url"": ""https://utage-system.com/p/m6COEDrJH2BP"",
    ""action_id"": ""mjNKfwKZJRag"",
    ""expiration_type"": ""none""
  }
]","配信基準=。本文N/O/PとUTAGE編集URLは後続列に保持。","","","本文内定義","","YouTube正本を独自リライトしない。ステータスが廃止対象または旧読者のみの場合は新規実装しない。","【LINEメッセージ 1／text】
「AIを使えるようになってから事業を考える」必要は、実はないんです😌

何を作りたいかを考えながら、必要なAIの使い方を身につけていく方法もありますよ💡 動画でその考え方をぜひ確認してみてくださいね👇

────────────

【LINEメッセージ 2／button】
{
  ""alt_text"": ""【動画】期間限定・無料公開のご案内"",
  ""react_type"": ""free"",
  ""react_press_again_text"": null,
  ""thumbnail_image_url"": null,
  ""title"": ""LINE友だち限定 プレミアム無料動画"",
  ""text"": ""無料公開は登録から3日間・スマホ視聴OK"",
  ""actions"": [
    {
      ""type"": ""url"",
      ""label"": ""動画を見る"",
      ""uri"": ""https://utage-system.com/p/m6COEDrJH2BP"",
      ""add_label_id"": null,
      ""del_label_id"": null
    }
  ]
}","「AIを使えるようになってから事業を考える」必要は、実はないんです😌

何を作りたいかを考えながら、必要なAIの使い方を身につけていく方法もありますよ💡 動画でその考え方をぜひ確認してみてくださいね👇","「AIを使えるようになってから事業を考える」必要はありません。

何を作りたいかを考えながら、必要なAIの使い方を身につける方法もあります。動画でその考え方を確認してください。
[VSLURL]","https://utage-system.com/account/Y86og5tIw1hZ/scenario/6vW01x7mDumA/step/line/40JbjOH3V041/edit","40JbjOH3V041"
"YouTube_ゆっくりAI","REVIEW_YouTube_ゆっくりAI_20260810","138","稼働中","メッセージ","11","VSL_未開封","pl8XyFNAsg3R","VSL未視聴・面談未予約。視聴開始で未視聴を停止、視聴完了で未視聴・途中を停止。予約完了／面談済み／営業停止は除外。VSL初回開始から72時間。","1日後 18:00","LINE","ステップ配信","VSL-U07","","【LINEメッセージ 1／text】
%line_name%さん、公開期間は明日までですよ⏰

視聴後、スクールに興味がある方は AIひとり起業ロードマップ作成会 へ進めます😊 まずは内容を見て、自分に必要かどうか判断してみてくださいね🔥","","","","","VSL未視聴・面談未予約。視聴開始で未視聴を停止、視聴完了で未視聴・途中を停止。予約完了／面談済み／営業停止は除外。VSL初回開始から72時間。","","配信基準=。本文N/O/PとUTAGE編集URLは後続列に保持。","","","本文内定義","","YouTube正本を独自リライトしない。ステータスが廃止対象または旧読者のみの場合は新規実装しない。","【LINEメッセージ 1／text】
%line_name%さん、公開期間は明日までですよ⏰

視聴後、スクールに興味がある方は AIひとり起業ロードマップ作成会 へ進めます😊 まずは内容を見て、自分に必要かどうか判断してみてくださいね🔥","%line_name%さん、公開期間は明日までですよ⏰

視聴後、スクールに興味がある方は AIひとり起業ロードマップ作成会 へ進めます😊 まずは内容を見て、自分に必要かどうか判断してみてくださいね🔥","[name]さん、公開期間は明日までです。

視聴後、スクールに興味がある方は AIひとり起業ロードマップ作成会 へ進めます。まずは内容を見て、自分に必要か判断してください。","https://utage-system.com/account/Y86og5tIw1hZ/scenario/6vW01x7mDumA/step/line/pl8XyFNAsg3R/edit","pl8XyFNAsg3R"
"YouTube_ゆっくりAI","REVIEW_YouTube_ゆっくりAI_20260810","139","稼働中","メッセージ","11","VSL_未開封","eLjR3vW1Po0s","VSL未視聴・面談未予約。視聴開始で未視聴を停止、視聴完了で未視聴・途中を停止。予約完了／面談済み／営業停止は除外。VSL初回開始から72時間。","1日後 21:00","LINE","ステップ配信","VSL-U08","","【LINEメッセージ 1／text】
今日のうちに見始めておくと、明日は必要な箇所をじっくり見直す時間に使えますよ😊

終了：8月2日(土)23:59📣

────────────

【LINEメッセージ 2／button】
{
  ""alt_text"": ""【動画】期間限定・無料公開のご案内"",
  ""react_type"": ""free"",
  ""react_press_again_text"": null,
  ""thumbnail_image_url"": null,
  ""title"": ""LINE友だち限定 プレミアム無料動画"",
  ""text"": ""無料公開は登録から3日間・スマホ視聴OK"",
  ""actions"": [
    {
      ""type"": ""url"",
      ""label"": ""動画を見る"",
      ""uri"": ""https://utage-system.com/p/m6COEDrJH2BP"",
      ""add_label_id"": null,
      ""del_label_id"": null
    }
  ]
}","[
  {
    ""url"": ""https://utage-system.com/p/m6COEDrJH2BP"",
    ""action_id"": ""mjNKfwKZJRag"",
    ""expiration_type"": ""none""
  }
]","[
  {
    ""url"": ""https://utage-system.com/p/m6COEDrJH2BP"",
    ""action_id"": ""mjNKfwKZJRag"",
    ""expiration_type"": ""none""
  }
]","","","VSL未視聴・面談未予約。視聴開始で未視聴を停止、視聴完了で未視聴・途中を停止。予約完了／面談済み／営業停止は除外。VSL初回開始から72時間。","[
  {
    ""url"": ""https://utage-system.com/p/m6COEDrJH2BP"",
    ""action_id"": ""mjNKfwKZJRag"",
    ""expiration_type"": ""none""
  }
]","配信基準=。本文N/O/PとUTAGE編集URLは後続列に保持。","","","本文内定義","","YouTube正本を独自リライトしない。ステータスが廃止対象または旧読者のみの場合は新規実装しない。","【LINEメッセージ 1／text】
今日のうちに見始めておくと、明日は必要な箇所をじっくり見直す時間に使えますよ😊

終了：8月2日(土)23:59📣

────────────

【LINEメッセージ 2／button】
{
  ""alt_text"": ""【動画】期間限定・無料公開のご案内"",
  ""react_type"": ""free"",
  ""react_press_again_text"": null,
  ""thumbnail_image_url"": null,
  ""title"": ""LINE友だち限定 プレミアム無料動画"",
  ""text"": ""無料公開は登録から3日間・スマホ視聴OK"",
  ""actions"": [
    {
      ""type"": ""url"",
      ""label"": ""動画を見る"",
      ""uri"": ""https://utage-system.com/p/m6COEDrJH2BP"",
      ""add_label_id"": null,
      ""del_label_id"": null
    }
  ]
}","今日のうちに見始めておくと、明日は必要な箇所をじっくり見直す時間に使えますよ😊

終了：8月2日(土)23:59📣","今日のうちに見始めておくと、明日は必要な箇所を見直す時間に使えます。

視聴ページ：[VSLURL]
終了：[VSL終了日時]","https://utage-system.com/account/Y86og5tIw1hZ/scenario/6vW01x7mDumA/step/line/eLjR3vW1Po0s/edit","eLjR3vW1Po0s"
"YouTube_ゆっくりAI","REVIEW_YouTube_ゆっくりAI_20260810","140","稼働中","メッセージ","11","VSL_未開封","pNiEq3QAw7li","VSL未視聴・面談未予約。視聴開始で未視聴を停止、視聴完了で未視聴・途中を停止。予約完了／面談済み／営業停止は除外。VSL初回開始から72時間。","2日後 8:00","LINE","ステップ配信","VSL-U09","","【LINEメッセージ 1／text】
本日23:59で公開終了です⏰

日程が合わずライブに参加できなかった方も、今日中ならまだ内容を確認できますよ😊✨","","","","","VSL未視聴・面談未予約。視聴開始で未視聴を停止、視聴完了で未視聴・途中を停止。予約完了／面談済み／営業停止は除外。VSL初回開始から72時間。","","配信基準=。本文N/O/PとUTAGE編集URLは後続列に保持。","","","本文内定義","","YouTube正本を独自リライトしない。ステータスが廃止対象または旧読者のみの場合は新規実装しない。","【LINEメッセージ 1／text】
本日23:59で公開終了です⏰

日程が合わずライブに参加できなかった方も、今日中ならまだ内容を確認できますよ😊✨","本日23:59で公開終了です⏰

日程が合わずライブに参加できなかった方も、今日中ならまだ内容を確認できますよ😊✨","本日23:59で公開終了です。

日程が合わずライブに参加できなかった方も、今日中なら内容を確認できます。","https://utage-system.com/account/Y86og5tIw1hZ/scenario/6vW01x7mDumA/step/line/pNiEq3QAw7li/edit","pNiEq3QAw7li"
"YouTube_ゆっくりAI","REVIEW_YouTube_ゆっくりAI_20260810","141","稼働中","メッセージ","11","VSL_未開封","rshejwulCzb8","VSL未視聴・面談未予約。視聴開始で未視聴を停止、視聴完了で未視聴・途中を停止。予約完了／面談済み／営業停止は除外。VSL初回開始から72時間。","2日後 10:00","LINE","ステップ配信","VSL-U10","","【LINEメッセージ 1／text】
いよいよ公開最終日になりました🔥

AIでひとり起業するために、テーマ・商品・集客・販売をどうつなぐのか。まだ見ていない方は、今日の予定にぜひ視聴時間を入れてくださいね😊👇

────────────

【LINEメッセージ 2／button】
{
  ""alt_text"": ""【動画】本日が公開最終日です"",
  ""react_type"": ""free"",
  ""react_press_again_text"": null,
  ""thumbnail_image_url"": null,
  ""title"": ""LINE友だち限定 プレミアム無料動画"",
  ""text"": ""公開は本日まで・スマホ視聴OK"",
  ""actions"": [
    {
      ""type"": ""url"",
      ""label"": ""動画を見る"",
      ""uri"": ""https://utage-system.com/p/m6COEDrJH2BP"",
      ""add_label_id"": null,
      ""del_label_id"": null
    }
  ]
}","[
  {
    ""url"": ""https://utage-system.com/p/m6COEDrJH2BP"",
    ""action_id"": ""mjNKfwKZJRag"",
    ""expiration_type"": ""none""
  }
]","[
  {
    ""url"": ""https://utage-system.com/p/m6COEDrJH2BP"",
    ""action_id"": ""mjNKfwKZJRag"",
    ""expiration_type"": ""none""
  }
]","","","VSL未視聴・面談未予約。視聴開始で未視聴を停止、視聴完了で未視聴・途中を停止。予約完了／面談済み／営業停止は除外。VSL初回開始から72時間。","[
  {
    ""url"": ""https://utage-system.com/p/m6COEDrJH2BP"",
    ""action_id"": ""mjNKfwKZJRag"",
    ""expiration_type"": ""none""
  }
]","配信基準=。本文N/O/PとUTAGE編集URLは後続列に保持。","","","本文内定義","","YouTube正本を独自リライトしない。ステータスが廃止対象または旧読者のみの場合は新規実装しない。","【LINEメッセージ 1／text】
いよいよ公開最終日になりました🔥

AIでひとり起業するために、テーマ・商品・集客・販売をどうつなぐのか。まだ見ていない方は、今日の予定にぜひ視聴時間を入れてくださいね😊👇

────────────

【LINEメッセージ 2／button】
{
  ""alt_text"": ""【動画】本日が公開最終日です"",
  ""react_type"": ""free"",
  ""react_press_again_text"": null,
  ""thumbnail_image_url"": null,
  ""title"": ""LINE友だち限定 プレミアム無料動画"",
  ""text"": ""公開は本日まで・スマホ視聴OK"",
  ""actions"": [
    {
      ""type"": ""url"",
      ""label"": ""動画を見る"",
      ""uri"": ""https://utage-system.com/p/m6COEDrJH2BP"",
      ""add_label_id"": null,
      ""del_label_id"": null
    }
  ]
}","いよいよ公開最終日になりました🔥

AIでひとり起業するために、テーマ・商品・集客・販売をどうつなぐのか。まだ見ていない方は、今日の予定にぜひ視聴時間を入れてくださいね😊👇","公開最終日になりました。

AIでひとり起業するために、テーマ・商品・集客・販売をどうつなぐのか。まだ見ていない方は、今日の予定に視聴時間を入れてください。
[VSLURL]","https://utage-system.com/account/Y86og5tIw1hZ/scenario/6vW01x7mDumA/step/line/rshejwulCzb8/edit","rshejwulCzb8"
"YouTube_ゆっくりAI","REVIEW_YouTube_ゆっくりAI_20260810","142","稼働中","メッセージ","11","VSL_未開封","rSdX9Ug0LLj1","VSL未視聴・面談未予約。視聴開始で未視聴を停止、視聴完了で未視聴・途中を停止。予約完了／面談済み／営業停止は除外。VSL初回開始から72時間。","2日後 12:00","LINE","ステップ配信","VSL-U11","","【LINEメッセージ 1／text】
あと半日ほどで終了しちゃいます⏰

ページを開いていないまま期限を迎えると、今回の動画は見られなくなります。必要なら今のうちにぜひご覧くださいね🔥","","","","","VSL未視聴・面談未予約。視聴開始で未視聴を停止、視聴完了で未視聴・途中を停止。予約完了／面談済み／営業停止は除外。VSL初回開始から72時間。","","配信基準=。本文N/O/PとUTAGE編集URLは後続列に保持。","","","本文内定義","","YouTube正本を独自リライトしない。ステータスが廃止対象または旧読者のみの場合は新規実装しない。","【LINEメッセージ 1／text】
あと半日ほどで終了しちゃいます⏰

ページを開いていないまま期限を迎えると、今回の動画は見られなくなります。必要なら今のうちにぜひご覧くださいね🔥","あと半日ほどで終了しちゃいます⏰

ページを開いていないまま期限を迎えると、今回の動画は見られなくなります。必要なら今のうちにぜひご覧くださいね🔥","あと半日ほどで終了します。

ページを開いていないまま期限を迎えると、今回の動画は見られなくなります。必要なら今のうちにご覧ください。","https://utage-system.com/account/Y86og5tIw1hZ/scenario/6vW01x7mDumA/step/line/rSdX9Ug0LLj1/edit","rSdX9Ug0LLj1"
"YouTube_ゆっくりAI","REVIEW_YouTube_ゆっくりAI_20260810","143","稼働中","メッセージ","11","VSL_未開封","5LCZMUE4Si6x","VSL未視聴・面談未予約。視聴開始で未視聴を停止、視聴完了で未視聴・途中を停止。予約完了／面談済み／営業停止は除外。VSL初回開始から72時間。","2日後 15:00","LINE","ステップ配信","VSL-U12","","【LINEメッセージ 1／text】
%line_name%さん、まだ間に合いますよ😊

完璧に理解しようとせず、まずは全体像をざっと通して見るのがおすすめです✨ 公開は本日23:59までです👇

────────────

【LINEメッセージ 2／button】
{
  ""alt_text"": ""【動画】公開は本日23:59まで"",
  ""react_type"": ""free"",
  ""react_press_again_text"": null,
  ""thumbnail_image_url"": null,
  ""title"": ""LINE友だち限定 プレミアム無料動画"",
  ""text"": ""公開は本日23:59まで"",
  ""actions"": [
    {
      ""type"": ""url"",
      ""label"": ""動画を見る"",
      ""uri"": ""https://utage-system.com/p/m6COEDrJH2BP"",
      ""add_label_id"": null,
      ""del_label_id"": null
    }
  ]
}","[
  {
    ""url"": ""https://utage-system.com/p/m6COEDrJH2BP"",
    ""action_id"": ""mjNKfwKZJRag"",
    ""expiration_type"": ""none""
  }
]","[
  {
    ""url"": ""https://utage-system.com/p/m6COEDrJH2BP"",
    ""action_id"": ""mjNKfwKZJRag"",
    ""expiration_type"": ""none""
  }
]","","","VSL未視聴・面談未予約。視聴開始で未視聴を停止、視聴完了で未視聴・途中を停止。予約完了／面談済み／営業停止は除外。VSL初回開始から72時間。","[
  {
    ""url"": ""https://utage-system.com/p/m6COEDrJH2BP"",
    ""action_id"": ""mjNKfwKZJRag"",
    ""expiration_type"": ""none""
  }
]","配信基準=。本文N/O/PとUTAGE編集URLは後続列に保持。","","","本文内定義","","YouTube正本を独自リライトしない。ステータスが廃止対象または旧読者のみの場合は新規実装しない。","【LINEメッセージ 1／text】
%line_name%さん、まだ間に合いますよ😊

完璧に理解しようとせず、まずは全体像をざっと通して見るのがおすすめです✨ 公開は本日23:59までです👇

────────────

【LINEメッセージ 2／button】
{
  ""alt_text"": ""【動画】公開は本日23:59まで"",
  ""react_type"": ""free"",
  ""react_press_again_text"": null,
  ""thumbnail_image_url"": null,
  ""title"": ""LINE友だち限定 プレミアム無料動画"",
  ""text"": ""公開は本日23:59まで"",
  ""actions"": [
    {
      ""type"": ""url"",
      ""label"": ""動画を見る"",
      ""uri"": ""https://utage-system.com/p/m6COEDrJH2BP"",
      ""add_label_id"": null,
      ""del_label_id"": null
    }
  ]
}","%line_name%さん、まだ間に合いますよ😊

完璧に理解しようとせず、まずは全体像をざっと通して見るのがおすすめです✨ 公開は本日23:59までです👇","[name]さん、まだ間に合います。

完璧に理解しようとせず、まず全体像を通して見るのがおすすめです。公開は本日23:59までです。
[VSLURL]","https://utage-system.com/account/Y86og5tIw1hZ/scenario/6vW01x7mDumA/step/line/5LCZMUE4Si6x/edit","5LCZMUE4Si6x"
"YouTube_ゆっくりAI","REVIEW_YouTube_ゆっくりAI_20260810","144","稼働中","メッセージ","11","VSL_未開封","8lEagN0kny0j","VSL未視聴・面談未予約。視聴開始で未視聴を停止、視聴完了で未視聴・途中を停止。予約完了／面談済み／営業停止は除外。VSL初回開始から72時間。","2日後 18:00","LINE","ステップ配信","VSL-U13","","【LINEメッセージ 1／text】
残り6時間です⏰

今回の3日限定公開は、今夜で終了します。AIの情報収集から、自分の事業を作る側へ進みたい方はぜひご視聴くださいね😊✨","","","","","VSL未視聴・面談未予約。視聴開始で未視聴を停止、視聴完了で未視聴・途中を停止。予約完了／面談済み／営業停止は除外。VSL初回開始から72時間。","","配信基準=。本文N/O/PとUTAGE編集URLは後続列に保持。","","","本文内定義","","YouTube正本を独自リライトしない。ステータスが廃止対象または旧読者のみの場合は新規実装しない。","【LINEメッセージ 1／text】
残り6時間です⏰

今回の3日限定公開は、今夜で終了します。AIの情報収集から、自分の事業を作る側へ進みたい方はぜひご視聴くださいね😊✨","残り6時間です⏰

今回の3日限定公開は、今夜で終了します。AIの情報収集から、自分の事業を作る側へ進みたい方はぜひご視聴くださいね😊✨","残り6時間。

今回の3日限定公開は今夜で終了します。AIの情報収集から、自分の事業を作る側へ進みたい方はご視聴ください。","https://utage-system.com/account/Y86og5tIw1hZ/scenario/6vW01x7mDumA/step/line/8lEagN0kny0j/edit","8lEagN0kny0j"
"YouTube_ゆっくりAI","REVIEW_YouTube_ゆっくりAI_20260810","145","稼働中","メッセージ","11","VSL_未開封","hYYgJFw7xNEl","VSL未視聴・面談未予約。視聴開始で未視聴を停止、視聴完了で未視聴・途中を停止。予約完了／面談済み／営業停止は除外。VSL初回開始から72時間。","2日後 21:00","LINE","ステップ配信","VSL-U14","","【LINEメッセージ 1／text】
終了まであと3時間です⏰

視聴するか迷っていた方へ😊 ページを開けるのは本日23:59までですよ👇

────────────

【LINEメッセージ 2／button】
{
  ""alt_text"": ""【動画】終了まであと3時間です"",
  ""react_type"": ""free"",
  ""react_press_again_text"": null,
  ""thumbnail_image_url"": null,
  ""title"": ""LINE友だち限定 プレミアム無料動画"",
  ""text"": ""終了まであと3時間"",
  ""actions"": [
    {
      ""type"": ""url"",
      ""label"": ""動画を見る"",
      ""uri"": ""https://utage-system.com/p/m6COEDrJH2BP"",
      ""add_label_id"": null,
      ""del_label_id"": null
    }
  ]
}","[
  {
    ""url"": ""https://utage-system.com/p/m6COEDrJH2BP"",
    ""action_id"": ""mjNKfwKZJRag"",
    ""expiration_type"": ""none""
  }
]","[
  {
    ""url"": ""https://utage-system.com/p/m6COEDrJH2BP"",
    ""action_id"": ""mjNKfwKZJRag"",
    ""expiration_type"": ""none""
  }
]","","","VSL未視聴・面談未予約。視聴開始で未視聴を停止、視聴完了で未視聴・途中を停止。予約完了／面談済み／営業停止は除外。VSL初回開始から72時間。","[
  {
    ""url"": ""https://utage-system.com/p/m6COEDrJH2BP"",
    ""action_id"": ""mjNKfwKZJRag"",
    ""expiration_type"": ""none""
  }
]","配信基準=。本文N/O/PとUTAGE編集URLは後続列に保持。","","","本文内定義","","YouTube正本を独自リライトしない。ステータスが廃止対象または旧読者のみの場合は新規実装しない。","【LINEメッセージ 1／text】
終了まであと3時間です⏰

視聴するか迷っていた方へ😊 ページを開けるのは本日23:59までですよ👇

────────────

【LINEメッセージ 2／button】
{
  ""alt_text"": ""【動画】終了まであと3時間です"",
  ""react_type"": ""free"",
  ""react_press_again_text"": null,
  ""thumbnail_image_url"": null,
  ""title"": ""LINE友だち限定 プレミアム無料動画"",
  ""text"": ""終了まであと3時間"",
  ""actions"": [
    {
      ""type"": ""url"",
      ""label"": ""動画を見る"",
      ""uri"": ""https://utage-system.com/p/m6COEDrJH2BP"",
      ""add_label_id"": null,
      ""del_label_id"": null
    }
  ]
}","終了まであと3時間です⏰

視聴するか迷っていた方へ😊 ページを開けるのは本日23:59までですよ👇","終了まであと3時間です。

視聴するか迷っていた方へ。ページを開けるのは本日23:59までです。
[VSLURL]","https://utage-system.com/account/Y86og5tIw1hZ/scenario/6vW01x7mDumA/step/line/hYYgJFw7xNEl/edit","hYYgJFw7xNEl"
"YouTube_ゆっくりAI","REVIEW_YouTube_ゆっくりAI_20260810","146","稼働中","メッセージ","11","VSL_未開封","ZjANTpPHmTOH","VSL未視聴・面談未予約。視聴開始で未視聴を停止、視聴完了で未視聴・途中を停止。予約完了／面談済み／営業停止は除外。VSL初回開始から72時間。","2日後 23:00","LINE","ステップ配信","VSL-U15","","【LINEメッセージ 1／text】
あと1時間で公開終了です⏰

これが3日限定公開の最後のご案内になります🙏 見ておきたい方は、今すぐ視聴ページを開いてくださいね🔥","","","","","VSL未視聴・面談未予約。視聴開始で未視聴を停止、視聴完了で未視聴・途中を停止。予約完了／面談済み／営業停止は除外。VSL初回開始から72時間。","","配信基準=。本文N/O/PとUTAGE編集URLは後続列に保持。","","","本文内定義","","YouTube正本を独自リライトしない。ステータスが廃止対象または旧読者のみの場合は新規実装しない。","【LINEメッセージ 1／text】
あと1時間で公開終了です⏰

これが3日限定公開の最後のご案内になります🙏 見ておきたい方は、今すぐ視聴ページを開いてくださいね🔥","あと1時間で公開終了です⏰

これが3日限定公開の最後のご案内になります🙏 見ておきたい方は、今すぐ視聴ページを開いてくださいね🔥","あと1時間で公開終了です。

これが3日限定公開の最後のご案内です。見ておきたい方は、今すぐ視聴ページを開いてください。","https://utage-system.com/account/Y86og5tIw1hZ/scenario/6vW01x7mDumA/step/line/ZjANTpPHmTOH/edit","ZjANTpPHmTOH"
"YouTube_ゆっくりAI","REVIEW_YouTube_ゆっくりAI_20260810","147","稼働中","メッセージ","12","VSL_一部視聴","jd8LZ2WGD22p","VSL途中視聴・面談未予約。視聴開始で未視聴を停止、視聴完了で未視聴・途中を停止。予約完了／面談済み／営業停止は除外。VSL初回開始から72時間。","30分 後","LINE","ステップ配信","VSL-P01","","【LINEメッセージ 1／text】
%line_name%さん、動画を開いてくださってありがとうございます😊🎉

途中で止めちゃった場合も、こちらから続きに戻れますよ👇

────────────

【LINEメッセージ 2／button】
{
  ""alt_text"": ""【動画】続きはこちらから再生できます"",
  ""react_type"": ""free"",
  ""react_press_again_text"": null,
  ""thumbnail_image_url"": null,
  ""title"": ""LINE友だち限定 プレミアム無料動画"",
  ""text"": ""途中から続きを再生できます"",
  ""actions"": [
    {
      ""type"": ""url"",
      ""label"": ""動画を見る"",
      ""uri"": ""https://utage-system.com/p/m6COEDrJH2BP"",
      ""add_label_id"": null,
      ""del_label_id"": null
    }
  ]
}","[
  {
    ""url"": ""https://utage-system.com/p/m6COEDrJH2BP"",
    ""action_id"": ""mjNKfwKZJRag"",
    ""expiration_type"": ""none""
  }
]","[
  {
    ""url"": ""https://utage-system.com/p/m6COEDrJH2BP"",
    ""action_id"": ""mjNKfwKZJRag"",
    ""expiration_type"": ""none""
  }
]","","","VSL途中視聴・面談未予約。視聴開始で未視聴を停止、視聴完了で未視聴・途中を停止。予約完了／面談済み／営業停止は除外。VSL初回開始から72時間。","[
  {
    ""url"": ""https://utage-system.com/p/m6COEDrJH2BP"",
    ""action_id"": ""mjNKfwKZJRag"",
    ""expiration_type"": ""none""
  }
]","配信基準=。本文N/O/PとUTAGE編集URLは後続列に保持。","","","本文内定義","","YouTube正本を独自リライトしない。ステータスが廃止対象または旧読者のみの場合は新規実装しない。","【LINEメッセージ 1／text】
%line_name%さん、動画を開いてくださってありがとうございます😊🎉

途中で止めちゃった場合も、こちらから続きに戻れますよ👇

────────────

【LINEメッセージ 2／button】
{
  ""alt_text"": ""【動画】続きはこちらから再生できます"",
  ""react_type"": ""free"",
  ""react_press_again_text"": null,
  ""thumbnail_image_url"": null,
  ""title"": ""LINE友だち限定 プレミアム無料動画"",
  ""text"": ""途中から続きを再生できます"",
  ""actions"": [
    {
      ""type"": ""url"",
      ""label"": ""動画を見る"",
      ""uri"": ""https://utage-system.com/p/m6COEDrJH2BP"",
      ""add_label_id"": null,
      ""del_label_id"": null
    }
  ]
}","%line_name%さん、動画を開いてくださってありがとうございます😊🎉

途中で止めちゃった場合も、こちらから続きに戻れますよ👇","[name]さん、動画を開いてくださりありがとうございます。

途中で止めた場合は、こちらから続きに戻れます。
[VSLURL]","https://utage-system.com/account/Y86og5tIw1hZ/scenario/XjJ8DIN9vJ1f/step/line/jd8LZ2WGD22p/edit","jd8LZ2WGD22p"
"YouTube_ゆっくりAI","REVIEW_YouTube_ゆっくりAI_20260810","148","稼働中","メッセージ","12","VSL_一部視聴","RLqgOQRNAf29","VSL途中視聴・面談未予約。視聴開始で未視聴を停止、視聴完了で未視聴・途中を停止。予約完了／面談済み／営業停止は除外。VSL初回開始から72時間。","0日後 17:00","LINE","ステップ配信","VSL-P02","","【LINEメッセージ 1／text】
一度で見切れなくても大丈夫ですよ😊

ただ、テーマ選びから販売までがちゃんとつながっているので、公開期間中に最後まで通して見るのがおすすめです✨","","","","","VSL途中視聴・面談未予約。視聴開始で未視聴を停止、視聴完了で未視聴・途中を停止。予約完了／面談済み／営業停止は除外。VSL初回開始から72時間。","","配信基準=。本文N/O/PとUTAGE編集URLは後続列に保持。","","","本文内定義","","YouTube正本を独自リライトしない。ステータスが廃止対象または旧読者のみの場合は新規実装しない。","【LINEメッセージ 1／text】
一度で見切れなくても大丈夫ですよ😊

ただ、テーマ選びから販売までがちゃんとつながっているので、公開期間中に最後まで通して見るのがおすすめです✨","一度で見切れなくても大丈夫ですよ😊

ただ、テーマ選びから販売までがちゃんとつながっているので、公開期間中に最後まで通して見るのがおすすめです✨","一度で見切れなくても大丈夫です。

ただ、テーマ選びから販売までがつながっているので、公開期間中に最後まで通して見るのがおすすめです。","https://utage-system.com/account/Y86og5tIw1hZ/scenario/XjJ8DIN9vJ1f/step/line/RLqgOQRNAf29/edit","RLqgOQRNAf29"
"YouTube_ゆっくりAI","REVIEW_YouTube_ゆっくりAI_20260810","149","稼働中","メッセージ","12","VSL_一部視聴","1P8u09TqQLyk","VSL途中視聴・面談未予約。視聴開始で未視聴を停止、視聴完了で未視聴・途中を停止。予約完了／面談済み／営業停止は除外。VSL初回開始から72時間。","0日後 21:00","LINE","ステップ配信","VSL-P03","","【LINEメッセージ 1／text】
動画の途中で止まっている方へ😊

「自分なら何を事業にするか」を考えながら見ると、ただの情報じゃなくて行動の材料になりますよ💡👇

────────────

【LINEメッセージ 2／button】
{
  ""alt_text"": ""【動画】続きはこちらから再生できます"",
  ""react_type"": ""free"",
  ""react_press_again_text"": null,
  ""thumbnail_image_url"": null,
  ""title"": ""LINE友だち限定 プレミアム無料動画"",
  ""text"": ""途中から続きを再生できます"",
  ""actions"": [
    {
      ""type"": ""url"",
      ""label"": ""動画を見る"",
      ""uri"": ""https://utage-system.com/p/m6COEDrJH2BP"",
      ""add_label_id"": null,
      ""del_label_id"": null
    }
  ]
}","[
  {
    ""url"": ""https://utage-system.com/p/m6COEDrJH2BP"",
    ""action_id"": ""mjNKfwKZJRag"",
    ""expiration_type"": ""none""
  }
]","[
  {
    ""url"": ""https://utage-system.com/p/m6COEDrJH2BP"",
    ""action_id"": ""mjNKfwKZJRag"",
    ""expiration_type"": ""none""
  }
]","","","VSL途中視聴・面談未予約。視聴開始で未視聴を停止、視聴完了で未視聴・途中を停止。予約完了／面談済み／営業停止は除外。VSL初回開始から72時間。","[
  {
    ""url"": ""https://utage-system.com/p/m6COEDrJH2BP"",
    ""action_id"": ""mjNKfwKZJRag"",
    ""expiration_type"": ""none""
  }
]","配信基準=。本文N/O/PとUTAGE編集URLは後続列に保持。","","","本文内定義","","YouTube正本を独自リライトしない。ステータスが廃止対象または旧読者のみの場合は新規実装しない。","【LINEメッセージ 1／text】
動画の途中で止まっている方へ😊

「自分なら何を事業にするか」を考えながら見ると、ただの情報じゃなくて行動の材料になりますよ💡👇

────────────

【LINEメッセージ 2／button】
{
  ""alt_text"": ""【動画】続きはこちらから再生できます"",
  ""react_type"": ""free"",
  ""react_press_again_text"": null,
  ""thumbnail_image_url"": null,
  ""title"": ""LINE友だち限定 プレミアム無料動画"",
  ""text"": ""途中から続きを再生できます"",
  ""actions"": [
    {
      ""type"": ""url"",
      ""label"": ""動画を見る"",
      ""uri"": ""https://utage-system.com/p/m6COEDrJH2BP"",
      ""add_label_id"": null,
      ""del_label_id"": null
    }
  ]
}","動画の途中で止まっている方へ😊

「自分なら何を事業にするか」を考えながら見ると、ただの情報じゃなくて行動の材料になりますよ💡👇","動画の途中で止まっている方へ。

「自分なら何を事業にするか」を考えながら見ると、ただの情報ではなく行動の材料になります。
[VSLURL]","https://utage-system.com/account/Y86og5tIw1hZ/scenario/XjJ8DIN9vJ1f/step/line/1P8u09TqQLyk/edit","1P8u09TqQLyk"
"YouTube_ゆっくりAI","REVIEW_YouTube_ゆっくりAI_20260810","150","稼働中","メッセージ","12","VSL_一部視聴","hZGpXnuEz1xg","VSL途中視聴・面談未予約。視聴開始で未視聴を停止、視聴完了で未視聴・途中を停止。予約完了／面談済み／営業停止は除外。VSL初回開始から72時間。","1日後 9:00","LINE","ステップ配信","VSL-P04","","【LINEメッセージ 1／text】
昨日の続きから、いきましょう😊

視聴ページを開いて、商品・集客・販売までの流れを最後まで確認してみてくださいね🔥","","","","","VSL途中視聴・面談未予約。視聴開始で未視聴を停止、視聴完了で未視聴・途中を停止。予約完了／面談済み／営業停止は除外。VSL初回開始から72時間。","","配信基準=。本文N/O/PとUTAGE編集URLは後続列に保持。","","","本文内定義","","YouTube正本を独自リライトしない。ステータスが廃止対象または旧読者のみの場合は新規実装しない。","【LINEメッセージ 1／text】
昨日の続きから、いきましょう😊

視聴ページを開いて、商品・集客・販売までの流れを最後まで確認してみてくださいね🔥","昨日の続きから、いきましょう😊

視聴ページを開いて、商品・集客・販売までの流れを最後まで確認してみてくださいね🔥","昨日の続きから。

視聴ページを開き、商品・集客・販売までの流れを最後まで確認してください。","https://utage-system.com/account/Y86og5tIw1hZ/scenario/XjJ8DIN9vJ1f/step/line/hZGpXnuEz1xg/edit","hZGpXnuEz1xg"
"YouTube_ゆっくりAI","REVIEW_YouTube_ゆっくりAI_20260810","151","稼働中","メッセージ","12","VSL_一部視聴","suBXJeaTTYkm","VSL途中視聴・面談未予約。視聴開始で未視聴を停止、視聴完了で未視聴・途中を停止。予約完了／面談済み／営業停止は除外。VSL初回開始から72時間。","1日後 14:00","LINE","ステップ配信","VSL-P05","","【LINEメッセージ 1／text】
AIツールを増やすことより、「誰に何を届けるか」を決める方が先なんです💡

後半では、学びを事業につなげる考え方も扱っていますよ😊📣","","","","","VSL途中視聴・面談未予約。視聴開始で未視聴を停止、視聴完了で未視聴・途中を停止。予約完了／面談済み／営業停止は除外。VSL初回開始から72時間。","","配信基準=。本文N/O/PとUTAGE編集URLは後続列に保持。","","","本文内定義","","YouTube正本を独自リライトしない。ステータスが廃止対象または旧読者のみの場合は新規実装しない。","【LINEメッセージ 1／text】
AIツールを増やすことより、「誰に何を届けるか」を決める方が先なんです💡

後半では、学びを事業につなげる考え方も扱っていますよ😊📣","AIツールを増やすことより、「誰に何を届けるか」を決める方が先なんです💡

後半では、学びを事業につなげる考え方も扱っていますよ😊📣","AIツールを増やすことより、「誰に何を届けるか」を決める方が先です。

後半では、学びを事業につなげる考え方も扱っています。","https://utage-system.com/account/Y86og5tIw1hZ/scenario/XjJ8DIN9vJ1f/step/line/suBXJeaTTYkm/edit","suBXJeaTTYkm"
"YouTube_ゆっくりAI","REVIEW_YouTube_ゆっくりAI_20260810","152","稼働中","メッセージ","12","VSL_一部視聴","6kJfk5ZhL0ZI","VSL途中視聴・面談未予約。視聴開始で未視聴を停止、視聴完了で未視聴・途中を停止。予約完了／面談済み／営業停止は除外。VSL初回開始から72時間。","1日後 20:00","LINE","ステップ配信","VSL-P06","","【LINEメッセージ 1／text】
公開期限は 8月2日(土)23:59 です⏰

視聴を始めた時刻にかかわらず延長はされないので、余裕があるうちに続きをご覧くださいね😊✨","","","","","VSL途中視聴・面談未予約。視聴開始で未視聴を停止、視聴完了で未視聴・途中を停止。予約完了／面談済み／営業停止は除外。VSL初回開始から72時間。","","配信基準=。本文N/O/PとUTAGE編集URLは後続列に保持。","","","本文内定義","","YouTube正本を独自リライトしない。ステータスが廃止対象または旧読者のみの場合は新規実装しない。","【LINEメッセージ 1／text】
公開期限は 8月2日(土)23:59 です⏰

視聴を始めた時刻にかかわらず延長はされないので、余裕があるうちに続きをご覧くださいね😊✨","公開期限は 8月2日(土)23:59 です⏰

視聴を始めた時刻にかかわらず延長はされないので、余裕があるうちに続きをご覧くださいね😊✨","公開期限は [VSL終了日時] です。

視聴を始めた時刻にかかわらず延長はされないので、余裕があるうちに続きをご覧ください。","https://utage-system.com/account/Y86og5tIw1hZ/scenario/XjJ8DIN9vJ1f/step/line/6kJfk5ZhL0ZI/edit","6kJfk5ZhL0ZI"
"YouTube_ゆっくりAI","REVIEW_YouTube_ゆっくりAI_20260810","153","稼働中","メッセージ","12","VSL_一部視聴","Pkn7lktciPoS","VSL途中視聴・面談未予約。視聴開始で未視聴を停止、視聴完了で未視聴・途中を停止。予約完了／面談済み／営業停止は除外。VSL初回開始から72時間。","2日後 9:00","LINE","ステップ配信","VSL-P07","","【LINEメッセージ 1／text】
本日が視聴最終日です⏰

途中まで見た方は、今夜23:59までに続きへ戻ってきてくださいね😊🎥","","","","","VSL途中視聴・面談未予約。視聴開始で未視聴を停止、視聴完了で未視聴・途中を停止。予約完了／面談済み／営業停止は除外。VSL初回開始から72時間。","","配信基準=。本文N/O/PとUTAGE編集URLは後続列に保持。","","","本文内定義","","YouTube正本を独自リライトしない。ステータスが廃止対象または旧読者のみの場合は新規実装しない。","【LINEメッセージ 1／text】
本日が視聴最終日です⏰

途中まで見た方は、今夜23:59までに続きへ戻ってきてくださいね😊🎥","本日が視聴最終日です⏰

途中まで見た方は、今夜23:59までに続きへ戻ってきてくださいね😊🎥","本日が視聴最終日です。

途中まで見た方は、今夜23:59までに続きへ戻ってください。","https://utage-system.com/account/Y86og5tIw1hZ/scenario/XjJ8DIN9vJ1f/step/line/Pkn7lktciPoS/edit","Pkn7lktciPoS"
"YouTube_ゆっくりAI","REVIEW_YouTube_ゆっくりAI_20260810","154","稼働中","メッセージ","12","VSL_一部視聴","CiZEgXL5O3Uz","VSL途中視聴・面談未予約。視聴開始で未視聴を停止、視聴完了で未視聴・途中を停止。予約完了／面談済み／営業停止は除外。VSL初回開始から72時間。","2日後 14:00","LINE","ステップ配信","VSL-P08","","【LINEメッセージ 1／text】
残り時間が少なくなってきました⏰

見終わったら、スクールに興味がある方だけ AIひとり起業ロードマップ作成会 の日程を確認できますよ😊👇

────────────

【LINEメッセージ 2／button】
{
  ""alt_text"": ""【動画】公開は本日23:59まで"",
  ""react_type"": ""free"",
  ""react_press_again_text"": null,
  ""thumbnail_image_url"": null,
  ""title"": ""LINE友だち限定 プレミアム無料動画"",
  ""text"": ""公開は本日23:59まで"",
  ""actions"": [
    {
      ""type"": ""url"",
      ""label"": ""動画を見る"",
      ""uri"": ""https://utage-system.com/p/m6COEDrJH2BP"",
      ""add_label_id"": null,
      ""del_label_id"": null
    }
  ]
}","[
  {
    ""url"": ""https://utage-system.com/p/m6COEDrJH2BP"",
    ""action_id"": ""mjNKfwKZJRag"",
    ""expiration_type"": ""none""
  }
]","[
  {
    ""url"": ""https://utage-system.com/p/m6COEDrJH2BP"",
    ""action_id"": ""mjNKfwKZJRag"",
    ""expiration_type"": ""none""
  }
]","","","VSL途中視聴・面談未予約。視聴開始で未視聴を停止、視聴完了で未視聴・途中を停止。予約完了／面談済み／営業停止は除外。VSL初回開始から72時間。","[
  {
    ""url"": ""https://utage-system.com/p/m6COEDrJH2BP"",
    ""action_id"": ""mjNKfwKZJRag"",
    ""expiration_type"": ""none""
  }
]","配信基準=。本文N/O/PとUTAGE編集URLは後続列に保持。","","","本文内定義","","YouTube正本を独自リライトしない。ステータスが廃止対象または旧読者のみの場合は新規実装しない。","【LINEメッセージ 1／text】
残り時間が少なくなってきました⏰

見終わったら、スクールに興味がある方だけ AIひとり起業ロードマップ作成会 の日程を確認できますよ😊👇

────────────

【LINEメッセージ 2／button】
{
  ""alt_text"": ""【動画】公開は本日23:59まで"",
  ""react_type"": ""free"",
  ""react_press_again_text"": null,
  ""thumbnail_image_url"": null,
  ""title"": ""LINE友だち限定 プレミアム無料動画"",
  ""text"": ""公開は本日23:59まで"",
  ""actions"": [
    {
      ""type"": ""url"",
      ""label"": ""動画を見る"",
      ""uri"": ""https://utage-system.com/p/m6COEDrJH2BP"",
      ""add_label_id"": null,
      ""del_label_id"": null
    }
  ]
}","残り時間が少なくなってきました⏰

見終わったら、スクールに興味がある方だけ AIひとり起業ロードマップ作成会 の日程を確認できますよ😊👇","残り時間が少なくなってきました。

見終わったら、スクールに興味がある方だけ AIひとり起業ロードマップ作成会 の日程を確認できます。
[VSLURL]","https://utage-system.com/account/Y86og5tIw1hZ/scenario/XjJ8DIN9vJ1f/step/line/CiZEgXL5O3Uz/edit","CiZEgXL5O3Uz"
"YouTube_ゆっくりAI","REVIEW_YouTube_ゆっくりAI_20260810","155","稼働中","メッセージ","12","VSL_一部視聴","ETjHWlvzXGr3","VSL途中視聴・面談未予約。視聴開始で未視聴を停止、視聴完了で未視聴・途中を停止。予約完了／面談済み／営業停止は除外。VSL初回開始から72時間。","2日後 19:00","LINE","ステップ配信","VSL-P09","","【LINEメッセージ 1／text】
公開終了まであと数時間です⏰

途中のままにせず、AIで事業を作る全体像を今日中にぜひ完成させちゃいましょう😊📣","","","","","VSL途中視聴・面談未予約。視聴開始で未視聴を停止、視聴完了で未視聴・途中を停止。予約完了／面談済み／営業停止は除外。VSL初回開始から72時間。","","配信基準=。本文N/O/PとUTAGE編集URLは後続列に保持。","","","本文内定義","","YouTube正本を独自リライトしない。ステータスが廃止対象または旧読者のみの場合は新規実装しない。","【LINEメッセージ 1／text】
公開終了まであと数時間です⏰

途中のままにせず、AIで事業を作る全体像を今日中にぜひ完成させちゃいましょう😊📣","公開終了まであと数時間です⏰

途中のままにせず、AIで事業を作る全体像を今日中にぜひ完成させちゃいましょう😊📣","公開終了まであと数時間です。

途中のままにせず、AIで事業を作る全体像を今日中に完成させてください。","https://utage-system.com/account/Y86og5tIw1hZ/scenario/XjJ8DIN9vJ1f/step/line/ETjHWlvzXGr3/edit","ETjHWlvzXGr3"
"YouTube_ゆっくりAI","REVIEW_YouTube_ゆっくりAI_20260810","156","稼働中","メッセージ","12","VSL_一部視聴","WhfdR94zX0IG","VSL途中視聴・面談未予約。視聴開始で未視聴を停止、視聴完了で未視聴・途中を停止。予約完了／面談済み／営業停止は除外。VSL初回開始から72時間。","2日後 22:30","LINE","ステップ配信","VSL-P10","","【LINEメッセージ 1／text】
23:59で終了します⏰

視聴途中の方への最後のご案内です🙏 今すぐこちらから続きをご覧くださいね👇

────────────

【LINEメッセージ 2／button】
{
  ""alt_text"": ""【動画】本日23:59で終了します"",
  ""react_type"": ""free"",
  ""react_press_again_text"": null,
  ""thumbnail_image_url"": null,
  ""title"": ""LINE友だち限定 プレミアム無料動画"",
  ""text"": ""本日23:59で終了"",
  ""actions"": [
    {
      ""type"": ""url"",
      ""label"": ""動画を見る"",
      ""uri"": ""https://utage-system.com/p/m6COEDrJH2BP"",
      ""add_label_id"": null,
      ""del_label_id"": null
    }
  ]
}","[
  {
    ""url"": ""https://utage-system.com/p/m6COEDrJH2BP"",
    ""action_id"": ""mjNKfwKZJRag"",
    ""expiration_type"": ""none""
  }
]","[
  {
    ""url"": ""https://utage-system.com/p/m6COEDrJH2BP"",
    ""action_id"": ""mjNKfwKZJRag"",
    ""expiration_type"": ""none""
  }
]","","","VSL途中視聴・面談未予約。視聴開始で未視聴を停止、視聴完了で未視聴・途中を停止。予約完了／面談済み／営業停止は除外。VSL初回開始から72時間。","[
  {
    ""url"": ""https://utage-system.com/p/m6COEDrJH2BP"",
    ""action_id"": ""mjNKfwKZJRag"",
    ""expiration_type"": ""none""
  }
]","配信基準=。本文N/O/PとUTAGE編集URLは後続列に保持。","","","本文内定義","","YouTube正本を独自リライトしない。ステータスが廃止対象または旧読者のみの場合は新規実装しない。","【LINEメッセージ 1／text】
23:59で終了します⏰

視聴途中の方への最後のご案内です🙏 今すぐこちらから続きをご覧くださいね👇

────────────

【LINEメッセージ 2／button】
{
  ""alt_text"": ""【動画】本日23:59で終了します"",
  ""react_type"": ""free"",
  ""react_press_again_text"": null,
  ""thumbnail_image_url"": null,
  ""title"": ""LINE友だち限定 プレミアム無料動画"",
  ""text"": ""本日23:59で終了"",
  ""actions"": [
    {
      ""type"": ""url"",
      ""label"": ""動画を見る"",
      ""uri"": ""https://utage-system.com/p/m6COEDrJH2BP"",
      ""add_label_id"": null,
      ""del_label_id"": null
    }
  ]
}","23:59で終了します⏰

視聴途中の方への最後のご案内です🙏 今すぐこちらから続きをご覧くださいね👇","23:59で終了します。

視聴途中の方への最後のご案内です。今すぐこちらから続きをご覧ください。
[VSLURL]","https://utage-system.com/account/Y86og5tIw1hZ/scenario/XjJ8DIN9vJ1f/step/line/WhfdR94zX0IG/edit","WhfdR94zX0IG"
"YouTube_ゆっくりAI","REVIEW_YouTube_ゆっくりAI_20260810","157","稼働中","メッセージ","13","VSL_視聴完了","DciEDgOwZDeT","VSL視聴完了・面談未予約。視聴開始で未視聴を停止、視聴完了で未視聴・途中を停止。予約完了／面談済み／営業停止は除外。VSL初回開始から72時間。","登録直後","LINE","ステップ配信","VSL-C01","","【LINEメッセージ 1／text】
%line_name%さん、最後までご視聴ありがとうございました😊🎉

内容を自分の場合に落とし込んで、AIで何を事業にするか、商品・集客・販売をどの順番で作るかを整理したい方へ✨

AIひとり起業ロードマップ作成会
Zoom30分／名前・メールで予約

スクールのご案内も含むので、興味がある方だけお申し込みくださいね🎥","","","","","VSL視聴完了・面談未予約。視聴開始で未視聴を停止、視聴完了で未視聴・途中を停止。予約完了／面談済み／営業停止は除外。VSL初回開始から72時間。","","配信基準=。本文N/O/PとUTAGE編集URLは後続列に保持。","","","本文内定義","","YouTube正本を独自リライトしない。ステータスが廃止対象または旧読者のみの場合は新規実装しない。","【LINEメッセージ 1／text】
%line_name%さん、最後までご視聴ありがとうございました😊🎉

内容を自分の場合に落とし込んで、AIで何を事業にするか、商品・集客・販売をどの順番で作るかを整理したい方へ✨

AIひとり起業ロードマップ作成会
Zoom30分／名前・メールで予約

スクールのご案内も含むので、興味がある方だけお申し込みくださいね🎥","%line_name%さん、最後までご視聴ありがとうございました😊🎉

内容を自分の場合に落とし込んで、AIで何を事業にするか、商品・集客・販売をどの順番で作るかを整理したい方へ✨

AIひとり起業ロードマップ作成会
Zoom30分／名前・メールで予約

スクールのご案内も含むので、興味がある方だけお申し込みくださいね🎥","[name]さん、最後までご視聴ありがとうございました。

内容を自分の場合に落とし込み、AIで何を事業にするか、商品・集客・販売をどの順番で作るかを整理したい方へ。

AIひとり起業ロードマップ作成会
Zoom30分／名前・メールで予約

スクールのご案内も含むため、興味がある方だけお申し込みください。","https://utage-system.com/account/Y86og5tIw1hZ/scenario/LEIqoAknhkmV/step/line/DciEDgOwZDeT/edit","DciEDgOwZDeT"
"YouTube_ゆっくりAI","REVIEW_YouTube_ゆっくりAI_20260810","158","稼働中","メッセージ","13","VSL_視聴完了","wh7dGNiiq0ob","VSL視聴完了・面談未予約。視聴開始で未視聴を停止、視聴完了で未視聴・途中を停止。予約完了／面談済み／営業停止は除外。VSL初回開始から72時間。","2時間 後","LINE","ステップ配信","VSL-C02","","【LINEメッセージ 1／image】
{
  ""original_content_url"": ""https://utagesystem.s3.ap-northeast-1.wasabisys.com/GX6OYW2fVtRD/VoadmjkSafaL.png""
}

────────────

【LINEメッセージ 2／text】
動画を見て「自分の場合はどうなる？」と思った方へ😊

作成会では、経験・得意・使える時間をもとに、最初のテーマと進める順番を一緒に組み立てていきます🙌👇

────────────

【LINEメッセージ 3／button】
{
  ""alt_text"": ""【個別】AIひとり起業ロードマップ作成会のご案内"",
  ""react_type"": ""free"",
  ""react_press_again_text"": null,
  ""thumbnail_image_url"": null,
  ""title"": ""AIひとり起業ロードマップ作成会"",
  ""text"": ""Zoom30分・名前とメールだけで予約OK"",
  ""actions"": [
    {
      ""type"": ""url"",
      ""label"": ""日程を見て予約する"",
      ""uri"": ""https://utage-system.com/event/DkY6Co3mN1oB/register"",
      ""add_label_id"": null,
      ""del_label_id"": null
    }
  ]
}","[
  {
    ""url"": ""https://utage-system.com/event/DkY6Co3mN1oB/register"",
    ""action_id"": ""lMxbsrSPWV9W"",
    ""expiration_type"": ""none""
  }
]","[
  {
    ""url"": ""https://utage-system.com/event/DkY6Co3mN1oB/register"",
    ""action_id"": ""lMxbsrSPWV9W"",
    ""expiration_type"": ""none""
  }
]","","","VSL視聴完了・面談未予約。視聴開始で未視聴を停止、視聴完了で未視聴・途中を停止。予約完了／面談済み／営業停止は除外。VSL初回開始から72時間。","[
  {
    ""url"": ""https://utage-system.com/event/DkY6Co3mN1oB/register"",
    ""action_id"": ""lMxbsrSPWV9W"",
    ""expiration_type"": ""none""
  }
]","配信基準=。本文N/O/PとUTAGE編集URLは後続列に保持。","https://utagesystem.s3.ap-northeast-1.wasabisys.com/GX6OYW2fVtRD/VoadmjkSafaL.png","","本文内定義","","YouTube正本を独自リライトしない。ステータスが廃止対象または旧読者のみの場合は新規実装しない。","【LINEメッセージ 1／image】
{
  ""original_content_url"": ""https://utagesystem.s3.ap-northeast-1.wasabisys.com/GX6OYW2fVtRD/VoadmjkSafaL.png""
}

────────────

【LINEメッセージ 2／text】
動画を見て「自分の場合はどうなる？」と思った方へ😊

作成会では、経験・得意・使える時間をもとに、最初のテーマと進める順番を一緒に組み立てていきます🙌👇

────────────

【LINEメッセージ 3／button】
{
  ""alt_text"": ""【個別】AIひとり起業ロードマップ作成会のご案内"",
  ""react_type"": ""free"",
  ""react_press_again_text"": null,
  ""thumbnail_image_url"": null,
  ""title"": ""AIひとり起業ロードマップ作成会"",
  ""text"": ""Zoom30分・名前とメールだけで予約OK"",
  ""actions"": [
    {
      ""type"": ""url"",
      ""label"": ""日程を見て予約する"",
      ""uri"": ""https://utage-system.com/event/DkY6Co3mN1oB/register"",
      ""add_label_id"": null,
      ""del_label_id"": null
    }
  ]
}","動画を見て「自分の場合はどうなる？」と思った方へ😊

作成会では、経験・得意・使える時間をもとに、最初のテーマと進める順番を一緒に組み立てていきます🙌👇","動画を見て「自分の場合はどうなる？」と思った方へ。

作成会では、経験・得意・使える時間をもとに、最初のテーマと進める順番を一緒に組み立てます。
[面談予約URL]","https://utage-system.com/account/Y86og5tIw1hZ/scenario/LEIqoAknhkmV/step/line/wh7dGNiiq0ob/edit","wh7dGNiiq0ob"
"YouTube_ゆっくりAI","REVIEW_YouTube_ゆっくりAI_20260810","159","稼働中","メッセージ","13","VSL_視聴完了","0Qha2c1IJnIT","VSL視聴完了・面談未予約。視聴開始で未視聴を停止、視聴完了で未視聴・途中を停止。予約完了／面談済み／営業停止は除外。VSL初回開始から72時間。","5時間 後","LINE","ステップ配信","VSL-C03","","【LINEメッセージ 1／text】
まだ商品がなくても、AI初心者でも大丈夫ですよ😊

完成した計画を持ってくる場じゃなくて、30分で計画の土台を一緒に作る場です📣","","","","","VSL視聴完了・面談未予約。視聴開始で未視聴を停止、視聴完了で未視聴・途中を停止。予約完了／面談済み／営業停止は除外。VSL初回開始から72時間。","","配信基準=。本文N/O/PとUTAGE編集URLは後続列に保持。","","","本文内定義","","YouTube正本を独自リライトしない。ステータスが廃止対象または旧読者のみの場合は新規実装しない。","【LINEメッセージ 1／text】
まだ商品がなくても、AI初心者でも大丈夫ですよ😊

完成した計画を持ってくる場じゃなくて、30分で計画の土台を一緒に作る場です📣","まだ商品がなくても、AI初心者でも大丈夫ですよ😊

完成した計画を持ってくる場じゃなくて、30分で計画の土台を一緒に作る場です📣","まだ商品がなくても、AI初心者でも大丈夫です。

完成した計画を持ってくる場ではなく、30分で計画の土台を作る場です。","https://utage-system.com/account/Y86og5tIw1hZ/scenario/LEIqoAknhkmV/step/line/0Qha2c1IJnIT/edit","0Qha2c1IJnIT"
"YouTube_ゆっくりAI","REVIEW_YouTube_ゆっくりAI_20260810","160","稼働中","メッセージ","13","VSL_視聴完了","QUfY1iY6FCsU","VSL視聴完了・面談未予約。視聴開始で未視聴を停止、視聴完了で未視聴・途中を停止。予約完了／面談済み／営業停止は除外。VSL初回開始から72時間。","0日後 10:00","LINE","ステップ配信","VSL-C04","","【LINEメッセージ 1／text】
見た直後が、いちばん動きやすいタイミングです😊

情報が新しいうちに、自分のロードマップへ変えちゃいましょう✨","","","","","VSL視聴完了・面談未予約。視聴開始で未視聴を停止、視聴完了で未視聴・途中を停止。予約完了／面談済み／営業停止は除外。VSL初回開始から72時間。","","配信基準=。本文N/O/PとUTAGE編集URLは後続列に保持。","","","本文内定義","","YouTube正本を独自リライトしない。ステータスが廃止対象または旧読者のみの場合は新規実装しない。","【LINEメッセージ 1／text】
見た直後が、いちばん動きやすいタイミングです😊

情報が新しいうちに、自分のロードマップへ変えちゃいましょう✨","見た直後が、いちばん動きやすいタイミングです😊

情報が新しいうちに、自分のロードマップへ変えちゃいましょう✨","見た直後が、最も動きやすい。

情報が新しいうちに、自分のロードマップへ変えましょう。","https://utage-system.com/account/Y86og5tIw1hZ/scenario/LEIqoAknhkmV/step/line/QUfY1iY6FCsU/edit","QUfY1iY6FCsU"
"YouTube_ゆっくりAI","REVIEW_YouTube_ゆっくりAI_20260810","161","稼働中","メッセージ","13","VSL_視聴完了","2nRWHPzRXiBP","VSL視聴完了・面談未予約。視聴開始で未視聴を停止、視聴完了で未視聴・途中を停止。予約完了／面談済み／営業停止は除外。VSL初回開始から72時間。","1日 後","LINE","ステップ配信","VSL-C05","","【LINEメッセージ 1／text】
%line_name%さん、動画の視聴完了から1日が経ちました😊

一人で整理すると止まりそうなら、ぜひ作成会を使ってくださいね。必要に応じて AIひとり起業スクール でできることもご説明します🎥","","","","","VSL視聴完了・面談未予約。視聴開始で未視聴を停止、視聴完了で未視聴・途中を停止。予約完了／面談済み／営業停止は除外。VSL初回開始から72時間。","","配信基準=。本文N/O/PとUTAGE編集URLは後続列に保持。","","","本文内定義","","YouTube正本を独自リライトしない。ステータスが廃止対象または旧読者のみの場合は新規実装しない。","【LINEメッセージ 1／text】
%line_name%さん、動画の視聴完了から1日が経ちました😊

一人で整理すると止まりそうなら、ぜひ作成会を使ってくださいね。必要に応じて AIひとり起業スクール でできることもご説明します🎥","%line_name%さん、動画の視聴完了から1日が経ちました😊

一人で整理すると止まりそうなら、ぜひ作成会を使ってくださいね。必要に応じて AIひとり起業スクール でできることもご説明します🎥","[name]さん、動画の視聴完了から1日が経ちました。

一人で整理すると止まりそうなら、作成会を使ってください。必要に応じて AIひとり起業スクール でできることもご説明します。","https://utage-system.com/account/Y86og5tIw1hZ/scenario/LEIqoAknhkmV/step/line/2nRWHPzRXiBP/edit","2nRWHPzRXiBP"
"YouTube_ゆっくりAI","REVIEW_YouTube_ゆっくりAI_20260810","162","稼働中","メッセージ","13","VSL_視聴完了","JOAMSplqPBcC","VSL視聴完了・面談未予約。視聴開始で未視聴を停止、視聴完了で未視聴・途中を停止。予約完了／面談済み／営業停止は除外。VSL初回開始から72時間。","1日 4時間 後","LINE","ステップ配信","VSL-C06","","【LINEメッセージ 1／text】
事業テーマ、商品、集客、販売。

ぜんぶを同時に考えると動けなくなっちゃいます😌 今の自分が最初に決める一つを、30分でスッと明確にします🔥","","","","","VSL視聴完了・面談未予約。視聴開始で未視聴を停止、視聴完了で未視聴・途中を停止。予約完了／面談済み／営業停止は除外。VSL初回開始から72時間。","","配信基準=。本文N/O/PとUTAGE編集URLは後続列に保持。","","","本文内定義","","YouTube正本を独自リライトしない。ステータスが廃止対象または旧読者のみの場合は新規実装しない。","【LINEメッセージ 1／text】
事業テーマ、商品、集客、販売。

ぜんぶを同時に考えると動けなくなっちゃいます😌 今の自分が最初に決める一つを、30分でスッと明確にします🔥","事業テーマ、商品、集客、販売。

ぜんぶを同時に考えると動けなくなっちゃいます😌 今の自分が最初に決める一つを、30分でスッと明確にします🔥","事業テーマ、商品、集客、販売。

すべてを同時に考えると動けません。今の自分が最初に決める一つを、30分で明確にします。","https://utage-system.com/account/Y86og5tIw1hZ/scenario/LEIqoAknhkmV/step/line/JOAMSplqPBcC/edit","JOAMSplqPBcC"
"YouTube_ゆっくりAI","REVIEW_YouTube_ゆっくりAI_20260810","163","稼働中","メッセージ","13","VSL_視聴完了","xCT9FyxEdkBJ","VSL視聴完了・面談未予約。視聴開始で未視聴を停止、視聴完了で未視聴・途中を停止。予約完了／面談済み／営業停止は除外。VSL初回開始から72時間。","1日後 10:00","LINE","ステップ配信","VSL-C07","","【LINEメッセージ 1／text】
予約は名前とメールアドレスの2項目で完了しちゃいます😊 事前課題もありません✨

都合が変わった場合は日程変更もできますよ👇

────────────

【LINEメッセージ 2／button】
{
  ""alt_text"": ""【個別】AIひとり起業ロードマップ作成会のご案内"",
  ""react_type"": ""free"",
  ""react_press_again_text"": null,
  ""thumbnail_image_url"": null,
  ""title"": ""AIひとり起業ロードマップ作成会"",
  ""text"": ""Zoom30分・名前とメールだけで予約OK"",
  ""actions"": [
    {
      ""type"": ""url"",
      ""label"": ""日程を見て予約する"",
      ""uri"": ""https://utage-system.com/event/DkY6Co3mN1oB/register"",
      ""add_label_id"": null,
      ""del_label_id"": null
    }
  ]
}","[
  {
    ""url"": ""https://utage-system.com/event/DkY6Co3mN1oB/register"",
    ""action_id"": ""lMxbsrSPWV9W"",
    ""expiration_type"": ""none""
  }
]","[
  {
    ""url"": ""https://utage-system.com/event/DkY6Co3mN1oB/register"",
    ""action_id"": ""lMxbsrSPWV9W"",
    ""expiration_type"": ""none""
  }
]","","","VSL視聴完了・面談未予約。視聴開始で未視聴を停止、視聴完了で未視聴・途中を停止。予約完了／面談済み／営業停止は除外。VSL初回開始から72時間。","[
  {
    ""url"": ""https://utage-system.com/event/DkY6Co3mN1oB/register"",
    ""action_id"": ""lMxbsrSPWV9W"",
    ""expiration_type"": ""none""
  }
]","配信基準=。本文N/O/PとUTAGE編集URLは後続列に保持。","","","本文内定義","","YouTube正本を独自リライトしない。ステータスが廃止対象または旧読者のみの場合は新規実装しない。","【LINEメッセージ 1／text】
予約は名前とメールアドレスの2項目で完了しちゃいます😊 事前課題もありません✨

都合が変わった場合は日程変更もできますよ👇

────────────

【LINEメッセージ 2／button】
{
  ""alt_text"": ""【個別】AIひとり起業ロードマップ作成会のご案内"",
  ""react_type"": ""free"",
  ""react_press_again_text"": null,
  ""thumbnail_image_url"": null,
  ""title"": ""AIひとり起業ロードマップ作成会"",
  ""text"": ""Zoom30分・名前とメールだけで予約OK"",
  ""actions"": [
    {
      ""type"": ""url"",
      ""label"": ""日程を見て予約する"",
      ""uri"": ""https://utage-system.com/event/DkY6Co3mN1oB/register"",
      ""add_label_id"": null,
      ""del_label_id"": null
    }
  ]
}","予約は名前とメールアドレスの2項目で完了しちゃいます😊 事前課題もありません✨

都合が変わった場合は日程変更もできますよ👇","予約は名前とメールアドレスの2項目で完了します。事前課題はありません。

都合が変わった場合は日程変更できます。
[面談予約URL]","https://utage-system.com/account/Y86og5tIw1hZ/scenario/LEIqoAknhkmV/step/line/xCT9FyxEdkBJ/edit","xCT9FyxEdkBJ"
"YouTube_ゆっくりAI","REVIEW_YouTube_ゆっくりAI_20260810","164","稼働中","メッセージ","13","VSL_視聴完了","brqYAbNWbjhP","VSL視聴完了・面談未予約。視聴開始で未視聴を停止、視聴完了で未視聴・途中を停止。予約完了／面談済み／営業停止は除外。VSL初回開始から72時間。","1日後 15:00","LINE","ステップ配信","VSL-C08","","【LINEメッセージ 1／text】
視聴完了者向けの受付は、あと9時間です⏰

実際の48時間受付に基づくご案内です。必要な方は、期限内に日程を確保しておいてくださいね😊✨","","","","","VSL視聴完了・面談未予約。視聴開始で未視聴を停止、視聴完了で未視聴・途中を停止。予約完了／面談済み／営業停止は除外。VSL初回開始から72時間。","","配信基準=。本文N/O/PとUTAGE編集URLは後続列に保持。","","","本文内定義","","YouTube正本を独自リライトしない。ステータスが廃止対象または旧読者のみの場合は新規実装しない。","【LINEメッセージ 1／text】
視聴完了者向けの受付は、あと9時間です⏰

実際の48時間受付に基づくご案内です。必要な方は、期限内に日程を確保しておいてくださいね😊✨","視聴完了者向けの受付は、あと9時間です⏰

実際の48時間受付に基づくご案内です。必要な方は、期限内に日程を確保しておいてくださいね😊✨","視聴完了者向け受付は、あと9時間です。

実際の48時間受付に基づく案内です。必要な方は、期限内に日程を確保してください。","https://utage-system.com/account/Y86og5tIw1hZ/scenario/LEIqoAknhkmV/step/line/brqYAbNWbjhP/edit","brqYAbNWbjhP"
"YouTube_ゆっくりAI","REVIEW_YouTube_ゆっくりAI_20260810","165","稼働中","メッセージ","13","VSL_視聴完了","zlm87BKwfnhi","VSL視聴完了・面談未予約。視聴開始で未視聴を停止、視聴完了で未視聴・途中を停止。予約完了／面談済み／営業停止は除外。VSL初回開始から72時間。","1日後 21:00","LINE","ステップ配信","VSL-C09","","【LINEメッセージ 1／text】
受付終了まであと3時間です⏰

スクールに関心があって、自分に合う進め方を直接相談したい方は、こちらから予約してくださいね😊👇

────────────

【LINEメッセージ 2／button】
{
  ""alt_text"": ""【個別】ロードマップ作成会・受付終了まであと3時間"",
  ""react_type"": ""free"",
  ""react_press_again_text"": null,
  ""thumbnail_image_url"": null,
  ""title"": ""AIひとり起業ロードマップ作成会"",
  ""text"": ""受付終了まであと3時間"",
  ""actions"": [
    {
      ""type"": ""url"",
      ""label"": ""日程を見て予約する"",
      ""uri"": ""https://utage-system.com/event/DkY6Co3mN1oB/register"",
      ""add_label_id"": null,
      ""del_label_id"": null
    }
  ]
}","[
  {
    ""url"": ""https://utage-system.com/event/DkY6Co3mN1oB/register"",
    ""action_id"": ""lMxbsrSPWV9W"",
    ""expiration_type"": ""none""
  }
]","[
  {
    ""url"": ""https://utage-system.com/event/DkY6Co3mN1oB/register"",
    ""action_id"": ""lMxbsrSPWV9W"",
    ""expiration_type"": ""none""
  }
]","","","VSL視聴完了・面談未予約。視聴開始で未視聴を停止、視聴完了で未視聴・途中を停止。予約完了／面談済み／営業停止は除外。VSL初回開始から72時間。","[
  {
    ""url"": ""https://utage-system.com/event/DkY6Co3mN1oB/register"",
    ""action_id"": ""lMxbsrSPWV9W"",
    ""expiration_type"": ""none""
  }
]","配信基準=。本文N/O/PとUTAGE編集URLは後続列に保持。","","","本文内定義","","YouTube正本を独自リライトしない。ステータスが廃止対象または旧読者のみの場合は新規実装しない。","【LINEメッセージ 1／text】
受付終了まであと3時間です⏰

スクールに関心があって、自分に合う進め方を直接相談したい方は、こちらから予約してくださいね😊👇

────────────

【LINEメッセージ 2／button】
{
  ""alt_text"": ""【個別】ロードマップ作成会・受付終了まであと3時間"",
  ""react_type"": ""free"",
  ""react_press_again_text"": null,
  ""thumbnail_image_url"": null,
  ""title"": ""AIひとり起業ロードマップ作成会"",
  ""text"": ""受付終了まであと3時間"",
  ""actions"": [
    {
      ""type"": ""url"",
      ""label"": ""日程を見て予約する"",
      ""uri"": ""https://utage-system.com/event/DkY6Co3mN1oB/register"",
      ""add_label_id"": null,
      ""del_label_id"": null
    }
  ]
}","受付終了まであと3時間です⏰

スクールに関心があって、自分に合う進め方を直接相談したい方は、こちらから予約してくださいね😊👇","受付終了まであと3時間です。

スクールに関心があり、自分に合う進め方を直接相談したい方は、こちらから予約してください。
[面談予約URL]","https://utage-system.com/account/Y86og5tIw1hZ/scenario/LEIqoAknhkmV/step/line/zlm87BKwfnhi/edit","zlm87BKwfnhi"
"YouTube_ゆっくりAI","REVIEW_YouTube_ゆっくりAI_20260810","166","稼働中","メッセージ","13","VSL_視聴完了","Lw5hWl0hKeJK","VSL視聴完了・面談未予約。視聴開始で未視聴を停止、視聴完了で未視聴・途中を停止。予約完了／面談済み／営業停止は除外。VSL初回開始から72時間。","1日後 23:00","LINE","ステップ配信","VSL-C10","","【LINEメッセージ 1／text】
あと1時間で受付終了です⏰

AIひとり起業ロードマップ作成会 のご案内は、これで最後になります🙏 参加したい方は、今すぐ予約を完了してくださいね🔥","","","","","VSL視聴完了・面談未予約。視聴開始で未視聴を停止、視聴完了で未視聴・途中を停止。予約完了／面談済み／営業停止は除外。VSL初回開始から72時間。","","配信基準=。本文N/O/PとUTAGE編集URLは後続列に保持。","","","本文内定義","","YouTube正本を独自リライトしない。ステータスが廃止対象または旧読者のみの場合は新規実装しない。","【LINEメッセージ 1／text】
あと1時間で受付終了です⏰

AIひとり起業ロードマップ作成会 のご案内は、これで最後になります🙏 参加したい方は、今すぐ予約を完了してくださいね🔥","あと1時間で受付終了です⏰

AIひとり起業ロードマップ作成会 のご案内は、これで最後になります🙏 参加したい方は、今すぐ予約を完了してくださいね🔥","あと1時間で受付終了です。

AIひとり起業ロードマップ作成会 のご案内はこれで最後です。参加したい方は、今すぐ予約を完了してください。","https://utage-system.com/account/Y86og5tIw1hZ/scenario/LEIqoAknhkmV/step/line/Lw5hWl0hKeJK/edit","Lw5hWl0hKeJK"
"YouTube_ゆっくりAI","REVIEW_YouTube_ゆっくりAI_20260810","167","レビュー中","メッセージ","14","VSL自動開始_参加者面談未予約","AUTO-VSL-POSTSEM","セミナー申込済み・面談未予約。前日23:59に面談受付終了。 予約完了／面談済み／営業停止は除外。","面談受付終了後の翌朝06:00","LINE","ステップ配信","AUTO-VSL-POSTSEM","","【LINEメッセージ 1／image】
{
  ""original_content_url"": ""https://utagesystem.s3.ap-northeast-1.wasabisys.com/GX6OYW2fVtRD/BP6jdJufvGaM.png""
}

────────────

【LINEメッセージ 2／text】
欠席・参加不明の方：見逃した方・復習したい方へ😊
未申込の方：日程が合わなかった方向けの特別公開です✨

AIでひとり起業攻略法 の内容を、本日から3日間だけ視聴できちゃいます🎁
公開終了：8月2日(土)23:59👇

────────────

【LINEメッセージ 3／button】
{
  ""alt_text"": ""【動画】期間限定・無料公開のご案内"",
  ""react_type"": ""free"",
  ""react_press_again_text"": null,
  ""thumbnail_image_url"": null,
  ""title"": ""LINE友だち限定 プレミアム無料動画"",
  ""text"": ""無料公開は登録から3日間・スマホ視聴OK"",
  ""actions"": [
    {
      ""type"": ""url"",
      ""label"": ""動画を見る"",
      ""uri"": ""https://utage-system.com/p/m6COEDrJH2BP"",
      ""add_label_id"": null,
      ""del_label_id"": null
    }
  ]
}","[VSLURL]／初回開始日時を保存／終了日時=開始+72時間","[VSLURL]／初回開始日時を保存／終了日時=開始+72時間","","","セミナー申込済み・面談未予約。前日23:59に面談受付終了。 予約完了／面談済み／営業停止は除外。","[VSLURL]／初回開始日時を保存／終了日時=開始+72時間","配信基準=シナリオ/VSL開始。本文N/O/PとUTAGE編集URLは後続列に保持。","https://utagesystem.s3.ap-northeast-1.wasabisys.com/GX6OYW2fVtRD/BP6jdJufvGaM.png","","本文内定義","","YouTube正本を独自リライトしない。ステータスが廃止対象または旧読者のみの場合は新規実装しない。","【LINEメッセージ 1／image】
{
  ""original_content_url"": ""https://utagesystem.s3.ap-northeast-1.wasabisys.com/GX6OYW2fVtRD/BP6jdJufvGaM.png""
}

────────────

【LINEメッセージ 2／text】
欠席・参加不明の方：見逃した方・復習したい方へ😊
未申込の方：日程が合わなかった方向けの特別公開です✨

AIでひとり起業攻略法 の内容を、本日から3日間だけ視聴できちゃいます🎁
公開終了：8月2日(土)23:59👇

────────────

【LINEメッセージ 3／button】
{
  ""alt_text"": ""【動画】期間限定・無料公開のご案内"",
  ""react_type"": ""free"",
  ""react_press_again_text"": null,
  ""thumbnail_image_url"": null,
  ""title"": ""LINE友だち限定 プレミアム無料動画"",
  ""text"": ""無料公開は登録から3日間・スマホ視聴OK"",
  ""actions"": [
    {
      ""type"": ""url"",
      ""label"": ""動画を見る"",
      ""uri"": ""https://utage-system.com/p/m6COEDrJH2BP"",
      ""add_label_id"": null,
      ""del_label_id"": null
    }
  ]
}","【LINEメッセージ 1／image】
{
  ""original_content_url"": ""https://utagesystem.s3.ap-northeast-1.wasabisys.com/GX6OYW2fVtRD/BP6jdJufvGaM.png""
}

────────────

【LINEメッセージ 2／text】
欠席・参加不明の方：見逃した方・復習したい方へ😊
未申込の方：日程が合わなかった方向けの特別公開です✨

AIでひとり起業攻略法 の内容を、本日から3日間だけ視聴できちゃいます🎁
公開終了：8月2日(土)23:59👇

────────────

【LINEメッセージ 3／button】
{
  ""alt_text"": ""【動画】期間限定・無料公開のご案内"",
  ""react_type"": ""free"",
  ""react_press_again_text"": null,
  ""thumbnail_image_url"": null,
  ""title"": ""LINE友だち限定 プレミアム無料動画"",
  ""text"": ""無料公開は登録から3日間・スマホ視聴OK"",
  ""actions"": [
    {
      ""type"": ""url"",
      ""label"": ""動画を見る"",
      ""uri"": ""https://utage-system.com/p/m6COEDrJH2BP"",
      ""add_label_id"": null,
      ""del_label_id"": null
    }
  ]
}","【LINEメッセージ 1／image】
{
  ""original_content_url"": ""https://utagesystem.s3.ap-northeast-1.wasabisys.com/GX6OYW2fVtRD/BP6jdJufvGaM.png""
}

────────────

【LINEメッセージ 2／text】
欠席・参加不明の方：見逃した方・復習したい方へ😊
未申込の方：日程が合わなかった方向けの特別公開です✨

AIでひとり起業攻略法 の内容を、本日から3日間だけ視聴できちゃいます🎁
公開終了：8月2日(土)23:59👇

────────────

【LINEメッセージ 3／button】
{
  ""alt_text"": ""【動画】期間限定・無料公開のご案内"",
  ""react_type"": ""free"",
  ""react_press_again_text"": null,
  ""thumbnail_image_url"": null,
  ""title"": ""LINE友だち限定 プレミアム無料動画"",
  ""text"": ""無料公開は登録から3日間・スマホ視聴OK"",
  ""actions"": [
    {
      ""type"": ""url"",
      ""label"": ""動画を見る"",
      ""uri"": ""https://utage-system.com/p/m6COEDrJH2BP"",
      ""add_label_id"": null,
      ""del_label_id"": null
    }
  ]
}","[UTAGE実装時作成]","AUTO-VSL-POSTSEM"
"YouTube_ゆっくりAI","REVIEW_YouTube_ゆっくりAI_20260810","168","レビュー中","メッセージ","14","VSL自動開始_第2日程未申込","AUTO-VSL-UNREG","第2日程終了時点でセミナー未申込・面談未予約。確認ボタンなし。 予約完了／面談済み／営業停止は除外。","第2日程終了翌朝06:00","LINE","ステップ配信","AUTO-VSL-UNREG","","【LINEメッセージ 1／image】
{
  ""original_content_url"": ""https://utagesystem.s3.ap-northeast-1.wasabisys.com/GX6OYW2fVtRD/BP6jdJufvGaM.png""
}

────────────

【LINEメッセージ 2／text】
欠席・参加不明の方：見逃した方・復習したい方へ😊
未申込の方：日程が合わなかった方向けの特別公開です✨

AIでひとり起業攻略法 の内容を、本日から3日間だけ視聴できちゃいます🎁
公開終了：8月2日(土)23:59👇

────────────

【LINEメッセージ 3／button】
{
  ""alt_text"": ""【動画】期間限定・無料公開のご案内"",
  ""react_type"": ""free"",
  ""react_press_again_text"": null,
  ""thumbnail_image_url"": null,
  ""title"": ""LINE友だち限定 プレミアム無料動画"",
  ""text"": ""無料公開は登録から3日間・スマホ視聴OK"",
  ""actions"": [
    {
      ""type"": ""url"",
      ""label"": ""動画を見る"",
      ""uri"": ""https://utage-system.com/p/m6COEDrJH2BP"",
      ""add_label_id"": null,
      ""del_label_id"": null
    }
  ]
}","[VSLURL]／初回開始日時を保存／終了日時=開始+72時間","[VSLURL]／初回開始日時を保存／終了日時=開始+72時間","","","第2日程終了時点でセミナー未申込・面談未予約。確認ボタンなし。 予約完了／面談済み／営業停止は除外。","[VSLURL]／初回開始日時を保存／終了日時=開始+72時間","配信基準=シナリオ/VSL開始。本文N/O/PとUTAGE編集URLは後続列に保持。","https://utagesystem.s3.ap-northeast-1.wasabisys.com/GX6OYW2fVtRD/BP6jdJufvGaM.png","","本文内定義","","YouTube正本を独自リライトしない。ステータスが廃止対象または旧読者のみの場合は新規実装しない。","【LINEメッセージ 1／image】
{
  ""original_content_url"": ""https://utagesystem.s3.ap-northeast-1.wasabisys.com/GX6OYW2fVtRD/BP6jdJufvGaM.png""
}

────────────

【LINEメッセージ 2／text】
欠席・参加不明の方：見逃した方・復習したい方へ😊
未申込の方：日程が合わなかった方向けの特別公開です✨

AIでひとり起業攻略法 の内容を、本日から3日間だけ視聴できちゃいます🎁
公開終了：8月2日(土)23:59👇

────────────

【LINEメッセージ 3／button】
{
  ""alt_text"": ""【動画】期間限定・無料公開のご案内"",
  ""react_type"": ""free"",
  ""react_press_again_text"": null,
  ""thumbnail_image_url"": null,
  ""title"": ""LINE友だち限定 プレミアム無料動画"",
  ""text"": ""無料公開は登録から3日間・スマホ視聴OK"",
  ""actions"": [
    {
      ""type"": ""url"",
      ""label"": ""動画を見る"",
      ""uri"": ""https://utage-system.com/p/m6COEDrJH2BP"",
      ""add_label_id"": null,
      ""del_label_id"": null
    }
  ]
}","【LINEメッセージ 1／image】
{
  ""original_content_url"": ""https://utagesystem.s3.ap-northeast-1.wasabisys.com/GX6OYW2fVtRD/BP6jdJufvGaM.png""
}

────────────

【LINEメッセージ 2／text】
欠席・参加不明の方：見逃した方・復習したい方へ😊
未申込の方：日程が合わなかった方向けの特別公開です✨

AIでひとり起業攻略法 の内容を、本日から3日間だけ視聴できちゃいます🎁
公開終了：8月2日(土)23:59👇

────────────

【LINEメッセージ 3／button】
{
  ""alt_text"": ""【動画】期間限定・無料公開のご案内"",
  ""react_type"": ""free"",
  ""react_press_again_text"": null,
  ""thumbnail_image_url"": null,
  ""title"": ""LINE友だち限定 プレミアム無料動画"",
  ""text"": ""無料公開は登録から3日間・スマホ視聴OK"",
  ""actions"": [
    {
      ""type"": ""url"",
      ""label"": ""動画を見る"",
      ""uri"": ""https://utage-system.com/p/m6COEDrJH2BP"",
      ""add_label_id"": null,
      ""del_label_id"": null
    }
  ]
}","【LINEメッセージ 1／image】
{
  ""original_content_url"": ""https://utagesystem.s3.ap-northeast-1.wasabisys.com/GX6OYW2fVtRD/BP6jdJufvGaM.png""
}

────────────

【LINEメッセージ 2／text】
欠席・参加不明の方：見逃した方・復習したい方へ😊
未申込の方：日程が合わなかった方向けの特別公開です✨

AIでひとり起業攻略法 の内容を、本日から3日間だけ視聴できちゃいます🎁
公開終了：8月2日(土)23:59👇

────────────

【LINEメッセージ 3／button】
{
  ""alt_text"": ""【動画】期間限定・無料公開のご案内"",
  ""react_type"": ""free"",
  ""react_press_again_text"": null,
  ""thumbnail_image_url"": null,
  ""title"": ""LINE友だち限定 プレミアム無料動画"",
  ""text"": ""無料公開は登録から3日間・スマホ視聴OK"",
  ""actions"": [
    {
      ""type"": ""url"",
      ""label"": ""動画を見る"",
      ""uri"": ""https://utage-system.com/p/m6COEDrJH2BP"",
      ""add_label_id"": null,
      ""del_label_id"": null
    }
  ]
}","[UTAGE実装時作成]","AUTO-VSL-UNREG"
"YouTube_ゆっくりAI","REVIEW_YouTube_ゆっくりAI_20260810","169","レビュー中","メッセージ","14","VSL即時開始_日程不可","AUTO-VSL-NODATE","日程不可ボタン押下者。セミナー募集を即停止し、初回クリックから72時間固定。 予約完了／面談済み／営業停止は除外。","「どちらの日程も合わない」初回クリック直後","LINE","ステップ配信","AUTO-VSL-NODATE","","【前回企画のダイジェスト版を72時間限定で公開します】

【LINEメッセージ 1／image】
{
  ""original_content_url"": ""https://utagesystem.s3.ap-northeast-1.wasabisys.com/GX6OYW2fVtRD/BP6jdJufvGaM.png""
}

────────────

【LINEメッセージ 2／text】
欠席・参加不明の方：見逃した方・復習したい方へ😊
未申込の方：日程が合わなかった方向けの特別公開です✨

AIでひとり起業攻略法 の内容を、本日から3日間だけ視聴できちゃいます🎁
公開終了：8月2日(土)23:59👇

────────────

【LINEメッセージ 3／button】
{
  ""alt_text"": ""【動画】期間限定・無料公開のご案内"",
  ""react_type"": ""free"",
  ""react_press_again_text"": null,
  ""thumbnail_image_url"": null,
  ""title"": ""LINE友だち限定 プレミアム無料動画"",
  ""text"": ""無料公開は登録から3日間・スマホ視聴OK"",
  ""actions"": [
    {
      ""type"": ""url"",
      ""label"": ""動画を見る"",
      ""uri"": ""https://utage-system.com/p/m6COEDrJH2BP"",
      ""add_label_id"": null,
      ""del_label_id"": null
    }
  ]
}","[VSLURL]／初回開始日時を保存／終了日時=開始+72時間","[VSLURL]／初回開始日時を保存／終了日時=開始+72時間","","","日程不可ボタン押下者。セミナー募集を即停止し、初回クリックから72時間固定。 予約完了／面談済み／営業停止は除外。","[VSLURL]／初回開始日時を保存／終了日時=開始+72時間","配信基準=シナリオ/VSL開始。本文N/O/PとUTAGE編集URLは後続列に保持。","https://utagesystem.s3.ap-northeast-1.wasabisys.com/GX6OYW2fVtRD/BP6jdJufvGaM.png","","本文内定義","","YouTube正本を独自リライトしない。ステータスが廃止対象または旧読者のみの場合は新規実装しない。","【前回企画のダイジェスト版を72時間限定で公開します】

【LINEメッセージ 1／image】
{
  ""original_content_url"": ""https://utagesystem.s3.ap-northeast-1.wasabisys.com/GX6OYW2fVtRD/BP6jdJufvGaM.png""
}

────────────

【LINEメッセージ 2／text】
欠席・参加不明の方：見逃した方・復習したい方へ😊
未申込の方：日程が合わなかった方向けの特別公開です✨

AIでひとり起業攻略法 の内容を、本日から3日間だけ視聴できちゃいます🎁
公開終了：8月2日(土)23:59👇

────────────

【LINEメッセージ 3／button】
{
  ""alt_text"": ""【動画】期間限定・無料公開のご案内"",
  ""react_type"": ""free"",
  ""react_press_again_text"": null,
  ""thumbnail_image_url"": null,
  ""title"": ""LINE友だち限定 プレミアム無料動画"",
  ""text"": ""無料公開は登録から3日間・スマホ視聴OK"",
  ""actions"": [
    {
      ""type"": ""url"",
      ""label"": ""動画を見る"",
      ""uri"": ""https://utage-system.com/p/m6COEDrJH2BP"",
      ""add_label_id"": null,
      ""del_label_id"": null
    }
  ]
}","【前回企画のダイジェスト版を72時間限定で公開します】

【LINEメッセージ 1／image】
{
  ""original_content_url"": ""https://utagesystem.s3.ap-northeast-1.wasabisys.com/GX6OYW2fVtRD/BP6jdJufvGaM.png""
}

────────────

【LINEメッセージ 2／text】
欠席・参加不明の方：見逃した方・復習したい方へ😊
未申込の方：日程が合わなかった方向けの特別公開です✨

AIでひとり起業攻略法 の内容を、本日から3日間だけ視聴できちゃいます🎁
公開終了：8月2日(土)23:59👇

────────────

【LINEメッセージ 3／button】
{
  ""alt_text"": ""【動画】期間限定・無料公開のご案内"",
  ""react_type"": ""free"",
  ""react_press_again_text"": null,
  ""thumbnail_image_url"": null,
  ""title"": ""LINE友だち限定 プレミアム無料動画"",
  ""text"": ""無料公開は登録から3日間・スマホ視聴OK"",
  ""actions"": [
    {
      ""type"": ""url"",
      ""label"": ""動画を見る"",
      ""uri"": ""https://utage-system.com/p/m6COEDrJH2BP"",
      ""add_label_id"": null,
      ""del_label_id"": null
    }
  ]
}","【前回企画のダイジェスト版を72時間限定で公開します】

【LINEメッセージ 1／image】
{
  ""original_content_url"": ""https://utagesystem.s3.ap-northeast-1.wasabisys.com/GX6OYW2fVtRD/BP6jdJufvGaM.png""
}

────────────

【LINEメッセージ 2／text】
欠席・参加不明の方：見逃した方・復習したい方へ😊
未申込の方：日程が合わなかった方向けの特別公開です✨

AIでひとり起業攻略法 の内容を、本日から3日間だけ視聴できちゃいます🎁
公開終了：8月2日(土)23:59👇

────────────

【LINEメッセージ 3／button】
{
  ""alt_text"": ""【動画】期間限定・無料公開のご案内"",
  ""react_type"": ""free"",
  ""react_press_again_text"": null,
  ""thumbnail_image_url"": null,
  ""title"": ""LINE友だち限定 プレミアム無料動画"",
  ""text"": ""無料公開は登録から3日間・スマホ視聴OK"",
  ""actions"": [
    {
      ""type"": ""url"",
      ""label"": ""動画を見る"",
      ""uri"": ""https://utage-system.com/p/m6COEDrJH2BP"",
      ""add_label_id"": null,
      ""del_label_id"": null
    }
  ]
}","[UTAGE実装時作成]","AUTO-VSL-NODATE"
"YouTube_ゆっくりAI","REVIEW_YouTube_ゆっくりAI_20260810","170","旧読者のみ・新規停止","メッセージ","15","旧VSL再公開_24時間限定（既存読者のみ）","HE8bnuAoHZz2","2026-08-10より前に旧VSL再公開へ入っている既存読者だけ。新規読者は使用禁止。","登録直後","LINE","ステップ配信","RO-01","","【LINEメッセージ 1／text】
%line_name%さん、ご希望ありがとうございます😊🎉

動画を今から２４時間だけ再公開しましたよ🎥
今回は再延長ができないので、先に視聴の時間を確保しておいてくださいね⏰

────────────

【LINEメッセージ 2／button】
{
  ""alt_text"": ""【24時間限定】動画を再公開しました"",
  ""react_type"": ""free"",
  ""react_press_again_text"": null,
  ""thumbnail_image_url"": null,
  ""title"": ""24時間限定 再公開"",
  ""text"": ""公開は再開から24時間・再延長なし"",
  ""actions"": [
    {
      ""type"": ""url"",
      ""label"": ""動画を見る"",
      ""uri"": ""https://utage-system.com/p/J4c9l3YXuHAs"",
      ""add_label_id"": null,
      ""del_label_id"": null
    }
  ]
}","[
  {
    ""url"": ""https://utage-system.com/p/J4c9l3YXuHAs"",
    ""action_id"": ""ZGjzVrAaUly5"",
    ""expiration_type"": ""none""
  }
]","[
  {
    ""url"": ""https://utage-system.com/p/J4c9l3YXuHAs"",
    ""action_id"": ""ZGjzVrAaUly5"",
    ""expiration_type"": ""none""
  }
]","","","2026-08-10より前に旧VSL再公開へ入っている既存読者だけ。新規読者は使用禁止。","[
  {
    ""url"": ""https://utage-system.com/p/J4c9l3YXuHAs"",
    ""action_id"": ""ZGjzVrAaUly5"",
    ""expiration_type"": ""none""
  }
]","配信基準=。本文N/O/PとUTAGE編集URLは後続列に保持。","","","本文内定義","","YouTube正本を独自リライトしない。ステータスが廃止対象または旧読者のみの場合は新規実装しない。","【LINEメッセージ 1／text】
%line_name%さん、ご希望ありがとうございます😊🎉

動画を今から２４時間だけ再公開しましたよ🎥
今回は再延長ができないので、先に視聴の時間を確保しておいてくださいね⏰

────────────

【LINEメッセージ 2／button】
{
  ""alt_text"": ""【24時間限定】動画を再公開しました"",
  ""react_type"": ""free"",
  ""react_press_again_text"": null,
  ""thumbnail_image_url"": null,
  ""title"": ""24時間限定 再公開"",
  ""text"": ""公開は再開から24時間・再延長なし"",
  ""actions"": [
    {
      ""type"": ""url"",
      ""label"": ""動画を見る"",
      ""uri"": ""https://utage-system.com/p/J4c9l3YXuHAs"",
      ""add_label_id"": null,
      ""del_label_id"": null
    }
  ]
}","%line_name%さん、ご希望ありがとうございます😊🎉

動画を今から２４時間だけ再公開しましたよ🎥
今回は再延長ができないので、先に視聴の時間を確保しておいてくださいね⏰","[name]さん、ご希望ありがとうございます。

動画を今から24時間だけ再公開しました。
再公開URL：[再公開URL]
終了：[再公開終了日時]

今回は再延長できないため、先に視聴時間を確保してください。","https://utage-system.com/account/Y86og5tIw1hZ/scenario/wF9rKqVhHmri/step/line/HE8bnuAoHZz2/edit","HE8bnuAoHZz2"
"YouTube_ゆっくりAI","REVIEW_YouTube_ゆっくりAI_20260810","171","旧読者のみ・新規停止","メッセージ","15","旧VSL再公開_24時間限定（既存読者のみ）","HBr7Z9JmI3RQ","2026-08-10より前に旧VSL再公開へ入っている既存読者だけ。新規読者は使用禁止。","2時間 後","LINE","ステップ配信","RO-02","","【LINEメッセージ 1／text】
再公開の動画は開けましたか？😊

まだの方は、ちゃんと視聴できるかだけでも今のうちに確認しておいてくださいね👇

────────────

【LINEメッセージ 2／button】
{
  ""alt_text"": ""【24時間限定】再公開・視聴確認をどうぞ"",
  ""react_type"": ""free"",
  ""react_press_again_text"": null,
  ""thumbnail_image_url"": null,
  ""title"": ""24時間限定 再公開"",
  ""text"": ""公開は再開から24時間・再延長なし"",
  ""actions"": [
    {
      ""type"": ""url"",
      ""label"": ""動画を見る"",
      ""uri"": ""https://utage-system.com/p/J4c9l3YXuHAs"",
      ""add_label_id"": null,
      ""del_label_id"": null
    }
  ]
}","[
  {
    ""url"": ""https://utage-system.com/p/J4c9l3YXuHAs"",
    ""action_id"": ""ZGjzVrAaUly5"",
    ""expiration_type"": ""none""
  }
]","[
  {
    ""url"": ""https://utage-system.com/p/J4c9l3YXuHAs"",
    ""action_id"": ""ZGjzVrAaUly5"",
    ""expiration_type"": ""none""
  }
]","","","2026-08-10より前に旧VSL再公開へ入っている既存読者だけ。新規読者は使用禁止。","[
  {
    ""url"": ""https://utage-system.com/p/J4c9l3YXuHAs"",
    ""action_id"": ""ZGjzVrAaUly5"",
    ""expiration_type"": ""none""
  }
]","配信基準=。本文N/O/PとUTAGE編集URLは後続列に保持。","","","本文内定義","","YouTube正本を独自リライトしない。ステータスが廃止対象または旧読者のみの場合は新規実装しない。","【LINEメッセージ 1／text】
再公開の動画は開けましたか？😊

まだの方は、ちゃんと視聴できるかだけでも今のうちに確認しておいてくださいね👇

────────────

【LINEメッセージ 2／button】
{
  ""alt_text"": ""【24時間限定】再公開・視聴確認をどうぞ"",
  ""react_type"": ""free"",
  ""react_press_again_text"": null,
  ""thumbnail_image_url"": null,
  ""title"": ""24時間限定 再公開"",
  ""text"": ""公開は再開から24時間・再延長なし"",
  ""actions"": [
    {
      ""type"": ""url"",
      ""label"": ""動画を見る"",
      ""uri"": ""https://utage-system.com/p/J4c9l3YXuHAs"",
      ""add_label_id"": null,
      ""del_label_id"": null
    }
  ]
}","再公開の動画は開けましたか？😊

まだの方は、ちゃんと視聴できるかだけでも今のうちに確認しておいてくださいね👇","再公開動画は開けましたか？

まだの場合は、視聴できることだけでも今のうちに確認してください。
[再公開URL]","https://utage-system.com/account/Y86og5tIw1hZ/scenario/wF9rKqVhHmri/step/line/HBr7Z9JmI3RQ/edit","HBr7Z9JmI3RQ"
"YouTube_ゆっくりAI","REVIEW_YouTube_ゆっくりAI_20260810","172","旧読者のみ・新規停止","メッセージ","15","旧VSL再公開_24時間限定（既存読者のみ）","Gm1fr2DU4JUT","2026-08-10より前に旧VSL再公開へ入っている既存読者だけ。新規読者は使用禁止。","0日後 6:00","LINE","ステップ配信","RO-03","","【LINEメッセージ 1／text】
再公開、残り18時間です⏰

テーマ選びから商品・集客・販売まで、途中で切らずに最後まで通して見るのがおすすめですよ😊🔥","","","","","2026-08-10より前に旧VSL再公開へ入っている既存読者だけ。新規読者は使用禁止。","","配信基準=。本文N/O/PとUTAGE編集URLは後続列に保持。","","","本文内定義","","YouTube正本を独自リライトしない。ステータスが廃止対象または旧読者のみの場合は新規実装しない。","【LINEメッセージ 1／text】
再公開、残り18時間です⏰

テーマ選びから商品・集客・販売まで、途中で切らずに最後まで通して見るのがおすすめですよ😊🔥","再公開、残り18時間です⏰

テーマ選びから商品・集客・販売まで、途中で切らずに最後まで通して見るのがおすすめですよ😊🔥","残り18時間です。

テーマ選びから商品・集客・販売まで、途中で分断せず最後まで通して見るのがおすすめです。","https://utage-system.com/account/Y86og5tIw1hZ/scenario/wF9rKqVhHmri/step/line/Gm1fr2DU4JUT/edit","Gm1fr2DU4JUT"
"YouTube_ゆっくりAI","REVIEW_YouTube_ゆっくりAI_20260810","173","旧読者のみ・新規停止","メッセージ","15","旧VSL再公開_24時間限定（既存読者のみ）","8bHQqsOMWT0I","2026-08-10より前に旧VSL再公開へ入っている既存読者だけ。新規読者は使用禁止。","0日後 12:00","LINE","ステップ配信","RO-04","","【LINEメッセージ 1／text】
再公開は残り12時間ですね⏰

一度だけの24時間公開です。まだ途中の方は、ここから続きに戻ってくださいね😊","","","","","2026-08-10より前に旧VSL再公開へ入っている既存読者だけ。新規読者は使用禁止。","","配信基準=。本文N/O/PとUTAGE編集URLは後続列に保持。","","","本文内定義","","YouTube正本を独自リライトしない。ステータスが廃止対象または旧読者のみの場合は新規実装しない。","【LINEメッセージ 1／text】
再公開は残り12時間ですね⏰

一度だけの24時間公開です。まだ途中の方は、ここから続きに戻ってくださいね😊","再公開は残り12時間ですね⏰

一度だけの24時間公開です。まだ途中の方は、ここから続きに戻ってくださいね😊","再公開は残り12時間。

一度だけの24時間公開です。まだ途中なら、ここから続きへ戻ってください。","https://utage-system.com/account/Y86og5tIw1hZ/scenario/wF9rKqVhHmri/step/line/8bHQqsOMWT0I/edit","8bHQqsOMWT0I"
"YouTube_ゆっくりAI","REVIEW_YouTube_ゆっくりAI_20260810","174","旧読者のみ・新規停止","メッセージ","15","旧VSL再公開_24時間限定（既存読者のみ）","7sSttRWu9nbx","2026-08-10より前に旧VSL再公開へ入っている既存読者だけ。新規読者は使用禁止。","0日後 18:00","LINE","ステップ配信","RO-05","","【LINEメッセージ 1／text】
終了まで、あと６時間です⏰

見終わった方には、必要に応じて AIひとり起業ロードマップ作成会 をご案内しますね😊
まずは動画を最後までご覧ください👇

────────────

【LINEメッセージ 2／button】
{
  ""alt_text"": ""【24時間限定】終了まであと6時間"",
  ""react_type"": ""free"",
  ""react_press_again_text"": null,
  ""thumbnail_image_url"": null,
  ""title"": ""24時間限定 再公開"",
  ""text"": ""終了まであと6時間"",
  ""actions"": [
    {
      ""type"": ""url"",
      ""label"": ""動画を見る"",
      ""uri"": ""https://utage-system.com/p/J4c9l3YXuHAs"",
      ""add_label_id"": null,
      ""del_label_id"": null
    }
  ]
}","[
  {
    ""url"": ""https://utage-system.com/p/J4c9l3YXuHAs"",
    ""action_id"": ""ZGjzVrAaUly5"",
    ""expiration_type"": ""none""
  }
]","[
  {
    ""url"": ""https://utage-system.com/p/J4c9l3YXuHAs"",
    ""action_id"": ""ZGjzVrAaUly5"",
    ""expiration_type"": ""none""
  }
]","","","2026-08-10より前に旧VSL再公開へ入っている既存読者だけ。新規読者は使用禁止。","[
  {
    ""url"": ""https://utage-system.com/p/J4c9l3YXuHAs"",
    ""action_id"": ""ZGjzVrAaUly5"",
    ""expiration_type"": ""none""
  }
]","配信基準=。本文N/O/PとUTAGE編集URLは後続列に保持。","","","本文内定義","","YouTube正本を独自リライトしない。ステータスが廃止対象または旧読者のみの場合は新規実装しない。","【LINEメッセージ 1／text】
終了まで、あと６時間です⏰

見終わった方には、必要に応じて AIひとり起業ロードマップ作成会 をご案内しますね😊
まずは動画を最後までご覧ください👇

────────────

【LINEメッセージ 2／button】
{
  ""alt_text"": ""【24時間限定】終了まであと6時間"",
  ""react_type"": ""free"",
  ""react_press_again_text"": null,
  ""thumbnail_image_url"": null,
  ""title"": ""24時間限定 再公開"",
  ""text"": ""終了まであと6時間"",
  ""actions"": [
    {
      ""type"": ""url"",
      ""label"": ""動画を見る"",
      ""uri"": ""https://utage-system.com/p/J4c9l3YXuHAs"",
      ""add_label_id"": null,
      ""del_label_id"": null
    }
  ]
}","終了まで、あと６時間です⏰

見終わった方には、必要に応じて AIひとり起業ロードマップ作成会 をご案内しますね😊
まずは動画を最後までご覧ください👇","終了まであと6時間です。

見終わった方には、必要に応じて AIひとり起業ロードマップ作成会 をご案内します。まずは動画を最後までご覧ください。
[再公開URL]","https://utage-system.com/account/Y86og5tIw1hZ/scenario/wF9rKqVhHmri/step/line/7sSttRWu9nbx/edit","7sSttRWu9nbx"
"YouTube_ゆっくりAI","REVIEW_YouTube_ゆっくりAI_20260810","175","旧読者のみ・新規停止","メッセージ","15","旧VSL再公開_24時間限定（既存読者のみ）","0MbohnxfbLMq","2026-08-10より前に旧VSL再公開へ入っている既存読者だけ。新規読者は使用禁止。","0日後 22:00","LINE","ステップ配信","RO-06","","【LINEメッセージ 1／text】
あと2時間で終了します⏰

今回を逸すと、同じ動画の再公開はもうありません🙏
必要な部分を、今のうちに確認しておいてくださいね🔥","","","","","2026-08-10より前に旧VSL再公開へ入っている既存読者だけ。新規読者は使用禁止。","","配信基準=。本文N/O/PとUTAGE編集URLは後続列に保持。","","","本文内定義","","YouTube正本を独自リライトしない。ステータスが廃止対象または旧読者のみの場合は新規実装しない。","【LINEメッセージ 1／text】
あと2時間で終了します⏰

今回を逸すと、同じ動画の再公開はもうありません🙏
必要な部分を、今のうちに確認しておいてくださいね🔥","あと2時間で終了します⏰

今回を逸すと、同じ動画の再公開はもうありません🙏
必要な部分を、今のうちに確認しておいてくださいね🔥","あと2時間で終了します。

今回を逃すと、同じ動画の再公開はありません。必要な部分を今のうちに確認してください。","https://utage-system.com/account/Y86og5tIw1hZ/scenario/wF9rKqVhHmri/step/line/0MbohnxfbLMq/edit","0MbohnxfbLMq"
"YouTube_ゆっくりAI","REVIEW_YouTube_ゆっくりAI_20260810","176","旧読者のみ・新規停止","メッセージ","15","旧VSL再公開_24時間限定（既存読者のみ）","kGOpTtbv81QD","2026-08-10より前に旧VSL再公開へ入っている既存読者だけ。新規読者は使用禁止。","0日後 23:30","LINE","ステップ配信","RO-07","","【LINEメッセージ 1／text】
あと３０分です⏰

２４時間再公開の、最後のご案内ですね🙏
視聴途中の方は、今すぐこちらから戻ってください👇

────────────

【LINEメッセージ 2／button】
{
  ""alt_text"": ""【24時間限定】まもなく終了・最後の案内"",
  ""react_type"": ""free"",
  ""react_press_again_text"": null,
  ""thumbnail_image_url"": null,
  ""title"": ""24時間限定 再公開"",
  ""text"": ""あと予約の３０分・最後の案内"",
  ""actions"": [
    {
      ""type"": ""url"",
      ""label"": ""動画を見る"",
      ""uri"": ""https://utage-system.com/p/J4c9l3YXuHAs"",
      ""add_label_id"": null,
      ""del_label_id"": null
    }
  ]
}","[
  {
    ""url"": ""https://utage-system.com/p/J4c9l3YXuHAs"",
    ""action_id"": ""ZGjzVrAaUly5"",
    ""expiration_type"": ""none""
  }
]","[
  {
    ""url"": ""https://utage-system.com/p/J4c9l3YXuHAs"",
    ""action_id"": ""ZGjzVrAaUly5"",
    ""expiration_type"": ""none""
  }
]","","","2026-08-10より前に旧VSL再公開へ入っている既存読者だけ。新規読者は使用禁止。","[
  {
    ""url"": ""https://utage-system.com/p/J4c9l3YXuHAs"",
    ""action_id"": ""ZGjzVrAaUly5"",
    ""expiration_type"": ""none""
  }
]","配信基準=。本文N/O/PとUTAGE編集URLは後続列に保持。","","","本文内定義","","YouTube正本を独自リライトしない。ステータスが廃止対象または旧読者のみの場合は新規実装しない。","【LINEメッセージ 1／text】
あと３０分です⏰

２４時間再公開の、最後のご案内ですね🙏
視聴途中の方は、今すぐこちらから戻ってください👇

────────────

【LINEメッセージ 2／button】
{
  ""alt_text"": ""【24時間限定】まもなく終了・最後の案内"",
  ""react_type"": ""free"",
  ""react_press_again_text"": null,
  ""thumbnail_image_url"": null,
  ""title"": ""24時間限定 再公開"",
  ""text"": ""あと予約の３０分・最後の案内"",
  ""actions"": [
    {
      ""type"": ""url"",
      ""label"": ""動画を見る"",
      ""uri"": ""https://utage-system.com/p/J4c9l3YXuHAs"",
      ""add_label_id"": null,
      ""del_label_id"": null
    }
  ]
}","あと３０分です⏰

２４時間再公開の、最後のご案内ですね🙏
視聴途中の方は、今すぐこちらから戻ってください👇","あと30分です。

24時間再公開の最後のご案内です。視聴途中の方は、今すぐこちらから戻ってください。
[再公開URL]","https://utage-system.com/account/Y86og5tIw1hZ/scenario/wF9rKqVhHmri/step/line/kGOpTtbv81QD/edit","kGOpTtbv81QD"
"YouTube_ゆっくりAI","REVIEW_YouTube_ゆっくりAI_20260810","177","稼働中","メッセージ","16","オプチャ_初回参加案内","Keai6IIELEtI","VSL72時間終了または無断欠席3通終了後も面談未予約・未実施。予約完了／面談済み／営業停止は除外。オプチャリンククリックで残り案内停止。","登録直後","LINE","ステップ配信","OC-J01","","【LINEメッセージ 1／text】
%line_name%さん、AIの学びを続けたい方へ😊

オープンチャット 「AIマニアの放課後」 をご案内します🎉
AI活用やひとり起業について学べるZoom勉強会を、月2回開催していますよ。まずは気軽に参加してくださいね🙌

────────────

【LINEメッセージ 2／button】
{
  ""alt_text"": ""スマートフォンから閲覧してください。"",
  ""react_type"": ""one_time"",
  ""react_press_again_text"": null,
  ""thumbnail_image_url"": null,
  ""title"": null,
  ""text"": ""AIマニアの放課後はこちら"",
  ""actions"": [
    {
      ""type"": ""url"",
      ""label"": ""オプチャに参加する🔥"",
      ""uri"": ""オープンチャット「AIマニアの放課後」 https://line.me/ti/g2/qtQ6WBe1vMODUq86aG-DL8AlkyGa_5J56xW0Xg?utm_source=invitation&utm_medium=link_copy&utm_campaign=default"",
      ""add_label_id"": null,
      ""del_label_id"": null
    }
  ]
}","[
  {
    ""url"": ""オープンチャット「AIマニアの放課後」 https://line.me/ti/g2/qtQ6WBe1vMODUq86aG-DL8AlkyGa_5J56xW0Xg?utm_source=invitation&utm_medium=link_copy&utm_campaign=default"",
    ""action_id"": null,
    ""expiration_type"": ""none""
  }
]","[
  {
    ""url"": ""オープンチャット「AIマニアの放課後」 https://line.me/ti/g2/qtQ6WBe1vMODUq86aG-DL8AlkyGa_5J56xW0Xg?utm_source=invitation&utm_medium=link_copy&utm_campaign=default"",
    ""action_id"": null,
    ""expiration_type"": ""none""
  }
]","","","VSL72時間終了または無断欠席3通終了後も面談未予約・未実施。予約完了／面談済み／営業停止は除外。オプチャリンククリックで残り案内停止。","[
  {
    ""url"": ""オープンチャット「AIマニアの放課後」 https://line.me/ti/g2/qtQ6WBe1vMODUq86aG-DL8AlkyGa_5J56xW0Xg?utm_source=invitation&utm_medium=link_copy&utm_campaign=default"",
    ""action_id"": null,
    ""expiration_type"": ""none""
  }
]","配信基準=。本文N/O/PとUTAGE編集URLは後続列に保持。","","","本文内定義","","YouTube正本を独自リライトしない。ステータスが廃止対象または旧読者のみの場合は新規実装しない。","【LINEメッセージ 1／text】
%line_name%さん、AIの学びを続けたい方へ😊

オープンチャット 「AIマニアの放課後」 をご案内します🎉
AI活用やひとり起業について学べるZoom勉強会を、月2回開催していますよ。まずは気軽に参加してくださいね🙌

────────────

【LINEメッセージ 2／button】
{
  ""alt_text"": ""スマートフォンから閲覧してください。"",
  ""react_type"": ""one_time"",
  ""react_press_again_text"": null,
  ""thumbnail_image_url"": null,
  ""title"": null,
  ""text"": ""AIマニアの放課後はこちら"",
  ""actions"": [
    {
      ""type"": ""url"",
      ""label"": ""オプチャに参加する🔥"",
      ""uri"": ""オープンチャット「AIマニアの放課後」 https://line.me/ti/g2/qtQ6WBe1vMODUq86aG-DL8AlkyGa_5J56xW0Xg?utm_source=invitation&utm_medium=link_copy&utm_campaign=default"",
      ""add_label_id"": null,
      ""del_label_id"": null
    }
  ]
}","%line_name%さん、AIの学びを続けたい方へ😊

オープンチャット 「AIマニアの放課後」 をご案内します🎉
AI活用やひとり起業について学べるZoom勉強会を、月2回開催していますよ。まずは気軽に参加してくださいね🙌","[name]さん、AIの学びを続けたい方へ。

オープンチャット 「AIマニアの放課後」 をご案内します。AI活用やひとり起業について学べる無料勉強会を不定期で開催しています。匿名で参加できますのでまずは気軽に参加してください。","https://utage-system.com/account/Y86og5tIw1hZ/scenario/rB1Rr3C5g2PI/step/line/Keai6IIELEtI/edit","Keai6IIELEtI"
"YouTube_ゆっくりAI","REVIEW_YouTube_ゆっくりAI_20260810","178","稼働中","メッセージ","16","オプチャ_初回参加案内","NTIhWrYdF9wK","VSL72時間終了または無断欠席3通終了後も面談未予約・未実施。予約完了／面談済み／営業停止は除外。オプチャリンククリックで残り案内停止。","1日後 19:00","LINE","ステップ配信","OC-J02","","【LINEメッセージ 1／text】
一人で情報を追い続けると、分からないことが増えるほど動きにくくなりますよね😌

AIマニアの放課後 では、AIの変化を学びながら、自分の仕事や事業にどう使うかを一緒に考えていきます😊👇

https://line.me/ti/g2/qtQ6WBe1vMODUq86aG-DL8AlkyGa_5J56xW0Xg?utm_source=invitation&utm_medium=link_copy&utm_campaign=default","[
  {
    ""url"": ""https://line.me/ti/g2/qtQ6WBe1vMODUq86aG-DL8AlkyGa_5J56xW0Xg?utm_source=invitation&utm_medium=link_copy&utm_campaign=default"",
    ""action_id"": ""ua4O1UzrwOxm"",
    ""expiration_type"": ""none""
  }
]","[
  {
    ""url"": ""https://line.me/ti/g2/qtQ6WBe1vMODUq86aG-DL8AlkyGa_5J56xW0Xg?utm_source=invitation&utm_medium=link_copy&utm_campaign=default"",
    ""action_id"": ""ua4O1UzrwOxm"",
    ""expiration_type"": ""none""
  }
]","","","VSL72時間終了または無断欠席3通終了後も面談未予約・未実施。予約完了／面談済み／営業停止は除外。オプチャリンククリックで残り案内停止。","[
  {
    ""url"": ""https://line.me/ti/g2/qtQ6WBe1vMODUq86aG-DL8AlkyGa_5J56xW0Xg?utm_source=invitation&utm_medium=link_copy&utm_campaign=default"",
    ""action_id"": ""ua4O1UzrwOxm"",
    ""expiration_type"": ""none""
  }
]","配信基準=。本文N/O/PとUTAGE編集URLは後続列に保持。","","","本文内定義","","YouTube正本を独自リライトしない。ステータスが廃止対象または旧読者のみの場合は新規実装しない。","【LINEメッセージ 1／text】
一人で情報を追い続けると、分からないことが増えるほど動きにくくなりますよね😌

AIマニアの放課後 では、AIの変化を学びながら、自分の仕事や事業にどう使うかを一緒に考えていきます😊👇

https://line.me/ti/g2/qtQ6WBe1vMODUq86aG-DL8AlkyGa_5J56xW0Xg?utm_source=invitation&utm_medium=link_copy&utm_campaign=default","一人で情報を追い続けると、分からないことが増えるほど動きにくくなりますよね😌

AIマニアの放課後 では、AIの変化を学びながら、自分の仕事や事業にどう使うかを一緒に考えていきます😊👇

https://line.me/ti/g2/qtQ6WBe1vMODUq86aG-DL8AlkyGa_5J56xW0Xg?utm_source=invitation&utm_medium=link_copy&utm_campaign=default","一人で情報を追い続けると、分からないことが増えるほど動きにくくなります。

オープンチャット「AIマニアの放課後」 では、AIの変化を学びながら、自分の仕事や事業にどう使うかを考えます。

[オプチャURL]","https://utage-system.com/account/Y86og5tIw1hZ/scenario/rB1Rr3C5g2PI/step/line/NTIhWrYdF9wK/edit","NTIhWrYdF9wK"
"YouTube_ゆっくりAI","REVIEW_YouTube_ゆっくりAI_20260810","179","稼働中","メッセージ","16","オプチャ_初回参加案内","tqthhMdpJHMS","VSL72時間終了または無断欠席3通終了後も面談未予約・未実施。予約完了／面談済み／営業停止は除外。オプチャリンククリックで残り案内停止。","3日後 20:00","LINE","ステップ配信","OC-J03","","【LINEメッセージ 1／text】
オプチャ参加については、これで最後のご案内ですね😊

今すぐ面談やスクールを考えていなくても大丈夫ですよ🙆‍♂️
月2回のZoom勉強会から、AIを使うきっかけを作ってみてください💬","","","","","VSL72時間終了または無断欠席3通終了後も面談未予約・未実施。予約完了／面談済み／営業停止は除外。オプチャリンククリックで残り案内停止。","","配信基準=。本文N/O/PとUTAGE編集URLは後続列に保持。","","","本文内定義","","YouTube正本を独自リライトしない。ステータスが廃止対象または旧読者のみの場合は新規実装しない。","【LINEメッセージ 1／text】
オプチャ参加については、これで最後のご案内ですね😊

今すぐ面談やスクールを考えていなくても大丈夫ですよ🙆‍♂️
月2回のZoom勉強会から、AIを使うきっかけを作ってみてください💬","オプチャ参加については、これで最後のご案内ですね😊

今すぐ面談やスクールを考えていなくても大丈夫ですよ🙆‍♂️
月2回のZoom勉強会から、AIを使うきっかけを作ってみてください💬","オプチャ参加については、これで最後のご案内です。

今すぐ面談やスクールを考えていなくても大丈夫。無料勉強会から、AIを使うきっかけを作ってください。","https://utage-system.com/account/Y86og5tIw1hZ/scenario/rB1Rr3C5g2PI/step/line/tqthhMdpJHMS/edit","tqthhMdpJHMS"
"YouTube_ゆっくりAI","REVIEW_YouTube_ゆっくりAI_20260810","180","下書き","メッセージ","18","勉強会後ロードマップ_未クリック","qHdUnbo4wfh3","","登録直後","LINE","ステップ配信","OC-N01","","【LINEメッセージ 1／text】
%line_name%さん、本日の勉強会へのご参加、本当にありがとうございました😊🎉

今日の学びを自分の事業計画へ落とし込みたい方へ、AIひとり起業ロードマップ作成会をご案内しますね🎁

Zoom30分で、事業テーマ・商品・集客・販売の順番を一緒に整理していきます。スクールの案内も含むため、興味がある方だけ日程をご覧くださいね💬","","","","","","","配信基準=。本文N/O/PとUTAGE編集URLは後続列に保持。","","","本文内定義","","YouTube正本を独自リライトしない。ステータスが廃止対象または旧読者のみの場合は新規実装しない。","【LINEメッセージ 1／text】
%line_name%さん、本日の勉強会へのご参加、本当にありがとうございました😊🎉

今日の学びを自分の事業計画へ落とし込みたい方へ、AIひとり起業ロードマップ作成会をご案内しますね🎁

Zoom30分で、事業テーマ・商品・集客・販売の順番を一緒に整理していきます。スクールの案内も含むため、興味がある方だけ日程をご覧くださいね💬","%line_name%さん、本日の勉強会へのご参加、本当にありがとうございました😊🎉

今日の学びを自分の事業計画へ落とし込みたい方へ、AIひとり起業ロードマップ作成会をご案内しますね🎁

Zoom30分で、事業テーマ・商品・集客・販売の順番を一緒に整理していきます。スクールの案内も含むため、興味がある方だけ日程をご覧くださいね💬","次回の放課後勉強会が決まりました。

テーマ：[勉強会テーマ]
日時：[勉強会日時]
形式：Zoom

AIを知るだけでなく、自分の仕事やひとり起業へどう使うかを一緒に考えます。","https://utage-system.com/account/Y86og5tIw1hZ/scenario/YRvcJYoKf5bE/step/line/qHdUnbo4wfh3/edit","qHdUnbo4wfh3"
"YouTube_ゆっくりAI","REVIEW_YouTube_ゆっくりAI_20260810","181","稼働中","メッセージ","18","勉強会後ロードマップ_未クリック","Xx8BcVbTazKj","","1日後 10:00","LINE","ステップ配信","OC-N02","","【LINEメッセージ 1／text】
昨日の勉強会で見つけたヒント、そのままにしていませんか？😊

自分の場合の最初の一歩まで決めたい方は、30分のロードマップ作成会を使ってくださいね🙌","","","","","","","配信基準=。本文N/O/PとUTAGE編集URLは後続列に保持。","","","本文内定義","","YouTube正本を独自リライトしない。ステータスが廃止対象または旧読者のみの場合は新規実装しない。","【LINEメッセージ 1／text】
昨日の勉強会で見つけたヒント、そのままにしていませんか？😊

自分の場合の最初の一歩まで決めたい方は、30分のロードマップ作成会を使ってくださいね🙌","昨日の勉強会で見つけたヒント、そのままにしていませんか？😊

自分の場合の最初の一歩まで決めたい方は、30分のロードマップ作成会を使ってくださいね🙌","開催まであと3日です。

今回のテーマは [勉強会テーマ]。AI初心者でも参加できる内容です。聞くだけで終わらせず、自分ならどう使うかまで考える時間にします。

[勉強会申込URL]","https://utage-system.com/account/Y86og5tIw1hZ/scenario/YRvcJYoKf5bE/step/line/Xx8BcVbTazKj/edit","Xx8BcVbTazKj"
"YouTube_ゆっくりAI","REVIEW_YouTube_ゆっくりAI_20260810","182","稼働中","メッセージ","18","勉強会後ロードマップ_未クリック","DCkZURPOLdbZ","","2日後 20:00","LINE","ステップ配信","OC-N03","","【LINEメッセージ 1／text】
今回の勉強会参加者向けの作成会案内は、これで最後ですね😌

スクールに関心があって、具体的な進め方を相談したい方はこちらからご予約くださいね👇

────────────

【LINEメッセージ 2／button】
{
  ""alt_text"": ""【個別】ロードマップ作成会・最後のご案内"",
  ""react_type"": ""free"",
  ""react_press_again_text"": null,
  ""thumbnail_image_url"": null,
  ""title"": ""AIひとり起業ロードマップ作成会"",
  ""text"": ""これが最後のご案内・Zoom30分"",
  ""actions"": [
    {
      ""type"": ""url"",
      ""label"": ""日程を見て予約する"",
      ""uri"": ""https://utage-system.com/event/DkY6Co3mN1oB/register"",
      ""add_label_id"": null,
      ""del_label_id"": null
    }
  ]
}","[
  {
    ""url"": ""https://utage-system.com/event/DkY6Co3mN1oB/register"",
    ""action_id"": ""Rxpev2N4QEL3"",
    ""expiration_type"": ""none""
  }
]","[
  {
    ""url"": ""https://utage-system.com/event/DkY6Co3mN1oB/register"",
    ""action_id"": ""Rxpev2N4QEL3"",
    ""expiration_type"": ""none""
  }
]","","","","[
  {
    ""url"": ""https://utage-system.com/event/DkY6Co3mN1oB/register"",
    ""action_id"": ""Rxpev2N4QEL3"",
    ""expiration_type"": ""none""
  }
]","配信基準=。本文N/O/PとUTAGE編集URLは後続列に保持。","","","本文内定義","","YouTube正本を独自リライトしない。ステータスが廃止対象または旧読者のみの場合は新規実装しない。","【LINEメッセージ 1／text】
今回の勉強会参加者向けの作成会案内は、これで最後ですね😌

スクールに関心があって、具体的な進め方を相談したい方はこちらからご予約くださいね👇

────────────

【LINEメッセージ 2／button】
{
  ""alt_text"": ""【個別】ロードマップ作成会・最後のご案内"",
  ""react_type"": ""free"",
  ""react_press_again_text"": null,
  ""thumbnail_image_url"": null,
  ""title"": ""AIひとり起業ロードマップ作成会"",
  ""text"": ""これが最後のご案内・Zoom30分"",
  ""actions"": [
    {
      ""type"": ""url"",
      ""label"": ""日程を見て予約する"",
      ""uri"": ""https://utage-system.com/event/DkY6Co3mN1oB/register"",
      ""add_label_id"": null,
      ""del_label_id"": null
    }
  ]
}","今回の勉強会参加者向けの作成会案内は、これで最後ですね😌

スクールに関心があって、具体的な進め方を相談したい方はこちらからご予約くださいね👇","明日開催。

[勉強会テーマ]
[勉強会日時]／Zoom

参加する方は、忘れないうちに登録を済ませてください。","https://utage-system.com/account/Y86og5tIw1hZ/scenario/YRvcJYoKf5bE/step/line/DCkZURPOLdbZ/edit","DCkZURPOLdbZ"
"YouTube_ゆっくりAI","REVIEW_YouTube_ゆっくりAI_20260810","183","稼働中","メッセージ","19","勉強会後ロードマップ_クリック済","t5809c9etpY3","","15分 後","LINE","ステップ配信","OC-C01","","【LINEメッセージ 1／text】
%line_name%さん、作成会の日程ページを見てくださってありがとうございます😊

合う時間がなければ、少し時間を置いてもう一度確認できますよ💬","","","","","","","配信基準=。本文N/O/PとUTAGE編集URLは後続列に保持。","","","本文内定義","","YouTube正本を独自リライトしない。ステータスが廃止対象または旧読者のみの場合は新規実装しない。","【LINEメッセージ 1／text】
%line_name%さん、作成会の日程ページを見てくださってありがとうございます😊

合う時間がなければ、少し時間を置いてもう一度確認できますよ💬","%line_name%さん、作成会の日程ページを見てくださってありがとうございます😊

合う時間がなければ、少し時間を置いてもう一度確認できますよ💬","[name]さん、本日が放課後勉強会の日です。

テーマ：[勉強会テーマ]
日時：[勉強会日時]

今日扱う内容を、自分の行動に一つ持ち帰ってください。
[勉強会申込URL]","https://utage-system.com/account/Y86og5tIw1hZ/scenario/6s6n2jsuDCIe/step/line/t5809c9etpY3/edit","t5809c9etpY3"
"YouTube_ゆっくりAI","REVIEW_YouTube_ゆっくりAI_20260810","184","稼働中","メッセージ","19","勉強会後ロードマップ_クリック済","aJTXplcyVf6R","","2時間 後","LINE","ステップ配信","OC-C02","","【LINEメッセージ 1／text】
AIひとり起業ロードマップ作成会 はZoom30分です😊

予約は名前とメールアドレスだけでOK。勉強会で得た学びを、あなたの事業テーマと次の行動へつなげていきますね🙌","","","","","","","配信基準=。本文N/O/PとUTAGE編集URLは後続列に保持。","","","本文内定義","","YouTube正本を独自リライトしない。ステータスが廃止対象または旧読者のみの場合は新規実装しない。","【LINEメッセージ 1／text】
AIひとり起業ロードマップ作成会 はZoom30分です😊

予約は名前とメールアドレスだけでOK。勉強会で得た学びを、あなたの事業テーマと次の行動へつなげていきますね🙌","AIひとり起業ロードマップ作成会 はZoom30分です😊

予約は名前とメールアドレスだけでOK。勉強会で得た学びを、あなたの事業テーマと次の行動へつなげていきますね🙌","あと1時間で開始します。

AIマニアの放課後 Zoom勉強会
参加URL：[勉強会参加URL]

開始時刻になりましたら、こちらからお入りください。","https://utage-system.com/account/Y86og5tIw1hZ/scenario/6s6n2jsuDCIe/step/line/aJTXplcyVf6R/edit","aJTXplcyVf6R"
"YouTube_ゆっくりAI","REVIEW_YouTube_ゆっくりAI_20260810","185","稼働中","メッセージ","19","勉強会後ロードマップ_クリック済","drv279eSHBD2","","5時間 後","LINE","ステップ配信","OC-C03","","【LINEメッセージ 1／text】
まだテーマが固まっていなくても、まったく問題ありませんよ😌

経験・得意・興味を確認しながら、AIを使って何を形にするかを一緒に整理していきますね。スクールの説明も含みます👇

────────────

【LINEメッセージ 2／button】
{
  ""alt_text"": ""【個別】AIひとり起業ロードマップ作成会のご案内"",
  ""react_type"": ""free"",
  ""react_press_again_text"": null,
  ""thumbnail_image_url"": null,
  ""title"": ""AIひとり起業ロードマップ作成会"",
  ""text"": ""Zoom30分・名前とメールだけで予約OK"",
  ""actions"": [
    {
      ""type"": ""url"",
      ""label"": ""日程を見て予約する"",
      ""uri"": ""https://utage-system.com/event/DkY6Co3mN1oB/register"",
      ""add_label_id"": null,
      ""del_label_id"": null
    }
  ]
}","[
  {
    ""url"": ""https://utage-system.com/event/DkY6Co3mN1oB/register"",
    ""action_id"": ""Rxpev2N4QEL3"",
    ""expiration_type"": ""none""
  }
]","[
  {
    ""url"": ""https://utage-system.com/event/DkY6Co3mN1oB/register"",
    ""action_id"": ""Rxpev2N4QEL3"",
    ""expiration_type"": ""none""
  }
]","","","","[
  {
    ""url"": ""https://utage-system.com/event/DkY6Co3mN1oB/register"",
    ""action_id"": ""Rxpev2N4QEL3"",
    ""expiration_type"": ""none""
  }
]","配信基準=。本文N/O/PとUTAGE編集URLは後続列に保持。","","","本文内定義","","YouTube正本を独自リライトしない。ステータスが廃止対象または旧読者のみの場合は新規実装しない。","【LINEメッセージ 1／text】
まだテーマが固まっていなくても、まったく問題ありませんよ😌

経験・得意・興味を確認しながら、AIを使って何を形にするかを一緒に整理していきますね。スクールの説明も含みます👇

────────────

【LINEメッセージ 2／button】
{
  ""alt_text"": ""【個別】AIひとり起業ロードマップ作成会のご案内"",
  ""react_type"": ""free"",
  ""react_press_again_text"": null,
  ""thumbnail_image_url"": null,
  ""title"": ""AIひとり起業ロードマップ作成会"",
  ""text"": ""Zoom30分・名前とメールだけで予約OK"",
  ""actions"": [
    {
      ""type"": ""url"",
      ""label"": ""日程を見て予約する"",
      ""uri"": ""https://utage-system.com/event/DkY6Co3mN1oB/register"",
      ""add_label_id"": null,
      ""del_label_id"": null
    }
  ]
}","まだテーマが固まっていなくても、まったく問題ありませんよ😌

経験・得意・興味を確認しながら、AIを使って何を形にするかを一緒に整理していきますね。スクールの説明も含みます👇","[name]さん、本日の勉強会へのご参加ありがとうございました。

今日の学びを自分の事業計画へ落とし込みたい方へ、AIひとり起業ロードマップ作成会をご案内します。

Zoom30分で、事業テーマ・商品・集客・販売の順番を一緒に整理します。スクールの案内も含むため、興味がある方だけ日程をご覧ください。","https://utage-system.com/account/Y86og5tIw1hZ/scenario/6s6n2jsuDCIe/step/line/drv279eSHBD2/edit","drv279eSHBD2"
"YouTube_ゆっくりAI","REVIEW_YouTube_ゆっくりAI_20260810","186","稼働中","メッセージ","19","勉強会後ロードマップ_クリック済","TQAmLMmMHUwK","","10時間 後","LINE","ステップ配信","OC-C04","","【LINEメッセージ 1／text】
学んだ日の熱を、そのまま行動へ🔥

一人で考えて止まる前に、３０分で優先順位を決めちゃいましょう💬","","","","","","","配信基準=。本文N/O/PとUTAGE編集URLは後続列に保持。","","","本文内定義","","YouTube正本を独自リライトしない。ステータスが廃止対象または旧読者のみの場合は新規実装しない。","【LINEメッセージ 1／text】
学んだ日の熱を、そのまま行動へ🔥

一人で考えて止まる前に、３０分で優先順位を決めちゃいましょう💬","学んだ日の熱を、そのまま行動へ🔥

一人で考えて止まる前に、３０分で優先順位を決めちゃいましょう💬","昨日の勉強会で見つけたヒントを、そのままにしていませんか？

自分の場合の最初の一歩まで決めたい方は、30分のロードマップ作成会を使ってください。","https://utage-system.com/account/Y86og5tIw1hZ/scenario/6s6n2jsuDCIe/step/line/TQAmLMmMHUwK/edit","TQAmLMmMHUwK"
"YouTube_ゆっくりAI","REVIEW_YouTube_ゆっくりAI_20260810","187","稼働中","メッセージ","19","勉強会後ロードマップ_クリック済","5y0jtagXKl24","","1日 後","LINE","ステップ配信","OC-C05","","【LINEメッセージ 1／text】
%line_name%さん、ロードマップ作成会へ参加しようか迷われている方へ😌

「今の自分が最初に取り組む課題を明確にしていただけました。」
「AIで事業を作り、労働集約から卒業しようと決意しました。」
などの感想をいただいております🙌

次の開催は未定です。お早めにお申し込みください。","","","","","","","配信基準=。本文N/O/PとUTAGE編集URLは後続列に保持。","","","本文内定義","","YouTube正本を独自リライトしない。ステータスが廃止対象または旧読者のみの場合は新規実装しない。","【LINEメッセージ 1／text】
%line_name%さん、昨日ページを開いて迷っていた方へ😌

作成会では、今の自分が最初に取り組む一つを明確にしていきますね。そのうえでスクールが必要かも判断できますよ🙌","%line_name%さん、昨日ページを開いて迷っていた方へ😌

作成会では、今の自分が最初に取り組む一つを明確にしていきますね。そのうえでスクールが必要かも判断できますよ🙌","今回の勉強会参加者向けの作成会案内は、これで最後です。

スクールに関心があり、具体的な進め方を相談したい方はこちらからご予約ください。
[面談予約URL]","https://utage-system.com/account/Y86og5tIw1hZ/scenario/6s6n2jsuDCIe/step/line/5y0jtagXKl24/edit","5y0jtagXKl24"
"YouTube_ゆっくりAI","REVIEW_YouTube_ゆっくりAI_20260810","188","稼働中","メッセージ","19","勉強会後ロードマップ_クリック済","GcAZFq9yUYEu","","1日 4時間 後","LINE","ステップ配信","OC-C06","","【LINEメッセージ 1／text】
AIでできることが増えるほど、選択肢も増えていきますよね😊

だからこそ、何をやるべきなのか整理する時間を作ってください✨
ロードマップ作成会でお待ちしています。","","","","","","","配信基準=。本文N/O/PとUTAGE編集URLは後続列に保持。","","","本文内定義","","YouTube正本を独自リライトしない。ステータスが廃止対象または旧読者のみの場合は新規実装しない。","【LINEメッセージ 1／text】
AIでできることが増えるほど、選択肢も増えていきますよね😊

だからこそ、何をやるかだけでなく、今は何をやらないかまで整理する時間を作ってくださいね✨","AIでできることが増えるほど、選択肢も増えていきますよね😊

だからこそ、何をやるかだけでなく、今は何をやらないかまで整理する時間を作ってくださいね✨","[name]さん、ロードマップ作成会の日程ページを見てくださりありがとうございます。

合う時間がなければ、少し時間を置いてもう一度確認できます。","https://utage-system.com/account/Y86og5tIw1hZ/scenario/6s6n2jsuDCIe/step/line/GcAZFq9yUYEu/edit","GcAZFq9yUYEu"
"YouTube_ゆっくりAI","REVIEW_YouTube_ゆっくりAI_20260810","189","稼働中","メッセージ","19","勉強会後ロードマップ_クリック済","MxOJAWlXbEbE","","1日後 10:00","LINE","ステップ配信","OC-C07","","【LINEメッセージ 1／text】
事前準備は一切不要です😊 様々な相談の場としてご活用ください👇

────────────

【LINEメッセージ 2／button】
{
  ""alt_text"": ""【個別】ロードマップ作成会・事前課題なし/日程変更OK"",
  ""react_type"": ""free"",
  ""react_press_again_text"": null,
  ""thumbnail_image_url"": null,
  ""title"": ""AIひとり起業ロードマップ作成会"",
  ""text"": ""事前課題なし・日程変更OK"",
  ""actions"": [
    {
      ""type"": ""url"",
      ""label"": ""日程を見て予約する"",
      ""uri"": ""https://utage-system.com/event/DkY6Co3mN1oB/register"",
      ""add_label_id"": null,
      ""del_label_id"": null
    }
  ]
}","[
  {
    ""url"": ""https://utage-system.com/event/DkY6Co3mN1oB/register"",
    ""action_id"": ""Rxpev2N4QEL3"",
    ""expiration_type"": ""none""
  }
]","[
  {
    ""url"": ""https://utage-system.com/event/DkY6Co3mN1oB/register"",
    ""action_id"": ""Rxpev2N4QEL3"",
    ""expiration_type"": ""none""
  }
]","","","","[
  {
    ""url"": ""https://utage-system.com/event/DkY6Co3mN1oB/register"",
    ""action_id"": ""Rxpev2N4QEL3"",
    ""expiration_type"": ""none""
  }
]","配信基準=。本文N/O/PとUTAGE編集URLは後続列に保持。","","","本文内定義","","YouTube正本を独自リライトしない。ステータスが廃止対象または旧読者のみの場合は新規実装しない。","【LINEメッセージ 1／text】
事前課題や資料は不要ですよ😊 予約後に都合が変わっても日程変更できるので安心してくださいね👇

────────────

【LINEメッセージ 2／button】
{
  ""alt_text"": ""【個別】ロードマップ作成会・事前課題なし/日程変更OK"",
  ""react_type"": ""free"",
  ""react_press_again_text"": null,
  ""thumbnail_image_url"": null,
  ""title"": ""AIひとり起業ロードマップ作成会"",
  ""text"": ""事前課題なし・日程変更OK"",
  ""actions"": [
    {
      ""type"": ""url"",
      ""label"": ""日程を見て予約する"",
      ""uri"": ""https://utage-system.com/event/DkY6Co3mN1oB/register"",
      ""add_label_id"": null,
      ""del_label_id"": null
    }
  ]
}","事前課題や資料は不要ですよ😊 予約後に都合が変わっても日程変更できるので安心してくださいね👇","AIひとり起業ロードマップ作成会 はZoom30分です。

予約は名前とメールアドレスだけ。勉強会で得た学びを、あなたの事業テーマと次の行動へつなげます。","https://utage-system.com/account/Y86og5tIw1hZ/scenario/6s6n2jsuDCIe/step/line/MxOJAWlXbEbE/edit","MxOJAWlXbEbE"
"YouTube_ゆっくりAI","REVIEW_YouTube_ゆっくりAI_20260810","190","稼働中","メッセージ","19","勉強会後ロードマップ_クリック済","Qx8sfyBu5hqI","","1日後 15:00","LINE","ステップ配信","OC-C08","","【LINEメッセージ 1／text】
受付終了まで残り9時間です⏰

必要な方は、お早めに日程を確保してください🙌","","","","","","","配信基準=。本文N/O/PとUTAGE編集URLは後続列に保持。","","","本文内定義","","YouTube正本を独自リライトしない。ステータスが廃止対象または旧読者のみの場合は新規実装しない。","【LINEメッセージ 1／text】
今回の受付は残り9時間です⏰

実際の48時間受付に基づくご案内です。必要な方は、期限内に日程を確保してくださいね🙌","","まだテーマが固まっていなくても問題ありません。

経験・得意・興味を確認しながら、AIを使って何を形にするかを一緒に整理します。
[面談予約URL]","https://utage-system.com/account/Y86og5tIw1hZ/scenario/6s6n2jsuDCIe/step/line/Qx8sfyBu5hqI/edit","Qx8sfyBu5hqI"
"YouTube_ゆっくりAI","REVIEW_YouTube_ゆっくりAI_20260810","191","稼働中","メッセージ","19","勉強会後ロードマップ_クリック済","EbnJDJasIpid","","1日後 21:00","LINE","ステップ配信","OC-C09","","【LINEメッセージ 1／text】
受付終了まであと3時間です⏰

AIひとり起業スクールに関心があって、自分に合う進め方を直接相談したい方はこちらです👇

────────────

【LINEメッセージ 2／button】
{
  ""alt_text"": ""【個別】ロードマップ作成会・受付終了まであと3時間"",
  ""react_type"": ""free"",
  ""react_press_again_text"": null,
  ""thumbnail_image_url"": null,
  ""title"": ""AIひとり起業ロードマップ作成会"",
  ""text"": ""受付終了まであと3時間"",
  ""actions"": [
    {
      ""type"": ""url"",
      ""label"": ""日程を見て予約する"",
      ""uri"": ""https://utage-system.com/event/DkY6Co3mN1oB/register"",
      ""add_label_id"": null,
      ""del_label_id"": null
    }
  ]
}","[
  {
    ""url"": ""https://utage-system.com/event/DkY6Co3mN1oB/register"",
    ""action_id"": ""Rxpev2N4QEL3"",
    ""expiration_type"": ""none""
  }
]","[
  {
    ""url"": ""https://utage-system.com/event/DkY6Co3mN1oB/register"",
    ""action_id"": ""Rxpev2N4QEL3"",
    ""expiration_type"": ""none""
  }
]","","","","[
  {
    ""url"": ""https://utage-system.com/event/DkY6Co3mN1oB/register"",
    ""action_id"": ""Rxpev2N4QEL3"",
    ""expiration_type"": ""none""
  }
]","配信基準=。本文N/O/PとUTAGE編集URLは後続列に保持。","","","本文内定義","","YouTube正本を独自リライトしない。ステータスが廃止対象または旧読者のみの場合は新規実装しない。","【LINEメッセージ 1／text】
受付終了まであと3時間です⏰

AIひとり起業スクールに関心があって、自分に合う進め方を直接相談したい方はこちらです👇

────────────

【LINEメッセージ 2／button】
{
  ""alt_text"": ""【個別】ロードマップ作成会・受付終了まであと3時間"",
  ""react_type"": ""free"",
  ""react_press_again_text"": null,
  ""thumbnail_image_url"": null,
  ""title"": ""AIひとり起業ロードマップ作成会"",
  ""text"": ""受付終了まであと3時間"",
  ""actions"": [
    {
      ""type"": ""url"",
      ""label"": ""日程を見て予約する"",
      ""uri"": ""https://utage-system.com/event/DkY6Co3mN1oB/register"",
      ""add_label_id"": null,
      ""del_label_id"": null
    }
  ]
}","","学んだ日の熱を、行動へ。

一人で考えて止まる前に、30分で優先順位を決めましょう。","https://utage-system.com/account/Y86og5tIw1hZ/scenario/6s6n2jsuDCIe/step/line/EbnJDJasIpid/edit","EbnJDJasIpid"
"YouTube_ゆっくりAI","REVIEW_YouTube_ゆっくりAI_20260810","192","稼働中","メッセージ","19","勉強会後ロードマップ_クリック済","FYFbS6MjeNru","","1日後 23:00","LINE","ステップ配信","OC-C10","","【LINEメッセージ 1／text】
あと1時間で受付を終了します⏰

今回の案内はこれで最後です。参加したい方は今すぐ予約を完了してくださいね💬","","","","","","","配信基準=。本文N/O/PとUTAGE編集URLは後続列に保持。","","","本文内定義","","YouTube正本を独自リライトしない。ステータスが廃止対象または旧読者のみの場合は新規実装しない。","【LINEメッセージ 1／text】
あと1時間で受付を終了します⏰

今回の勉強会参加者向け案内はこれで最後です。参加したい方は今すぐ予約を完了してくださいね💬","","[name]さん、昨日ページを開いて迷っていた方へ。

作成会では、今の自分が最初に取り組む一つを明確にします。そのうえでスクールが必要かも判断できます。","https://utage-system.com/account/Y86og5tIw1hZ/scenario/6s6n2jsuDCIe/step/line/FYFbS6MjeNru/edit","FYFbS6MjeNru"
"YouTube_ゆっくりAI","REVIEW_YouTube_ゆっくりAI_20260810","193","稼働中","メッセージ","20","AIでひとり起業【個別相談会】リマインダ","70sjTO8HmghJ","","登録直後","メール","ステップ配信","申込時","【重要】%event_name%へのお申込みが完了しました","%name% 様

この度は
%event_name%
にお申込み頂きありがとうございます。

お申込み頂いたご予約について
ご案内をさせて頂きます。

■　お申込者情報
━━━━━━━━━━━━━━━━

お名前：%name%
メールアドレス：%mail%
電話番号：%phone%


■　日程・参加方法
━━━━━━━━━━━━━━━━

%event_info%


■　キャンセルについて
━━━━━━━━━━━━━━━━

キャンセルを希望される場合は事前に『必ず』ご連絡ください。


━━━━━━━━━━━━━━━━
%event_name%運営事務局
%from_mail%
━━━━━━━━━━━━━━━━","","","","","","","配信基準=。本文N/O/PとUTAGE編集URLは後続列に保持。","","","本文内定義","","YouTube正本を独自リライトしない。ステータスが廃止対象または旧読者のみの場合は新規実装しない。","%name% 様

この度は
%event_name%
にお申込み頂きありがとうございます。

お申込み頂いたご予約について
ご案内をさせて頂きます。

■　お申込者情報
━━━━━━━━━━━━━━━━

お名前：%name%
メールアドレス：%mail%
電話番号：%phone%


■　日程・参加方法
━━━━━━━━━━━━━━━━

%event_info%


■　キャンセルについて
━━━━━━━━━━━━━━━━

キャンセルを希望される場合は事前に『必ず』ご連絡ください。


━━━━━━━━━━━━━━━━
%event_name%運営事務局
%from_mail%
━━━━━━━━━━━━━━━━","","AIでできることが増えるほど、選択肢も増えます。

だからこそ、何をやるかだけでなく、今は何をやらないかまで整理する時間を作ってください。","https://utage-system.com/account/Y86og5tIw1hZ/scenario/vVqowqBT63pQ/step/70sjTO8HmghJ/edit","70sjTO8HmghJ"
"YouTube_ゆっくりAI","REVIEW_YouTube_ゆっくりAI_20260810","194","稼働中","メッセージ","20","AIでひとり起業【個別相談会】リマインダ","jdhZUdOrDuDa","","14日前の 8:00","メール","リマインダ配信","開催14日前","【開催14日前】%event_name%","%name% 様

この度は
%event_name%
にお申込み頂きありがとうございます。

開催14日前になりましたので
リマインドをさせて頂きます。

■　お申込者情報
━━━━━━━━━━━━━━━━

お名前：%name%
メールアドレス：%mail%
電話番号：%phone%


■　日程・参加方法
━━━━━━━━━━━━━━━━

%event_info%


■　キャンセルについて
━━━━━━━━━━━━━━━━

キャンセルを希望される場合は事前に『必ず』ご連絡ください。


━━━━━━━━━━━━━━━━
%event_name%運営事務局
%from_mail%
━━━━━━━━━━━━━━━━","","","","","","","配信基準=イベント参加日時。本文N/O/PとUTAGE編集URLは後続列に保持。","","","本文内定義","","YouTube正本を独自リライトしない。ステータスが廃止対象または旧読者のみの場合は新規実装しない。","%name% 様

この度は
%event_name%
にお申込み頂きありがとうございます。

開催14日前になりましたので
リマインドをさせて頂きます。

■　お申込者情報
━━━━━━━━━━━━━━━━

お名前：%name%
メールアドレス：%mail%
電話番号：%phone%


■　日程・参加方法
━━━━━━━━━━━━━━━━

%event_info%


■　キャンセルについて
━━━━━━━━━━━━━━━━

キャンセルを希望される場合は事前に『必ず』ご連絡ください。


━━━━━━━━━━━━━━━━
%event_name%運営事務局
%from_mail%
━━━━━━━━━━━━━━━━","","事前課題や資料は不要です。予約後に都合が変われば日程変更できます。

[面談予約URL]","https://utage-system.com/account/Y86og5tIw1hZ/scenario/vVqowqBT63pQ/reminder/jdhZUdOrDuDa/edit","jdhZUdOrDuDa"
"YouTube_ゆっくりAI","REVIEW_YouTube_ゆっくりAI_20260810","195","稼働中","メッセージ","20","AIでひとり起業【個別相談会】リマインダ","jK7xNyNa1cMJ","","7日前の 8:00","メール","リマインダ配信","開催7日前","【開催7日前】%event_name%","%name% 様

この度は
%event_name%
にお申込み頂きありがとうございます。

開催7日前になりましたので
リマインドをさせて頂きます。

■　お申込者情報
━━━━━━━━━━━━━━━━

お名前：%name%
メールアドレス：%mail%
電話番号：%phone%


■　日程・参加方法
━━━━━━━━━━━━━━━━

%event_info%


■　キャンセルについて
━━━━━━━━━━━━━━━━

キャンセルを希望される場合は事前に『必ず』ご連絡ください。


━━━━━━━━━━━━━━━━
%event_name%運営事務局
%from_mail%
━━━━━━━━━━━━━━━━","","","","","","","配信基準=イベント参加日時。本文N/O/PとUTAGE編集URLは後続列に保持。","","","本文内定義","","YouTube正本を独自リライトしない。ステータスが廃止対象または旧読者のみの場合は新規実装しない。","%name% 様

この度は
%event_name%
にお申込み頂きありがとうございます。

開催7日前になりましたので
リマインドをさせて頂きます。

■　お申込者情報
━━━━━━━━━━━━━━━━

お名前：%name%
メールアドレス：%mail%
電話番号：%phone%


■　日程・参加方法
━━━━━━━━━━━━━━━━

%event_info%


■　キャンセルについて
━━━━━━━━━━━━━━━━

キャンセルを希望される場合は事前に『必ず』ご連絡ください。


━━━━━━━━━━━━━━━━
%event_name%運営事務局
%from_mail%
━━━━━━━━━━━━━━━━","","今回の受付は残り9時間です。

実際の48時間受付に基づくご案内です。必要な方は、期限内に日程を確保してください。","https://utage-system.com/account/Y86og5tIw1hZ/scenario/vVqowqBT63pQ/reminder/jK7xNyNa1cMJ/edit","jK7xNyNa1cMJ"
"YouTube_ゆっくりAI","REVIEW_YouTube_ゆっくりAI_20260810","196","稼働中","メッセージ","20","AIでひとり起業【個別相談会】リマインダ","3Sm1nKs0whtA","","3日前の 8:00","メール","リマインダ配信","開催3日前","【開催3日前】%event_name%","%name% 様

この度は
%event_name%
にお申込み頂きありがとうございます。

開催3日前になりましたので
リマインドをさせて頂きます。

■　お申込者情報
━━━━━━━━━━━━━━━━

お名前：%name%
メールアドレス：%mail%
電話番号：%phone%


■　日程・参加方法
━━━━━━━━━━━━━━━━

%event_info%


■　キャンセルについて
━━━━━━━━━━━━━━━━

キャンセルを希望される場合は事前に『必ず』ご連絡ください。


━━━━━━━━━━━━━━━━
%event_name%運営事務局
%from_mail%
━━━━━━━━━━━━━━━━","","","","","","","配信基準=イベント参加日時。本文N/O/PとUTAGE編集URLは後続列に保持。","","","本文内定義","","YouTube正本を独自リライトしない。ステータスが廃止対象または旧読者のみの場合は新規実装しない。","%name% 様

この度は
%event_name%
にお申込み頂きありがとうございます。

開催3日前になりましたので
リマインドをさせて頂きます。

■　お申込者情報
━━━━━━━━━━━━━━━━

お名前：%name%
メールアドレス：%mail%
電話番号：%phone%


■　日程・参加方法
━━━━━━━━━━━━━━━━

%event_info%


■　キャンセルについて
━━━━━━━━━━━━━━━━

キャンセルを希望される場合は事前に『必ず』ご連絡ください。


━━━━━━━━━━━━━━━━
%event_name%運営事務局
%from_mail%
━━━━━━━━━━━━━━━━","","受付終了まであと3時間です。

AIひとり起業スクールに関心があり、自分に合う進め方を直接相談したい方はこちらです。
[面談予約URL]","https://utage-system.com/account/Y86og5tIw1hZ/scenario/vVqowqBT63pQ/reminder/3Sm1nKs0whtA/edit","3Sm1nKs0whtA"
"YouTube_ゆっくりAI","REVIEW_YouTube_ゆっくりAI_20260810","197","稼働中","メッセージ","20","AIでひとり起業【個別相談会】リマインダ","CGM99TaU9YO4","","1日前の 8:00","メール","リマインダ配信","開催前日","【明日開催】%event_name%","%name% 様

この度は
%event_name%
にお申込み頂きありがとうございます。

開催前日になりましたので
リマインドをさせて頂きます。

■　お申込者情報
━━━━━━━━━━━━━━━━

お名前：%name%
メールアドレス：%mail%
電話番号：%phone%


■　日程・参加方法
━━━━━━━━━━━━━━━━

%event_info%


■　キャンセルについて
━━━━━━━━━━━━━━━━

キャンセルを希望される場合は事前に『必ず』ご連絡ください。


━━━━━━━━━━━━━━━━
%event_name%運営事務局
%from_mail%
━━━━━━━━━━━━━━━━","","","","","","","配信基準=イベント参加日時。本文N/O/PとUTAGE編集URLは後続列に保持。","","","本文内定義","","YouTube正本を独自リライトしない。ステータスが廃止対象または旧読者のみの場合は新規実装しない。","%name% 様

この度は
%event_name%
にお申込み頂きありがとうございます。

開催前日になりましたので
リマインドをさせて頂きます。

■　お申込者情報
━━━━━━━━━━━━━━━━

お名前：%name%
メールアドレス：%mail%
電話番号：%phone%


■　日程・参加方法
━━━━━━━━━━━━━━━━

%event_info%


■　キャンセルについて
━━━━━━━━━━━━━━━━

キャンセルを希望される場合は事前に『必ず』ご連絡ください。


━━━━━━━━━━━━━━━━
%event_name%運営事務局
%from_mail%
━━━━━━━━━━━━━━━━","","あと1時間で受付を終了します。

今回の勉強会参加者向け案内はこれで最後です。参加したい方は今すぐ予約を完了してください。","https://utage-system.com/account/Y86og5tIw1hZ/scenario/vVqowqBT63pQ/reminder/CGM99TaU9YO4/edit","CGM99TaU9YO4"
"YouTube_ゆっくりAI","REVIEW_YouTube_ゆっくりAI_20260810","198","稼働中","メッセージ","20","AIでひとり起業【個別相談会】リマインダ","OkC1ak5iOy59","","当日の 8:00","メール","リマインダ配信","開催当日","【本日開催】%event_name%","%name% 様

この度は
%event_name%
にお申込み頂きありがとうございます。

開催当日になりましたので
リマインドをさせて頂きます。

■　お申込者情報
━━━━━━━━━━━━━━━━

お名前：%name%
メールアドレス：%mail%
電話番号：%phone%


■　日程・参加方法
━━━━━━━━━━━━━━━━

%event_info%


■　キャンセルについて
━━━━━━━━━━━━━━━━

キャンセルを希望される場合は事前に『必ず』ご連絡ください。


━━━━━━━━━━━━━━━━
%event_name%運営事務局
%from_mail%
━━━━━━━━━━━━━━━━","","","","","","","配信基準=イベント参加日時。本文N/O/PとUTAGE編集URLは後続列に保持。","","","本文内定義","","YouTube正本を独自リライトしない。ステータスが廃止対象または旧読者のみの場合は新規実装しない。","%name% 様

この度は
%event_name%
にお申込み頂きありがとうございます。

開催当日になりましたので
リマインドをさせて頂きます。

■　お申込者情報
━━━━━━━━━━━━━━━━

お名前：%name%
メールアドレス：%mail%
電話番号：%phone%


■　日程・参加方法
━━━━━━━━━━━━━━━━

%event_info%


■　キャンセルについて
━━━━━━━━━━━━━━━━

キャンセルを希望される場合は事前に『必ず』ご連絡ください。


━━━━━━━━━━━━━━━━
%event_name%運営事務局
%from_mail%
━━━━━━━━━━━━━━━━","","[name]さん、本日はありがとうございました。AIひとり起業スクールへのご参加手続きもありがとうございます。これ以降のご案内は、受講開始の案内に切り替わります。一緒に形にしていきましょう。","https://utage-system.com/account/Y86og5tIw1hZ/scenario/vVqowqBT63pQ/reminder/OkC1ak5iOy59/edit","OkC1ak5iOy59"
"YouTube_ゆっくりAI","REVIEW_YouTube_ゆっくりAI_20260810","199","稼働中","メッセージ","20","AIでひとり起業【個別相談会】リマインダ","o3RyLZEG5NES","","1時間 前","メール","リマインダ配信","開催60分前","【開催60分前】%event_name%","%name% 様

この度は
%event_name%
にお申込み頂きありがとうございます。

開催60分前になりましたので
リマインドをさせて頂きます。

■　お申込者情報
━━━━━━━━━━━━━━━━

お名前：%name%
メールアドレス：%mail%
電話番号：%phone%


■　日程・参加方法
━━━━━━━━━━━━━━━━

%event_info%


■　キャンセルについて
━━━━━━━━━━━━━━━━

キャンセルを希望される場合は事前に『必ず』ご連絡ください。


━━━━━━━━━━━━━━━━
%event_name%運営事務局
%from_mail%
━━━━━━━━━━━━━━━━","","","","","","","配信基準=イベント参加日時。本文N/O/PとUTAGE編集URLは後続列に保持。","","","本文内定義","","YouTube正本を独自リライトしない。ステータスが廃止対象または旧読者のみの場合は新規実装しない。","%name% 様

この度は
%event_name%
にお申込み頂きありがとうございます。

開催60分前になりましたので
リマインドをさせて頂きます。

■　お申込者情報
━━━━━━━━━━━━━━━━

お名前：%name%
メールアドレス：%mail%
電話番号：%phone%


■　日程・参加方法
━━━━━━━━━━━━━━━━

%event_info%


■　キャンセルについて
━━━━━━━━━━━━━━━━

キャンセルを希望される場合は事前に『必ず』ご連絡ください。


━━━━━━━━━━━━━━━━
%event_name%運営事務局
%from_mail%
━━━━━━━━━━━━━━━━","","[name]さん、本日はありがとうございました。次回は [面談日時] に、今日整理した内容の続きからお話しします。Zoomはこちらです：[ZoomURL]。変更が必要な場合は [日程変更URL] からお願いします。","https://utage-system.com/account/Y86og5tIw1hZ/scenario/vVqowqBT63pQ/reminder/o3RyLZEG5NES/edit","o3RyLZEG5NES"
"YouTube_さとり","REVIEW_YouTube_さとり_20260810","1","レビュー確定（要UTAGE実装）","アクション","ACTION","YT_00_さとり入口","ACT-ENTRY","さとり専用新規LINE登録経路のみ。2026-08-10以降の新規流入。","新規LINE登録時","LINE","アクション","ACT-ENTRY","","さとり専用の新規読者としてsrc_youtube_satoriを付与し、キーワード受付を開始。表示用動画名は[さとり動画名]。既存読者は旧ルートを完走させる。","src_youtube_satori付与→登録直後シナリオ開始","src_youtube_satori付与→登録直後シナリオ開始","","","さとり専用新規LINE登録経路のみ。2026-08-10以降の新規流入。","src_youtube_satori付与→登録直後シナリオ開始","配信基準=状態遷移。本文N/O/PとUTAGE編集URLは後続列に保持。","","","本文内定義","","YouTube正本を独自リライトしない。ステータスが廃止対象または旧読者のみの場合は新規実装しない。","さとり専用の新規読者としてsrc_youtube_satoriを付与し、キーワード受付を開始。表示用動画名は[さとり動画名]。既存読者は旧ルートを完走させる。","さとり専用の新規読者としてsrc_youtube_satoriを付与し、キーワード受付を開始。表示用動画名は[さとり動画名]。既存読者は旧ルートを完走させる。","さとり専用の新規読者としてsrc_youtube_satoriを付与し、キーワード受付を開始。表示用動画名は[さとり動画名]。既存読者は旧ルートを完走させる。","[UTAGE実装時作成]","ACT-ENTRY"
"YouTube_さとり","REVIEW_YouTube_さとり_20260810","2","レビュー確定（要UTAGE実装）","アクション","ACTION","YT_05_特典配布完了","ACT-BENEFIT-DELIVERED","キーワード受信。予約完了・面談済み・成約・営業停止は除外。","キーワード受信時","LINE","アクション","ACT-BENEFIT-DELIVERED","","特典受信を成立点として、登録直後・キーワード催促を停止し、特典配布完了へ即時遷移。特典リンクのクリック有無では分岐しない。","登録直後/キーワード催促を停止→特典配布完了シナリオ開始","登録直後/キーワード催促を停止→特典配布完了シナリオ開始","","","キーワード受信。予約完了・面談済み・成約・営業停止は除外。","登録直後/キーワード催促を停止→特典配布完了シナリオ開始","配信基準=状態遷移。本文N/O/PとUTAGE編集URLは後続列に保持。","","","本文内定義","","YouTube正本を独自リライトしない。ステータスが廃止対象または旧読者のみの場合は新規実装しない。","特典受信を成立点として、登録直後・キーワード催促を停止し、特典配布完了へ即時遷移。特典リンクのクリック有無では分岐しない。","特典受信を成立点として、登録直後・キーワード催促を停止し、特典配布完了へ即時遷移。特典リンクのクリック有無では分岐しない。","特典受信を成立点として、登録直後・キーワード催促を停止し、特典配布完了へ即時遷移。特典リンクのクリック有無では分岐しない。","[UTAGE実装時作成]","ACT-BENEFIT-DELIVERED"
"YouTube_さとり","REVIEW_YouTube_さとり_20260810","3","レビュー確定（要UTAGE実装）","アクション","ACTION","YT_15_Zoomサポート予約完了","ACT-SUPPORT-BOOKED","Zoomサポート予約完了。予約完了が判定できる連携を使用。","予約完了時","LINE","アクション","ACT-SUPPORT-BOOKED","","Zoomサポート会の予約完了を停止点とし、Zoomサポート募集と下位オファーを停止。予約リマインドだけを配信する。","Zoomサポート募集停止→予約リマインドへ移行","Zoomサポート募集停止→予約リマインドへ移行","","","Zoomサポート予約完了。予約完了が判定できる連携を使用。","Zoomサポート募集停止→予約リマインドへ移行","配信基準=状態遷移。本文N/O/PとUTAGE編集URLは後続列に保持。","","","本文内定義","","YouTube正本を独自リライトしない。ステータスが廃止対象または旧読者のみの場合は新規実装しない。","Zoomサポート会の予約完了を停止点とし、Zoomサポート募集と下位オファーを停止。予約リマインドだけを配信する。","Zoomサポート会の予約完了を停止点とし、Zoomサポート募集と下位オファーを停止。予約リマインドだけを配信する。","Zoomサポート会の予約完了を停止点とし、Zoomサポート募集と下位オファーを停止。予約リマインドだけを配信する。","[UTAGE実装時作成]","ACT-SUPPORT-BOOKED"
"YouTube_さとり","REVIEW_YouTube_さとり_20260810","4","レビュー確定（要UTAGE実装）","アクション","ACTION","YT_19_Zoomサポート受付終了","ACT-SUPPORT-EXPIRE","Zoomサポート未予約者のみ。予約完了・面談済み・成約・営業停止は除外。","シナリオ流入翌日 23:59","LINE","アクション","ACT-SUPPORT-EXPIRE","","Zoomサポート会未予約者の募集を終了し、翌朝06:00からYouTube/Instagram共通セミナー募集へ移行。","Zoomサポート募集停止→翌朝06:00セミナー募集開始","Zoomサポート募集停止→翌朝06:00セミナー募集開始","","","Zoomサポート未予約者のみ。予約完了・面談済み・成約・営業停止は除外。","Zoomサポート募集停止→翌朝06:00セミナー募集開始","配信基準=状態遷移。本文N/O/PとUTAGE編集URLは後続列に保持。","","","本文内定義","","YouTube正本を独自リライトしない。ステータスが廃止対象または旧読者のみの場合は新規実装しない。","Zoomサポート会未予約者の募集を終了し、翌朝06:00からYouTube/Instagram共通セミナー募集へ移行。","Zoomサポート会未予約者の募集を終了し、翌朝06:00からYouTube/Instagram共通セミナー募集へ移行。","Zoomサポート会未予約者の募集を終了し、翌朝06:00からYouTube/Instagram共通セミナー募集へ移行。","[UTAGE実装時作成]","ACT-SUPPORT-EXPIRE"
"YouTube_さとり","REVIEW_YouTube_さとり_20260810","5","レビュー確定（要UTAGE実装）","アクション","ACTION","YT_25_セミナー申込完了","ACT-SEM-REG","セミナー申込完了。日程1・日程2のイベントごとに判定。","セミナー申込完了時","LINE","アクション","ACT-SEM-REG","","選択した日程のセミナー申込完了を成立点とし、未申込者向け募集を全停止。申込日程のリマインドへ移行する。","セミナー募集停止→申込日程リマインドへ移行","セミナー募集停止→申込日程リマインドへ移行","","","セミナー申込完了。日程1・日程2のイベントごとに判定。","セミナー募集停止→申込日程リマインドへ移行","配信基準=状態遷移。本文N/O/PとUTAGE編集URLは後続列に保持。","","","本文内定義","","YouTube正本を独自リライトしない。ステータスが廃止対象または旧読者のみの場合は新規実装しない。","選択した日程のセミナー申込完了を成立点とし、未申込者向け募集を全停止。申込日程のリマインドへ移行する。","選択した日程のセミナー申込完了を成立点とし、未申込者向け募集を全停止。申込日程のリマインドへ移行する。","選択した日程のセミナー申込完了を成立点とし、未申込者向け募集を全停止。申込日程のリマインドへ移行する。","[UTAGE実装時作成]","ACT-SEM-REG"
"YouTube_さとり","REVIEW_YouTube_さとり_20260810","6","レビュー確定（要UTAGE実装）","アクション","ACTION","YT_26_日程不可VSL即時開始","ACT-NODATE-VSL","日程不可ボタン初回クリック。既にVSL中・面談予約済み・面談済みは除外。","「どちらの日程も合わない」初回クリック時","LINE","アクション","ACT-NODATE-VSL","","セミナー募集を即時停止し、「前回企画のダイジェスト版」として72時間VSLを開始。初回クリック時刻を期限起点として固定し、再クリックで延長しない。","セミナー募集停止→72時間VSL即時開始","セミナー募集停止→72時間VSL即時開始","","","日程不可ボタン初回クリック。既にVSL中・面談予約済み・面談済みは除外。","セミナー募集停止→72時間VSL即時開始","配信基準=状態遷移。本文N/O/PとUTAGE編集URLは後続列に保持。","","","本文内定義","","YouTube正本を独自リライトしない。ステータスが廃止対象または旧読者のみの場合は新規実装しない。","セミナー募集を即時停止し、「前回企画のダイジェスト版」として72時間VSLを開始。初回クリック時刻を期限起点として固定し、再クリックで延長しない。","セミナー募集を即時停止し、「前回企画のダイジェスト版」として72時間VSLを開始。初回クリック時刻を期限起点として固定し、再クリックで延長しない。","セミナー募集を即時停止し、「前回企画のダイジェスト版」として72時間VSLを開始。初回クリック時刻を期限起点として固定し、再クリックで延長しない。","[UTAGE実装時作成]","ACT-NODATE-VSL"
"YouTube_さとり","REVIEW_YouTube_さとり_20260810","7","レビュー確定（要UTAGE実装）","アクション","ACTION","YT_29_第2日程終了未申込","ACT-SEM2-END-NOREG","第2日程終了時点でセミナー未申込。面談予約済み・面談済み・成約・営業停止は除外。","第2日程終了の翌朝 06:00","LINE","アクション","ACT-SEM2-END-NOREG","","2日程とも未申込だった人を確認ボタンなしで72時間VSLへ自動移行する。","セミナー募集停止→72時間VSL開始","セミナー募集停止→72時間VSL開始","","","第2日程終了時点でセミナー未申込。面談予約済み・面談済み・成約・営業停止は除外。","セミナー募集停止→72時間VSL開始","配信基準=状態遷移。本文N/O/PとUTAGE編集URLは後続列に保持。","","","本文内定義","","YouTube正本を独自リライトしない。ステータスが廃止対象または旧読者のみの場合は新規実装しない。","2日程とも未申込だった人を確認ボタンなしで72時間VSLへ自動移行する。","2日程とも未申込だった人を確認ボタンなしで72時間VSLへ自動移行する。","2日程とも未申込だった人を確認ボタンなしで72時間VSLへ自動移行する。","[UTAGE実装時作成]","ACT-SEM2-END-NOREG"
"YouTube_さとり","REVIEW_YouTube_さとり_20260810","8","レビュー確定（要UTAGE実装）","アクション","ACTION","YT_30_開催翌朝面談案内","ACT-POSTSEM-CONSULT","セミナー申込済みかつ面談未予約。参加/欠席は判定しない。","本人が申し込んだセミナー開催翌朝 06:00","LINE","アクション","ACT-POSTSEM-CONSULT","","セミナー申込済み・個別ロードマップ作成会未予約者へ面談案内を開始。受付は当日23:59で厳密に終了する。","セミナーリマインド停止→面談案内開始","セミナーリマインド停止→面談案内開始","","","セミナー申込済みかつ面談未予約。参加/欠席は判定しない。","セミナーリマインド停止→面談案内開始","配信基準=状態遷移。本文N/O/PとUTAGE編集URLは後続列に保持。","","","本文内定義","","YouTube正本を独自リライトしない。ステータスが廃止対象または旧読者のみの場合は新規実装しない。","セミナー申込済み・個別ロードマップ作成会未予約者へ面談案内を開始。受付は当日23:59で厳密に終了する。","セミナー申込済み・個別ロードマップ作成会未予約者へ面談案内を開始。受付は当日23:59で厳密に終了する。","セミナー申込済み・個別ロードマップ作成会未予約者へ面談案内を開始。受付は当日23:59で厳密に終了する。","[UTAGE実装時作成]","ACT-POSTSEM-CONSULT"
"YouTube_さとり","REVIEW_YouTube_さとり_20260810","9","レビュー確定（要UTAGE実装）","アクション","ACTION","YT_39_面談受付終了","ACT-POSTSEM-CONSULT-EXPIRE","面談未予約者のみ。受付フォームも23:59で閉鎖。","面談案内当日 23:59","LINE","アクション","ACT-POSTSEM-CONSULT-EXPIRE","","個別ロードマップ作成会の受付を実際にクローズし、未予約者を翌朝06:00から72時間VSLへ移行する。","面談案内停止→翌朝06:00に72時間VSL開始","面談案内停止→翌朝06:00に72時間VSL開始","","","面談未予約者のみ。受付フォームも23:59で閉鎖。","面談案内停止→翌朝06:00に72時間VSL開始","配信基準=状態遷移。本文N/O/PとUTAGE編集URLは後続列に保持。","","","本文内定義","","YouTube正本を独自リライトしない。ステータスが廃止対象または旧読者のみの場合は新規実装しない。","個別ロードマップ作成会の受付を実際にクローズし、未予約者を翌朝06:00から72時間VSLへ移行する。","個別ロードマップ作成会の受付を実際にクローズし、未予約者を翌朝06:00から72時間VSLへ移行する。","個別ロードマップ作成会の受付を実際にクローズし、未予約者を翌朝06:00から72時間VSLへ移行する。","[UTAGE実装時作成]","ACT-POSTSEM-CONSULT-EXPIRE"
"YouTube_さとり","REVIEW_YouTube_さとり_20260810","10","レビュー確定（要UTAGE実装）","アクション","ACTION","YT_45_VSL視聴開始","ACT-VSL-START","72時間VSL有効期間内。面談予約済み・面談済みは除外。","VSL視聴開始時","LINE","アクション","ACT-VSL-START","","未視聴者向け案内を即時停止し、途中視聴者向けの配信だけを有効化する。","未視聴シーケンス停止→途中視聴シーケンス開始","未視聴シーケンス停止→途中視聴シーケンス開始","","","72時間VSL有効期間内。面談予約済み・面談済みは除外。","未視聴シーケンス停止→途中視聴シーケンス開始","配信基準=状態遷移。本文N/O/PとUTAGE編集URLは後続列に保持。","","","本文内定義","","YouTube正本を独自リライトしない。ステータスが廃止対象または旧読者のみの場合は新規実装しない。","未視聴者向け案内を即時停止し、途中視聴者向けの配信だけを有効化する。","未視聴者向け案内を即時停止し、途中視聴者向けの配信だけを有効化する。","未視聴者向け案内を即時停止し、途中視聴者向けの配信だけを有効化する。","[UTAGE実装時作成]","ACT-VSL-START"
"YouTube_さとり","REVIEW_YouTube_さとり_20260810","11","レビュー確定（要UTAGE実装）","アクション","ACTION","YT_55_VSL視聴完了","ACT-VSL-COMPLETE","VSL視聴完了かつ面談未予約。","VSL視聴完了時","LINE","アクション","ACT-VSL-COMPLETE","","未視聴・途中視聴シーケンスを即時停止し、個別面談案内へ移行する。","VSL視聴催促停止→面談案内開始","VSL視聴催促停止→面談案内開始","","","VSL視聴完了かつ面談未予約。","VSL視聴催促停止→面談案内開始","配信基準=状態遷移。本文N/O/PとUTAGE編集URLは後続列に保持。","","","本文内定義","","YouTube正本を独自リライトしない。ステータスが廃止対象または旧読者のみの場合は新規実装しない。","未視聴・途中視聴シーケンスを即時停止し、個別面談案内へ移行する。","未視聴・途中視聴シーケンスを即時停止し、個別面談案内へ移行する。","未視聴・途中視聴シーケンスを即時停止し、個別面談案内へ移行する。","[UTAGE実装時作成]","ACT-VSL-COMPLETE"
"YouTube_さとり","REVIEW_YouTube_さとり_20260810","12","レビュー確定（要UTAGE実装）","アクション","ACTION","YT_65_VSL期限切れ","ACT-VSL-EXPIRE","VSL開始から72時間経過かつ面談未予約・面談未実施。","VSL起点から72時間後","LINE","アクション","ACT-VSL-EXPIRE","","VSL関連配信をすべて停止。面談未予約者をオープンチャット案内へ移行する。","VSL全配信停止→オプチャ案内開始","VSL全配信停止→オプチャ案内開始","","","VSL開始から72時間経過かつ面談未予約・面談未実施。","VSL全配信停止→オプチャ案内開始","配信基準=状態遷移。本文N/O/PとUTAGE編集URLは後続列に保持。","","","本文内定義","","YouTube正本を独自リライトしない。ステータスが廃止対象または旧読者のみの場合は新規実装しない。","VSL関連配信をすべて停止。面談未予約者をオープンチャット案内へ移行する。","VSL関連配信をすべて停止。面談未予約者をオープンチャット案内へ移行する。","VSL関連配信をすべて停止。面談未予約者をオープンチャット案内へ移行する。","[UTAGE実装時作成]","ACT-VSL-EXPIRE"
"YouTube_さとり","REVIEW_YouTube_さとり_20260810","13","レビュー確定（要UTAGE実装）","アクション","ACTION","YT_70_面談予約完了","ACT-RM-BOOK","予約ページクリックではなく予約完了。別LINEとの連携IDはUTAGE実装時に実値確認。","個別面談の予約完了時","LINE","アクション","ACT-RM-BOOK","","メインLINEと個別面談LINEの両方で、VSL・面談催促・期限・オプチャなど他オファーを全停止。面談リマインドだけを残す。","全オファー停止→面談リマインドのみ","全オファー停止→面談リマインドのみ","","","予約ページクリックではなく予約完了。別LINEとの連携IDはUTAGE実装時に実値確認。","全オファー停止→面談リマインドのみ","配信基準=状態遷移。本文N/O/PとUTAGE編集URLは後続列に保持。","","","本文内定義","","YouTube正本を独自リライトしない。ステータスが廃止対象または旧読者のみの場合は新規実装しない。","メインLINEと個別面談LINEの両方で、VSL・面談催促・期限・オプチャなど他オファーを全停止。面談リマインドだけを残す。","メインLINEと個別面談LINEの両方で、VSL・面談催促・期限・オプチャなど他オファーを全停止。面談リマインドだけを残す。","メインLINEと個別面談LINEの両方で、VSL・面談催促・期限・オプチャなど他オファーを全停止。面談リマインドだけを残す。","[UTAGE実装時作成]","ACT-RM-BOOK"
"YouTube_さとり","REVIEW_YouTube_さとり_20260810","14","レビュー確定（要UTAGE実装）","アクション","ACTION","YT_81_無断欠席","ACT-RM-NOSHOW","無断欠席者。再予約完了時は全催促を停止。","面談無断欠席判定時","LINE","アクション","ACT-RM-NOSHOW","","YouTube既存運用と同じ3通の再案内を開始。3通後も再予約がなければ見込み弱としてオプチャへ移行する。","面談再案内3通→未再予約ならオプチャ","面談再案内3通→未再予約ならオプチャ","","","無断欠席者。再予約完了時は全催促を停止。","面談再案内3通→未再予約ならオプチャ","配信基準=状態遷移。本文N/O/PとUTAGE編集URLは後続列に保持。","","","本文内定義","","YouTube正本を独自リライトしない。ステータスが廃止対象または旧読者のみの場合は新規実装しない。","YouTube既存運用と同じ3通の再案内を開始。3通後も再予約がなければ見込み弱としてオプチャへ移行する。","YouTube既存運用と同じ3通の再案内を開始。3通後も再予約がなければ見込み弱としてオプチャへ移行する。","YouTube既存運用と同じ3通の再案内を開始。3通後も再予約がなければ見込み弱としてオプチャへ移行する。","[UTAGE実装時作成]","ACT-RM-NOSHOW"
"YouTube_さとり","REVIEW_YouTube_さとり_20260810","15","レビュー確定（要UTAGE実装）","アクション","ACTION","YT_90_オプチャクリック","ACT-OPENCHAT-CLICK","面談未実施者のみ。面談済みは自動配信対象外。","オプチャリンク初回クリック時","LINE","アクション","ACT-OPENCHAT-CLICK","","オプチャ案内シーケンスを停止し、同じ案内の重複送信を防止する。","オプチャ案内停止","オプチャ案内停止","","","面談未実施者のみ。面談済みは自動配信対象外。","オプチャ案内停止","配信基準=状態遷移。本文N/O/PとUTAGE編集URLは後続列に保持。","","","本文内定義","","YouTube正本を独自リライトしない。ステータスが廃止対象または旧読者のみの場合は新規実装しない。","オプチャ案内シーケンスを停止し、同じ案内の重複送信を防止する。","オプチャ案内シーケンスを停止し、同じ案内の重複送信を防止する。","オプチャ案内シーケンスを停止し、同じ案内の重複送信を防止する。","[UTAGE実装時作成]","ACT-OPENCHAT-CLICK"
"YouTube_さとり","REVIEW_YouTube_さとり_20260810","16","レビュー確定（要UTAGE実装）","アクション","ACTION","YT_99_面談完了","ACT-MEETING-COMPLETE","面談完了者。自動オプチャ対象から除外。","面談完了を手動または連携で確定時","LINE","アクション","ACT-MEETING-COMPLETE","","面談済みをゴールとし、すべての自動営業配信から除外する。失注後のオプチャ案内は手動で切り替える。","全自動営業配信停止→ゴール","全自動営業配信停止→ゴール","","","面談完了者。自動オプチャ対象から除外。","全自動営業配信停止→ゴール","配信基準=状態遷移。本文N/O/PとUTAGE編集URLは後続列に保持。","","","本文内定義","","YouTube正本を独自リライトしない。ステータスが廃止対象または旧読者のみの場合は新規実装しない。","面談済みをゴールとし、すべての自動営業配信から除外する。失注後のオプチャ案内は手動で切り替える。","面談済みをゴールとし、すべての自動営業配信から除外する。失注後のオプチャ案内は手動で切り替える。","面談済みをゴールとし、すべての自動営業配信から除外する。失注後のオプチャ案内は手動で切り替える。","[UTAGE実装時作成]","ACT-MEETING-COMPLETE"
"YouTube_さとり","REVIEW_YouTube_さとり_20260810","17","稼働中","メッセージ","1","登録直後","HgjvN8CYjPDK","さとり専用LINE登録経路／src_youtube_satoriを付与／キーワード未送信。予約完了・面談済み・成約・営業停止は除外。","登録直後","LINE","ステップ配信","","","
%line_name%さん、登録ありがとうございます！すやです😊🎉

さっそくですが、ご覧いただいた動画の特典をお渡ししますね🎁

このLINEに 👇
▶️ 動画概要欄に記載のキーワード
を、そのまま送ってください✨

確認でき次第、その場ですぐにお届けします📩🔥","","","","","さとり専用LINE登録経路／src_youtube_satoriを付与／キーワード未送信。予約完了・面談済み・成約・営業停止は除外。","","配信基準=。本文N/O/PとUTAGE編集URLは後続列に保持。","","","本文内定義","","YouTube正本を独自リライトしない。ステータスが廃止対象または旧読者のみの場合は新規実装しない。","【LINEメッセージ 1／text】
%line_name%さん、登録ありがとうございます！すやです😊🎉

さっそくですが、ご覧いただいた動画の特典をお渡ししますね🎁

このLINEに 👇
▶️ 動画概要欄に記載のキーワード
を、そのまま送ってください✨

確認でき次第、その場ですぐにお届けします📩🔥","%line_name%さん、登録ありがとうございます！すやです😊🎉

さっそくですが、ご覧いただいた動画の特典をお渡ししますね🎁

このLINEに 👇
▶️ 動画概要欄に記載のキーワード
を、そのまま送ってください✨

確認でき次第、その場ですぐにお届けします📩🔥","[name]さん、登録ありがとうございます。すやです。

特典をお送りします。

このLINEに
動画内でお伝えしたキーワードを、そのまま送ってください。確認でき次第、すぐにお渡しします。","https://utage-system.com/account/Y86og5tIw1hZ/scenario/LtfGAaFIOBrD/step/line/HgjvN8CYjPDK/edit","HgjvN8CYjPDK"
"YouTube_さとり","REVIEW_YouTube_さとり_20260810","18","稼働中","メッセージ","1","登録直後","jhGqM81RS7kn","さとり専用LINE登録経路／src_youtube_satori／キーワード未送信者のみ。キーワード受信時に登録直後シナリオを停止し、特典配布完了シナリオへ遷移。","0日後 0:10","LINE","ステップ配信","","","
%line_name%さん、キーワードの送信は大丈夫そうですか？👀

このLINEに 💬  動画概要欄に記載のキーワードを送ると、特典がその場でパッと届きます🎁✨

「あれ、どの動画だったっけ…？」ってなっちゃった方は、動画名やURLを送ってくださいね🙆‍♂️ こちらで確認します！😌","","","","","さとり専用LINE登録経路／src_youtube_satori／キーワード未送信者のみ。キーワード受信時に登録直後シナリオを停止し、特典配布完了シナリオへ遷移。","","配信基準=。本文N/O/PとUTAGE編集URLは後続列に保持。","","","本文内定義","","YouTube正本を独自リライトしない。ステータスが廃止対象または旧読者のみの場合は新規実装しない。","【LINEメッセージ 1／text】
%line_name%さん、キーワードの送信は大丈夫そうですか？👀

このLINEに 💬 動画で案内された合言葉 を送ると、特典がその場でパッと届きます🎁✨

「あれ、どの動画だったっけ…？」ってなっちゃった方は、動画名やURLを送ってくださいね🙆‍♂️ こちらで確認します！😌","%line_name%さん、キーワードの送信は大丈夫そうですか？👀

このLINEに 💬 動画で案内された合言葉 を送ると、特典がその場でパッと届きます🎁✨

「あれ、どの動画だったっけ…？」ってなっちゃった方は、動画名やURLを送ってくださいね🙆‍♂️ こちらで確認します！😌","[name]さん、キーワードの送信は大丈夫そうですか？

このLINEに キーワードを送っていただけると、動画でご案内した特典を受け取れます。

どの動画だったか分からなくなった場合は、動画名やURLを送ってください。こちらで確認します。","https://utage-system.com/account/Y86og5tIw1hZ/scenario/LtfGAaFIOBrD/step/line/jhGqM81RS7kn/edit","jhGqM81RS7kn"
"YouTube_さとり","REVIEW_YouTube_さとり_20260810","19","廃止対象（UTAGEで停止）","メッセージ","2","サポート会_特典リンク未クリック","bvZVJd3EkGg5","使用禁止：特典リンクのクリック有無では分岐しない","30分 後","LINE","ステップ配信","SUP-A01","","
%line_name%さん、先ほどの「特典」、まだ開けていないみたいでした👀

忙しいと、受け取っただけで後回しになっちゃいますよね😌 まず保存だけでもしておいてくださいね。

※もう一度受け取りたい場合は、先ほどのキーワードをこのLINEに送ってくださいね💡","","","","","使用禁止：特典リンクのクリック有無では分岐しない","","配信基準=。本文N/O/PとUTAGE編集URLは後続列に保持。","","","本文内定義","","YouTube正本を独自リライトしない。ステータスが廃止対象または旧読者のみの場合は新規実装しない。","【LINEメッセージ 1／text】
%line_name%さん、先ほどの「特典」、まだ開けていないみたいでした👀

忙しいと、受け取っただけで後回しになっちゃいますよね😌 まず保存だけでもしておいてくださいね。

※もう一度受け取りたい場合は、先ほどの合言葉をこのLINEに送ってくださいね💡","%line_name%さん、先ほどの「特典」、まだ開けていないみたいでした👀

忙しいと、受け取っただけで後回しになっちゃいますよね😌 まず保存だけでもしておいてくださいね。

※もう一度受け取りたい場合は、先ほどの合言葉をこのLINEに送ってくださいね💡","送っていただきありがとうございます。

こちらで特典を特定したいので、見ていたYouTube動画のタイトルかURLを送ってもらえますか？確認でき次第、該当の特典をお送りします。","https://utage-system.com/account/Y86og5tIw1hZ/scenario/PH1yn5gcw4yb/step/line/bvZVJd3EkGg5/edit","bvZVJd3EkGg5"
"YouTube_さとり","REVIEW_YouTube_さとり_20260810","20","廃止対象（UTAGEで停止）","メッセージ","2","サポート会_特典リンク未クリック","CQ6G6Icjx77d","使用禁止：特典リンクのクリック有無では分岐しない","4時間 後","LINE","ステップ配信","SUP-A02","","特典🎁を受け取っていただいた方には、特典を活用していただくための30分のZoomサポート会を用意しています😊
是非この機会にご活用ください👇
https://utage-system.com/event/HKyoHqSFnPvU/register","","","","","使用禁止：特典リンクのクリック有無では分岐しない","","配信基準=。本文N/O/PとUTAGE編集URLは後続列に保持。","","","本文内定義","","YouTube正本を独自リライトしない。ステータスが廃止対象または旧読者のみの場合は新規実装しない。","【LINEメッセージ 1／text】
特典を見る前でも参加OKな、30分のZoom活用サポート会を用意していますよ😊

「自分の場合はどこから使えばいい？」を一緒に整理する場です👀 必要があれば私たちのサービスもご案内しますが、無理に決める必要はまったくありません✨","特典を見る前でも参加OKな、30分のZoom活用サポート会を用意していますよ😊

「自分の場合はどこから使えばいい？」を一緒に整理する場です👀 必要があれば私たちのサービスもご案内しますが、無理に決める必要はまったくありません✨","[name]さん、お待たせしました。

特典の 「[特典名]」 です。

これを使うと、[特典で得られること]。まずはこちらから受け取ってください。

[特典URL]

受け取ったあと、使い方で迷わないための無料サポートも案内します。","https://utage-system.com/account/Y86og5tIw1hZ/scenario/PH1yn5gcw4yb/step/line/CQ6G6Icjx77d/edit","CQ6G6Icjx77d"
"YouTube_さとり","REVIEW_YouTube_さとり_20260810","21","廃止対象（UTAGEで停止）","メッセージ","2","サポート会_特典リンク未クリック","ifotTltN9ImD","使用禁止：特典リンクのクリック有無では分岐しない","1日後 10:00","LINE","ステップ配信","SUP-A03","","
{
  ""original_content_url"": ""https://utagesystem.s3.ap-northeast-1.wasabisys.com/GX6OYW2fVtRD/jJ4FvI0TtE50.png""
}

────────────

【LINEメッセージ 2／text】
%line_name%さん、Zoomサポート会の申し込みはお済みでしょうか？

特典をご覧になっていなくても全く問題ございません🔥 一緒に使い方をマスターしてしまいましょう👇

────────────

【LINEメッセージ 3／button】
{
  ""alt_text"": ""【個別】ZOOMサポート会のご案内"",
  ""react_type"": ""free"",
  ""react_press_again_text"": null,
  ""thumbnail_image_url"": null,
  ""title"": ""ZOOMサポート会"",
  ""text"": ""Zoom30分・名前とメールだけで予約OK"",
  ""actions"": [
    {
      ""type"": ""url"",
      ""label"": ""ZOOMサポート会に申し込む"",
      ""uri"": ""https://utage-system.com/event/HKyoHqSFnPvU/register"",
      ""add_label_id"": null,
      ""del_label_id"": null
    }
  ]
}","[
  {
    ""url"": ""https://utage-system.com/event/HKyoHqSFnPvU/register"",
    ""action_id"": ""CuTNunOkS4Ul"",
    ""expiration_type"": ""none""
  }
]","[
  {
    ""url"": ""https://utage-system.com/event/HKyoHqSFnPvU/register"",
    ""action_id"": ""CuTNunOkS4Ul"",
    ""expiration_type"": ""none""
  }
]","","","使用禁止：特典リンクのクリック有無では分岐しない","[
  {
    ""url"": ""https://utage-system.com/event/HKyoHqSFnPvU/register"",
    ""action_id"": ""CuTNunOkS4Ul"",
    ""expiration_type"": ""none""
  }
]","配信基準=。本文N/O/PとUTAGE編集URLは後続列に保持。","https://utagesystem.s3.ap-northeast-1.wasabisys.com/GX6OYW2fVtRD/jJ4FvI0TtE50.png","","本文内定義","","YouTube正本を独自リライトしない。ステータスが廃止対象または旧読者のみの場合は新規実装しない。","【LINEメッセージ 1／image】
{
  ""original_content_url"": ""https://utagesystem.s3.ap-northeast-1.wasabisys.com/GX6OYW2fVtRD/jJ4FvI0TtE50.png""
}

────────────

【LINEメッセージ 2／text】
%line_name%さん、特典は読んでから面談に来なくても大丈夫ですよ😊

むしろ、まだ手を付けられていない状態から「最初の一歩」を決めるために使っちゃいましょう🔥 Zoomで３０分です👇

────────────

【LINEメッセージ 3／button】
{
  ""alt_text"": ""【個別】AI活用サポート会（Zoom30分）のご案内"",
  ""react_type"": ""free"",
  ""react_press_again_text"": null,
  ""thumbnail_image_url"": null,
  ""title"": ""AI個別サポート会"",
  ""text"": ""Zoom30分・名前とメールだけで予約OK"",
  ""actions"": [
    {
      ""type"": ""url"",
      ""label"": ""サポート会に申し込む"",
      ""uri"": ""https://utage-system.com/event/HKyoHqSFnPvU/register"",
      ""add_label_id"": null,
      ""del_label_id"": null
    }
  ]
}","%line_name%さん、特典は読んでから面談に来なくても大丈夫ですよ😊

むしろ、まだ手を付けられていない状態から「最初の一歩」を決めるために使っちゃいましょう🔥 Zoomで３０分です👇","[name]さん、先ほどの「[特典名]」はまだ開けていないようでした。

忙しいと、受け取っただけで後回しになりやすいですよね。まず保存だけでもしておいてください。

[特典URL]","https://utage-system.com/account/Y86og5tIw1hZ/scenario/PH1yn5gcw4yb/step/line/ifotTltN9ImD/edit","ifotTltN9ImD"
"YouTube_さとり","REVIEW_YouTube_さとり_20260810","22","廃止対象（UTAGEで停止）","メッセージ","2","サポート会_特典リンク未クリック","OndQwf3kv8kl","使用禁止：特典リンクのクリック有無では分岐しない","1日後 19:00","LINE","ステップ配信","SUP-A04","","
情報を集めるだけで終わらせないために😌

Zoomサポート会にぜひお越しください🎁","","","","","使用禁止：特典リンクのクリック有無では分岐しない","","配信基準=。本文N/O/PとUTAGE編集URLは後続列に保持。","","","本文内定義","","YouTube正本を独自リライトしない。ステータスが廃止対象または旧読者のみの場合は新規実装しない。","【LINEメッセージ 1／text】
情報を集めるだけで終わらせないために😌

AIで何ができるかより、自分の状況で何をやるかが決まると、ぐっと動きやすくなりますよ💪 特典の使い方を、あなた向けに整理しますね🎁","情報を集めるだけで終わらせないために😌

AIで何ができるかより、自分の状況で何をやるかが決まると、ぐっと動きやすくなりますよ💪 特典の使い方を、あなた向けに整理しますね🎁","特典を見る前でも参加できる、30分のZoom活用サポート会を用意しています。

「自分の場合はどこから使えばいい？」を一緒に整理する場です。是非ご活用ください。","https://utage-system.com/account/Y86og5tIw1hZ/scenario/PH1yn5gcw4yb/step/line/OndQwf3kv8kl/edit","OndQwf3kv8kl"
"YouTube_さとり","REVIEW_YouTube_さとり_20260810","23","廃止対象（UTAGEで停止）","メッセージ","2","サポート会_特典リンク未クリック","ivBKWMlrnLV6","使用禁止：特典リンクのクリック有無では分岐しない","2日後 10:00","LINE","ステップ配信","SUP-A05","","
無料のZoomサポート会をご案内できるのは、本日までとなります⏰

お早めにお申し込みください👇

────────────

【LINEメッセージ 2／button】
{
  ""alt_text"": ""【個別】ZOOMサポート会（本日まで）のご案内"",
  ""react_type"": ""free"",
  ""react_press_again_text"": null,
  ""thumbnail_image_url"": null,
  ""title"": ""ZOOMサポート会"",
  ""text"": ""無料受付は本日まで・Zoom30分"",
  ""actions"": [
    {
      ""type"": ""url"",
      ""label"": ""ZOOMサポート会に申し込む"",
      ""uri"": ""https://utage-system.com/event/HKyoHqSFnPvU/register"",
      ""add_label_id"": null,
      ""del_label_id"": null
    }
  ]
}","[
  {
    ""url"": ""https://utage-system.com/event/HKyoHqSFnPvU/register"",
    ""action_id"": ""CuTNunOkS4Ul"",
    ""expiration_type"": ""none""
  }
]","[
  {
    ""url"": ""https://utage-system.com/event/HKyoHqSFnPvU/register"",
    ""action_id"": ""CuTNunOkS4Ul"",
    ""expiration_type"": ""none""
  }
]","","","使用禁止：特典リンクのクリック有無では分岐しない","[
  {
    ""url"": ""https://utage-system.com/event/HKyoHqSFnPvU/register"",
    ""action_id"": ""CuTNunOkS4Ul"",
    ""expiration_type"": ""none""
  }
]","配信基準=。本文N/O/PとUTAGE編集URLは後続列に保持。","","","本文内定義","","YouTube正本を独自リライトしない。ステータスが廃止対象または旧読者のみの場合は新規実装しない。","【LINEメッセージ 1／text】
無料の活用サポート会をご案内できるのは、本日までなんです⏰

特典はこの後も見られますよ😊 今日までなのは、私たちが個別に整理する30分枠の受付だけです👇

────────────

【LINEメッセージ 2／button】
{
  ""alt_text"": ""【個別】AI活用サポート会（本日まで）のご案内"",
  ""react_type"": ""free"",
  ""react_press_again_text"": null,
  ""thumbnail_image_url"": null,
  ""title"": ""AI個別サポート会"",
  ""text"": ""無料受付は本日まで・Zoom30分"",
  ""actions"": [
    {
      ""type"": ""url"",
      ""label"": ""サポート会に申し込む"",
      ""uri"": ""https://utage-system.com/event/HKyoHqSFnPvU/register"",
      ""add_label_id"": null,
      ""del_label_id"": null
    }
  ]
}","無料の活用サポート会をご案内できるのは、本日までなんです⏰

特典はこの後も見られますよ😊 今日までなのは、私たちが個別に整理する30分枠の受付だけです👇","[name]さん、特典を使う前に面談に来ていただいても全く問題ありません。

むしろ、まだ手を付けられていない状態から「最初の一歩」を決めるために使ってください。

[サポート会予約URL]","https://utage-system.com/account/Y86og5tIw1hZ/scenario/PH1yn5gcw4yb/step/line/ivBKWMlrnLV6/edit","ivBKWMlrnLV6"
"YouTube_さとり","REVIEW_YouTube_さとり_20260810","24","廃止対象（UTAGEで停止）","メッセージ","2","サポート会_特典リンク未クリック","bnlTD8AAv6rX","使用禁止：特典リンクのクリック有無では分岐しない","2日後 20:00","LINE","ステップ配信","SUP-A06","","【LINEメッセージ 1／text】
%line_name%さん、最後のご案内です📣

特典の使い方をレクチャーする30分Zoomサポート会は、今日で受付を終了します⏰
まだ特典を見てなくても大丈夫ですよ😊
今のうちに枠だけ確保しちゃってください🙌","","","","","使用禁止：特典リンクのクリック有無では分岐しない","","配信基準=。本文N/O/PとUTAGE編集URLは後続列に保持。","","","本文内定義","","YouTube正本を独自リライトしない。ステータスが廃止対象または旧読者のみの場合は新規実装しない。","【LINEメッセージ 1／text】
%line_name%さん、最後のご案内です📣

特典を自分の行動に落とす30分Zoomは、今日で受付を終了します⏰
まだ特典を開いていなくても大丈夫ですよ😊
必要なら今のうちに枠だけ確保しちゃってくださいね🙌","%line_name%さん、最後のご案内です📣

特典を自分の行動に落とす30分Zoomは、今日で受付を終了します⏰
まだ特典を開いていなくても大丈夫ですよ😊
必要なら今のうちに枠だけ確保しちゃってくださいね🙌","情報を集めるだけで終わらせないために。

AIで何ができるかより、自分の状況で何をやるかが決まると動きやすくなります。[特典名]の使い方を、あなた向けにお伝えします。","https://utage-system.com/account/Y86og5tIw1hZ/scenario/PH1yn5gcw4yb/step/line/bnlTD8AAv6rX/edit","bnlTD8AAv6rX"
"YouTube_さとり","REVIEW_YouTube_さとり_20260810","25","稼働中","メッセージ","3","サポート会_特典クリック済・未予約","VSxWlsxjSOm4","キーワード受信・特典配布完了／Zoomサポート未予約／サポートシナリオ入場の翌日23:59まで／予約完了・面談済み・営業停止は除外","0日後 0:30","LINE","ステップ配信","SUP-B01","","【LINEメッセージ 1／text】
%line_name%さん、お受け取りいただきありがとうございます😊

特典🎁を受け取っていただいた方には、特典を活用していただくための30分のZoomサポート会を用意しています🙌
是非この機会にご活用ください👇
https://utage-system.com/event/HKyoHqSFnPvU/register","","","","","キーワード受信・特典配布完了／Zoomサポート未予約／サポートシナリオ入場の翌日23:59まで／予約完了・面談済み・営業停止は除外","","配信基準=。本文N/O/PとUTAGE編集URLは後続列に保持。","","","本文内定義","","YouTube正本を独自リライトしない。ステータスが廃止対象または旧読者のみの場合は新規実装しない。","【LINEメッセージ 1／text】
%line_name%さん、お受け取りいただきありがとうございます😊

読んで「自分なら何から始める？」が少しでも曖昧なら、30分の活用サポート会で一緒に整理できますよ✨","%line_name%さん、お受け取りいただきありがとうございます😊

読んで「自分なら何から始める？」が少しでも曖昧なら、30分の活用サポート会で一緒に整理できますよ✨","無料の活用サポート会をご案内できるのは、本日までです。

[サポート会予約URL]","https://utage-system.com/account/Y86og5tIw1hZ/scenario/0hGvItT6YXmd/step/line/VSxWlsxjSOm4/edit","VSxWlsxjSOm4"
"YouTube_さとり","REVIEW_YouTube_さとり_20260810","26","稼働中","メッセージ","3","サポート会_特典クリック済・未予約","H72dD475005l","キーワード受信・特典配布完了／Zoomサポート未予約／サポートシナリオ入場の翌日23:59まで／予約完了・面談済み・営業停止は除外","0日後 3:00","LINE","ステップ配信","SUP-B02","","【LINEメッセージ 1／text】
特典は、自分の状況に当てはめると、一気に使いやすくなります💡

今の仕事・得意なこと・AI経験を伺いながら、特典の活用法をレクチャーいたします。
Zoomで30分、無料です😊","","","","","キーワード受信・特典配布完了／Zoomサポート未予約／サポートシナリオ入場の翌日23:59まで／予約完了・面談済み・営業停止は除外","","配信基準=。本文N/O/PとUTAGE編集URLは後続列に保持。","","","本文内定義","","YouTube正本を独自リライトしない。ステータスが廃止対象または旧読者のみの場合は新規実装しない。","【LINEメッセージ 1／text】
特典は、読むだけより自分の状況に当てはめると、一気に使いやすくなるんです💡

今の仕事・得意なこと・AI経験を伺って、最初にやることを一緒に絞りますね。Zoom30分、無料です😊","特典は、読むだけより自分の状況に当てはめると、一気に使いやすくなるんです💡

今の仕事・得意なこと・AI経験を伺って、最初にやることを一緒に絞りますね。Zoom30分、無料です😊","[name]さん、最後のご案内です。

[特典名]を自分の行動に落とす30分Zoomは、今日で受付を終了します。まだ特典を開いていなくても大丈夫です。必要なら今のうちに予約だけ確保してください。","https://utage-system.com/account/Y86og5tIw1hZ/scenario/0hGvItT6YXmd/step/line/H72dD475005l/edit","H72dD475005l"
"YouTube_さとり","REVIEW_YouTube_さとり_20260810","27","稼働中","メッセージ","3","サポート会_特典クリック済・未予約","ISdPRuI50WC6","キーワード受信・特典配布完了／Zoomサポート未予約／サポートシナリオ入場の翌日23:59まで／予約完了・面談済み・営業停止は除外","0日後 8:00","LINE","ステップ配信","SUP-B03","","【LINEメッセージ 1／text】
「まだ特典をしっかり読んでない」と思っている方でもお申込みいただいて大丈夫です😌

お気軽に申し込んでしまってください👇

────────────

【LINEメッセージ 2／button】
{
  ""alt_text"": ""【個別】ZOOMサポート会（準備不要）のご案内"",
  ""react_type"": ""free"",
  ""react_press_again_text"": null,
  ""thumbnail_image_url"": null,
  ""title"": ""ZOOMサポート会"",
  ""text"": ""準備・資料不要・Zoom30分"",
  ""actions"": [
    {
      ""type"": ""url"",
      ""label"": ""ZOOMサポート会に申し込む"",
      ""uri"": ""https://utage-system.com/event/HKyoHqSFnPvU/register"",
      ""add_label_id"": null,
      ""del_label_id"": null
    }
  ]
}","[
  {
    ""url"": ""https://utage-system.com/event/HKyoHqSFnPvU/register"",
    ""action_id"": ""CuTNunOkS4Ul"",
    ""expiration_type"": ""none""
  }
]","[
  {
    ""url"": ""https://utage-system.com/event/HKyoHqSFnPvU/register"",
    ""action_id"": ""CuTNunOkS4Ul"",
    ""expiration_type"": ""none""
  }
]","","","キーワード受信・特典配布完了／Zoomサポート未予約／サポートシナリオ入場の翌日23:59まで／予約完了・面談済み・営業停止は除外","[
  {
    ""url"": ""https://utage-system.com/event/HKyoHqSFnPvU/register"",
    ""action_id"": ""CuTNunOkS4Ul"",
    ""expiration_type"": ""none""
  }
]","配信基準=。本文N/O/PとUTAGE編集URLは後続列に保持。","","","本文内定義","","YouTube正本を独自リライトしない。ステータスが廃止対象または旧読者のみの場合は新規実装しない。","【LINEメッセージ 1／text】
「まだ相談するほど整理できていない」と思っている方ほど大丈夫ですよ😌

整理するための会なので、準備や資料はいりません🙆‍♂️ 必要があればサービスの案内もしますが、まずは特典を使える形にすることから始めましょう👇

────────────

【LINEメッセージ 2／button】
{
  ""alt_text"": ""【個別】AI活用サポート会（準備不要）のご案内"",
  ""react_type"": ""free"",
  ""react_press_again_text"": null,
  ""thumbnail_image_url"": null,
  ""title"": ""AI個別サポート会"",
  ""text"": ""準備・資料不要・Zoom30分"",
  ""actions"": [
    {
      ""type"": ""url"",
      ""label"": ""サポート会に申し込む"",
      ""uri"": ""https://utage-system.com/event/HKyoHqSFnPvU/register"",
      ""add_label_id"": null,
      ""del_label_id"": null
    }
  ]
}","「まだ相談するほど整理できていない」と思っている方ほど大丈夫ですよ😌

整理するための会なので、準備や資料はいりません🙆‍♂️ 必要があればサービスの案内もしますが、まずは特典を使える形にすることから始めましょう👇","[name]さん、特典をお受け取りくださりありがとうございます。

読んで「自分なら何から始める？」が少しでも曖昧なら、30分の活用サポート会で一緒に整理できます。","https://utage-system.com/account/Y86og5tIw1hZ/scenario/0hGvItT6YXmd/step/line/ISdPRuI50WC6/edit","ISdPRuI50WC6"
"YouTube_さとり","REVIEW_YouTube_さとり_20260810","28","稼働中","メッセージ","3","サポート会_特典クリック済・未予約","KLLhgMm16H3d","キーワード受信・特典配布完了／Zoomサポート未予約／サポートシナリオ入場の翌日23:59まで／予約完了・面談済み・営業停止は除外","1日後 9:00","LINE","ステップ配信","SUP-B04","","【LINEメッセージ 1／text】
今日のうちに予約だけしておけば、面談日までにゆっくり特典を読み直せます😊

名前とメールアドレスの2項目でサクッと予約できます🙆‍♂️","","","","","キーワード受信・特典配布完了／Zoomサポート未予約／サポートシナリオ入場の翌日23:59まで／予約完了・面談済み・営業停止は除外","","配信基準=。本文N/O/PとUTAGE編集URLは後続列に保持。","","","本文内定義","","YouTube正本を独自リライトしない。ステータスが廃止対象または旧読者のみの場合は新規実装しない。","【LINEメッセージ 1／text】
知ったことを、今日の一歩へ🚀

特典の内容を、あなたの状況に合わせた行動へ一緒に落とし込みますね🙌","知ったことを、今日の一歩へ🚀

特典の内容を、あなたの状況に合わせた行動へ一緒に落とし込みますね🙌","特典は、読むだけより自分の状況に当てはめると一気に使いやすくなります。

今の仕事・得意なこと・AI経験を伺い、使い方をお伝えします。Zoom30分、無料です。","https://utage-system.com/account/Y86og5tIw1hZ/scenario/0hGvItT6YXmd/step/line/KLLhgMm16H3d/edit","KLLhgMm16H3d"
"YouTube_さとり","REVIEW_YouTube_さとり_20260810","29","稼働中","メッセージ","3","サポート会_特典クリック済・未予約","3GFwBEpTWkxT","キーワード受信・特典配布完了／Zoomサポート未予約／サポートシナリオ入場の翌日23:59まで／予約完了・面談済み・営業停止は除外","1日後 14:00","LINE","ステップ配信","SUP-B05","","","","","","","キーワード受信・特典配布完了／Zoomサポート未予約／サポートシナリオ入場の翌日23:59まで／予約完了・面談済み・営業停止は除外","","配信基準=。本文N/O/PとUTAGE編集URLは後続列に保持。","","","本文内定義","","YouTube正本を独自リライトしない。ステータスが廃止対象または旧読者のみの場合は新規実装しない。","【LINEメッセージ 1／text】
%line_name%さんが今つまずいているのは、AIツールの不足ではなく「何に使うか」が決まっていないからかもしれません😌

その優先順位を、30分で一緒に整理しちゃいましょう💡","%line_name%さんが今つまずいているのは、AIツールの不足ではなく「何に使うか」が決まっていないからかもしれません😌

その優先順位を、30分で一緒に整理しちゃいましょう💡","「まだ相談するほど整理できていない」と思っている方でも大丈夫です。

準備や資料は不要です。お気軽にお越しください
[サポート会予約URL]","https://utage-system.com/account/Y86og5tIw1hZ/scenario/0hGvItT6YXmd/step/line/3GFwBEpTWkxT/edit","3GFwBEpTWkxT"
"YouTube_さとり","REVIEW_YouTube_さとり_20260810","30","稼働中","メッセージ","3","サポート会_特典クリック済・未予約","zlqvHGMvQu6k","キーワード受信・特典配布完了／Zoomサポート未予約／サポートシナリオ入場の翌日23:59まで／予約完了・面談済み・営業停止は除外","1日後 20:00","LINE","ステップ配信","SUP-B06","","【LINEメッセージ 1／text】
「まだ相談するほど特典を読み込んでいない」と思っている方でも大丈夫です🙆‍♂️

準備は不要です。お気軽にお越しください💡
https://utage-system.com/event/HKyoHqSFnPvU/register","","","","","キーワード受信・特典配布完了／Zoomサポート未予約／サポートシナリオ入場の翌日23:59まで／予約完了・面談済み・営業停止は除外","","配信基準=。本文N/O/PとUTAGE編集URLは後続列に保持。","","","本文内定義","","YouTube正本を独自リライトしない。ステータスが廃止対象または旧読者のみの場合は新規実装しない。","【LINEメッセージ 1／text】
今日のうちに予約だけ取っておけば、面談日までにゆっくり特典を読み直せますよ😊

名前とメールアドレスの2項目でサクッと予約できます🙆‍♂️","今日のうちに予約だけ取っておけば、面談日までにゆっくり特典を読み直せますよ😊

名前とメールアドレスの2項目でサクッと予約できます🙆‍♂️","知ったことを、今日の一歩へ。

[特典名]の内容を、あなたの状況に合わせた行動へ落とし込みます。","https://utage-system.com/account/Y86og5tIw1hZ/scenario/0hGvItT6YXmd/step/line/zlqvHGMvQu6k/edit","zlqvHGMvQu6k"
"YouTube_さとり","REVIEW_YouTube_さとり_20260810","31","稼働中","メッセージ","3","サポート会_特典クリック済・未予約","dgt0YyCgh5YJ","キーワード受信・特典配布完了／Zoomサポート未予約／受付終了前／予約完了・面談済み・営業停止は除外","1日後 22:00","LINE","ステップ配信","SUP-B07","","【LINEメッセージ 1／text】
ZOOMサポート会の無料受付は、本日までとなります⏰

一緒に特典を触ってみる機会が必要なら、今日中に日程を押さえておいてくださいね👇

────────────

【LINEメッセージ 2／button】
{
  ""alt_text"": ""【個別】ZOOMサポート会（本日まで）のご案内"",
  ""react_type"": ""free"",
  ""react_press_again_text"": null,
  ""thumbnail_image_url"": null,
  ""title"": ""ZOOMサポート会"",
  ""text"": ""無料受付は本日まで・Zoom30分"",
  ""actions"": [
    {
      ""type"": ""url"",
      ""label"": ""ZOOMサポート会に申し込む"",
      ""uri"": ""https://utage-system.com/event/HKyoHqSFnPvU/register"",
      ""add_label_id"": null,
      ""del_label_id"": null
    }
  ]
}","[
  {
    ""url"": ""https://utage-system.com/event/HKyoHqSFnPvU/register"",
    ""action_id"": ""CuTNunOkS4Ul"",
    ""expiration_type"": ""none""
  }
]","[
  {
    ""url"": ""https://utage-system.com/event/HKyoHqSFnPvU/register"",
    ""action_id"": ""CuTNunOkS4Ul"",
    ""expiration_type"": ""none""
  }
]","","","キーワード受信・特典配布完了／Zoomサポート未予約／受付終了前／予約完了・面談済み・営業停止は除外","[
  {
    ""url"": ""https://utage-system.com/event/HKyoHqSFnPvU/register"",
    ""action_id"": ""CuTNunOkS4Ul"",
    ""expiration_type"": ""none""
  }
]","配信基準=。本文N/O/PとUTAGE編集URLは後続列に保持。","","","本文内定義","","YouTube正本を独自リライトしない。ステータスが廃止対象または旧読者のみの場合は新規実装しない。","【LINEメッセージ 1／text】
活用サポート会の無料受付は、本日までなんです⏰

特典は引き続き使えますが、個別に一緒に整理する機会が必要なら、今日中に日程を押さえておいてくださいね👇

────────────

【LINEメッセージ 2／button】
{
  ""alt_text"": ""【個別】AI活用サポート会（本日まで）のご案内"",
  ""react_type"": ""free"",
  ""react_press_again_text"": null,
  ""thumbnail_image_url"": null,
  ""title"": ""AI個別サポート会"",
  ""text"": ""無料受付は本日まで・Zoom30分"",
  ""actions"": [
    {
      ""type"": ""url"",
      ""label"": ""サポート会に申し込む"",
      ""uri"": ""https://utage-system.com/event/HKyoHqSFnPvU/register"",
      ""add_label_id"": null,
      ""del_label_id"": null
    }
  ]
}","活用サポート会の無料受付は、本日までなんです⏰

特典は引き続き使えますが、個別に一緒に整理する機会が必要なら、今日中に日程を押さえておいてくださいね👇","[name]さんが今つまずいているのは、AIツールの不足ではなく「何に使うか」が決まっていないからかもしれません。

その優先順位を30分で一緒に整理します。","https://utage-system.com/account/Y86og5tIw1hZ/scenario/0hGvItT6YXmd/step/line/dgt0YyCgh5YJ/edit","dgt0YyCgh5YJ"
"YouTube_さとり","REVIEW_YouTube_さとり_20260810","32","稼働中","メッセージ","3","サポート会_特典クリック済・未予約","4QUV65MbV9mp","キーワード受信・特典配布完了／Zoomサポート未予約／23:59で締切／予約完了・面談済み・営業停止は除外","1日後 23:30","LINE","ステップ配信","SUP-B08","","【LINEメッセージ 1／text】
本日で受付終了です⏰

特典を「いつか使う情報」で終わらせず、自分の行動へ変えたい方は、是非予約してくださいね🎁","","","","","キーワード受信・特典配布完了／Zoomサポート未予約／23:59で締切／予約完了・面談済み・営業停止は除外","","配信基準=。本文N/O/PとUTAGE編集URLは後続列に保持。","","","本文内定義","","YouTube正本を独自リライトしない。ステータスが廃止対象または旧読者のみの場合は新規実装しない。","【LINEメッセージ 1／text】
本日で受付終了です⏰

特典を「いつか使う情報」で終わらせず、自分の行動へ変えたい方は、最後にこちらから予約してくださいね🎁","本日で受付終了です⏰

特典を「いつか使う情報」で終わらせず、自分の行動へ変えたい方は、最後にこちらから予約してくださいね🎁","今日のうちに予約だけ取っておけば、面談日までに特典を読み直せます。

名前とメールアドレスの2項目だけで予約できます。","https://utage-system.com/account/Y86og5tIw1hZ/scenario/0hGvItT6YXmd/step/line/4QUV65MbV9mp/edit","4QUV65MbV9mp"
"YouTube_さとり","REVIEW_YouTube_さとり_20260810","33","稼働中","メッセージ","4","サポート会_予約ページ済・未予約","yLTL5md6OpN4","Zoomサポート予約ページクリック済み・未予約／サポートシナリオ入場の翌日23:59まで／予約完了・面談済み・営業停止は除外","15分 後","LINE","ステップ配信","SUP-C01","","【LINEメッセージ 1／text】
%line_name%さん、合う時間が見つからなかったでしょうか？枠は随時変わるので、もう一度のぞいてみてください😊","","","","","Zoomサポート予約ページクリック済み・未予約／サポートシナリオ入場の翌日23:59まで／予約完了・面談済み・営業停止は除外","","配信基準=。本文N/O/PとUTAGE編集URLは後続列に保持。","","","本文内定義","","YouTube正本を独自リライトしない。ステータスが廃止対象または旧読者のみの場合は新規実装しない。","【LINEメッセージ 1／text】
%line_name%さん、日程ページまで見てくださったんですね👀

合う時間が見つからなかったでしょうか？枠は随時変わるので、もう一度のぞいてみてくださいね😊","%line_name%さん、日程ページまで見てくださったんですね👀

合う時間が見つからなかったでしょうか？枠は随時変わるので、もう一度のぞいてみてくださいね😊","活用サポート会の無料受付は本日までです。

特典は引き続き使えますが、個別に一緒に整理する機会が必要なら、今日中に日程を押さえてください。

[サポート会予約URL]","https://utage-system.com/account/Y86og5tIw1hZ/scenario/GFocMBuu6yEe/step/line/yLTL5md6OpN4/edit","yLTL5md6OpN4"
"YouTube_さとり","REVIEW_YouTube_さとり_20260810","34","稼働中","メッセージ","4","サポート会_予約ページ済・未予約","f8HFyXBreGR1","Zoomサポート予約ページクリック済み・未予約／サポートシナリオ入場の翌日23:59まで／予約完了・面談済み・営業停止は除外","2時間 後","LINE","ステップ配信","SUP-C02","","【LINEメッセージ 1／text】
予約は名前とメールアドレスだけでサクッと完了します🙆‍♂️ 事前課題も準備もありません。

30分で「特典をどう使うか」「今どこから動くか」を一緒に整理しますね💡","","","","","Zoomサポート予約ページクリック済み・未予約／サポートシナリオ入場の翌日23:59まで／予約完了・面談済み・営業停止は除外","","配信基準=。本文N/O/PとUTAGE編集URLは後続列に保持。","","","本文内定義","","YouTube正本を独自リライトしない。ステータスが廃止対象または旧読者のみの場合は新規実装しない。","【LINEメッセージ 1／text】
予約は名前とメールアドレスだけでサクッと完了します🙆‍♂️ 事前課題も資料準備もありません。

30分で「特典をどう使うか」「今どこから動くか」を一緒に整理しますね💡","予約は名前とメールアドレスだけでサクッと完了します🙆‍♂️ 事前課題も資料準備もありません。

30分で「特典をどう使うか」「今どこから動くか」を一緒に整理しますね💡","本日で受付終了です。

[特典名]を「いつか使う情報」で終わらせず、自分の行動へ変えたい方は、こちらから予約してください。","https://utage-system.com/account/Y86og5tIw1hZ/scenario/GFocMBuu6yEe/step/line/f8HFyXBreGR1/edit","f8HFyXBreGR1"
"YouTube_さとり","REVIEW_YouTube_さとり_20260810","35","稼働中","メッセージ","4","サポート会_予約ページ済・未予約","m50niGYgjnil","Zoomサポート予約ページクリック済み・未予約／サポートシナリオ入場の翌日23:59まで／予約完了・面談済み・営業停止は除外","5時間 後","LINE","ステップ配信","SUP-C03","","【LINEメッセージ 1／text】
面談では、今の状況を聞いたうえで、特典の使い方を１on１でレクチャーいたします😊
AI活用でほかにも気になることがあれば、なんでも相談可能です
👇

────────────

【LINEメッセージ 2／button】
{
  ""alt_text"": ""【個別】ZOOMサポート会（Zoom30分）のご案内"",
  ""react_type"": ""free"",
  ""react_press_again_text"": null,
  ""thumbnail_image_url"": null,
  ""title"": ""ZOOMサポート会"",
  ""text"": ""ZOOM30分・その場で決断不要"",
  ""actions"": [
    {
      ""type"": ""url"",
      ""label"": ""ZOOMサポート会に申し込む"",
      ""uri"": ""https://utage-system.com/event/HKyoHqSFnPvU/register"",
      ""add_label_id"": null,
      ""del_label_id"": null
    }
  ]
}","[
  {
    ""url"": ""https://utage-system.com/event/HKyoHqSFnPvU/register"",
    ""action_id"": ""CuTNunOkS4Ul"",
    ""expiration_type"": ""none""
  }
]","[
  {
    ""url"": ""https://utage-system.com/event/HKyoHqSFnPvU/register"",
    ""action_id"": ""CuTNunOkS4Ul"",
    ""expiration_type"": ""none""
  }
]","","","Zoomサポート予約ページクリック済み・未予約／サポートシナリオ入場の翌日23:59まで／予約完了・面談済み・営業停止は除外","[
  {
    ""url"": ""https://utage-system.com/event/HKyoHqSFnPvU/register"",
    ""action_id"": ""CuTNunOkS4Ul"",
    ""expiration_type"": ""none""
  }
]","配信基準=。本文N/O/PとUTAGE編集URLは後続列に保持。","","","本文内定義","","YouTube正本を独自リライトしない。ステータスが廃止対象または旧読者のみの場合は新規実装しない。","【LINEメッセージ 1／text】
面談では、今の状況を聞いたうえで、具体的な次の一歩を一緒に作っていきます😊

必要に応じてAIひとり起業スクールもご案内しますが、その場で決断する必要はまったくありません👇

────────────

【LINEメッセージ 2／button】
{
  ""alt_text"": ""【個別】AI活用サポート会（Zoom30分）のご案内"",
  ""react_type"": ""free"",
  ""react_press_again_text"": null,
  ""thumbnail_image_url"": null,
  ""title"": ""AI個別サポート会"",
  ""text"": ""Zoom30分・その場で決断不要"",
  ""actions"": [
    {
      ""type"": ""url"",
      ""label"": ""サポート会に申し込む"",
      ""uri"": ""https://utage-system.com/event/HKyoHqSFnPvU/register"",
      ""add_label_id"": null,
      ""del_label_id"": null
    }
  ]
}","面談では、今の状況を聞いたうえで、具体的な次の一歩を一緒に作っていきます😊

必要に応じてAIひとり起業スクールもご案内しますが、その場で決断する必要はまったくありません👇","[name]さん、
予約可能日時は随時変わるので、もう一度確認してみてください。","https://utage-system.com/account/Y86og5tIw1hZ/scenario/GFocMBuu6yEe/step/line/m50niGYgjnil/edit","m50niGYgjnil"
"YouTube_さとり","REVIEW_YouTube_さとり_20260810","36","稼働中","メッセージ","4","サポート会_予約ページ済・未予約","JQUNV2nGfz4h","Zoomサポート予約ページクリック済み・未予約／サポートシナリオ入場の翌日23:59まで／予約完了・面談済み・営業停止は除外","1日後 9:00","LINE","ステップ配信","SUP-C04","","【LINEメッセージ 1／text】
もし、迷われているようでしたら、予約しちゃいましょう🙌

まだ方向性が決まっていなくても、そこから一緒に整理できますよ😊","","","","","Zoomサポート予約ページクリック済み・未予約／サポートシナリオ入場の翌日23:59まで／予約完了・面談済み・営業停止は除外","","配信基準=。本文N/O/PとUTAGE編集URLは後続列に保持。","","","本文内定義","","YouTube正本を独自リライトしない。ステータスが廃止対象または旧読者のみの場合は新規実装しない。","【LINEメッセージ 1／text】
迷っているうちに、まず30分だけ確保しちゃいましょう🙌

まだ方向性が決まっていなくても、そこから一緒に整理できますよ😊","迷っているうちに、まず30分だけ確保しちゃいましょう🙌

まだ方向性が決まっていなくても、そこから一緒に整理できますよ😊","予約は名前とメールアドレスだけで完了します。事前課題も資料準備もありません。

30分で「特典をどう使うか」をマスターできます。","https://utage-system.com/account/Y86og5tIw1hZ/scenario/GFocMBuu6yEe/step/line/JQUNV2nGfz4h/edit","JQUNV2nGfz4h"
"YouTube_さとり","REVIEW_YouTube_さとり_20260810","37","稼働中","メッセージ","4","サポート会_予約ページ済・未予約","h29JrXdkVU6w","Zoomサポート予約ページクリック済み・未予約／サポートシナリオ入場の翌日23:59まで／予約完了・面談済み・営業停止は除外","1日後 12:00","LINE","ステップ配信","SUP-C05","","【LINEメッセージ 1／text】
「自分のレベルで申し込んで大丈夫かな？」という心配は不要です😌

AI初心者でも大丈夫です🙆‍♂️ ０から使い方を教えますのでご安心ください🎁","","","","","Zoomサポート予約ページクリック済み・未予約／サポートシナリオ入場の翌日23:59まで／予約完了・面談済み・営業停止は除外","","配信基準=。本文N/O/PとUTAGE編集URLは後続列に保持。","","","本文内定義","","YouTube正本を独自リライトしない。ステータスが廃止対象または旧読者のみの場合は新規実装しない。","【LINEメッセージ 1／text】
「自分に相談していい内容かな？」という心配はいりませんよ😌

AI初心者でも、まだ商品がなくても大丈夫です🙆‍♂️ 特典を入口に、現状に合う使い方を一緒に考えますね🎁","「自分に相談していい内容かな？」という心配はいりませんよ😌

AI初心者でも、まだ商品がなくても大丈夫です🙆‍♂️ 特典を入口に、現状に合う使い方を一緒に考えますね🎁","面談では、今の状況を聞いたうえで具体的な次の一歩を一緒に作ります。


[サポート会予約URL]","https://utage-system.com/account/Y86og5tIw1hZ/scenario/GFocMBuu6yEe/step/line/h29JrXdkVU6w/edit","h29JrXdkVU6w"
"YouTube_さとり","REVIEW_YouTube_さとり_20260810","38","稼働中","メッセージ","4","サポート会_予約ページ済・未予約","2HI0abxePPzX","Zoomサポート予約ページクリック済み・未予約／サポートシナリオ入場の翌日23:59まで／予約完了・面談済み・営業停止は除外","1日後 18:00","LINE","ステップ配信","SUP-C06","","【LINEメッセージ 1／text】
日程ページを開いたまま予約を忘れちゃう方が多いので、念のためリマインドしますね😊

都合が変わった場合は、予約後の日程変更も可能です🙌","","","","","Zoomサポート予約ページクリック済み・未予約／サポートシナリオ入場の翌日23:59まで／予約完了・面談済み・営業停止は除外","","配信基準=。本文N/O/PとUTAGE編集URLは後続列に保持。","","","本文内定義","","YouTube正本を独自リライトしない。ステータスが廃止対象または旧読者のみの場合は新規実装しない。","【LINEメッセージ 1／text】
日程ページを開いたまま予約を忘れちゃう方が多いので、念のためお送りしますね😊

都合が変わった場合は、予約後の日程変更もできますよ🙌","日程ページを開いたまま予約を忘れちゃう方が多いので、念のためお送りしますね😊

都合が変わった場合は、予約後の日程変更もできますよ🙌","迷っているうちに、まず30分だけ確保してみてください。

まだ方向性が決まっていなくても、問題ございません。","https://utage-system.com/account/Y86og5tIw1hZ/scenario/GFocMBuu6yEe/step/line/2HI0abxePPzX/edit","2HI0abxePPzX"
"YouTube_さとり","REVIEW_YouTube_さとり_20260810","39","稼働中","メッセージ","4","サポート会_予約ページ済・未予約","CMf64P6WngBD","Zoomサポート予約ページクリック済み・未予約／サポートシナリオ入場の翌日23:59まで／予約完了・面談済み・営業停止は除外","1日後 21:00","LINE","ステップ配信","SUP-C07","","【LINEメッセージ 1／text】
特典の内容、せっかくだから手を動かしてみたいんだけど・・・👀
と思われている方こそ、 ZOOMサポート会にお申し込みください。
一緒にAIを触りましょう👇

────────────

【LINEメッセージ 2／button】
{
  ""alt_text"": ""【個別】ZOOMサポート会（まず30分）のご案内"",
  ""react_type"": ""free"",
  ""react_press_again_text"": null,
  ""thumbnail_image_url"": null,
  ""title"": ""ZOOMサポート会"",
  ""text"": ""まず30分で道筋を明確に"",
  ""actions"": [
    {
      ""type"": ""url"",
      ""label"": ""ZOOMサポート会に申し込む"",
      ""uri"": ""https://utage-system.com/event/HKyoHqSFnPvU/register"",
      ""add_label_id"": null,
      ""del_label_id"": null
    }
  ]
}","[
  {
    ""url"": ""https://utage-system.com/event/HKyoHqSFnPvU/register"",
    ""action_id"": ""CuTNunOkS4Ul"",
    ""expiration_type"": ""none""
  }
]","[
  {
    ""url"": ""https://utage-system.com/event/HKyoHqSFnPvU/register"",
    ""action_id"": ""CuTNunOkS4Ul"",
    ""expiration_type"": ""none""
  }
]","","","Zoomサポート予約ページクリック済み・未予約／サポートシナリオ入場の翌日23:59まで／予約完了・面談済み・営業停止は除外","[
  {
    ""url"": ""https://utage-system.com/event/HKyoHqSFnPvU/register"",
    ""action_id"": ""CuTNunOkS4Ul"",
    ""expiration_type"": ""none""
  }
]","配信基準=。本文N/O/PとUTAGE編集URLは後続列に保持。","","","本文内定義","","YouTube正本を独自リライトしない。ステータスが廃止対象または旧読者のみの場合は新規実装しない。","【LINEメッセージ 1／text】
今日決めるのは、スクールへの参加ではありませんよ😌

まず30分話して、今の自分に必要な道筋を明らかにするかどうかです👀 必要ならこちらから枠を選んでくださいね👇

────────────

【LINEメッセージ 2／button】
{
  ""alt_text"": ""【個別】AI活用サポート会（まず30分）のご案内"",
  ""react_type"": ""free"",
  ""react_press_again_text"": null,
  ""thumbnail_image_url"": null,
  ""title"": ""AI個別サポート会"",
  ""text"": ""まず30分で道筋を明確に"",
  ""actions"": [
    {
      ""type"": ""url"",
      ""label"": ""サポート会に申し込む"",
      ""uri"": ""https://utage-system.com/event/HKyoHqSFnPvU/register"",
      ""add_label_id"": null,
      ""del_label_id"": null
    }
  ]
}","今日決めるのは、スクールへの参加ではありませんよ😌

まず30分話して、今の自分に必要な道筋を明らかにするかどうかです👀 必要ならこちらから枠を選んでくださいね👇","「自分が相談していい内容かな？」という心配は不要です。

AI初心者でも、まだビジネスを始めてなくても大丈夫。[特典名]を入口に、現状に合う使い方を考えます。","https://utage-system.com/account/Y86og5tIw1hZ/scenario/GFocMBuu6yEe/step/line/CMf64P6WngBD/edit","CMf64P6WngBD"
"YouTube_さとり","REVIEW_YouTube_さとり_20260810","40","稼働中","メッセージ","4","サポート会_予約ページ済・未予約","3vvFFE2QRybT","Zoomサポート予約ページクリック済み・未予約／23:59で締切／予約完了・面談済み・営業停止は除外","1日後 22:00","LINE","ステップ配信","SUP-C08","","【LINEメッセージ 1／text】
Zoomサポート会の受付は本日までです⏰
","","","","","Zoomサポート予約ページクリック済み・未予約／23:59で締切／予約完了・面談済み・営業停止は除外","","配信基準=。本文N/O/PとUTAGE編集URLは後続列に保持。","","","本文内定義","","YouTube正本を独自リライトしない。ステータスが廃止対象または旧読者のみの場合は新規実装しない。","【LINEメッセージ 1／text】
無料受付は本日までです⏰

ページまで見て迷っていた方へ😊 準備なし・Zoom30分で参加できますよ✨","無料受付は本日までです⏰

ページまで見て迷っていた方へ😊 準備なし・Zoom30分で参加できますよ✨","日程ページを開いたまま予約を忘れてしまう方が多いので、念のためお送りします。

都合が変わった場合は、予約後の日程変更も可能です。","https://utage-system.com/account/Y86og5tIw1hZ/scenario/GFocMBuu6yEe/step/line/3vvFFE2QRybT/edit","3vvFFE2QRybT"
"YouTube_さとり","REVIEW_YouTube_さとり_20260810","41","稼働中","メッセージ","4","サポート会_予約ページ済・未予約","cAhwPE8tVflF","Zoomサポート予約ページクリック済み・未予約／23:59で締切／予約完了・面談済み・営業停止は除外","1日後 23:00","LINE","ステップ配信","SUP-C09","","【LINEメッセージ 1／text】
%line_name%さん、受付終了が近づいてきました⏰

Zoomサポート会の無料枠は今日までです。合う時間があるかだけでも、のぞいてみてくださいね😊

https://utage-system.com/event/HKyoHqSFnPvU/register","","","","","Zoomサポート予約ページクリック済み・未予約／23:59で締切／予約完了・面談済み・営業停止は除外","","配信基準=。本文N/O/PとUTAGE編集URLは後続列に保持。","","","本文内定義","","YouTube正本を独自リライトしない。ステータスが廃止対象または旧読者のみの場合は新規実装しない。","【LINEメッセージ 1／text】
%line_name%さん、受付終了が近づいてきました⏰

特典は残りますが、個別に活用方法を整理する無料枠は今日までなんです。合う時間があるかだけでも、のぞいてみてくださいね😊","%line_name%さん、受付終了が近づいてきました⏰

特典は残りますが、個別に活用方法を整理する無料枠は今日までなんです。合う時間があるかだけでも、のぞいてみてくださいね😊","AIをまだ触ったことがない人こそ、まず30分話してみてください。こちらから予約枠を選んでください。

[サポート会予約URL]","https://utage-system.com/account/Y86og5tIw1hZ/scenario/GFocMBuu6yEe/step/line/cAhwPE8tVflF/edit","cAhwPE8tVflF"
"YouTube_さとり","REVIEW_YouTube_さとり_20260810","42","稼働中","メッセージ","4","サポート会_予約ページ済・未予約","tltNdpSYF83z","Zoomサポート予約ページクリック済み・未予約／23:59で締切／予約完了・面談済み・営業停止は除外","1日後 23:30","LINE","ステップ配信","SUP-C10","","【LINEメッセージ 1／text】
これで最後のご案内です📣

特典をきっかけに、AIを自分の仕事や事業へどうつなげるかを一緒に整理したい方は、受付終了前に予約を完了しておいてくださいね🙌","","","","","Zoomサポート予約ページクリック済み・未予約／23:59で締切／予約完了・面談済み・営業停止は除外","","配信基準=。本文N/O/PとUTAGE編集URLは後続列に保持。","","","本文内定義","","YouTube正本を独自リライトしない。ステータスが廃止対象または旧読者のみの場合は新規実装しない。","【LINEメッセージ 1／text】
これで最後のご案内です📣

特典をきっかけに、AIを自分の仕事や事業へどうつなげるかを一緒に整理したい方は、受付終了前に予約を完了しておいてくださいね🙌","これで最後のご案内です📣

特典をきっかけに、AIを自分の仕事や事業へどうつなげるかを一緒に整理したい方は、受付終了前に予約を完了しておいてくださいね🙌","無料受付は本日まで。

ページまで見て迷っていた方へ。準備なし・Zoomで参加できます。顔出しも不要です。","https://utage-system.com/account/Y86og5tIw1hZ/scenario/GFocMBuu6yEe/step/line/tltNdpSYF83z/edit","tltNdpSYF83z"
"YouTube_さとり","REVIEW_YouTube_さとり_20260810","43","稼働中","メッセージ","5","AI個別サポートセッションリマインダ","hcFlzVdtklq8","Zoomサポート予約完了者のみ。予約完了時点でセミナー・VSL・オプチャを停止し、この予約リマインドだけ配信。","登録直後","メール","ステップ配信","申込時","【重要】%event_name%へのお申込みが完了しました","%name% 様

この度はお申込み頂き、本当にありがとうございます😊

お申込み頂いたご予約について
ご案内をお送りしますね📩


■　日程・参加方法
━━━━━━━━━━━━━━━━

%event_info%



当日は楽しみにしておりますのでよろしくお願いいたします🙌","","","","","Zoomサポート予約完了者のみ。予約完了時点でセミナー・VSL・オプチャを停止し、この予約リマインドだけ配信。","","配信基準=。本文N/O/PとUTAGE編集URLは後続列に保持。","","","本文内定義","","YouTube正本を独自リライトしない。ステータスが廃止対象または旧読者のみの場合は新規実装しない。","%name% 様

この度は
%event_name%
にお申込み頂き、本当にありがとうございます😊

お申込み頂いたご予約について
ご案内をお送りしますね📩

■　お申込者情報
━━━━━━━━━━━━━━━━

お名前：%name%
メールアドレス：%mail%
電話番号：%phone%


■　日程・参加方法
━━━━━━━━━━━━━━━━

%event_info%


■　キャンセルについて
━━━━━━━━━━━━━━━━

キャンセルを希望される場合は事前に『必ず』ご連絡ください。


━━━━━━━━━━━━━━━━
%event_name%運営事務局
%from_mail%
━━━━━━━━━━━━━━━━","","[name]さん、受付終了が近づいています。

個別に活用方法を整理する無料枠は今日までです。合う時間があるかだけでも確認してみてください。","https://utage-system.com/account/Y86og5tIw1hZ/scenario/UFibyE5xmPyh/step/hcFlzVdtklq8/edit","hcFlzVdtklq8"
"YouTube_さとり","REVIEW_YouTube_さとり_20260810","44","稼働中","メッセージ","5","AI個別サポートセッションリマインダ","ms9KNzEau9gB","Zoomサポート予約完了者のみ。予約完了時点でセミナー・VSL・オプチャを停止し、この予約リマインドだけ配信。","14日前の 8:00","メール","リマインダ配信","開催14日前","【開催14日前】%event_name%","%name% 様

この度はお申込み頂き、本当にありがとうございます😊

開催14日前になりましたので
リマインドをお送りしますね📩

■　日程・参加方法
━━━━━━━━━━━━━━━━

%event_info%



","","","","","Zoomサポート予約完了者のみ。予約完了時点でセミナー・VSL・オプチャを停止し、この予約リマインドだけ配信。","","配信基準=イベント参加日時。本文N/O/PとUTAGE編集URLは後続列に保持。","","","本文内定義","","YouTube正本を独自リライトしない。ステータスが廃止対象または旧読者のみの場合は新規実装しない。","%name% 様

この度は
%event_name%
にお申込み頂き、本当にありがとうございます😊

開催14日前になりましたので
リマインドをお送りしますね📩

■　お申込者情報
━━━━━━━━━━━━━━━━

お名前：%name%
メールアドレス：%mail%
電話番号：%phone%


■　日程・参加方法
━━━━━━━━━━━━━━━━

%event_info%


■　キャンセルについて
━━━━━━━━━━━━━━━━

キャンセルを希望される場合は事前に『必ず』ご連絡ください。


━━━━━━━━━━━━━━━━
%event_name%運営事務局
%from_mail%
━━━━━━━━━━━━━━━━","","これで最後のご案内です。

[特典名]をきっかけに、AIを自分の仕事や事業へどうつなげるかを一緒に整理したい方は、受付終了前に予約を完了してください。","https://utage-system.com/account/Y86og5tIw1hZ/scenario/UFibyE5xmPyh/reminder/ms9KNzEau9gB/edit","ms9KNzEau9gB"
"YouTube_さとり","REVIEW_YouTube_さとり_20260810","45","稼働中","メッセージ","5","AI個別サポートセッションリマインダ","swzxfS6n0w9k","Zoomサポート予約完了者のみ。予約完了時点でセミナー・VSL・オプチャを停止し、この予約リマインドだけ配信。","7日前の 8:00","メール","リマインダ配信","開催7日前","【開催7日前】%event_name%","%name% 様


開催7日前になりましたので
リマインドをお送りしますね📩

■　日程・参加方法
━━━━━━━━━━━━━━━━

%event_info%


それでは来週、よろしくお願いいたします🙌","","","","","Zoomサポート予約完了者のみ。予約完了時点でセミナー・VSL・オプチャを停止し、この予約リマインドだけ配信。","","配信基準=イベント参加日時。本文N/O/PとUTAGE編集URLは後続列に保持。","","","本文内定義","","YouTube正本を独自リライトしない。ステータスが廃止対象または旧読者のみの場合は新規実装しない。","%name% 様

この度は
%event_name%
にお申込み頂き、本当にありがとうございます😊

開催7日前になりましたので
リマインドをお送りしますね📩

■　お申込者情報
━━━━━━━━━━━━━━━━

お名前：%name%
メールアドレス：%mail%
電話番号：%phone%


■　日程・参加方法
━━━━━━━━━━━━━━━━

%event_info%


■　キャンセルについて
━━━━━━━━━━━━━━━━

キャンセルを希望される場合は事前に『必ず』ご連絡ください。


━━━━━━━━━━━━━━━━
%event_name%運営事務局
%from_mail%
━━━━━━━━━━━━━━━━","","[name]さん、ご予約ありがとうございます。

日時： [面談日時]
形式： Zoom（30分）
参加URL： [ZoomURL]

当日は、今の状況と目指したいことを伺いながら、次の一歩を一緒に整理します。楽しみにしておりますのでよろしくお願いいたします。

日程変更はこちら：[日程変更URL]","https://utage-system.com/account/Y86og5tIw1hZ/scenario/UFibyE5xmPyh/reminder/swzxfS6n0w9k/edit","swzxfS6n0w9k"
"YouTube_さとり","REVIEW_YouTube_さとり_20260810","46","稼働中","メッセージ","5","AI個別サポートセッションリマインダ","oxqv6hQ7XQCs","Zoomサポート予約完了者のみ。予約完了時点でセミナー・VSL・オプチャを停止し、この予約リマインドだけ配信。","3日前の 8:00","メール","リマインダ配信","開催3日前","【開催3日前】%event_name%","%name% 様



開催3日前になりましたので
リマインドをお送りしますね📩

■　日程・参加方法
━━━━━━━━━━━━━━━━

%event_info%


当日は何卒よろしくお願いいたします🙌","","","","","Zoomサポート予約完了者のみ。予約完了時点でセミナー・VSL・オプチャを停止し、この予約リマインドだけ配信。","","配信基準=イベント参加日時。本文N/O/PとUTAGE編集URLは後続列に保持。","","","本文内定義","","YouTube正本を独自リライトしない。ステータスが廃止対象または旧読者のみの場合は新規実装しない。","%name% 様

この度は
%event_name%
にお申込み頂き、本当にありがとうございます😊

開催3日前になりましたので
リマインドをお送りしますね📩

■　お申込者情報
━━━━━━━━━━━━━━━━

お名前：%name%
メールアドレス：%mail%
電話番号：%phone%


■　日程・参加方法
━━━━━━━━━━━━━━━━

%event_info%


■　キャンセルについて
━━━━━━━━━━━━━━━━

キャンセルを希望される場合は事前に『必ず』ご連絡ください。


━━━━━━━━━━━━━━━━
%event_name%運営事務局
%from_mail%
━━━━━━━━━━━━━━━━","","明日の面談の確認です。

[面談日時]／Zoom30分
[ZoomURL]

準備物はありません。都合が変わった場合は、こちらから変更してください。
[日程変更URL]","https://utage-system.com/account/Y86og5tIw1hZ/scenario/UFibyE5xmPyh/reminder/oxqv6hQ7XQCs/edit","oxqv6hQ7XQCs"
"YouTube_さとり","REVIEW_YouTube_さとり_20260810","47","稼働中","メッセージ","5","AI個別サポートセッションリマインダ","9SKShpBczhHZ","Zoomサポート予約完了者のみ。予約完了時点でセミナー・VSL・オプチャを停止し、この予約リマインドだけ配信。","1日前の 8:00","メール","リマインダ配信","開催前日","【明日開催】%event_name%","%name% 様

この度はお申込み頂き、本当にありがとうございます😊

開催前日になりましたので
リマインドをお送りしますね📩

■　日程・参加方法
━━━━━━━━━━━━━━━━

%event_info%


明日は楽しみにしております👀","","","","","Zoomサポート予約完了者のみ。予約完了時点でセミナー・VSL・オプチャを停止し、この予約リマインドだけ配信。","","配信基準=イベント参加日時。本文N/O/PとUTAGE編集URLは後続列に保持。","","","本文内定義","","YouTube正本を独自リライトしない。ステータスが廃止対象または旧読者のみの場合は新規実装しない。","%name% 様

この度は
%event_name%
にお申込み頂き、本当にありがとうございます😊

開催前日になりましたので
リマインドをお送りしますね📩

■　お申込者情報
━━━━━━━━━━━━━━━━

お名前：%name%
メールアドレス：%mail%
電話番号：%phone%


■　日程・参加方法
━━━━━━━━━━━━━━━━

%event_info%


■　キャンセルについて
━━━━━━━━━━━━━━━━

キャンセルを希望される場合は事前に『必ず』ご連絡ください。


━━━━━━━━━━━━━━━━
%event_name%運営事務局
%from_mail%
━━━━━━━━━━━━━━━━","","[name]さん、本日が面談日です。

開始時刻になりましたら、こちらからZoomへお入りください。
[ZoomURL]

お話しできるのを楽しみにしています。","https://utage-system.com/account/Y86og5tIw1hZ/scenario/UFibyE5xmPyh/reminder/9SKShpBczhHZ/edit","9SKShpBczhHZ"
"YouTube_さとり","REVIEW_YouTube_さとり_20260810","48","稼働中","メッセージ","5","AI個別サポートセッションリマインダ","IZEHgwvzE4jz","Zoomサポート予約完了者のみ。予約完了時点でセミナー・VSL・オプチャを停止し、この予約リマインドだけ配信。","当日の 8:00","メール","リマインダ配信","開催当日","【本日開催】%event_name%","%name% 様

開催当日になりましたので
リマインドをお送りしますね📩
■　日程・参加方法
━━━━━━━━━━━━━━━━

%event_info%

本日はよろしくお願いいたします🙌","","","","","Zoomサポート予約完了者のみ。予約完了時点でセミナー・VSL・オプチャを停止し、この予約リマインドだけ配信。","","配信基準=イベント参加日時。本文N/O/PとUTAGE編集URLは後続列に保持。","","","本文内定義","","YouTube正本を独自リライトしない。ステータスが廃止対象または旧読者のみの場合は新規実装しない。","%name% 様

この度は
%event_name%
にお申込み頂き、本当にありがとうございます😊

開催当日になりましたので
リマインドをお送りしますね📩

■　お申込者情報
━━━━━━━━━━━━━━━━

お名前：%name%
メールアドレス：%mail%
電話番号：%phone%


■　日程・参加方法
━━━━━━━━━━━━━━━━

%event_info%


■　キャンセルについて
━━━━━━━━━━━━━━━━

キャンセルを希望される場合は事前に『必ず』ご連絡ください。


━━━━━━━━━━━━━━━━
%event_name%運営事務局
%from_mail%
━━━━━━━━━━━━━━━━","","面談まであと3時間です。

[面談日時]
[ZoomURL]","https://utage-system.com/account/Y86og5tIw1hZ/scenario/UFibyE5xmPyh/reminder/IZEHgwvzE4jz/edit","IZEHgwvzE4jz"
"YouTube_さとり","REVIEW_YouTube_さとり_20260810","49","稼働中","メッセージ","5","AI個別サポートセッションリマインダ","NjefxiR7t9tg","Zoomサポート予約完了者のみ。予約完了時点でセミナー・VSL・オプチャを停止し、この予約リマインドだけ配信。","1時間 前","メール","リマインダ配信","開催60分前","【開催30分前】%event_name%","%name% 様

この度はお申込み頂き、本当にありがとうございます😊

開催30分前になりましたので
リマインドをお送りしますね📩

■　日程・参加方法
━━━━━━━━━━━━━━━━

%event_info%



後程よろしくお願いいたします🙌","","","","","Zoomサポート予約完了者のみ。予約完了時点でセミナー・VSL・オプチャを停止し、この予約リマインドだけ配信。","","配信基準=イベント参加日時。本文N/O/PとUTAGE編集URLは後続列に保持。","","","本文内定義","","YouTube正本を独自リライトしない。ステータスが廃止対象または旧読者のみの場合は新規実装しない。","%name% 様

この度は
%event_name%
にお申込み頂き、本当にありがとうございます😊

開催60分前になりましたので
リマインドをお送りしますね📩

■　お申込者情報
━━━━━━━━━━━━━━━━

お名前：%name%
メールアドレス：%mail%
電話番号：%phone%


■　日程・参加方法
━━━━━━━━━━━━━━━━

%event_info%


■　キャンセルについて
━━━━━━━━━━━━━━━━

キャンセルを希望される場合は事前に『必ず』ご連絡ください。


━━━━━━━━━━━━━━━━
%event_name%運営事務局
%from_mail%
━━━━━━━━━━━━━━━━","","あと30分で開始します。

こちらのZoomでお待ちしています。
[ZoomURL]

それでは後ほど、よろしくお願いします。","https://utage-system.com/account/Y86og5tIw1hZ/scenario/UFibyE5xmPyh/reminder/NjefxiR7t9tg/edit","NjefxiR7t9tg"
"YouTube_さとり","REVIEW_YouTube_さとり_20260810","50","稼働中","メッセージ","6","無断欠席→再予約","RxuU4dWHGqhI","Zoomサポート無断欠席者／再予約未完了。3通終了後も未再予約ならオプチャ。","登録直後","LINE","ステップ配信","NS-01","","【LINEメッセージ 1／text】
%line_name%さん、本日のZoomでお会いできなかったので、ご連絡しました😊

急な予定や接続トラブルもあると思います。
改めて参加したい場合は、こちらから都合のよい日時をお取り直しください。

%event_schedule_change_url%","","","","","Zoomサポート無断欠席者／再予約未完了。3通終了後も未再予約ならオプチャ。","","配信基準=。本文N/O/PとUTAGE編集URLは後続列に保持。","","","本文内定義","","YouTube正本を独自リライトしない。ステータスが廃止対象または旧読者のみの場合は新規実装しない。","【LINEメッセージ 1／text】
%line_name%さん、本日のZoomでお会いできなかったので、ご連絡しました😊

急な予定や接続トラブルもありますよね。改めて参加したい場合は、こちらから都合のよい日時を取り直してくださいね👇
%event_schedule_change_url%","%line_name%さん、本日のZoomでお会いできなかったので、ご連絡しました😊

急な予定や接続トラブルもありますよね。改めて参加したい場合は、こちらから都合のよい日時を取り直してくださいね👇
%event_schedule_change_url%","[name]さん、本日のZoomでお会いできなかったのでご連絡しました。

急な予定や接続トラブルもあると思います。改めて参加したい場合は、こちらから都合のよい日時を取り直してください。
[日程変更URL]","https://utage-system.com/account/Y86og5tIw1hZ/scenario/6s37CibWJW8f/step/line/RxuU4dWHGqhI/edit","RxuU4dWHGqhI"
"YouTube_さとり","REVIEW_YouTube_さとり_20260810","51","稼働中","メッセージ","6","無断欠席→再予約","IRA85CJbLCRs","Zoomサポート無断欠席者／再予約未完了。3通終了後も未再予約ならオプチャ。","1日後 10:00","LINE","ステップ配信","NS-02","","【LINEメッセージ 1／text】
昨日の面談について、再予約を受け付けています😊

事前準備はいりません。AIを使って何を形にするか、今の状況から一緒に整理していきましょう🙏","","","","","Zoomサポート無断欠席者／再予約未完了。3通終了後も未再予約ならオプチャ。","","配信基準=。本文N/O/PとUTAGE編集URLは後続列に保持。","","","本文内定義","","YouTube正本を独自リライトしない。ステータスが廃止対象または旧読者のみの場合は新規実装しない。","【LINEメッセージ 1／text】
昨日の面談について、再予約を受け付けていますよ😊

事前準備はいりません。AIを使って何を形にするか、今の状況から一緒に整理していきましょう🙏","昨日の面談について、再予約を受け付けていますよ😊

事前準備はいりません。AIを使って何を形にするか、今の状況から一緒に整理していきましょう🙏","昨日の面談について、再予約を受け付けています。

事前準備は不要です。AIを使って何を形にするか、今の状況から一緒に整理できます。","https://utage-system.com/account/Y86og5tIw1hZ/scenario/6s37CibWJW8f/step/line/IRA85CJbLCRs/edit","IRA85CJbLCRs"
"YouTube_さとり","REVIEW_YouTube_さとり_20260810","52","稼働中","メッセージ","6","無断欠席→再予約","UnzMydkQizNO","Zoomサポート無断欠席者／再予約未完了。3通終了後も未再予約ならオプチャ。","1日後 20:00","LINE","ステップ配信","NS-03","","【LINEメッセージ 1／text】
再予約については、これでいったん最後のご案内です😌

こちらから好きな日時を選んでください😊
%event_schedule_change_url%","","","","","Zoomサポート無断欠席者／再予約未完了。3通終了後も未再予約ならオプチャ。","","配信基準=。本文N/O/PとUTAGE編集URLは後続列に保持。","","","本文内定義","","YouTube正本を独自リライトしない。ステータスが廃止対象または旧読者のみの場合は新規実装しない。","【LINEメッセージ 1／text】
再予約については、これでいったん最後のご案内ですね😌

もう一度話したい場合は、こちらから好きな日時を選んでください😊
今すぐは難しければ、今後のセミナー案内から参加しても大丈夫ですよ👇
%event_schedule_change_url%","再予約については、これでいったん最後のご案内ですね😌

もう一度話したい場合は、こちらから好きな日時を選んでください😊
今すぐは難しければ、今後のセミナー案内から参加しても大丈夫ですよ👇
%event_schedule_change_url%","再予約については、これでいったん最後のご案内です。

こちらから好きな日時を選んでください。
[日程変更URL]","https://utage-system.com/account/Y86og5tIw1hZ/scenario/6s37CibWJW8f/step/line/UnzMydkQizNO/edit","UnzMydkQizNO"
"YouTube_さとり","REVIEW_YouTube_さとり_20260810","53","レビュー中","メッセージ","20260810新規","セミナー募集_2日程提示","NEW-YT-SEM-CHOICE","Zoomサポート未予約・セミナー未申込・面談未予約。日程不可／VSL中／予約完了／面談済み／営業停止は除外","サポートシナリオ終了後の翌朝06:00","LINE","ステップ配信","YT-SEM-CHOICE","","%line_name%さん、次回のZoomライブセミナーが決まりました😊

AIでひとり起業攻略法
📅 日程①：[第1日程]
📅 日程②：[第2日程]

AIを触るだけで終わらず、自分に合う事業テーマを見つけ、商品・集客・販売へつなげる考え方をお伝えします。

ご都合の合う日程を選択してください👇","日程①：[第1日程申込URL]／日程②：[第2日程申込URL]／どちらの日程も合わない：[ACT-NODATE-VSL]","日程①：[第1日程申込URL]／日程②：[第2日程申込URL]／どちらの日程も合わない：[ACT-NODATE-VSL]","","","Zoomサポート未予約・セミナー未申込・面談未予約。日程不可／VSL中／予約完了／面談済み／営業停止は除外","日程①：[第1日程申込URL]／日程②：[第2日程申込URL]／どちらの日程も合わない：[ACT-NODATE-VSL]","配信基準=サポート会受付終了。本文N/O/PとUTAGE編集URLは後続列に保持。","","","本文内定義","","YouTube正本を独自リライトしない。ステータスが廃止対象または旧読者のみの場合は新規実装しない。","%line_name%さん、次回のZoomライブセミナーが決まりました😊

AIでひとり起業攻略法
📅 日程①：[第1日程]
📅 日程②：[第2日程]

AIを触るだけで終わらず、自分に合う事業テーマを見つけ、商品・集客・販売へつなげる考え方をお伝えします。

ご都合の合う日程を選択してください👇","%line_name%さん、次回のZoomライブセミナーが決まりました😊

AIでひとり起業攻略法
📅 日程①：[第1日程]
📅 日程②：[第2日程]

AIを触るだけで終わらず、自分に合う事業テーマを見つけ、商品・集客・販売へつなげる考え方をお伝えします。

ご都合の合う日程を選択してください👇","%line_name%さん、次回のZoomライブセミナーが決まりました😊

AIでひとり起業攻略法
📅 日程①：[第1日程]
📅 日程②：[第2日程]

AIを触るだけで終わらず、自分に合う事業テーマを見つけ、商品・集客・販売へつなげる考え方をお伝えします。

ご都合の合う日程を選択してください👇","[UTAGE実装時作成]","NEW-YT-SEM-CHOICE"
"YouTube_さとり","REVIEW_YouTube_さとり_20260810","54","レビュー中","メッセージ","20260810新規","セミナー募集_第1日程","NEW-YT-D1-01","セミナー未申込・面談未予約・日程不可未選択。申込ページクリック済み／VSL中／予約完了／面談済み／営業停止は除外","第1日程 14日前10:00（未経過時のみ）","LINE","ステップ配信","YT-D1-SEM-A01（開催14日前10:00）","","【LINEメッセージ 1／text】
特典①〜④をご覧になって、
「自分なら、何から始めればいいんだろう？🤔」
と感じた方へ。

先ほど、そのモヤモヤをすっきり解消する
【特典⑤：セミナー招待券】をお送りしました！🎟️🚀
質疑応答の時間もたくさんご用意しているので、まずは現状を変えるための一歩としてご参加していただければと思います☺️
ぜひチェックしてください✨","[第1日程申込URL] / 画像：https://drive.usercontent.google.com/download?id=1hDHYwE25L5n73r3M4u7dnhZP935HQ8-5&export=view&confirm=t","[第1日程申込URL] / 画像：https://drive.usercontent.google.com/download?id=1hDHYwE25L5n73r3M4u7dnhZP935HQ8-5&export=view&confirm=t","","","セミナー未申込・面談未予約・日程不可未選択。申込ページクリック済み／VSL中／予約完了／面談済み／営業停止は除外","[第1日程申込URL] / 画像：https://drive.usercontent.google.com/download?id=1hDHYwE25L5n73r3M4u7dnhZP935HQ8-5&export=view&confirm=t","配信基準=イベント参加日。本文N/O/PとUTAGE編集URLは後続列に保持。","","","本文内定義","","YouTube正本を独自リライトしない。ステータスが廃止対象または旧読者のみの場合は新規実装しない。","【LINEメッセージ 1／text】
特典①〜④をご覧になって、
「自分なら、何から始めればいいんだろう？🤔」
と感じた方へ。

先ほど、そのモヤモヤをすっきり解消する
【特典⑤：セミナー招待券】をお送りしました！🎟️🚀
質疑応答の時間もたくさんご用意しているので、まずは現状を変えるための一歩としてご参加していただければと思います☺️
ぜひチェックしてください✨","【LINEメッセージ 1／text】
特典①〜④をご覧になって、
「自分なら、何から始めればいいんだろう？🤔」
と感じた方へ。

先ほど、そのモヤモヤをすっきり解消する
【特典⑤：セミナー招待券】をお送りしました！🎟️🚀
質疑応答の時間もたくさんご用意しているので、まずは現状を変えるための一歩としてご参加していただければと思います☺️
ぜひチェックしてください✨","【LINEメッセージ 1／text】
特典①〜④をご覧になって、
「自分なら、何から始めればいいんだろう？🤔」
と感じた方へ。

先ほど、そのモヤモヤをすっきり解消する
【特典⑤：セミナー招待券】をお送りしました！🎟️🚀
質疑応答の時間もたくさんご用意しているので、まずは現状を変えるための一歩としてご参加していただければと思います☺️
ぜひチェックしてください✨","[UTAGE実装時作成]","NEW-YT-D1-01"
"YouTube_さとり","REVIEW_YouTube_さとり_20260810","55","レビュー中","メッセージ","20260810新規","セミナー募集_第1日程","NEW-YT-D1-02","セミナー未申込・面談未予約・日程不可未選択。申込ページクリック済み／VSL中／予約完了／面談済み／営業停止は除外","第1日程 12日前19:00（未経過時のみ）","LINE","ステップ配信","YT-D1-SEM-A02（開催12日前19:00）","","【LINEメッセージ 1／text】
先ほどお送りした「セミナー招待状」は
確認できましたか？😊

残りの5大特典（⑥〜⑩）は、
特に有料級の内容となっているため、
セミナーの最後に【参加者限定】でお渡しします🎁

予定が合う方は、忘れないうちに
先に席だけ確保しておいてくださいね👇
[第1日程申込URL]","[第1日程申込URL] / 画像：https://drive.usercontent.google.com/download?id=1N4ce4deT64SE9bn9-tsgLF3B-K6o4coO&export=view&confirm=t","[第1日程申込URL] / 画像：https://drive.usercontent.google.com/download?id=1N4ce4deT64SE9bn9-tsgLF3B-K6o4coO&export=view&confirm=t","","","セミナー未申込・面談未予約・日程不可未選択。申込ページクリック済み／VSL中／予約完了／面談済み／営業停止は除外","[第1日程申込URL] / 画像：https://drive.usercontent.google.com/download?id=1N4ce4deT64SE9bn9-tsgLF3B-K6o4coO&export=view&confirm=t","配信基準=イベント参加日。本文N/O/PとUTAGE編集URLは後続列に保持。","","","本文内定義","","YouTube正本を独自リライトしない。ステータスが廃止対象または旧読者のみの場合は新規実装しない。","【LINEメッセージ 1／text】
先ほどお送りした「セミナー招待状」は
確認できましたか？😊

残りの5大特典（⑥〜⑩）は、
特に有料級の内容となっているため、
セミナーの最後に【参加者限定】でお渡しします🎁

予定が合う方は、忘れないうちに
先に席だけ確保しておいてくださいね👇
[第1日程申込URL]","【LINEメッセージ 1／text】
先ほどお送りした「セミナー招待状」は
確認できましたか？😊

残りの5大特典（⑥〜⑩）は、
特に有料級の内容となっているため、
セミナーの最後に【参加者限定】でお渡しします🎁

予定が合う方は、忘れないうちに
先に席だけ確保しておいてくださいね👇
[第1日程申込URL]","【LINEメッセージ 1／text】
先ほどお送りした「セミナー招待状」は
確認できましたか？😊

残りの5大特典（⑥〜⑩）は、
特に有料級の内容となっているため、
セミナーの最後に【参加者限定】でお渡しします🎁

予定が合う方は、忘れないうちに
先に席だけ確保しておいてくださいね👇
[第1日程申込URL]","[UTAGE実装時作成]","NEW-YT-D1-02"
"YouTube_さとり","REVIEW_YouTube_さとり_20260810","56","レビュー中","メッセージ","20260810新規","セミナー募集_第1日程","NEW-YT-D1-03","セミナー未申込・面談未予約・日程不可未選択。申込ページクリック済み／VSL中／予約完了／面談済み／営業停止は除外","第1日程 10日前10:00（未経過時のみ）","LINE","ステップ配信","YT-D1-SEM-A03（開催10日前10:00）","","【LINEメッセージ 1／text】
セミナーの最後にお渡しする
【限定特典⑥〜⑩】について少しご紹介します✨

内容は、【AIで動画制作法】や、【AIを使ったホームページ制作法】など、
セミナーの理解をさらに深めて「次の一歩」へすぐ踏み出せるような、
超・実践的なお役立ち資料にしています！💡

ぜひ楽しみにしていてくださいね😊
▼セミナーのお申し込みはこちら
[第1日程申込URL]","[第1日程申込URL]","[第1日程申込URL]","","","セミナー未申込・面談未予約・日程不可未選択。申込ページクリック済み／VSL中／予約完了／面談済み／営業停止は除外","[第1日程申込URL]","配信基準=イベント参加日。本文N/O/PとUTAGE編集URLは後続列に保持。","","","本文内定義","","YouTube正本を独自リライトしない。ステータスが廃止対象または旧読者のみの場合は新規実装しない。","【LINEメッセージ 1／text】
セミナーの最後にお渡しする
【限定特典⑥〜⑩】について少しご紹介します✨

内容は、【AIで動画制作法】や、【AIを使ったホームページ制作法】など、
セミナーの理解をさらに深めて「次の一歩」へすぐ踏み出せるような、
超・実践的なお役立ち資料にしています！💡

ぜひ楽しみにしていてくださいね😊
▼セミナーのお申し込みはこちら
[第1日程申込URL]","【LINEメッセージ 1／text】
セミナーの最後にお渡しする
【限定特典⑥〜⑩】について少しご紹介します✨

内容は、【AIで動画制作法】や、【AIを使ったホームページ制作法】など、
セミナーの理解をさらに深めて「次の一歩」へすぐ踏み出せるような、
超・実践的なお役立ち資料にしています！💡

ぜひ楽しみにしていてくださいね😊
▼セミナーのお申し込みはこちら
[第1日程申込URL]","【LINEメッセージ 1／text】
セミナーの最後にお渡しする
【限定特典⑥〜⑩】について少しご紹介します✨

内容は、【AIで動画制作法】や、【AIを使ったホームページ制作法】など、
セミナーの理解をさらに深めて「次の一歩」へすぐ踏み出せるような、
超・実践的なお役立ち資料にしています！💡

ぜひ楽しみにしていてくださいね😊
▼セミナーのお申し込みはこちら
[第1日程申込URL]","[UTAGE実装時作成]","NEW-YT-D1-03"
"YouTube_さとり","REVIEW_YouTube_さとり_20260810","57","レビュー中","メッセージ","20260810新規","セミナー募集_第1日程","NEW-YT-D1-04","セミナー未申込・面談未予約・日程不可未選択。申込ページクリック済み／VSL中／予約完了／面談済み／営業停止は除外","第1日程 8日前19:00（未経過時のみ）","LINE","ステップ配信","YT-D1-SEM-A04（開催8日前19:00）","","【LINEメッセージ 1／text】
今回のセミナーでは、単にAIの知識を
増やすだけではなく、以下の3点を
あなたのペースに合わせて整理していきます🌱✨

１．今のあなたに実践できること🚀
２．あなたの生活・仕事で「AIを活かせる場面」🤖
３．今日からスタートできる「最初の一歩」💪

▼お席の確保はこちらからどうぞ👇😊
[第1日程申込URL]","[第1日程申込URL]","[第1日程申込URL]","","","セミナー未申込・面談未予約・日程不可未選択。申込ページクリック済み／VSL中／予約完了／面談済み／営業停止は除外","[第1日程申込URL]","配信基準=イベント参加日。本文N/O/PとUTAGE編集URLは後続列に保持。","","","本文内定義","","YouTube正本を独自リライトしない。ステータスが廃止対象または旧読者のみの場合は新規実装しない。","【LINEメッセージ 1／text】
今回のセミナーでは、単にAIの知識を
増やすだけではなく、以下の3点を
あなたのペースに合わせて整理していきます🌱✨

１．今のあなたに実践できること🚀
２．あなたの生活・仕事で「AIを活かせる場面」🤖
３．今日からスタートできる「最初の一歩」💪

▼お席の確保はこちらからどうぞ👇😊
[第1日程申込URL]","【LINEメッセージ 1／text】
今回のセミナーでは、単にAIの知識を
増やすだけではなく、以下の3点を
あなたのペースに合わせて整理していきます🌱✨

１．今のあなたに実践できること🚀
２．あなたの生活・仕事で「AIを活かせる場面」🤖
３．今日からスタートできる「最初の一歩」💪

▼お席の確保はこちらからどうぞ👇😊
[第1日程申込URL]","【LINEメッセージ 1／text】
今回のセミナーでは、単にAIの知識を
増やすだけではなく、以下の3点を
あなたのペースに合わせて整理していきます🌱✨

１．今のあなたに実践できること🚀
２．あなたの生活・仕事で「AIを活かせる場面」🤖
３．今日からスタートできる「最初の一歩」💪

▼お席の確保はこちらからどうぞ👇😊
[第1日程申込URL]","[UTAGE実装時作成]","NEW-YT-D1-04"
"YouTube_さとり","REVIEW_YouTube_さとり_20260810","58","レビュー中","メッセージ","20260810新規","セミナー募集_第1日程","NEW-YT-D1-05","セミナー未申込・面談未予約・日程不可未選択。申込ページクリック済み／VSL中／予約完了／面談済み／営業停止は除外","第1日程 7日前10:00（未経過時のみ）","LINE","ステップ配信","YT-D1-SEM-D7-01（開催7日前10:00）","","【LINEメッセージ 1／text】
セミナー開催まで【あと1週間】です！🗓️✨


▼お席の確保はこちらからどうぞ👇😊
[第1日程申込URL]","[第1日程申込URL]","[第1日程申込URL]","","","セミナー未申込・面談未予約・日程不可未選択。申込ページクリック済み／VSL中／予約完了／面談済み／営業停止は除外","[第1日程申込URL]","配信基準=イベント参加日。本文N/O/PとUTAGE編集URLは後続列に保持。","","","本文内定義","","YouTube正本を独自リライトしない。ステータスが廃止対象または旧読者のみの場合は新規実装しない。","【LINEメッセージ 1／text】
セミナー開催まで【あと1週間】です！🗓️✨


▼お席の確保はこちらからどうぞ👇😊
[第1日程申込URL]","【LINEメッセージ 1／text】
セミナー開催まで【あと1週間】です！🗓️✨


▼お席の確保はこちらからどうぞ👇😊
[第1日程申込URL]","【LINEメッセージ 1／text】
セミナー開催まで【あと1週間】です！🗓️✨


▼お席の確保はこちらからどうぞ👇😊
[第1日程申込URL]","[UTAGE実装時作成]","NEW-YT-D1-05"
"YouTube_さとり","REVIEW_YouTube_さとり_20260810","59","レビュー中","メッセージ","20260810新規","セミナー募集_第1日程","NEW-YT-D1-06","セミナー未申込・面談未予約・日程不可未選択。申込ページクリック済み／VSL中／予約完了／面談済み／営業停止は除外","第1日程 7日前20:00（未経過時のみ）","LINE","ステップ配信","YT-D1-SEM-D7-02（開催7日前20:00）","","【LINEメッセージ 1／text】
セミナー開催まで【あと1週間】です！🗓️✨

セミナーのお申し込みは、お名前と
メールアドレスを入力するだけで完了します📝✨

ご登録後、参加URLをLINEとメールの
両方へお送りします。

まずは開催日時が合うかだけでも確認してみてくださいね👇😊
[第1日程申込URL]","[第1日程申込URL]","[第1日程申込URL]","","","セミナー未申込・面談未予約・日程不可未選択。申込ページクリック済み／VSL中／予約完了／面談済み／営業停止は除外","[第1日程申込URL]","配信基準=イベント参加日。本文N/O/PとUTAGE編集URLは後続列に保持。","","","本文内定義","","YouTube正本を独自リライトしない。ステータスが廃止対象または旧読者のみの場合は新規実装しない。","【LINEメッセージ 1／text】
セミナー開催まで【あと1週間】です！🗓️✨

セミナーのお申し込みは、お名前と
メールアドレスを入力するだけで完了します📝✨

ご登録後、参加URLをLINEとメールの
両方へお送りします。

まずは開催日時が合うかだけでも確認してみてくださいね👇😊
[第1日程申込URL]","【LINEメッセージ 1／text】
セミナー開催まで【あと1週間】です！🗓️✨

セミナーのお申し込みは、お名前と
メールアドレスを入力するだけで完了します📝✨

ご登録後、参加URLをLINEとメールの
両方へお送りします。

まずは開催日時が合うかだけでも確認してみてくださいね👇😊
[第1日程申込URL]","【LINEメッセージ 1／text】
セミナー開催まで【あと1週間】です！🗓️✨

セミナーのお申し込みは、お名前と
メールアドレスを入力するだけで完了します📝✨

ご登録後、参加URLをLINEとメールの
両方へお送りします。

まずは開催日時が合うかだけでも確認してみてくださいね👇😊
[第1日程申込URL]","[UTAGE実装時作成]","NEW-YT-D1-06"
"YouTube_さとり","REVIEW_YouTube_さとり_20260810","60","レビュー中","メッセージ","20260810新規","セミナー募集_第1日程","NEW-YT-D1-07","セミナー未申込・面談未予約・日程不可未選択。申込ページクリック済み／VSL中／予約完了／面談済み／営業停止は除外","第1日程 6日前10:00（未経過時のみ）","LINE","ステップ配信","YT-D1-SEM-A05（開催6日前10:00）","","【LINEメッセージ 1／text】
今回のセミナーは、単に「AIの知識を増やす」
だけのものではありません💡

このセミナーで1番多い声は
「AIを学んだけど成果が出ない理由がすっきり解決した！」✨
「これまでYouTubeで学んできたけど、自分にあったAIの活かし方がようやくわかった！」💡
「今の私が次にやるべきアクションが明確になりました！」🚀

実はAIの知識だけ増やしても、ビジネスへの活かし方に繋がりません。
「AIを自分の仕事やキャリアにどう活かすか」
を整理し、聞いた後に【具体的に何をすればいいか】
まで、一緒に考えられる内容になっています！🚀

▼席の確保はこちらからどうぞ👇
[第1日程申込URL]","[第1日程申込URL]","[第1日程申込URL]","","","セミナー未申込・面談未予約・日程不可未選択。申込ページクリック済み／VSL中／予約完了／面談済み／営業停止は除外","[第1日程申込URL]","配信基準=イベント参加日。本文N/O/PとUTAGE編集URLは後続列に保持。","","","本文内定義","","YouTube正本を独自リライトしない。ステータスが廃止対象または旧読者のみの場合は新規実装しない。","【LINEメッセージ 1／text】
今回のセミナーは、単に「AIの知識を増やす」
だけのものではありません💡

このセミナーで1番多い声は
「AIを学んだけど成果が出ない理由がすっきり解決した！」✨
「これまでYouTubeで学んできたけど、自分にあったAIの活かし方がようやくわかった！」💡
「今の私が次にやるべきアクションが明確になりました！」🚀

実はAIの知識だけ増やしても、ビジネスへの活かし方に繋がりません。
「AIを自分の仕事やキャリアにどう活かすか」
を整理し、聞いた後に【具体的に何をすればいいか】
まで、一緒に考えられる内容になっています！🚀

▼席の確保はこちらからどうぞ👇
[第1日程申込URL]","【LINEメッセージ 1／text】
今回のセミナーは、単に「AIの知識を増やす」
だけのものではありません💡

このセミナーで1番多い声は
「AIを学んだけど成果が出ない理由がすっきり解決した！」✨
「これまでYouTubeで学んできたけど、自分にあったAIの活かし方がようやくわかった！」💡
「今の私が次にやるべきアクションが明確になりました！」🚀

実はAIの知識だけ増やしても、ビジネスへの活かし方に繋がりません。
「AIを自分の仕事やキャリアにどう活かすか」
を整理し、聞いた後に【具体的に何をすればいいか】
まで、一緒に考えられる内容になっています！🚀

▼席の確保はこちらからどうぞ👇
[第1日程申込URL]","【LINEメッセージ 1／text】
今回のセミナーは、単に「AIの知識を増やす」
だけのものではありません💡

このセミナーで1番多い声は
「AIを学んだけど成果が出ない理由がすっきり解決した！」✨
「これまでYouTubeで学んできたけど、自分にあったAIの活かし方がようやくわかった！」💡
「今の私が次にやるべきアクションが明確になりました！」🚀

実はAIの知識だけ増やしても、ビジネスへの活かし方に繋がりません。
「AIを自分の仕事やキャリアにどう活かすか」
を整理し、聞いた後に【具体的に何をすればいいか】
まで、一緒に考えられる内容になっています！🚀

▼席の確保はこちらからどうぞ👇
[第1日程申込URL]","[UTAGE実装時作成]","NEW-YT-D1-07"
"YouTube_さとり","REVIEW_YouTube_さとり_20260810","61","レビュー中","メッセージ","20260810新規","セミナー募集_第1日程","NEW-YT-D1-08","セミナー未申込・面談未予約・日程不可未選択。申込ページクリック済み／VSL中／予約完了／面談済み／営業停止は除外","第1日程 5日前19:00（未経過時のみ）","LINE","ステップ配信","YT-D1-SEM-A06（開催5日前19:00）","","【LINEメッセージ 1／text】
「AI初心者ですが、参加しても大丈夫ですか...？」
というご質問をよくいただきましたが、
全く問題ありませんのでご安心ください！😊

むしろAIは初心者だからこその着眼点がかなり重要なんです！
初心者だからこその、新しい発想や発見がある...!!😳

過去のセミナーの様子や、
参加者の方々のリアルな感想は、
こちらからご確認いただけます👇✨
https://seminar-voices.netlify.app/","[第1日程申込URL]","[第1日程申込URL]","","","セミナー未申込・面談未予約・日程不可未選択。申込ページクリック済み／VSL中／予約完了／面談済み／営業停止は除外","[第1日程申込URL]","配信基準=イベント参加日。本文N/O/PとUTAGE編集URLは後続列に保持。","","","本文内定義","","YouTube正本を独自リライトしない。ステータスが廃止対象または旧読者のみの場合は新規実装しない。","【LINEメッセージ 1／text】
「AI初心者ですが、参加しても大丈夫ですか...？」
というご質問をよくいただきましたが、
全く問題ありませんのでご安心ください！😊

むしろAIは初心者だからこその着眼点がかなり重要なんです！
初心者だからこその、新しい発想や発見がある...!!😳

過去のセミナーの様子や、
参加者の方々のリアルな感想は、
こちらからご確認いただけます👇✨
https://seminar-voices.netlify.app/","【LINEメッセージ 1／text】
「AI初心者ですが、参加しても大丈夫ですか...？」
というご質問をよくいただきましたが、
全く問題ありませんのでご安心ください！😊

むしろAIは初心者だからこその着眼点がかなり重要なんです！
初心者だからこその、新しい発想や発見がある...!!😳

過去のセミナーの様子や、
参加者の方々のリアルな感想は、
こちらからご確認いただけます👇✨
https://seminar-voices.netlify.app/","【LINEメッセージ 1／text】
「AI初心者ですが、参加しても大丈夫ですか...？」
というご質問をよくいただきましたが、
全く問題ありませんのでご安心ください！😊

むしろAIは初心者だからこその着眼点がかなり重要なんです！
初心者だからこその、新しい発想や発見がある...!!😳

過去のセミナーの様子や、
参加者の方々のリアルな感想は、
こちらからご確認いただけます👇✨
https://seminar-voices.netlify.app/","[UTAGE実装時作成]","NEW-YT-D1-08"
"YouTube_さとり","REVIEW_YouTube_さとり_20260810","62","レビュー中","メッセージ","20260810新規","セミナー募集_第1日程","NEW-YT-D1-09","セミナー未申込・面談未予約・日程不可未選択。申込ページクリック済み／VSL中／予約完了／面談済み／営業停止は除外","第1日程 4日前20:00（未経過時のみ）","LINE","ステップ配信","YT-D1-SEM-A07（開催4日前20:00）","","【LINEメッセージ 1／text】
セミナーのお申し込みは、お名前と
メールアドレスを入力するだけで完了します📝✨

ご登録後、参加URLをLINEとメールの
両方へお送りします。👍😊

「当日にLINEのトークからURLを探すのが大変…💦」
という時も、メールに情報が残っているので
スムーズに参加できて安心です
👇😊
[第1日程申込URL]","[第1日程申込URL]","[第1日程申込URL]","","","セミナー未申込・面談未予約・日程不可未選択。申込ページクリック済み／VSL中／予約完了／面談済み／営業停止は除外","[第1日程申込URL]","配信基準=イベント参加日。本文N/O/PとUTAGE編集URLは後続列に保持。","","","本文内定義","","YouTube正本を独自リライトしない。ステータスが廃止対象または旧読者のみの場合は新規実装しない。","【LINEメッセージ 1／text】
セミナーのお申し込みは、お名前と
メールアドレスを入力するだけで完了します📝✨

ご登録後、参加URLをLINEとメールの
両方へお送りします。👍😊

「当日にLINEのトークからURLを探すのが大変…💦」
という時も、メールに情報が残っているので
スムーズに参加できて安心です
👇😊
[第1日程申込URL]","【LINEメッセージ 1／text】
セミナーのお申し込みは、お名前と
メールアドレスを入力するだけで完了します📝✨

ご登録後、参加URLをLINEとメールの
両方へお送りします。👍😊

「当日にLINEのトークからURLを探すのが大変…💦」
という時も、メールに情報が残っているので
スムーズに参加できて安心です
👇😊
[第1日程申込URL]","【LINEメッセージ 1／text】
セミナーのお申し込みは、お名前と
メールアドレスを入力するだけで完了します📝✨

ご登録後、参加URLをLINEとメールの
両方へお送りします。👍😊

「当日にLINEのトークからURLを探すのが大変…💦」
という時も、メールに情報が残っているので
スムーズに参加できて安心です
👇😊
[第1日程申込URL]","[UTAGE実装時作成]","NEW-YT-D1-09"
"YouTube_さとり","REVIEW_YouTube_さとり_20260810","63","レビュー中","メッセージ","20260810新規","セミナー募集_第1日程","NEW-YT-D1-10","セミナー未申込・面談未予約・日程不可未選択。申込ページクリック済み／VSL中／予約完了／面談済み／営業停止は除外","第1日程 3日前10:00（未経過時のみ）","LINE","ステップ配信","YT-D1-SEM-B01（開催3日前10:00）","","【LINEメッセージ 1／text】
セミナー開催まで【あと3日】となりました！⏰


このセミナーでは「AIの深い知識」ではなく、
「AIをどうビジネスに繋げるか」を体系的に学べる時間になっています☺️✨

""AIでホームページが作れる""、""AIで動画制作ができる""、
ではその後は...？😥

AIを学ぶだけではビジネスは出来ません💦
その知識を発展させるための時間になっています🚀

少しでもご興味ある方は、ぜひお早めにお申し込みください！✨

📅 日時：[第1日程]
💻 形式：オンライン（Zoomなど）

参加用のURLは、お申し込み後に
LINEとメールでお送りいたします。

▼席の確保はお早めにどうぞ👇😊
[第1日程申込URL]","[第1日程申込URL]","[第1日程申込URL]","","","セミナー未申込・面談未予約・日程不可未選択。申込ページクリック済み／VSL中／予約完了／面談済み／営業停止は除外","[第1日程申込URL]","配信基準=イベント参加日。本文N/O/PとUTAGE編集URLは後続列に保持。","","","本文内定義","","YouTube正本を独自リライトしない。ステータスが廃止対象または旧読者のみの場合は新規実装しない。","【LINEメッセージ 1／text】
セミナー開催まで【あと3日】となりました！⏰


このセミナーでは「AIの深い知識」ではなく、
「AIをどうビジネスに繋げるか」を体系的に学べる時間になっています☺️✨

""AIでホームページが作れる""、""AIで動画制作ができる""、
ではその後は...？😥

AIを学ぶだけではビジネスは出来ません💦
その知識を発展させるための時間になっています🚀

少しでもご興味ある方は、ぜひお早めにお申し込みください！✨

📅 日時：[第1日程]
💻 形式：オンライン（Zoomなど）

参加用のURLは、お申し込み後に
LINEとメールでお送りいたします。

▼席の確保はお早めにどうぞ👇😊
[第1日程申込URL]","【LINEメッセージ 1／text】
セミナー開催まで【あと3日】となりました！⏰


このセミナーでは「AIの深い知識」ではなく、
「AIをどうビジネスに繋げるか」を体系的に学べる時間になっています☺️✨

""AIでホームページが作れる""、""AIで動画制作ができる""、
ではその後は...？😥

AIを学ぶだけではビジネスは出来ません💦
その知識を発展させるための時間になっています🚀

少しでもご興味ある方は、ぜひお早めにお申し込みください！✨

📅 日時：[第1日程]
💻 形式：オンライン（Zoomなど）

参加用のURLは、お申し込み後に
LINEとメールでお送りいたします。

▼席の確保はお早めにどうぞ👇😊
[第1日程申込URL]","【LINEメッセージ 1／text】
セミナー開催まで【あと3日】となりました！⏰


このセミナーでは「AIの深い知識」ではなく、
「AIをどうビジネスに繋げるか」を体系的に学べる時間になっています☺️✨

""AIでホームページが作れる""、""AIで動画制作ができる""、
ではその後は...？😥

AIを学ぶだけではビジネスは出来ません💦
その知識を発展させるための時間になっています🚀

少しでもご興味ある方は、ぜひお早めにお申し込みください！✨

📅 日時：[第1日程]
💻 形式：オンライン（Zoomなど）

参加用のURLは、お申し込み後に
LINEとメールでお送りいたします。

▼席の確保はお早めにどうぞ👇😊
[第1日程申込URL]","[UTAGE実装時作成]","NEW-YT-D1-10"
"YouTube_さとり","REVIEW_YouTube_さとり_20260810","64","レビュー中","メッセージ","20260810新規","セミナー募集_第1日程","NEW-YT-D1-11","セミナー未申込・面談未予約・日程不可未選択。申込ページクリック済み／VSL中／予約完了／面談済み／営業停止は除外","第1日程 3日前20:00（未経過時のみ）","LINE","ステップ配信","YT-D1-SEM-B02（開催3日前20:00）","","【LINEメッセージ 1／text】
「まだAIを触り始めたばかり…」
という方でも、どうぞご安心ください😊

むしろAIビジネスは触り始めた方の方が有利に働くことが多いです！
その実態をセミナーでお伝えいたします🚀🔥

あなたのこれまでの経験や、得意なことを
振り返りながら、「自分にぴったりのAI活用法」
を見つけるところから優しく進めていきます🌱

▼詳細・お申し込みはこちらから👇
[第1日程申込URL]","[第1日程申込URL]","[第1日程申込URL]","","","セミナー未申込・面談未予約・日程不可未選択。申込ページクリック済み／VSL中／予約完了／面談済み／営業停止は除外","[第1日程申込URL]","配信基準=イベント参加日。本文N/O/PとUTAGE編集URLは後続列に保持。","","","本文内定義","","YouTube正本を独自リライトしない。ステータスが廃止対象または旧読者のみの場合は新規実装しない。","【LINEメッセージ 1／text】
「まだAIを触り始めたばかり…」
という方でも、どうぞご安心ください😊

むしろAIビジネスは触り始めた方の方が有利に働くことが多いです！
その実態をセミナーでお伝えいたします🚀🔥

あなたのこれまでの経験や、得意なことを
振り返りながら、「自分にぴったりのAI活用法」
を見つけるところから優しく進めていきます🌱

▼詳細・お申し込みはこちらから👇
[第1日程申込URL]","【LINEメッセージ 1／text】
「まだAIを触り始めたばかり…」
という方でも、どうぞご安心ください😊

むしろAIビジネスは触り始めた方の方が有利に働くことが多いです！
その実態をセミナーでお伝えいたします🚀🔥

あなたのこれまでの経験や、得意なことを
振り返りながら、「自分にぴったりのAI活用法」
を見つけるところから優しく進めていきます🌱

▼詳細・お申し込みはこちらから👇
[第1日程申込URL]","【LINEメッセージ 1／text】
「まだAIを触り始めたばかり…」
という方でも、どうぞご安心ください😊

むしろAIビジネスは触り始めた方の方が有利に働くことが多いです！
その実態をセミナーでお伝えいたします🚀🔥

あなたのこれまでの経験や、得意なことを
振り返りながら、「自分にぴったりのAI活用法」
を見つけるところから優しく進めていきます🌱

▼詳細・お申し込みはこちらから👇
[第1日程申込URL]","[UTAGE実装時作成]","NEW-YT-D1-11"
"YouTube_さとり","REVIEW_YouTube_さとり_20260810","65","レビュー中","メッセージ","20260810新規","セミナー募集_第1日程","NEW-YT-D1-12","セミナー未申込・面談未予約・日程不可未選択。申込ページクリック済み／VSL中／予約完了／面談済み／営業停止は除外","第1日程 2日前10:00（未経過時のみ）","LINE","ステップ配信","YT-D1-SEM-B03（開催2日前10:00）","","【LINEメッセージ 1／text】
今回のセミナーは、
特にこんな方におすすめです！💡

🌟 AIを自分の仕事に活かしたい
🌟 学ぶ順番をスッキリ整理したい
🌟 自分の「強み」とAIを掛け合わせたい
🌟 今日からできる具体的な一歩を決めたい

1つでも当てはまる方は、
ここが分岐点になると思います...!!
一歩踏み出すか、足踏みをするか。
少しでもご自身にプラスの影響を与えたい方はぜひ👇😊
[第1日程申込URL]","[第1日程申込URL]","[第1日程申込URL]","","","セミナー未申込・面談未予約・日程不可未選択。申込ページクリック済み／VSL中／予約完了／面談済み／営業停止は除外","[第1日程申込URL]","配信基準=イベント参加日。本文N/O/PとUTAGE編集URLは後続列に保持。","","","本文内定義","","YouTube正本を独自リライトしない。ステータスが廃止対象または旧読者のみの場合は新規実装しない。","【LINEメッセージ 1／text】
今回のセミナーは、
特にこんな方におすすめです！💡

🌟 AIを自分の仕事に活かしたい
🌟 学ぶ順番をスッキリ整理したい
🌟 自分の「強み」とAIを掛け合わせたい
🌟 今日からできる具体的な一歩を決めたい

1つでも当てはまる方は、
ここが分岐点になると思います...!!
一歩踏み出すか、足踏みをするか。
少しでもご自身にプラスの影響を与えたい方はぜひ👇😊
[第1日程申込URL]","【LINEメッセージ 1／text】
今回のセミナーは、
特にこんな方におすすめです！💡

🌟 AIを自分の仕事に活かしたい
🌟 学ぶ順番をスッキリ整理したい
🌟 自分の「強み」とAIを掛け合わせたい
🌟 今日からできる具体的な一歩を決めたい

1つでも当てはまる方は、
ここが分岐点になると思います...!!
一歩踏み出すか、足踏みをするか。
少しでもご自身にプラスの影響を与えたい方はぜひ👇😊
[第1日程申込URL]","【LINEメッセージ 1／text】
今回のセミナーは、
特にこんな方におすすめです！💡

🌟 AIを自分の仕事に活かしたい
🌟 学ぶ順番をスッキリ整理したい
🌟 自分の「強み」とAIを掛け合わせたい
🌟 今日からできる具体的な一歩を決めたい

1つでも当てはまる方は、
ここが分岐点になると思います...!!
一歩踏み出すか、足踏みをするか。
少しでもご自身にプラスの影響を与えたい方はぜひ👇😊
[第1日程申込URL]","[UTAGE実装時作成]","NEW-YT-D1-12"
"YouTube_さとり","REVIEW_YouTube_さとり_20260810","66","レビュー中","メッセージ","20260810新規","セミナー募集_第1日程","NEW-YT-D1-13","セミナー未申込・面談未予約・日程不可未選択。申込ページクリック済み／VSL中／予約完了／面談済み／営業停止は除外","第1日程 2日前20:00（未経過時のみ）","LINE","ステップ配信","YT-D1-SEM-B04（開催2日前20:00）","","【LINEメッセージ 1／text】
限定特典⑥〜⑩をお受け取りいただけるのは、
セミナーを最後までご視聴いただいた方のみとなります🎁

もし「途中までは参加できるけど、最後までは時間的に...」
という方は、個別にメールからご連絡ください！
ご参加いただけたことを確認できましたら、特典の方をお礼にお渡しいたします！

「あとで予定を確認しよう」と思っていると
満席になってしまうこともあるので、
忘れないうちに席を確保しておいてくださいね👇✨
[第1日程申込URL]","[第1日程申込URL]","[第1日程申込URL]","","","セミナー未申込・面談未予約・日程不可未選択。申込ページクリック済み／VSL中／予約完了／面談済み／営業停止は除外","[第1日程申込URL]","配信基準=イベント参加日。本文N/O/PとUTAGE編集URLは後続列に保持。","","","本文内定義","","YouTube正本を独自リライトしない。ステータスが廃止対象または旧読者のみの場合は新規実装しない。","【LINEメッセージ 1／text】
限定特典⑥〜⑩をお受け取りいただけるのは、
セミナーを最後までご視聴いただいた方のみとなります🎁

もし「途中までは参加できるけど、最後までは時間的に...」
という方は、個別にメールからご連絡ください！
ご参加いただけたことを確認できましたら、特典の方をお礼にお渡しいたします！

「あとで予定を確認しよう」と思っていると
満席になってしまうこともあるので、
忘れないうちに席を確保しておいてくださいね👇✨
[第1日程申込URL]","【LINEメッセージ 1／text】
限定特典⑥〜⑩をお受け取りいただけるのは、
セミナーを最後までご視聴いただいた方のみとなります🎁

もし「途中までは参加できるけど、最後までは時間的に...」
という方は、個別にメールからご連絡ください！
ご参加いただけたことを確認できましたら、特典の方をお礼にお渡しいたします！

「あとで予定を確認しよう」と思っていると
満席になってしまうこともあるので、
忘れないうちに席を確保しておいてくださいね👇✨
[第1日程申込URL]","【LINEメッセージ 1／text】
限定特典⑥〜⑩をお受け取りいただけるのは、
セミナーを最後までご視聴いただいた方のみとなります🎁

もし「途中までは参加できるけど、最後までは時間的に...」
という方は、個別にメールからご連絡ください！
ご参加いただけたことを確認できましたら、特典の方をお礼にお渡しいたします！

「あとで予定を確認しよう」と思っていると
満席になってしまうこともあるので、
忘れないうちに席を確保しておいてくださいね👇✨
[第1日程申込URL]","[UTAGE実装時作成]","NEW-YT-D1-13"
"YouTube_さとり","REVIEW_YouTube_さとり_20260810","67","レビュー中","メッセージ","20260810新規","セミナー募集_第1日程","NEW-YT-D1-14","セミナー未申込・面談未予約・日程不可未選択。申込ページクリック済み／VSL中／予約完了／面談済み／営業停止は除外","第1日程 前日09:00","LINE","ステップ配信","YT-D1-SEM-B05（開催前日09:00）","","【LINEメッセージ 1／text】
いよいよ【明日開催】となりました！✨

「自分に合う内容かな…？🔰」
と迷われている方へ。

AIを使ったことがない初心者の方でも、
まだやりたい方向が決まっていなくても大丈夫！
あなたの「今の状態」から一緒に整理していくセミナーです😊🌱

むしろ""AI界隈は初心者が有利""だと確信しています！
その理由はセミナーで語っていますので、ぜひ覗いてみてください

📢 セミナー：AIでひとり起業攻略法
📅 日時：[第1日程]

参加を迷われている方、迷われているだけでも半歩先に進んでいる状態です。
もう半歩踏み出すきっかけにしていただけると嬉しいです☺️
忘れないうちにお申し込みを済ませてくださいね👇😊
[第1日程申込URL]","[第1日程申込URL]","[第1日程申込URL]","","","セミナー未申込・面談未予約・日程不可未選択。申込ページクリック済み／VSL中／予約完了／面談済み／営業停止は除外","[第1日程申込URL]","配信基準=イベント参加日。本文N/O/PとUTAGE編集URLは後続列に保持。","","","本文内定義","","YouTube正本を独自リライトしない。ステータスが廃止対象または旧読者のみの場合は新規実装しない。","【LINEメッセージ 1／text】
いよいよ【明日開催】となりました！✨

「自分に合う内容かな…？🔰」
と迷われている方へ。

AIを使ったことがない初心者の方でも、
まだやりたい方向が決まっていなくても大丈夫！
あなたの「今の状態」から一緒に整理していくセミナーです😊🌱

むしろ""AI界隈は初心者が有利""だと確信しています！
その理由はセミナーで語っていますので、ぜひ覗いてみてください

📢 セミナー：AIでひとり起業攻略法
📅 日時：[第1日程]

参加を迷われている方、迷われているだけでも半歩先に進んでいる状態です。
もう半歩踏み出すきっかけにしていただけると嬉しいです☺️
忘れないうちにお申し込みを済ませてくださいね👇😊
[第1日程申込URL]","【LINEメッセージ 1／text】
いよいよ【明日開催】となりました！✨

「自分に合う内容かな…？🔰」
と迷われている方へ。

AIを使ったことがない初心者の方でも、
まだやりたい方向が決まっていなくても大丈夫！
あなたの「今の状態」から一緒に整理していくセミナーです😊🌱

むしろ""AI界隈は初心者が有利""だと確信しています！
その理由はセミナーで語っていますので、ぜひ覗いてみてください

📢 セミナー：AIでひとり起業攻略法
📅 日時：[第1日程]

参加を迷われている方、迷われているだけでも半歩先に進んでいる状態です。
もう半歩踏み出すきっかけにしていただけると嬉しいです☺️
忘れないうちにお申し込みを済ませてくださいね👇😊
[第1日程申込URL]","【LINEメッセージ 1／text】
いよいよ【明日開催】となりました！✨

「自分に合う内容かな…？🔰」
と迷われている方へ。

AIを使ったことがない初心者の方でも、
まだやりたい方向が決まっていなくても大丈夫！
あなたの「今の状態」から一緒に整理していくセミナーです😊🌱

むしろ""AI界隈は初心者が有利""だと確信しています！
その理由はセミナーで語っていますので、ぜひ覗いてみてください

📢 セミナー：AIでひとり起業攻略法
📅 日時：[第1日程]

参加を迷われている方、迷われているだけでも半歩先に進んでいる状態です。
もう半歩踏み出すきっかけにしていただけると嬉しいです☺️
忘れないうちにお申し込みを済ませてくださいね👇😊
[第1日程申込URL]","[UTAGE実装時作成]","NEW-YT-D1-14"
"YouTube_さとり","REVIEW_YouTube_さとり_20260810","68","レビュー中","メッセージ","20260810新規","セミナー募集_第1日程","NEW-YT-D1-15","セミナー未申込・面談未予約・日程不可未選択。申込ページクリック済み／VSL中／予約完了／面談済み／営業停止は除外","第1日程 前日15:00","LINE","ステップ配信","YT-D1-SEM-B06（開催前日15:00）","","【LINEメッセージ 1／text】
【重要なご連絡】
「セミナーに必要な知識はありますか？」
と聞かれますが、知識は不要です！

ほんの少しのAIへの興味と、
ビジネスにしたいという気持ちがあれば十分すぎるぐらいです☺️

あとはリラックスして視聴できる場所と、
メモ用の筆記用具があれば準備はバッチリです👍

顔出し声出しは不要ですので、お気軽にご参加ください🤲
こちらからご確認くださいね👇","[第1日程申込URL]","[第1日程申込URL]","","","セミナー未申込・面談未予約・日程不可未選択。申込ページクリック済み／VSL中／予約完了／面談済み／営業停止は除外","[第1日程申込URL]","配信基準=イベント参加日。本文N/O/PとUTAGE編集URLは後続列に保持。","","","本文内定義","","YouTube正本を独自リライトしない。ステータスが廃止対象または旧読者のみの場合は新規実装しない。","【LINEメッセージ 1／text】
【重要なご連絡】
「セミナーに必要な知識はありますか？」
と聞かれますが、知識は不要です！

ほんの少しのAIへの興味と、
ビジネスにしたいという気持ちがあれば十分すぎるぐらいです☺️

あとはリラックスして視聴できる場所と、
メモ用の筆記用具があれば準備はバッチリです👍

顔出し声出しは不要ですので、お気軽にご参加ください🤲
こちらからご確認くださいね👇","【LINEメッセージ 1／text】
【重要なご連絡】
「セミナーに必要な知識はありますか？」
と聞かれますが、知識は不要です！

ほんの少しのAIへの興味と、
ビジネスにしたいという気持ちがあれば十分すぎるぐらいです☺️

あとはリラックスして視聴できる場所と、
メモ用の筆記用具があれば準備はバッチリです👍

顔出し声出しは不要ですので、お気軽にご参加ください🤲
こちらからご確認くださいね👇","【LINEメッセージ 1／text】
【重要なご連絡】
「セミナーに必要な知識はありますか？」
と聞かれますが、知識は不要です！

ほんの少しのAIへの興味と、
ビジネスにしたいという気持ちがあれば十分すぎるぐらいです☺️

あとはリラックスして視聴できる場所と、
メモ用の筆記用具があれば準備はバッチリです👍

顔出し声出しは不要ですので、お気軽にご参加ください🤲
こちらからご確認くださいね👇","[UTAGE実装時作成]","NEW-YT-D1-15"
"YouTube_さとり","REVIEW_YouTube_さとり_20260810","69","レビュー中","メッセージ","20260810新規","セミナー募集_第1日程","NEW-YT-D1-16","セミナー未申込・面談未予約・日程不可未選択。申込ページクリック済み／VSL中／予約完了／面談済み／営業停止は除外","第1日程 前日21:00","LINE","ステップ配信","YT-D1-SEM-B07（開催前日21:00）","","【LINEメッセージ 1／text】
【大変申し訳ございません】
物凄く現実的で残酷なことをお伝えします。

それは、
""AIは学ぶだけでは、一生成功しません""

これは別に大袈裟にいっているわけではありません。
AIに限ったことではないですが、道具の使い方が分かっても、
実践する場所や、活かす機会がないと意味がないんです。

今回のセミナーでは、
そういった状況から一気に抜け出せる内容となっています。

ご参加いただける場合は、
今夜のうちにお名前とメールアドレスを登録して、
参加用URLを受け取っておいてくださいね👇✨
[第1日程申込URL]","[第1日程申込URL]","[第1日程申込URL]","","","セミナー未申込・面談未予約・日程不可未選択。申込ページクリック済み／VSL中／予約完了／面談済み／営業停止は除外","[第1日程申込URL]","配信基準=イベント参加日。本文N/O/PとUTAGE編集URLは後続列に保持。","","","本文内定義","","YouTube正本を独自リライトしない。ステータスが廃止対象または旧読者のみの場合は新規実装しない。","【LINEメッセージ 1／text】
【大変申し訳ございません】
物凄く現実的で残酷なことをお伝えします。

それは、
""AIは学ぶだけでは、一生成功しません""

これは別に大袈裟にいっているわけではありません。
AIに限ったことではないですが、道具の使い方が分かっても、
実践する場所や、活かす機会がないと意味がないんです。

今回のセミナーでは、
そういった状況から一気に抜け出せる内容となっています。

ご参加いただける場合は、
今夜のうちにお名前とメールアドレスを登録して、
参加用URLを受け取っておいてくださいね👇✨
[第1日程申込URL]","【LINEメッセージ 1／text】
【大変申し訳ございません】
物凄く現実的で残酷なことをお伝えします。

それは、
""AIは学ぶだけでは、一生成功しません""

これは別に大袈裟にいっているわけではありません。
AIに限ったことではないですが、道具の使い方が分かっても、
実践する場所や、活かす機会がないと意味がないんです。

今回のセミナーでは、
そういった状況から一気に抜け出せる内容となっています。

ご参加いただける場合は、
今夜のうちにお名前とメールアドレスを登録して、
参加用URLを受け取っておいてくださいね👇✨
[第1日程申込URL]","【LINEメッセージ 1／text】
【大変申し訳ございません】
物凄く現実的で残酷なことをお伝えします。

それは、
""AIは学ぶだけでは、一生成功しません""

これは別に大袈裟にいっているわけではありません。
AIに限ったことではないですが、道具の使い方が分かっても、
実践する場所や、活かす機会がないと意味がないんです。

今回のセミナーでは、
そういった状況から一気に抜け出せる内容となっています。

ご参加いただける場合は、
今夜のうちにお名前とメールアドレスを登録して、
参加用URLを受け取っておいてくださいね👇✨
[第1日程申込URL]","[UTAGE実装時作成]","NEW-YT-D1-16"
"YouTube_さとり","REVIEW_YouTube_さとり_20260810","70","レビュー中","メッセージ","20260810新規","セミナー募集_第1日程","NEW-YT-D1-17","セミナー未申込・面談未予約・日程不可未選択。申込ページクリック済み／VSL中／予約完了／面談済み／営業停止は除外","第1日程 当日09:00","LINE","ステップ配信","YT-D1-SEM-B08（開催当日09:00）","","【LINEメッセージ 1／text】
＼ いよいよ本日開催です！🎉 ／

📢 AIでひとり起業攻略法
📅 [第1日程]

まだ今からでもお申し込み可能です！

最後までご参加いただいた方には、
実践で使える超有料級の【特典⑥〜⑩】も
プレゼントいたします！🎁

お席が埋まる前に、ぜひご確認くだいね👇✨

▼お申し込みはこちらから👇😊
[第1日程申込URL]","[第1日程申込URL]","[第1日程申込URL]","","","セミナー未申込・面談未予約・日程不可未選択。申込ページクリック済み／VSL中／予約完了／面談済み／営業停止は除外","[第1日程申込URL]","配信基準=イベント参加日。本文N/O/PとUTAGE編集URLは後続列に保持。","","","本文内定義","","YouTube正本を独自リライトしない。ステータスが廃止対象または旧読者のみの場合は新規実装しない。","【LINEメッセージ 1／text】
＼ いよいよ本日開催です！🎉 ／

📢 AIでひとり起業攻略法
📅 [第1日程]

まだ今からでもお申し込み可能です！

最後までご参加いただいた方には、
実践で使える超有料級の【特典⑥〜⑩】も
プレゼントいたします！🎁

お席が埋まる前に、ぜひご確認くだいね👇✨

▼お申し込みはこちらから👇😊
[第1日程申込URL]","【LINEメッセージ 1／text】
＼ いよいよ本日開催です！🎉 ／

📢 AIでひとり起業攻略法
📅 [第1日程]

まだ今からでもお申し込み可能です！

最後までご参加いただいた方には、
実践で使える超有料級の【特典⑥〜⑩】も
プレゼントいたします！🎁

お席が埋まる前に、ぜひご確認くだいね👇✨

▼お申し込みはこちらから👇😊
[第1日程申込URL]","【LINEメッセージ 1／text】
＼ いよいよ本日開催です！🎉 ／

📢 AIでひとり起業攻略法
📅 [第1日程]

まだ今からでもお申し込み可能です！

最後までご参加いただいた方には、
実践で使える超有料級の【特典⑥〜⑩】も
プレゼントいたします！🎁

お席が埋まる前に、ぜひご確認くだいね👇✨

▼お申し込みはこちらから👇😊
[第1日程申込URL]","[UTAGE実装時作成]","NEW-YT-D1-17"
"YouTube_さとり","REVIEW_YouTube_さとり_20260810","71","レビュー中","メッセージ","20260810新規","セミナー募集_第1日程","NEW-YT-D1-18","セミナー未申込・面談未予約・日程不可未選択。申込ページクリック済み／VSL中／予約完了／面談済み／営業停止は除外","第1日程 開始3時間前","LINE","ステップ配信","YT-D1-SEM-B09（開始3時間前）","","【LINEメッセージ 1／text】
セミナー開始まで【あと3時間】となりました！⏰

今からの駆け込みお申し込みも大歓迎です！👍
ご登録後、すぐに参加用URLをお送りします。

事前準備は不要です。
顔出しや声出しも不要です☺️
好きな飲み物を片手にリラックスしてご参加ください😌

昨日の連絡を見て、
「最後まで見るのは時間的に厳しくて...」
というお声がありましたので、セミナーにご参加いただけたのがわかった場合、
後からメールにてご連絡いただければ、特典の方をお送りいたしますのでご安心ください！

ぜひご参加お待ちしております☺️

▼こちらから席を確保してくださいね👇✨
[第1日程申込URL]","[第1日程申込URL]","[第1日程申込URL]","","","セミナー未申込・面談未予約・日程不可未選択。申込ページクリック済み／VSL中／予約完了／面談済み／営業停止は除外","[第1日程申込URL]","配信基準=イベント参加日。本文N/O/PとUTAGE編集URLは後続列に保持。","","","本文内定義","","YouTube正本を独自リライトしない。ステータスが廃止対象または旧読者のみの場合は新規実装しない。","【LINEメッセージ 1／text】
セミナー開始まで【あと3時間】となりました！⏰

今からの駆け込みお申し込みも大歓迎です！👍
ご登録後、すぐに参加用URLをお送りします。

事前準備は不要です。
顔出しや声出しも不要です☺️
好きな飲み物を片手にリラックスしてご参加ください😌

昨日の連絡を見て、
「最後まで見るのは時間的に厳しくて...」
というお声がありましたので、セミナーにご参加いただけたのがわかった場合、
後からメールにてご連絡いただければ、特典の方をお送りいたしますのでご安心ください！

ぜひご参加お待ちしております☺️

▼こちらから席を確保してくださいね👇✨
[第1日程申込URL]","【LINEメッセージ 1／text】
セミナー開始まで【あと3時間】となりました！⏰

今からの駆け込みお申し込みも大歓迎です！👍
ご登録後、すぐに参加用URLをお送りします。

事前準備は不要です。
顔出しや声出しも不要です☺️
好きな飲み物を片手にリラックスしてご参加ください😌

昨日の連絡を見て、
「最後まで見るのは時間的に厳しくて...」
というお声がありましたので、セミナーにご参加いただけたのがわかった場合、
後からメールにてご連絡いただければ、特典の方をお送りいたしますのでご安心ください！

ぜひご参加お待ちしております☺️

▼こちらから席を確保してくださいね👇✨
[第1日程申込URL]","【LINEメッセージ 1／text】
セミナー開始まで【あと3時間】となりました！⏰

今からの駆け込みお申し込みも大歓迎です！👍
ご登録後、すぐに参加用URLをお送りします。

事前準備は不要です。
顔出しや声出しも不要です☺️
好きな飲み物を片手にリラックスしてご参加ください😌

昨日の連絡を見て、
「最後まで見るのは時間的に厳しくて...」
というお声がありましたので、セミナーにご参加いただけたのがわかった場合、
後からメールにてご連絡いただければ、特典の方をお送りいたしますのでご安心ください！

ぜひご参加お待ちしております☺️

▼こちらから席を確保してくださいね👇✨
[第1日程申込URL]","[UTAGE実装時作成]","NEW-YT-D1-18"
"YouTube_さとり","REVIEW_YouTube_さとり_20260810","72","レビュー中","メッセージ","20260810新規","セミナー募集_第1日程","NEW-YT-D1-19","セミナー未申込・面談未予約・日程不可未選択。申込ページクリック済み／VSL中／予約完了／面談済み／営業停止は除外","第1日程 開始30分前","LINE","ステップ配信","YT-D1-SEM-B10（開始30分前）","","【LINEメッセージ 1／text】
あと30分でセミナーが開始します！⏳✨

あと30分でセミナーが始まります！⏳🔥

申込ページを見て迷っていた方への、
これが【最後のご案内】となります。

まだ申し込みが来ているため、時間延長いたしました💦
こちらから滑り込みでのお申し込みをお待ちしております！👇😊
[第1日程申込URL]","[第1日程申込URL]","[第1日程申込URL]","","","セミナー未申込・面談未予約・日程不可未選択。申込ページクリック済み／VSL中／予約完了／面談済み／営業停止は除外","[第1日程申込URL]","配信基準=イベント参加日。本文N/O/PとUTAGE編集URLは後続列に保持。","","","本文内定義","","YouTube正本を独自リライトしない。ステータスが廃止対象または旧読者のみの場合は新規実装しない。","【LINEメッセージ 1／text】
あと30分でセミナーが開始します！⏳✨

あと30分でセミナーが始まります！⏳🔥

申込ページを見て迷っていた方への、
これが【最後のご案内】となります。

まだ申し込みが来ているため、時間延長いたしました💦
こちらから滑り込みでのお申し込みをお待ちしております！👇😊
[第1日程申込URL]","【LINEメッセージ 1／text】
あと30分でセミナーが開始します！⏳✨

あと30分でセミナーが始まります！⏳🔥

申込ページを見て迷っていた方への、
これが【最後のご案内】となります。

まだ申し込みが来ているため、時間延長いたしました💦
こちらから滑り込みでのお申し込みをお待ちしております！👇😊
[第1日程申込URL]","【LINEメッセージ 1／text】
あと30分でセミナーが開始します！⏳✨

あと30分でセミナーが始まります！⏳🔥

申込ページを見て迷っていた方への、
これが【最後のご案内】となります。

まだ申し込みが来ているため、時間延長いたしました💦
こちらから滑り込みでのお申し込みをお待ちしております！👇😊
[第1日程申込URL]","[UTAGE実装時作成]","NEW-YT-D1-19"
"YouTube_さとり","REVIEW_YouTube_さとり_20260810","73","レビュー中","メッセージ","20260810新規","セミナー募集_第1日程","NEW-YT-D1-20","セミナー未申込・面談未予約・日程不可未選択。申込ページクリック済み／VSL中／予約完了／面談済み／営業停止は除外","第1日程 開始10分前","LINE","ステップ配信","YT-D1-SEM-B11（開始10分前）","","【LINEメッセージ 1／text】
まもなくセミナーを開始します！📢

こちらが今回のセミナーお申し込みの
【最後のご案内】となります。

正直ながら見するだけでも、
今回の内容は十分皆さんの分岐点になると確信しています。
AIをビジネスに発展させるのに必要なのは、""知識""ではなく""きっかけ""です。

まだ受付中ですので、こちらから
今すぐ参加登録を完了してくださいね👇✨

【LINEメッセージ 2／button】
{
  ""seq"": 1,
  ""type"": ""button"",
  ""alt_text"": ""【無料セミナー】AIでひとり起業攻略法"",
  ""react_type"": ""free"",
  ""react_press_again_text"": null,
  ""thumbnail_image_url"": null,
  ""title"": ""AIでひとり起業攻略法"",
  ""text"": ""Zoomライブ・最新日程は申込ページへ"",
  ""actions"": [
    {
      ""type"": ""url"",
      ""label"": ""セミナーに申し込む"",
      ""uri"": ""[第1日程申込URL]"",
      ""add_label_id"": null,
      ""del_label_id"": null
    }
  ]
}","[第1日程申込URL]","[第1日程申込URL]","","","セミナー未申込・面談未予約・日程不可未選択。申込ページクリック済み／VSL中／予約完了／面談済み／営業停止は除外","[第1日程申込URL]","配信基準=イベント参加日。本文N/O/PとUTAGE編集URLは後続列に保持。","","","本文内定義","","YouTube正本を独自リライトしない。ステータスが廃止対象または旧読者のみの場合は新規実装しない。","【LINEメッセージ 1／text】
まもなくセミナーを開始します！📢

こちらが今回のセミナーお申し込みの
【最後のご案内】となります。

正直ながら見するだけでも、
今回の内容は十分皆さんの分岐点になると確信しています。
AIをビジネスに発展させるのに必要なのは、""知識""ではなく""きっかけ""です。

まだ受付中ですので、こちらから
今すぐ参加登録を完了してくださいね👇✨

【LINEメッセージ 2／button】
{
  ""seq"": 1,
  ""type"": ""button"",
  ""alt_text"": ""【無料セミナー】AIでひとり起業攻略法"",
  ""react_type"": ""free"",
  ""react_press_again_text"": null,
  ""thumbnail_image_url"": null,
  ""title"": ""AIでひとり起業攻略法"",
  ""text"": ""Zoomライブ・最新日程は申込ページへ"",
  ""actions"": [
    {
      ""type"": ""url"",
      ""label"": ""セミナーに申し込む"",
      ""uri"": ""[第1日程申込URL]"",
      ""add_label_id"": null,
      ""del_label_id"": null
    }
  ]
}","【LINEメッセージ 1／text】
まもなくセミナーを開始します！📢

こちらが今回のセミナーお申し込みの
【最後のご案内】となります。

正直ながら見するだけでも、
今回の内容は十分皆さんの分岐点になると確信しています。
AIをビジネスに発展させるのに必要なのは、""知識""ではなく""きっかけ""です。

まだ受付中ですので、こちらから
今すぐ参加登録を完了してくださいね👇✨

【LINEメッセージ 2／button】
{
  ""seq"": 1,
  ""type"": ""button"",
  ""alt_text"": ""【無料セミナー】AIでひとり起業攻略法"",
  ""react_type"": ""free"",
  ""react_press_again_text"": null,
  ""thumbnail_image_url"": null,
  ""title"": ""AIでひとり起業攻略法"",
  ""text"": ""Zoomライブ・最新日程は申込ページへ"",
  ""actions"": [
    {
      ""type"": ""url"",
      ""label"": ""セミナーに申し込む"",
      ""uri"": ""[第1日程申込URL]"",
      ""add_label_id"": null,
      ""del_label_id"": null
    }
  ]
}","【LINEメッセージ 1／text】
まもなくセミナーを開始します！📢

こちらが今回のセミナーお申し込みの
【最後のご案内】となります。

正直ながら見するだけでも、
今回の内容は十分皆さんの分岐点になると確信しています。
AIをビジネスに発展させるのに必要なのは、""知識""ではなく""きっかけ""です。

まだ受付中ですので、こちらから
今すぐ参加登録を完了してくださいね👇✨

【LINEメッセージ 2／button】
{
  ""seq"": 1,
  ""type"": ""button"",
  ""alt_text"": ""【無料セミナー】AIでひとり起業攻略法"",
  ""react_type"": ""free"",
  ""react_press_again_text"": null,
  ""thumbnail_image_url"": null,
  ""title"": ""AIでひとり起業攻略法"",
  ""text"": ""Zoomライブ・最新日程は申込ページへ"",
  ""actions"": [
    {
      ""type"": ""url"",
      ""label"": ""セミナーに申し込む"",
      ""uri"": ""[第1日程申込URL]"",
      ""add_label_id"": null,
      ""del_label_id"": null
    }
  ]
}","[UTAGE実装時作成]","NEW-YT-D1-20"
"YouTube_さとり","REVIEW_YouTube_さとり_20260810","74","レビュー中","メッセージ","20260810新規","セミナー募集_次が最後","NEW-YT-SEM-LAST","セミナー未申込・日程不可未選択・面談未予約。予約完了／面談済み／営業停止は除外","第1日程終了後（第2日程の募集開始時刻）","LINE","ステップ配信","YT-SEM-LAST-DATE","","【LINEメッセージ 1／text】
第1日程は終了しました。
次が最後の日程です！📢

📅 [第2日程]

まだお申し込みでない方は、こちらから参加枠をご確認ください👇","[第2日程申込URL]","[第2日程申込URL]","","","セミナー未申込・日程不可未選択・面談未予約。予約完了／面談済み／営業停止は除外","[第2日程申込URL]","配信基準=第1日程終了。本文N/O/PとUTAGE編集URLは後続列に保持。","","","本文内定義","","YouTube正本を独自リライトしない。ステータスが廃止対象または旧読者のみの場合は新規実装しない。","【LINEメッセージ 1／text】
第1日程は終了しました。
次が最後の日程です！📢

📅 [第2日程]

まだお申し込みでない方は、こちらから参加枠をご確認ください👇","【LINEメッセージ 1／text】
第1日程は終了しました。
次が最後の日程です！📢

📅 [第2日程]

まだお申し込みでない方は、こちらから参加枠をご確認ください👇","【LINEメッセージ 1／text】
第1日程は終了しました。
次が最後の日程です！📢

📅 [第2日程]

まだお申し込みでない方は、こちらから参加枠をご確認ください👇","[UTAGE実装時作成]","NEW-YT-SEM-LAST"
"YouTube_さとり","REVIEW_YouTube_さとり_20260810","75","レビュー中","メッセージ","20260810新規","セミナー募集_第2日程","NEW-YT-D2-01","セミナー未申込・面談未予約・日程不可未選択。申込ページクリック済み／VSL中／予約完了／面談済み／営業停止は除外","第2日程 14日前10:00（未経過時のみ）","LINE","ステップ配信","YT-D2-SEM-A01（開催14日前10:00）","","【LINEメッセージ 1／text】
特典①〜④をご覧になって、
「自分なら、何から始めればいいんだろう？🤔」
と感じた方へ。

先ほど、そのモヤモヤをすっきり解消する
【特典⑤：セミナー招待券】をお送りしました！🎟️🚀
質疑応答の時間もたくさんご用意しているので、まずは現状を変えるための一歩としてご参加していただければと思います☺️
ぜひチェックしてください✨","[第2日程申込URL] / 画像：https://drive.usercontent.google.com/download?id=1hDHYwE25L5n73r3M4u7dnhZP935HQ8-5&export=view&confirm=t","[第2日程申込URL] / 画像：https://drive.usercontent.google.com/download?id=1hDHYwE25L5n73r3M4u7dnhZP935HQ8-5&export=view&confirm=t","","","セミナー未申込・面談未予約・日程不可未選択。申込ページクリック済み／VSL中／予約完了／面談済み／営業停止は除外","[第2日程申込URL] / 画像：https://drive.usercontent.google.com/download?id=1hDHYwE25L5n73r3M4u7dnhZP935HQ8-5&export=view&confirm=t","配信基準=イベント参加日。本文N/O/PとUTAGE編集URLは後続列に保持。","","","本文内定義","","YouTube正本を独自リライトしない。ステータスが廃止対象または旧読者のみの場合は新規実装しない。","【LINEメッセージ 1／text】
特典①〜④をご覧になって、
「自分なら、何から始めればいいんだろう？🤔」
と感じた方へ。

先ほど、そのモヤモヤをすっきり解消する
【特典⑤：セミナー招待券】をお送りしました！🎟️🚀
質疑応答の時間もたくさんご用意しているので、まずは現状を変えるための一歩としてご参加していただければと思います☺️
ぜひチェックしてください✨","【LINEメッセージ 1／text】
特典①〜④をご覧になって、
「自分なら、何から始めればいいんだろう？🤔」
と感じた方へ。

先ほど、そのモヤモヤをすっきり解消する
【特典⑤：セミナー招待券】をお送りしました！🎟️🚀
質疑応答の時間もたくさんご用意しているので、まずは現状を変えるための一歩としてご参加していただければと思います☺️
ぜひチェックしてください✨","【LINEメッセージ 1／text】
特典①〜④をご覧になって、
「自分なら、何から始めればいいんだろう？🤔」
と感じた方へ。

先ほど、そのモヤモヤをすっきり解消する
【特典⑤：セミナー招待券】をお送りしました！🎟️🚀
質疑応答の時間もたくさんご用意しているので、まずは現状を変えるための一歩としてご参加していただければと思います☺️
ぜひチェックしてください✨","[UTAGE実装時作成]","NEW-YT-D2-01"
"YouTube_さとり","REVIEW_YouTube_さとり_20260810","76","レビュー中","メッセージ","20260810新規","セミナー募集_第2日程","NEW-YT-D2-02","セミナー未申込・面談未予約・日程不可未選択。申込ページクリック済み／VSL中／予約完了／面談済み／営業停止は除外","第2日程 12日前19:00（未経過時のみ）","LINE","ステップ配信","YT-D2-SEM-A02（開催12日前19:00）","","【LINEメッセージ 1／text】
先ほどお送りした「セミナー招待状」は
確認できましたか？😊

残りの5大特典（⑥〜⑩）は、
特に有料級の内容となっているため、
セミナーの最後に【参加者限定】でお渡しします🎁

予定が合う方は、忘れないうちに
先に席だけ確保しておいてくださいね👇
[第2日程申込URL]","[第2日程申込URL] / 画像：https://drive.usercontent.google.com/download?id=1N4ce4deT64SE9bn9-tsgLF3B-K6o4coO&export=view&confirm=t","[第2日程申込URL] / 画像：https://drive.usercontent.google.com/download?id=1N4ce4deT64SE9bn9-tsgLF3B-K6o4coO&export=view&confirm=t","","","セミナー未申込・面談未予約・日程不可未選択。申込ページクリック済み／VSL中／予約完了／面談済み／営業停止は除外","[第2日程申込URL] / 画像：https://drive.usercontent.google.com/download?id=1N4ce4deT64SE9bn9-tsgLF3B-K6o4coO&export=view&confirm=t","配信基準=イベント参加日。本文N/O/PとUTAGE編集URLは後続列に保持。","","","本文内定義","","YouTube正本を独自リライトしない。ステータスが廃止対象または旧読者のみの場合は新規実装しない。","【LINEメッセージ 1／text】
先ほどお送りした「セミナー招待状」は
確認できましたか？😊

残りの5大特典（⑥〜⑩）は、
特に有料級の内容となっているため、
セミナーの最後に【参加者限定】でお渡しします🎁

予定が合う方は、忘れないうちに
先に席だけ確保しておいてくださいね👇
[第2日程申込URL]","【LINEメッセージ 1／text】
先ほどお送りした「セミナー招待状」は
確認できましたか？😊

残りの5大特典（⑥〜⑩）は、
特に有料級の内容となっているため、
セミナーの最後に【参加者限定】でお渡しします🎁

予定が合う方は、忘れないうちに
先に席だけ確保しておいてくださいね👇
[第2日程申込URL]","【LINEメッセージ 1／text】
先ほどお送りした「セミナー招待状」は
確認できましたか？😊

残りの5大特典（⑥〜⑩）は、
特に有料級の内容となっているため、
セミナーの最後に【参加者限定】でお渡しします🎁

予定が合う方は、忘れないうちに
先に席だけ確保しておいてくださいね👇
[第2日程申込URL]","[UTAGE実装時作成]","NEW-YT-D2-02"
"YouTube_さとり","REVIEW_YouTube_さとり_20260810","77","レビュー中","メッセージ","20260810新規","セミナー募集_第2日程","NEW-YT-D2-03","セミナー未申込・面談未予約・日程不可未選択。申込ページクリック済み／VSL中／予約完了／面談済み／営業停止は除外","第2日程 10日前10:00（未経過時のみ）","LINE","ステップ配信","YT-D2-SEM-A03（開催10日前10:00）","","【LINEメッセージ 1／text】
セミナーの最後にお渡しする
【限定特典⑥〜⑩】について少しご紹介します✨

内容は、【AIで動画制作法】や、【AIを使ったホームページ制作法】など、
セミナーの理解をさらに深めて「次の一歩」へすぐ踏み出せるような、
超・実践的なお役立ち資料にしています！💡

ぜひ楽しみにしていてくださいね😊
▼セミナーのお申し込みはこちら
[第2日程申込URL]","[第2日程申込URL]","[第2日程申込URL]","","","セミナー未申込・面談未予約・日程不可未選択。申込ページクリック済み／VSL中／予約完了／面談済み／営業停止は除外","[第2日程申込URL]","配信基準=イベント参加日。本文N/O/PとUTAGE編集URLは後続列に保持。","","","本文内定義","","YouTube正本を独自リライトしない。ステータスが廃止対象または旧読者のみの場合は新規実装しない。","【LINEメッセージ 1／text】
セミナーの最後にお渡しする
【限定特典⑥〜⑩】について少しご紹介します✨

内容は、【AIで動画制作法】や、【AIを使ったホームページ制作法】など、
セミナーの理解をさらに深めて「次の一歩」へすぐ踏み出せるような、
超・実践的なお役立ち資料にしています！💡

ぜひ楽しみにしていてくださいね😊
▼セミナーのお申し込みはこちら
[第2日程申込URL]","【LINEメッセージ 1／text】
セミナーの最後にお渡しする
【限定特典⑥〜⑩】について少しご紹介します✨

内容は、【AIで動画制作法】や、【AIを使ったホームページ制作法】など、
セミナーの理解をさらに深めて「次の一歩」へすぐ踏み出せるような、
超・実践的なお役立ち資料にしています！💡

ぜひ楽しみにしていてくださいね😊
▼セミナーのお申し込みはこちら
[第2日程申込URL]","【LINEメッセージ 1／text】
セミナーの最後にお渡しする
【限定特典⑥〜⑩】について少しご紹介します✨

内容は、【AIで動画制作法】や、【AIを使ったホームページ制作法】など、
セミナーの理解をさらに深めて「次の一歩」へすぐ踏み出せるような、
超・実践的なお役立ち資料にしています！💡

ぜひ楽しみにしていてくださいね😊
▼セミナーのお申し込みはこちら
[第2日程申込URL]","[UTAGE実装時作成]","NEW-YT-D2-03"
"YouTube_さとり","REVIEW_YouTube_さとり_20260810","78","レビュー中","メッセージ","20260810新規","セミナー募集_第2日程","NEW-YT-D2-04","セミナー未申込・面談未予約・日程不可未選択。申込ページクリック済み／VSL中／予約完了／面談済み／営業停止は除外","第2日程 8日前19:00（未経過時のみ）","LINE","ステップ配信","YT-D2-SEM-A04（開催8日前19:00）","","【LINEメッセージ 1／text】
今回のセミナーでは、単にAIの知識を
増やすだけではなく、以下の3点を
あなたのペースに合わせて整理していきます🌱✨

１．今のあなたに実践できること🚀
２．あなたの生活・仕事で「AIを活かせる場面」🤖
３．今日からスタートできる「最初の一歩」💪

▼お席の確保はこちらからどうぞ👇😊
[第2日程申込URL]","[第2日程申込URL]","[第2日程申込URL]","","","セミナー未申込・面談未予約・日程不可未選択。申込ページクリック済み／VSL中／予約完了／面談済み／営業停止は除外","[第2日程申込URL]","配信基準=イベント参加日。本文N/O/PとUTAGE編集URLは後続列に保持。","","","本文内定義","","YouTube正本を独自リライトしない。ステータスが廃止対象または旧読者のみの場合は新規実装しない。","【LINEメッセージ 1／text】
今回のセミナーでは、単にAIの知識を
増やすだけではなく、以下の3点を
あなたのペースに合わせて整理していきます🌱✨

１．今のあなたに実践できること🚀
２．あなたの生活・仕事で「AIを活かせる場面」🤖
３．今日からスタートできる「最初の一歩」💪

▼お席の確保はこちらからどうぞ👇😊
[第2日程申込URL]","【LINEメッセージ 1／text】
今回のセミナーでは、単にAIの知識を
増やすだけではなく、以下の3点を
あなたのペースに合わせて整理していきます🌱✨

１．今のあなたに実践できること🚀
２．あなたの生活・仕事で「AIを活かせる場面」🤖
３．今日からスタートできる「最初の一歩」💪

▼お席の確保はこちらからどうぞ👇😊
[第2日程申込URL]","【LINEメッセージ 1／text】
今回のセミナーでは、単にAIの知識を
増やすだけではなく、以下の3点を
あなたのペースに合わせて整理していきます🌱✨

１．今のあなたに実践できること🚀
２．あなたの生活・仕事で「AIを活かせる場面」🤖
３．今日からスタートできる「最初の一歩」💪

▼お席の確保はこちらからどうぞ👇😊
[第2日程申込URL]","[UTAGE実装時作成]","NEW-YT-D2-04"
"YouTube_さとり","REVIEW_YouTube_さとり_20260810","79","レビュー中","メッセージ","20260810新規","セミナー募集_第2日程","NEW-YT-D2-05","セミナー未申込・面談未予約・日程不可未選択。申込ページクリック済み／VSL中／予約完了／面談済み／営業停止は除外","第2日程 7日前10:00（未経過時のみ）","LINE","ステップ配信","YT-D2-SEM-D7-01（開催7日前10:00）","","【LINEメッセージ 1／text】
セミナー開催まで【あと1週間】です！🗓️✨


▼お席の確保はこちらからどうぞ👇😊
[第2日程申込URL]","[第2日程申込URL]","[第2日程申込URL]","","","セミナー未申込・面談未予約・日程不可未選択。申込ページクリック済み／VSL中／予約完了／面談済み／営業停止は除外","[第2日程申込URL]","配信基準=イベント参加日。本文N/O/PとUTAGE編集URLは後続列に保持。","","","本文内定義","","YouTube正本を独自リライトしない。ステータスが廃止対象または旧読者のみの場合は新規実装しない。","【LINEメッセージ 1／text】
セミナー開催まで【あと1週間】です！🗓️✨


▼お席の確保はこちらからどうぞ👇😊
[第2日程申込URL]","【LINEメッセージ 1／text】
セミナー開催まで【あと1週間】です！🗓️✨


▼お席の確保はこちらからどうぞ👇😊
[第2日程申込URL]","【LINEメッセージ 1／text】
セミナー開催まで【あと1週間】です！🗓️✨


▼お席の確保はこちらからどうぞ👇😊
[第2日程申込URL]","[UTAGE実装時作成]","NEW-YT-D2-05"
"YouTube_さとり","REVIEW_YouTube_さとり_20260810","80","レビュー中","メッセージ","20260810新規","セミナー募集_第2日程","NEW-YT-D2-06","セミナー未申込・面談未予約・日程不可未選択。申込ページクリック済み／VSL中／予約完了／面談済み／営業停止は除外","第2日程 7日前20:00（未経過時のみ）","LINE","ステップ配信","YT-D2-SEM-D7-02（開催7日前20:00）","","【LINEメッセージ 1／text】
セミナー開催まで【あと1週間】です！🗓️✨

セミナーのお申し込みは、お名前と
メールアドレスを入力するだけで完了します📝✨

ご登録後、参加URLをLINEとメールの
両方へお送りします。

まずは開催日時が合うかだけでも確認してみてくださいね👇😊
[第2日程申込URL]","[第2日程申込URL]","[第2日程申込URL]","","","セミナー未申込・面談未予約・日程不可未選択。申込ページクリック済み／VSL中／予約完了／面談済み／営業停止は除外","[第2日程申込URL]","配信基準=イベント参加日。本文N/O/PとUTAGE編集URLは後続列に保持。","","","本文内定義","","YouTube正本を独自リライトしない。ステータスが廃止対象または旧読者のみの場合は新規実装しない。","【LINEメッセージ 1／text】
セミナー開催まで【あと1週間】です！🗓️✨

セミナーのお申し込みは、お名前と
メールアドレスを入力するだけで完了します📝✨

ご登録後、参加URLをLINEとメールの
両方へお送りします。

まずは開催日時が合うかだけでも確認してみてくださいね👇😊
[第2日程申込URL]","【LINEメッセージ 1／text】
セミナー開催まで【あと1週間】です！🗓️✨

セミナーのお申し込みは、お名前と
メールアドレスを入力するだけで完了します📝✨

ご登録後、参加URLをLINEとメールの
両方へお送りします。

まずは開催日時が合うかだけでも確認してみてくださいね👇😊
[第2日程申込URL]","【LINEメッセージ 1／text】
セミナー開催まで【あと1週間】です！🗓️✨

セミナーのお申し込みは、お名前と
メールアドレスを入力するだけで完了します📝✨

ご登録後、参加URLをLINEとメールの
両方へお送りします。

まずは開催日時が合うかだけでも確認してみてくださいね👇😊
[第2日程申込URL]","[UTAGE実装時作成]","NEW-YT-D2-06"
"YouTube_さとり","REVIEW_YouTube_さとり_20260810","81","レビュー中","メッセージ","20260810新規","セミナー募集_第2日程","NEW-YT-D2-07","セミナー未申込・面談未予約・日程不可未選択。申込ページクリック済み／VSL中／予約完了／面談済み／営業停止は除外","第2日程 6日前10:00（未経過時のみ）","LINE","ステップ配信","YT-D2-SEM-A05（開催6日前10:00）","","【LINEメッセージ 1／text】
今回のセミナーは、単に「AIの知識を増やす」
だけのものではありません💡

このセミナーで1番多い声は
「AIを学んだけど成果が出ない理由がすっきり解決した！」✨
「これまでYouTubeで学んできたけど、自分にあったAIの活かし方がようやくわかった！」💡
「今の私が次にやるべきアクションが明確になりました！」🚀

実はAIの知識だけ増やしても、ビジネスへの活かし方に繋がりません。
「AIを自分の仕事やキャリアにどう活かすか」
を整理し、聞いた後に【具体的に何をすればいいか】
まで、一緒に考えられる内容になっています！🚀

▼席の確保はこちらからどうぞ👇
[第2日程申込URL]","[第2日程申込URL]","[第2日程申込URL]","","","セミナー未申込・面談未予約・日程不可未選択。申込ページクリック済み／VSL中／予約完了／面談済み／営業停止は除外","[第2日程申込URL]","配信基準=イベント参加日。本文N/O/PとUTAGE編集URLは後続列に保持。","","","本文内定義","","YouTube正本を独自リライトしない。ステータスが廃止対象または旧読者のみの場合は新規実装しない。","【LINEメッセージ 1／text】
今回のセミナーは、単に「AIの知識を増やす」
だけのものではありません💡

このセミナーで1番多い声は
「AIを学んだけど成果が出ない理由がすっきり解決した！」✨
「これまでYouTubeで学んできたけど、自分にあったAIの活かし方がようやくわかった！」💡
「今の私が次にやるべきアクションが明確になりました！」🚀

実はAIの知識だけ増やしても、ビジネスへの活かし方に繋がりません。
「AIを自分の仕事やキャリアにどう活かすか」
を整理し、聞いた後に【具体的に何をすればいいか】
まで、一緒に考えられる内容になっています！🚀

▼席の確保はこちらからどうぞ👇
[第2日程申込URL]","【LINEメッセージ 1／text】
今回のセミナーは、単に「AIの知識を増やす」
だけのものではありません💡

このセミナーで1番多い声は
「AIを学んだけど成果が出ない理由がすっきり解決した！」✨
「これまでYouTubeで学んできたけど、自分にあったAIの活かし方がようやくわかった！」💡
「今の私が次にやるべきアクションが明確になりました！」🚀

実はAIの知識だけ増やしても、ビジネスへの活かし方に繋がりません。
「AIを自分の仕事やキャリアにどう活かすか」
を整理し、聞いた後に【具体的に何をすればいいか】
まで、一緒に考えられる内容になっています！🚀

▼席の確保はこちらからどうぞ👇
[第2日程申込URL]","【LINEメッセージ 1／text】
今回のセミナーは、単に「AIの知識を増やす」
だけのものではありません💡

このセミナーで1番多い声は
「AIを学んだけど成果が出ない理由がすっきり解決した！」✨
「これまでYouTubeで学んできたけど、自分にあったAIの活かし方がようやくわかった！」💡
「今の私が次にやるべきアクションが明確になりました！」🚀

実はAIの知識だけ増やしても、ビジネスへの活かし方に繋がりません。
「AIを自分の仕事やキャリアにどう活かすか」
を整理し、聞いた後に【具体的に何をすればいいか】
まで、一緒に考えられる内容になっています！🚀

▼席の確保はこちらからどうぞ👇
[第2日程申込URL]","[UTAGE実装時作成]","NEW-YT-D2-07"
"YouTube_さとり","REVIEW_YouTube_さとり_20260810","82","レビュー中","メッセージ","20260810新規","セミナー募集_第2日程","NEW-YT-D2-08","セミナー未申込・面談未予約・日程不可未選択。申込ページクリック済み／VSL中／予約完了／面談済み／営業停止は除外","第2日程 5日前19:00（未経過時のみ）","LINE","ステップ配信","YT-D2-SEM-A06（開催5日前19:00）","","【LINEメッセージ 1／text】
「AI初心者ですが、参加しても大丈夫ですか...？」
というご質問をよくいただきましたが、
全く問題ありませんのでご安心ください！😊

むしろAIは初心者だからこその着眼点がかなり重要なんです！
初心者だからこその、新しい発想や発見がある...!!😳

過去のセミナーの様子や、
参加者の方々のリアルな感想は、
こちらからご確認いただけます👇✨
https://seminar-voices.netlify.app/","[第2日程申込URL]","[第2日程申込URL]","","","セミナー未申込・面談未予約・日程不可未選択。申込ページクリック済み／VSL中／予約完了／面談済み／営業停止は除外","[第2日程申込URL]","配信基準=イベント参加日。本文N/O/PとUTAGE編集URLは後続列に保持。","","","本文内定義","","YouTube正本を独自リライトしない。ステータスが廃止対象または旧読者のみの場合は新規実装しない。","【LINEメッセージ 1／text】
「AI初心者ですが、参加しても大丈夫ですか...？」
というご質問をよくいただきましたが、
全く問題ありませんのでご安心ください！😊

むしろAIは初心者だからこその着眼点がかなり重要なんです！
初心者だからこその、新しい発想や発見がある...!!😳

過去のセミナーの様子や、
参加者の方々のリアルな感想は、
こちらからご確認いただけます👇✨
https://seminar-voices.netlify.app/","【LINEメッセージ 1／text】
「AI初心者ですが、参加しても大丈夫ですか...？」
というご質問をよくいただきましたが、
全く問題ありませんのでご安心ください！😊

むしろAIは初心者だからこその着眼点がかなり重要なんです！
初心者だからこその、新しい発想や発見がある...!!😳

過去のセミナーの様子や、
参加者の方々のリアルな感想は、
こちらからご確認いただけます👇✨
https://seminar-voices.netlify.app/","【LINEメッセージ 1／text】
「AI初心者ですが、参加しても大丈夫ですか...？」
というご質問をよくいただきましたが、
全く問題ありませんのでご安心ください！😊

むしろAIは初心者だからこその着眼点がかなり重要なんです！
初心者だからこその、新しい発想や発見がある...!!😳

過去のセミナーの様子や、
参加者の方々のリアルな感想は、
こちらからご確認いただけます👇✨
https://seminar-voices.netlify.app/","[UTAGE実装時作成]","NEW-YT-D2-08"
"YouTube_さとり","REVIEW_YouTube_さとり_20260810","83","レビュー中","メッセージ","20260810新規","セミナー募集_第2日程","NEW-YT-D2-09","セミナー未申込・面談未予約・日程不可未選択。申込ページクリック済み／VSL中／予約完了／面談済み／営業停止は除外","第2日程 4日前20:00（未経過時のみ）","LINE","ステップ配信","YT-D2-SEM-A07（開催4日前20:00）","","【LINEメッセージ 1／text】
セミナーのお申し込みは、お名前と
メールアドレスを入力するだけで完了します📝✨

ご登録後、参加URLをLINEとメールの
両方へお送りします。👍😊

「当日にLINEのトークからURLを探すのが大変…💦」
という時も、メールに情報が残っているので
スムーズに参加できて安心です
👇😊
[第2日程申込URL]","[第2日程申込URL]","[第2日程申込URL]","","","セミナー未申込・面談未予約・日程不可未選択。申込ページクリック済み／VSL中／予約完了／面談済み／営業停止は除外","[第2日程申込URL]","配信基準=イベント参加日。本文N/O/PとUTAGE編集URLは後続列に保持。","","","本文内定義","","YouTube正本を独自リライトしない。ステータスが廃止対象または旧読者のみの場合は新規実装しない。","【LINEメッセージ 1／text】
セミナーのお申し込みは、お名前と
メールアドレスを入力するだけで完了します📝✨

ご登録後、参加URLをLINEとメールの
両方へお送りします。👍😊

「当日にLINEのトークからURLを探すのが大変…💦」
という時も、メールに情報が残っているので
スムーズに参加できて安心です
👇😊
[第2日程申込URL]","【LINEメッセージ 1／text】
セミナーのお申し込みは、お名前と
メールアドレスを入力するだけで完了します📝✨

ご登録後、参加URLをLINEとメールの
両方へお送りします。👍😊

「当日にLINEのトークからURLを探すのが大変…💦」
という時も、メールに情報が残っているので
スムーズに参加できて安心です
👇😊
[第2日程申込URL]","【LINEメッセージ 1／text】
セミナーのお申し込みは、お名前と
メールアドレスを入力するだけで完了します📝✨

ご登録後、参加URLをLINEとメールの
両方へお送りします。👍😊

「当日にLINEのトークからURLを探すのが大変…💦」
という時も、メールに情報が残っているので
スムーズに参加できて安心です
👇😊
[第2日程申込URL]","[UTAGE実装時作成]","NEW-YT-D2-09"
"YouTube_さとり","REVIEW_YouTube_さとり_20260810","84","レビュー中","メッセージ","20260810新規","セミナー募集_第2日程","NEW-YT-D2-10","セミナー未申込・面談未予約・日程不可未選択。申込ページクリック済み／VSL中／予約完了／面談済み／営業停止は除外","第2日程 3日前10:00（未経過時のみ）","LINE","ステップ配信","YT-D2-SEM-B01（開催3日前10:00）","","【LINEメッセージ 1／text】
セミナー開催まで【あと3日】となりました！⏰


このセミナーでは「AIの深い知識」ではなく、
「AIをどうビジネスに繋げるか」を体系的に学べる時間になっています☺️✨

""AIでホームページが作れる""、""AIで動画制作ができる""、
ではその後は...？😥

AIを学ぶだけではビジネスは出来ません💦
その知識を発展させるための時間になっています🚀

少しでもご興味ある方は、ぜひお早めにお申し込みください！✨

📅 日時：[第2日程]
💻 形式：オンライン（Zoomなど）

参加用のURLは、お申し込み後に
LINEとメールでお送りいたします。

▼席の確保はお早めにどうぞ👇😊
[第2日程申込URL]","[第2日程申込URL]","[第2日程申込URL]","","","セミナー未申込・面談未予約・日程不可未選択。申込ページクリック済み／VSL中／予約完了／面談済み／営業停止は除外","[第2日程申込URL]","配信基準=イベント参加日。本文N/O/PとUTAGE編集URLは後続列に保持。","","","本文内定義","","YouTube正本を独自リライトしない。ステータスが廃止対象または旧読者のみの場合は新規実装しない。","【LINEメッセージ 1／text】
セミナー開催まで【あと3日】となりました！⏰


このセミナーでは「AIの深い知識」ではなく、
「AIをどうビジネスに繋げるか」を体系的に学べる時間になっています☺️✨

""AIでホームページが作れる""、""AIで動画制作ができる""、
ではその後は...？😥

AIを学ぶだけではビジネスは出来ません💦
その知識を発展させるための時間になっています🚀

少しでもご興味ある方は、ぜひお早めにお申し込みください！✨

📅 日時：[第2日程]
💻 形式：オンライン（Zoomなど）

参加用のURLは、お申し込み後に
LINEとメールでお送りいたします。

▼席の確保はお早めにどうぞ👇😊
[第2日程申込URL]","【LINEメッセージ 1／text】
セミナー開催まで【あと3日】となりました！⏰


このセミナーでは「AIの深い知識」ではなく、
「AIをどうビジネスに繋げるか」を体系的に学べる時間になっています☺️✨

""AIでホームページが作れる""、""AIで動画制作ができる""、
ではその後は...？😥

AIを学ぶだけではビジネスは出来ません💦
その知識を発展させるための時間になっています🚀

少しでもご興味ある方は、ぜひお早めにお申し込みください！✨

📅 日時：[第2日程]
💻 形式：オンライン（Zoomなど）

参加用のURLは、お申し込み後に
LINEとメールでお送りいたします。

▼席の確保はお早めにどうぞ👇😊
[第2日程申込URL]","【LINEメッセージ 1／text】
セミナー開催まで【あと3日】となりました！⏰


このセミナーでは「AIの深い知識」ではなく、
「AIをどうビジネスに繋げるか」を体系的に学べる時間になっています☺️✨

""AIでホームページが作れる""、""AIで動画制作ができる""、
ではその後は...？😥

AIを学ぶだけではビジネスは出来ません💦
その知識を発展させるための時間になっています🚀

少しでもご興味ある方は、ぜひお早めにお申し込みください！✨

📅 日時：[第2日程]
💻 形式：オンライン（Zoomなど）

参加用のURLは、お申し込み後に
LINEとメールでお送りいたします。

▼席の確保はお早めにどうぞ👇😊
[第2日程申込URL]","[UTAGE実装時作成]","NEW-YT-D2-10"
"YouTube_さとり","REVIEW_YouTube_さとり_20260810","85","レビュー中","メッセージ","20260810新規","セミナー募集_第2日程","NEW-YT-D2-11","セミナー未申込・面談未予約・日程不可未選択。申込ページクリック済み／VSL中／予約完了／面談済み／営業停止は除外","第2日程 3日前20:00（未経過時のみ）","LINE","ステップ配信","YT-D2-SEM-B02（開催3日前20:00）","","【LINEメッセージ 1／text】
「まだAIを触り始めたばかり…」
という方でも、どうぞご安心ください😊

むしろAIビジネスは触り始めた方の方が有利に働くことが多いです！
その実態をセミナーでお伝えいたします🚀🔥

あなたのこれまでの経験や、得意なことを
振り返りながら、「自分にぴったりのAI活用法」
を見つけるところから優しく進めていきます🌱

▼詳細・お申し込みはこちらから👇
[第2日程申込URL]","[第2日程申込URL]","[第2日程申込URL]","","","セミナー未申込・面談未予約・日程不可未選択。申込ページクリック済み／VSL中／予約完了／面談済み／営業停止は除外","[第2日程申込URL]","配信基準=イベント参加日。本文N/O/PとUTAGE編集URLは後続列に保持。","","","本文内定義","","YouTube正本を独自リライトしない。ステータスが廃止対象または旧読者のみの場合は新規実装しない。","【LINEメッセージ 1／text】
「まだAIを触り始めたばかり…」
という方でも、どうぞご安心ください😊

むしろAIビジネスは触り始めた方の方が有利に働くことが多いです！
その実態をセミナーでお伝えいたします🚀🔥

あなたのこれまでの経験や、得意なことを
振り返りながら、「自分にぴったりのAI活用法」
を見つけるところから優しく進めていきます🌱

▼詳細・お申し込みはこちらから👇
[第2日程申込URL]","【LINEメッセージ 1／text】
「まだAIを触り始めたばかり…」
という方でも、どうぞご安心ください😊

むしろAIビジネスは触り始めた方の方が有利に働くことが多いです！
その実態をセミナーでお伝えいたします🚀🔥

あなたのこれまでの経験や、得意なことを
振り返りながら、「自分にぴったりのAI活用法」
を見つけるところから優しく進めていきます🌱

▼詳細・お申し込みはこちらから👇
[第2日程申込URL]","【LINEメッセージ 1／text】
「まだAIを触り始めたばかり…」
という方でも、どうぞご安心ください😊

むしろAIビジネスは触り始めた方の方が有利に働くことが多いです！
その実態をセミナーでお伝えいたします🚀🔥

あなたのこれまでの経験や、得意なことを
振り返りながら、「自分にぴったりのAI活用法」
を見つけるところから優しく進めていきます🌱

▼詳細・お申し込みはこちらから👇
[第2日程申込URL]","[UTAGE実装時作成]","NEW-YT-D2-11"
"YouTube_さとり","REVIEW_YouTube_さとり_20260810","86","レビュー中","メッセージ","20260810新規","セミナー募集_第2日程","NEW-YT-D2-12","セミナー未申込・面談未予約・日程不可未選択。申込ページクリック済み／VSL中／予約完了／面談済み／営業停止は除外","第2日程 2日前10:00（未経過時のみ）","LINE","ステップ配信","YT-D2-SEM-B03（開催2日前10:00）","","【LINEメッセージ 1／text】
今回のセミナーは、
特にこんな方におすすめです！💡

🌟 AIを自分の仕事に活かしたい
🌟 学ぶ順番をスッキリ整理したい
🌟 自分の「強み」とAIを掛け合わせたい
🌟 今日からできる具体的な一歩を決めたい

1つでも当てはまる方は、
ここが分岐点になると思います...!!
一歩踏み出すか、足踏みをするか。
少しでもご自身にプラスの影響を与えたい方はぜひ👇😊
[第2日程申込URL]","[第2日程申込URL]","[第2日程申込URL]","","","セミナー未申込・面談未予約・日程不可未選択。申込ページクリック済み／VSL中／予約完了／面談済み／営業停止は除外","[第2日程申込URL]","配信基準=イベント参加日。本文N/O/PとUTAGE編集URLは後続列に保持。","","","本文内定義","","YouTube正本を独自リライトしない。ステータスが廃止対象または旧読者のみの場合は新規実装しない。","【LINEメッセージ 1／text】
今回のセミナーは、
特にこんな方におすすめです！💡

🌟 AIを自分の仕事に活かしたい
🌟 学ぶ順番をスッキリ整理したい
🌟 自分の「強み」とAIを掛け合わせたい
🌟 今日からできる具体的な一歩を決めたい

1つでも当てはまる方は、
ここが分岐点になると思います...!!
一歩踏み出すか、足踏みをするか。
少しでもご自身にプラスの影響を与えたい方はぜひ👇😊
[第2日程申込URL]","【LINEメッセージ 1／text】
今回のセミナーは、
特にこんな方におすすめです！💡

🌟 AIを自分の仕事に活かしたい
🌟 学ぶ順番をスッキリ整理したい
🌟 自分の「強み」とAIを掛け合わせたい
🌟 今日からできる具体的な一歩を決めたい

1つでも当てはまる方は、
ここが分岐点になると思います...!!
一歩踏み出すか、足踏みをするか。
少しでもご自身にプラスの影響を与えたい方はぜひ👇😊
[第2日程申込URL]","【LINEメッセージ 1／text】
今回のセミナーは、
特にこんな方におすすめです！💡

🌟 AIを自分の仕事に活かしたい
🌟 学ぶ順番をスッキリ整理したい
🌟 自分の「強み」とAIを掛け合わせたい
🌟 今日からできる具体的な一歩を決めたい

1つでも当てはまる方は、
ここが分岐点になると思います...!!
一歩踏み出すか、足踏みをするか。
少しでもご自身にプラスの影響を与えたい方はぜひ👇😊
[第2日程申込URL]","[UTAGE実装時作成]","NEW-YT-D2-12"
"YouTube_さとり","REVIEW_YouTube_さとり_20260810","87","レビュー中","メッセージ","20260810新規","セミナー募集_第2日程","NEW-YT-D2-13","セミナー未申込・面談未予約・日程不可未選択。申込ページクリック済み／VSL中／予約完了／面談済み／営業停止は除外","第2日程 2日前20:00（未経過時のみ）","LINE","ステップ配信","YT-D2-SEM-B04（開催2日前20:00）","","【LINEメッセージ 1／text】
限定特典⑥〜⑩をお受け取りいただけるのは、
セミナーを最後までご視聴いただいた方のみとなります🎁

もし「途中までは参加できるけど、最後までは時間的に...」
という方は、個別にメールからご連絡ください！
ご参加いただけたことを確認できましたら、特典の方をお礼にお渡しいたします！

「あとで予定を確認しよう」と思っていると
満席になってしまうこともあるので、
忘れないうちに席を確保しておいてくださいね👇✨
[第2日程申込URL]","[第2日程申込URL]","[第2日程申込URL]","","","セミナー未申込・面談未予約・日程不可未選択。申込ページクリック済み／VSL中／予約完了／面談済み／営業停止は除外","[第2日程申込URL]","配信基準=イベント参加日。本文N/O/PとUTAGE編集URLは後続列に保持。","","","本文内定義","","YouTube正本を独自リライトしない。ステータスが廃止対象または旧読者のみの場合は新規実装しない。","【LINEメッセージ 1／text】
限定特典⑥〜⑩をお受け取りいただけるのは、
セミナーを最後までご視聴いただいた方のみとなります🎁

もし「途中までは参加できるけど、最後までは時間的に...」
という方は、個別にメールからご連絡ください！
ご参加いただけたことを確認できましたら、特典の方をお礼にお渡しいたします！

「あとで予定を確認しよう」と思っていると
満席になってしまうこともあるので、
忘れないうちに席を確保しておいてくださいね👇✨
[第2日程申込URL]","【LINEメッセージ 1／text】
限定特典⑥〜⑩をお受け取りいただけるのは、
セミナーを最後までご視聴いただいた方のみとなります🎁

もし「途中までは参加できるけど、最後までは時間的に...」
という方は、個別にメールからご連絡ください！
ご参加いただけたことを確認できましたら、特典の方をお礼にお渡しいたします！

「あとで予定を確認しよう」と思っていると
満席になってしまうこともあるので、
忘れないうちに席を確保しておいてくださいね👇✨
[第2日程申込URL]","【LINEメッセージ 1／text】
限定特典⑥〜⑩をお受け取りいただけるのは、
セミナーを最後までご視聴いただいた方のみとなります🎁

もし「途中までは参加できるけど、最後までは時間的に...」
という方は、個別にメールからご連絡ください！
ご参加いただけたことを確認できましたら、特典の方をお礼にお渡しいたします！

「あとで予定を確認しよう」と思っていると
満席になってしまうこともあるので、
忘れないうちに席を確保しておいてくださいね👇✨
[第2日程申込URL]","[UTAGE実装時作成]","NEW-YT-D2-13"
"YouTube_さとり","REVIEW_YouTube_さとり_20260810","88","レビュー中","メッセージ","20260810新規","セミナー募集_第2日程","NEW-YT-D2-14","セミナー未申込・面談未予約・日程不可未選択。申込ページクリック済み／VSL中／予約完了／面談済み／営業停止は除外","第2日程 前日09:00","LINE","ステップ配信","YT-D2-SEM-B05（開催前日09:00）","","【LINEメッセージ 1／text】
いよいよ【明日開催】となりました！✨

「自分に合う内容かな…？🔰」
と迷われている方へ。

AIを使ったことがない初心者の方でも、
まだやりたい方向が決まっていなくても大丈夫！
あなたの「今の状態」から一緒に整理していくセミナーです😊🌱

むしろ""AI界隈は初心者が有利""だと確信しています！
その理由はセミナーで語っていますので、ぜひ覗いてみてください

📢 セミナー：AIでひとり起業攻略法
📅 日時：[第2日程]

参加を迷われている方、迷われているだけでも半歩先に進んでいる状態です。
もう半歩踏み出すきっかけにしていただけると嬉しいです☺️
忘れないうちにお申し込みを済ませてくださいね👇😊
[第2日程申込URL]","[第2日程申込URL]","[第2日程申込URL]","","","セミナー未申込・面談未予約・日程不可未選択。申込ページクリック済み／VSL中／予約完了／面談済み／営業停止は除外","[第2日程申込URL]","配信基準=イベント参加日。本文N/O/PとUTAGE編集URLは後続列に保持。","","","本文内定義","","YouTube正本を独自リライトしない。ステータスが廃止対象または旧読者のみの場合は新規実装しない。","【LINEメッセージ 1／text】
いよいよ【明日開催】となりました！✨

「自分に合う内容かな…？🔰」
と迷われている方へ。

AIを使ったことがない初心者の方でも、
まだやりたい方向が決まっていなくても大丈夫！
あなたの「今の状態」から一緒に整理していくセミナーです😊🌱

むしろ""AI界隈は初心者が有利""だと確信しています！
その理由はセミナーで語っていますので、ぜひ覗いてみてください

📢 セミナー：AIでひとり起業攻略法
📅 日時：[第2日程]

参加を迷われている方、迷われているだけでも半歩先に進んでいる状態です。
もう半歩踏み出すきっかけにしていただけると嬉しいです☺️
忘れないうちにお申し込みを済ませてくださいね👇😊
[第2日程申込URL]","【LINEメッセージ 1／text】
いよいよ【明日開催】となりました！✨

「自分に合う内容かな…？🔰」
と迷われている方へ。

AIを使ったことがない初心者の方でも、
まだやりたい方向が決まっていなくても大丈夫！
あなたの「今の状態」から一緒に整理していくセミナーです😊🌱

むしろ""AI界隈は初心者が有利""だと確信しています！
その理由はセミナーで語っていますので、ぜひ覗いてみてください

📢 セミナー：AIでひとり起業攻略法
📅 日時：[第2日程]

参加を迷われている方、迷われているだけでも半歩先に進んでいる状態です。
もう半歩踏み出すきっかけにしていただけると嬉しいです☺️
忘れないうちにお申し込みを済ませてくださいね👇😊
[第2日程申込URL]","【LINEメッセージ 1／text】
いよいよ【明日開催】となりました！✨

「自分に合う内容かな…？🔰」
と迷われている方へ。

AIを使ったことがない初心者の方でも、
まだやりたい方向が決まっていなくても大丈夫！
あなたの「今の状態」から一緒に整理していくセミナーです😊🌱

むしろ""AI界隈は初心者が有利""だと確信しています！
その理由はセミナーで語っていますので、ぜひ覗いてみてください

📢 セミナー：AIでひとり起業攻略法
📅 日時：[第2日程]

参加を迷われている方、迷われているだけでも半歩先に進んでいる状態です。
もう半歩踏み出すきっかけにしていただけると嬉しいです☺️
忘れないうちにお申し込みを済ませてくださいね👇😊
[第2日程申込URL]","[UTAGE実装時作成]","NEW-YT-D2-14"
"YouTube_さとり","REVIEW_YouTube_さとり_20260810","89","レビュー中","メッセージ","20260810新規","セミナー募集_第2日程","NEW-YT-D2-15","セミナー未申込・面談未予約・日程不可未選択。申込ページクリック済み／VSL中／予約完了／面談済み／営業停止は除外","第2日程 前日15:00","LINE","ステップ配信","YT-D2-SEM-B06（開催前日15:00）","","【LINEメッセージ 1／text】
【重要なご連絡】
「セミナーに必要な知識はありますか？」
と聞かれますが、知識は不要です！

ほんの少しのAIへの興味と、
ビジネスにしたいという気持ちがあれば十分すぎるぐらいです☺️

あとはリラックスして視聴できる場所と、
メモ用の筆記用具があれば準備はバッチリです👍

顔出し声出しは不要ですので、お気軽にご参加ください🤲
こちらからご確認くださいね👇","[第2日程申込URL]","[第2日程申込URL]","","","セミナー未申込・面談未予約・日程不可未選択。申込ページクリック済み／VSL中／予約完了／面談済み／営業停止は除外","[第2日程申込URL]","配信基準=イベント参加日。本文N/O/PとUTAGE編集URLは後続列に保持。","","","本文内定義","","YouTube正本を独自リライトしない。ステータスが廃止対象または旧読者のみの場合は新規実装しない。","【LINEメッセージ 1／text】
【重要なご連絡】
「セミナーに必要な知識はありますか？」
と聞かれますが、知識は不要です！

ほんの少しのAIへの興味と、
ビジネスにしたいという気持ちがあれば十分すぎるぐらいです☺️

あとはリラックスして視聴できる場所と、
メモ用の筆記用具があれば準備はバッチリです👍

顔出し声出しは不要ですので、お気軽にご参加ください🤲
こちらからご確認くださいね👇","【LINEメッセージ 1／text】
【重要なご連絡】
「セミナーに必要な知識はありますか？」
と聞かれますが、知識は不要です！

ほんの少しのAIへの興味と、
ビジネスにしたいという気持ちがあれば十分すぎるぐらいです☺️

あとはリラックスして視聴できる場所と、
メモ用の筆記用具があれば準備はバッチリです👍

顔出し声出しは不要ですので、お気軽にご参加ください🤲
こちらからご確認くださいね👇","【LINEメッセージ 1／text】
【重要なご連絡】
「セミナーに必要な知識はありますか？」
と聞かれますが、知識は不要です！

ほんの少しのAIへの興味と、
ビジネスにしたいという気持ちがあれば十分すぎるぐらいです☺️

あとはリラックスして視聴できる場所と、
メモ用の筆記用具があれば準備はバッチリです👍

顔出し声出しは不要ですので、お気軽にご参加ください🤲
こちらからご確認くださいね👇","[UTAGE実装時作成]","NEW-YT-D2-15"
"YouTube_さとり","REVIEW_YouTube_さとり_20260810","90","レビュー中","メッセージ","20260810新規","セミナー募集_第2日程","NEW-YT-D2-16","セミナー未申込・面談未予約・日程不可未選択。申込ページクリック済み／VSL中／予約完了／面談済み／営業停止は除外","第2日程 前日21:00","LINE","ステップ配信","YT-D2-SEM-B07（開催前日21:00）","","【LINEメッセージ 1／text】
【大変申し訳ございません】
物凄く現実的で残酷なことをお伝えします。

それは、
""AIは学ぶだけでは、一生成功しません""

これは別に大袈裟にいっているわけではありません。
AIに限ったことではないですが、道具の使い方が分かっても、
実践する場所や、活かす機会がないと意味がないんです。

今回のセミナーでは、
そういった状況から一気に抜け出せる内容となっています。

ご参加いただける場合は、
今夜のうちにお名前とメールアドレスを登録して、
参加用URLを受け取っておいてくださいね👇✨
[第2日程申込URL]","[第2日程申込URL]","[第2日程申込URL]","","","セミナー未申込・面談未予約・日程不可未選択。申込ページクリック済み／VSL中／予約完了／面談済み／営業停止は除外","[第2日程申込URL]","配信基準=イベント参加日。本文N/O/PとUTAGE編集URLは後続列に保持。","","","本文内定義","","YouTube正本を独自リライトしない。ステータスが廃止対象または旧読者のみの場合は新規実装しない。","【LINEメッセージ 1／text】
【大変申し訳ございません】
物凄く現実的で残酷なことをお伝えします。

それは、
""AIは学ぶだけでは、一生成功しません""

これは別に大袈裟にいっているわけではありません。
AIに限ったことではないですが、道具の使い方が分かっても、
実践する場所や、活かす機会がないと意味がないんです。

今回のセミナーでは、
そういった状況から一気に抜け出せる内容となっています。

ご参加いただける場合は、
今夜のうちにお名前とメールアドレスを登録して、
参加用URLを受け取っておいてくださいね👇✨
[第2日程申込URL]","【LINEメッセージ 1／text】
【大変申し訳ございません】
物凄く現実的で残酷なことをお伝えします。

それは、
""AIは学ぶだけでは、一生成功しません""

これは別に大袈裟にいっているわけではありません。
AIに限ったことではないですが、道具の使い方が分かっても、
実践する場所や、活かす機会がないと意味がないんです。

今回のセミナーでは、
そういった状況から一気に抜け出せる内容となっています。

ご参加いただける場合は、
今夜のうちにお名前とメールアドレスを登録して、
参加用URLを受け取っておいてくださいね👇✨
[第2日程申込URL]","【LINEメッセージ 1／text】
【大変申し訳ございません】
物凄く現実的で残酷なことをお伝えします。

それは、
""AIは学ぶだけでは、一生成功しません""

これは別に大袈裟にいっているわけではありません。
AIに限ったことではないですが、道具の使い方が分かっても、
実践する場所や、活かす機会がないと意味がないんです。

今回のセミナーでは、
そういった状況から一気に抜け出せる内容となっています。

ご参加いただける場合は、
今夜のうちにお名前とメールアドレスを登録して、
参加用URLを受け取っておいてくださいね👇✨
[第2日程申込URL]","[UTAGE実装時作成]","NEW-YT-D2-16"
"YouTube_さとり","REVIEW_YouTube_さとり_20260810","91","レビュー中","メッセージ","20260810新規","セミナー募集_第2日程","NEW-YT-D2-17","セミナー未申込・面談未予約・日程不可未選択。申込ページクリック済み／VSL中／予約完了／面談済み／営業停止は除外","第2日程 当日09:00","LINE","ステップ配信","YT-D2-SEM-B08（開催当日09:00）","","【LINEメッセージ 1／text】
＼ いよいよ本日開催です！🎉 ／

📢 AIでひとり起業攻略法
📅 [第2日程]

まだ今からでもお申し込み可能です！

最後までご参加いただいた方には、
実践で使える超有料級の【特典⑥〜⑩】も
プレゼントいたします！🎁

お席が埋まる前に、ぜひご確認くだいね👇✨

▼お申し込みはこちらから👇😊
[第2日程申込URL]","[第2日程申込URL]","[第2日程申込URL]","","","セミナー未申込・面談未予約・日程不可未選択。申込ページクリック済み／VSL中／予約完了／面談済み／営業停止は除外","[第2日程申込URL]","配信基準=イベント参加日。本文N/O/PとUTAGE編集URLは後続列に保持。","","","本文内定義","","YouTube正本を独自リライトしない。ステータスが廃止対象または旧読者のみの場合は新規実装しない。","【LINEメッセージ 1／text】
＼ いよいよ本日開催です！🎉 ／

📢 AIでひとり起業攻略法
📅 [第2日程]

まだ今からでもお申し込み可能です！

最後までご参加いただいた方には、
実践で使える超有料級の【特典⑥〜⑩】も
プレゼントいたします！🎁

お席が埋まる前に、ぜひご確認くだいね👇✨

▼お申し込みはこちらから👇😊
[第2日程申込URL]","【LINEメッセージ 1／text】
＼ いよいよ本日開催です！🎉 ／

📢 AIでひとり起業攻略法
📅 [第2日程]

まだ今からでもお申し込み可能です！

最後までご参加いただいた方には、
実践で使える超有料級の【特典⑥〜⑩】も
プレゼントいたします！🎁

お席が埋まる前に、ぜひご確認くだいね👇✨

▼お申し込みはこちらから👇😊
[第2日程申込URL]","【LINEメッセージ 1／text】
＼ いよいよ本日開催です！🎉 ／

📢 AIでひとり起業攻略法
📅 [第2日程]

まだ今からでもお申し込み可能です！

最後までご参加いただいた方には、
実践で使える超有料級の【特典⑥〜⑩】も
プレゼントいたします！🎁

お席が埋まる前に、ぜひご確認くだいね👇✨

▼お申し込みはこちらから👇😊
[第2日程申込URL]","[UTAGE実装時作成]","NEW-YT-D2-17"
"YouTube_さとり","REVIEW_YouTube_さとり_20260810","92","レビュー中","メッセージ","20260810新規","セミナー募集_第2日程","NEW-YT-D2-18","セミナー未申込・面談未予約・日程不可未選択。申込ページクリック済み／VSL中／予約完了／面談済み／営業停止は除外","第2日程 開始3時間前","LINE","ステップ配信","YT-D2-SEM-B09（開始3時間前）","","【LINEメッセージ 1／text】
セミナー開始まで【あと3時間】となりました！⏰

今からの駆け込みお申し込みも大歓迎です！👍
ご登録後、すぐに参加用URLをお送りします。

事前準備は不要です。
顔出しや声出しも不要です☺️
好きな飲み物を片手にリラックスしてご参加ください😌

昨日の連絡を見て、
「最後まで見るのは時間的に厳しくて...」
というお声がありましたので、セミナーにご参加いただけたのがわかった場合、
後からメールにてご連絡いただければ、特典の方をお送りいたしますのでご安心ください！

ぜひご参加お待ちしております☺️

▼こちらから席を確保してくださいね👇✨
[第2日程申込URL]","[第2日程申込URL]","[第2日程申込URL]","","","セミナー未申込・面談未予約・日程不可未選択。申込ページクリック済み／VSL中／予約完了／面談済み／営業停止は除外","[第2日程申込URL]","配信基準=イベント参加日。本文N/O/PとUTAGE編集URLは後続列に保持。","","","本文内定義","","YouTube正本を独自リライトしない。ステータスが廃止対象または旧読者のみの場合は新規実装しない。","【LINEメッセージ 1／text】
セミナー開始まで【あと3時間】となりました！⏰

今からの駆け込みお申し込みも大歓迎です！👍
ご登録後、すぐに参加用URLをお送りします。

事前準備は不要です。
顔出しや声出しも不要です☺️
好きな飲み物を片手にリラックスしてご参加ください😌

昨日の連絡を見て、
「最後まで見るのは時間的に厳しくて...」
というお声がありましたので、セミナーにご参加いただけたのがわかった場合、
後からメールにてご連絡いただければ、特典の方をお送りいたしますのでご安心ください！

ぜひご参加お待ちしております☺️

▼こちらから席を確保してくださいね👇✨
[第2日程申込URL]","【LINEメッセージ 1／text】
セミナー開始まで【あと3時間】となりました！⏰

今からの駆け込みお申し込みも大歓迎です！👍
ご登録後、すぐに参加用URLをお送りします。

事前準備は不要です。
顔出しや声出しも不要です☺️
好きな飲み物を片手にリラックスしてご参加ください😌

昨日の連絡を見て、
「最後まで見るのは時間的に厳しくて...」
というお声がありましたので、セミナーにご参加いただけたのがわかった場合、
後からメールにてご連絡いただければ、特典の方をお送りいたしますのでご安心ください！

ぜひご参加お待ちしております☺️

▼こちらから席を確保してくださいね👇✨
[第2日程申込URL]","【LINEメッセージ 1／text】
セミナー開始まで【あと3時間】となりました！⏰

今からの駆け込みお申し込みも大歓迎です！👍
ご登録後、すぐに参加用URLをお送りします。

事前準備は不要です。
顔出しや声出しも不要です☺️
好きな飲み物を片手にリラックスしてご参加ください😌

昨日の連絡を見て、
「最後まで見るのは時間的に厳しくて...」
というお声がありましたので、セミナーにご参加いただけたのがわかった場合、
後からメールにてご連絡いただければ、特典の方をお送りいたしますのでご安心ください！

ぜひご参加お待ちしております☺️

▼こちらから席を確保してくださいね👇✨
[第2日程申込URL]","[UTAGE実装時作成]","NEW-YT-D2-18"
"YouTube_さとり","REVIEW_YouTube_さとり_20260810","93","レビュー中","メッセージ","20260810新規","セミナー募集_第2日程","NEW-YT-D2-19","セミナー未申込・面談未予約・日程不可未選択。申込ページクリック済み／VSL中／予約完了／面談済み／営業停止は除外","第2日程 開始30分前","LINE","ステップ配信","YT-D2-SEM-B10（開始30分前）","","【LINEメッセージ 1／text】
あと30分でセミナーが開始します！⏳✨

あと30分でセミナーが始まります！⏳🔥

申込ページを見て迷っていた方への、
これが【最後のご案内】となります。

まだ申し込みが来ているため、時間延長いたしました💦
こちらから滑り込みでのお申し込みをお待ちしております！👇😊
[第2日程申込URL]","[第2日程申込URL]","[第2日程申込URL]","","","セミナー未申込・面談未予約・日程不可未選択。申込ページクリック済み／VSL中／予約完了／面談済み／営業停止は除外","[第2日程申込URL]","配信基準=イベント参加日。本文N/O/PとUTAGE編集URLは後続列に保持。","","","本文内定義","","YouTube正本を独自リライトしない。ステータスが廃止対象または旧読者のみの場合は新規実装しない。","【LINEメッセージ 1／text】
あと30分でセミナーが開始します！⏳✨

あと30分でセミナーが始まります！⏳🔥

申込ページを見て迷っていた方への、
これが【最後のご案内】となります。

まだ申し込みが来ているため、時間延長いたしました💦
こちらから滑り込みでのお申し込みをお待ちしております！👇😊
[第2日程申込URL]","【LINEメッセージ 1／text】
あと30分でセミナーが開始します！⏳✨

あと30分でセミナーが始まります！⏳🔥

申込ページを見て迷っていた方への、
これが【最後のご案内】となります。

まだ申し込みが来ているため、時間延長いたしました💦
こちらから滑り込みでのお申し込みをお待ちしております！👇😊
[第2日程申込URL]","【LINEメッセージ 1／text】
あと30分でセミナーが開始します！⏳✨

あと30分でセミナーが始まります！⏳🔥

申込ページを見て迷っていた方への、
これが【最後のご案内】となります。

まだ申し込みが来ているため、時間延長いたしました💦
こちらから滑り込みでのお申し込みをお待ちしております！👇😊
[第2日程申込URL]","[UTAGE実装時作成]","NEW-YT-D2-19"
"YouTube_さとり","REVIEW_YouTube_さとり_20260810","94","レビュー中","メッセージ","20260810新規","セミナー募集_第2日程","NEW-YT-D2-20","セミナー未申込・面談未予約・日程不可未選択。申込ページクリック済み／VSL中／予約完了／面談済み／営業停止は除外","第2日程 開始10分前","LINE","ステップ配信","YT-D2-SEM-B11（開始10分前）","","【LINEメッセージ 1／text】
まもなくセミナーを開始します！📢

こちらが今回のセミナーお申し込みの
【最後のご案内】となります。

正直ながら見するだけでも、
今回の内容は十分皆さんの分岐点になると確信しています。
AIをビジネスに発展させるのに必要なのは、""知識""ではなく""きっかけ""です。

まだ受付中ですので、こちらから
今すぐ参加登録を完了してくださいね👇✨

【LINEメッセージ 2／button】
{
  ""seq"": 1,
  ""type"": ""button"",
  ""alt_text"": ""【無料セミナー】AIでひとり起業攻略法"",
  ""react_type"": ""free"",
  ""react_press_again_text"": null,
  ""thumbnail_image_url"": null,
  ""title"": ""AIでひとり起業攻略法"",
  ""text"": ""Zoomライブ・最新日程は申込ページへ"",
  ""actions"": [
    {
      ""type"": ""url"",
      ""label"": ""セミナーに申し込む"",
      ""uri"": ""[第2日程申込URL]"",
      ""add_label_id"": null,
      ""del_label_id"": null
    }
  ]
}","[第2日程申込URL]","[第2日程申込URL]","","","セミナー未申込・面談未予約・日程不可未選択。申込ページクリック済み／VSL中／予約完了／面談済み／営業停止は除外","[第2日程申込URL]","配信基準=イベント参加日。本文N/O/PとUTAGE編集URLは後続列に保持。","","","本文内定義","","YouTube正本を独自リライトしない。ステータスが廃止対象または旧読者のみの場合は新規実装しない。","【LINEメッセージ 1／text】
まもなくセミナーを開始します！📢

こちらが今回のセミナーお申し込みの
【最後のご案内】となります。

正直ながら見するだけでも、
今回の内容は十分皆さんの分岐点になると確信しています。
AIをビジネスに発展させるのに必要なのは、""知識""ではなく""きっかけ""です。

まだ受付中ですので、こちらから
今すぐ参加登録を完了してくださいね👇✨

【LINEメッセージ 2／button】
{
  ""seq"": 1,
  ""type"": ""button"",
  ""alt_text"": ""【無料セミナー】AIでひとり起業攻略法"",
  ""react_type"": ""free"",
  ""react_press_again_text"": null,
  ""thumbnail_image_url"": null,
  ""title"": ""AIでひとり起業攻略法"",
  ""text"": ""Zoomライブ・最新日程は申込ページへ"",
  ""actions"": [
    {
      ""type"": ""url"",
      ""label"": ""セミナーに申し込む"",
      ""uri"": ""[第2日程申込URL]"",
      ""add_label_id"": null,
      ""del_label_id"": null
    }
  ]
}","【LINEメッセージ 1／text】
まもなくセミナーを開始します！📢

こちらが今回のセミナーお申し込みの
【最後のご案内】となります。

正直ながら見するだけでも、
今回の内容は十分皆さんの分岐点になると確信しています。
AIをビジネスに発展させるのに必要なのは、""知識""ではなく""きっかけ""です。

まだ受付中ですので、こちらから
今すぐ参加登録を完了してくださいね👇✨

【LINEメッセージ 2／button】
{
  ""seq"": 1,
  ""type"": ""button"",
  ""alt_text"": ""【無料セミナー】AIでひとり起業攻略法"",
  ""react_type"": ""free"",
  ""react_press_again_text"": null,
  ""thumbnail_image_url"": null,
  ""title"": ""AIでひとり起業攻略法"",
  ""text"": ""Zoomライブ・最新日程は申込ページへ"",
  ""actions"": [
    {
      ""type"": ""url"",
      ""label"": ""セミナーに申し込む"",
      ""uri"": ""[第2日程申込URL]"",
      ""add_label_id"": null,
      ""del_label_id"": null
    }
  ]
}","【LINEメッセージ 1／text】
まもなくセミナーを開始します！📢

こちらが今回のセミナーお申し込みの
【最後のご案内】となります。

正直ながら見するだけでも、
今回の内容は十分皆さんの分岐点になると確信しています。
AIをビジネスに発展させるのに必要なのは、""知識""ではなく""きっかけ""です。

まだ受付中ですので、こちらから
今すぐ参加登録を完了してくださいね👇✨

【LINEメッセージ 2／button】
{
  ""seq"": 1,
  ""type"": ""button"",
  ""alt_text"": ""【無料セミナー】AIでひとり起業攻略法"",
  ""react_type"": ""free"",
  ""react_press_again_text"": null,
  ""thumbnail_image_url"": null,
  ""title"": ""AIでひとり起業攻略法"",
  ""text"": ""Zoomライブ・最新日程は申込ページへ"",
  ""actions"": [
    {
      ""type"": ""url"",
      ""label"": ""セミナーに申し込む"",
      ""uri"": ""[第2日程申込URL]"",
      ""add_label_id"": null,
      ""del_label_id"": null
    }
  ]
}","[UTAGE実装時作成]","NEW-YT-D2-20"
"YouTube_さとり","REVIEW_YouTube_さとり_20260810","95","稼働中","メッセージ","8","AIでひとり起業リマインダ（選択した日程基準）","Q78Z15SlfHME","第1または第2日程の申込完了者。選択した開催日時を基準に配信。面談予約完了／面談済み／営業停止は除外。","登録直後","メール","ステップ配信","申込時","【重要】%event_name%へのお申込みが完了しました","%name% 様

この度はお申込み頂きありがとうございます。

お申込み頂いたイベントについて
ご案内をさせて頂きます。

■　日程・参加方法
━━━━━━━━━━━━━━━━

%event_info%","","","","","第1または第2日程の申込完了者。選択した開催日時を基準に配信。面談予約完了／面談済み／営業停止は除外。","","配信基準=。本文N/O/PとUTAGE編集URLは後続列に保持。","","","本文内定義","","YouTube正本を独自リライトしない。ステータスが廃止対象または旧読者のみの場合は新規実装しない。","%name% 様

この度は
%event_name%
にお申込み頂きありがとうございます。

お申込み頂いたイベントについて
ご案内をさせて頂きます。

■　お申込者情報
━━━━━━━━━━━━━━━━

お名前：%name%
メールアドレス：%mail%
電話番号：%phone%


■　開催日時・会場
━━━━━━━━━━━━━━━━

%event_info%


■　キャンセルについて
━━━━━━━━━━━━━━━━

キャンセルを希望される場合は事前に『必ず』ご連絡ください。


━━━━━━━━━━━━━━━━
%event_name%運営事務局
%from_mail%
━━━━━━━━━━━━━━━━","","開催まであと4日です。

AIでひとり起業攻略法
[セミナー日時]

「AIで何ができるか」から、「AIを使って自分は何を事業にするか」へ進みたい方へ。明日から開催直前の案内に入ります。","https://utage-system.com/account/Y86og5tIw1hZ/scenario/k6xTtx6rInVq/step/Q78Z15SlfHME/edit","Q78Z15SlfHME"
"YouTube_さとり","REVIEW_YouTube_さとり_20260810","96","稼働中","メッセージ","8","AIでひとり起業リマインダ（選択した日程基準）","bncjtTMsscfK","第1または第2日程の申込完了者。選択した開催日時を基準に配信。面談予約完了／面談済み／営業停止は除外。","14日前の 8:00","メール","リマインダ配信","開催14日前","【開催14日前】%event_name%","%name% 様

この度はお申込み頂きありがとうございます。

開催14日前になりましたので
リマインドをさせて頂きます。

■　日程・参加方法
━━━━━━━━━━━━━━━━

%event_info%","","","","","第1または第2日程の申込完了者。選択した開催日時を基準に配信。面談予約完了／面談済み／営業停止は除外。","","配信基準=イベント参加日時。本文N/O/PとUTAGE編集URLは後続列に保持。","","","本文内定義","","YouTube正本を独自リライトしない。ステータスが廃止対象または旧読者のみの場合は新規実装しない。","%name% 様

この度は
%event_name%
にお申込み頂きありがとうございます。

開催14日前になりましたので
リマインドをさせて頂きます。

■　お申込者情報
━━━━━━━━━━━━━━━━

お名前：%name%
メールアドレス：%mail%
電話番号：%phone%


■　開催日時・会場
━━━━━━━━━━━━━━━━

%event_info%


■　キャンセルについて
━━━━━━━━━━━━━━━━

キャンセルを希望される場合は事前に『必ず』ご連絡ください。


━━━━━━━━━━━━━━━━
%event_name%運営事務局
%from_mail%
━━━━━━━━━━━━━━━━","","開催まで3日。

AIを学ぶだけでなく、自分の商品・集客・販売につなげる全体像を、Zoomライブでお伝えします。

日時：[セミナー日時]","https://utage-system.com/account/Y86og5tIw1hZ/scenario/k6xTtx6rInVq/reminder/bncjtTMsscfK/edit","bncjtTMsscfK"
"YouTube_さとり","REVIEW_YouTube_さとり_20260810","97","稼働中","メッセージ","8","AIでひとり起業リマインダ（選択した日程基準）","s8IGVv7QrLqd","第1または第2日程の申込完了者。選択した開催日時を基準に配信。面談予約完了／面談済み／営業停止は除外。","14日前の 10:00","LINE","リマインダ配信","SEM-A01（開催14日前10:00）","","【LINEメッセージ 1／image】
{
  ""original_content_url"": ""https://utagesystem.s3.ap-northeast-1.wasabisys.com/GX6OYW2fVtRD/Bhq9uf1WWavu.png""
}

────────────

【LINEメッセージ 2／text】
%line_name%さん、次回のZoomライブセミナーが決まりました〜！✨

AIでひとり起業攻略法
日時：7月30日(木) 20:00〜

AIを触るだけで終わらず、自分に合う事業テーマを見つけて、商品・集客・販売へつなげる考え方をお伝えしますね😊🎥","","","","","第1または第2日程の申込完了者。選択した開催日時を基準に配信。面談予約完了／面談済み／営業停止は除外。","","配信基準=イベント参加日時。本文N/O/PとUTAGE編集URLは後続列に保持。","https://utagesystem.s3.ap-northeast-1.wasabisys.com/GX6OYW2fVtRD/Bhq9uf1WWavu.png","","本文内定義","","YouTube正本を独自リライトしない。ステータスが廃止対象または旧読者のみの場合は新規実装しない。","【LINEメッセージ 1／image】
{
  ""original_content_url"": ""https://utagesystem.s3.ap-northeast-1.wasabisys.com/GX6OYW2fVtRD/Bhq9uf1WWavu.png""
}

────────────

【LINEメッセージ 2／text】
%line_name%さん、次回のZoomライブセミナーが決まりました〜！✨

AIでひとり起業攻略法
日時：7月30日(木) 20:00〜

AIを触るだけで終わらず、自分に合う事業テーマを見つけて、商品・集客・販売へつなげる考え方をお伝えしますね😊🎥","%line_name%さん、次回のZoomライブセミナーが決まりました〜！✨

AIでひとり起業攻略法
日時：7月30日(木) 20:00〜

AIを触るだけで終わらず、自分に合う事業テーマを見つけて、商品・集客・販売へつなげる考え方をお伝えしますね😊🎥","「自分には売れるものがない」と感じていても、最初から完成した答えを持つ必要はありません。

経験・得意・興味をAIと一緒に掘り下げ、事業テーマの候補を作るところから始められます。

[申込URL]","https://utage-system.com/account/Y86og5tIw1hZ/scenario/k6xTtx6rInVq/reminder/line/s8IGVv7QrLqd/edit","s8IGVv7QrLqd"
"YouTube_さとり","REVIEW_YouTube_さとり_20260810","98","稼働中","メッセージ","8","AIでひとり起業リマインダ（選択した日程基準）","GgATKBKS6nJh","第1または第2日程の申込完了者。選択した開催日時を基準に配信。面談予約完了／面談済み／営業停止は除外。","12日前の 19:00","LINE","リマインダ配信","SEM-A02（開催12日前19:00）","","【LINEメッセージ 1／text】
AIの情報は増えているのに、「自分は何をすればいいか」が決まらない…。そんなふうに感じること、ありませんか？😌

そこから抜け出すには、ツールを増やすより“事業にする順番”を知ることが大事なんですよ。Zoomライブで、その全体像を一緒に整理していきますね😊👇

────────────

【LINEメッセージ 2／button】
{
  ""alt_text"": ""【無料セミナー】AIでひとり起業攻略法のご案内"",
  ""react_type"": ""free"",
  ""react_press_again_text"": null,
  ""thumbnail_image_url"": null,
  ""title"": ""AIでひとり起業攻略法"",
  ""text"": ""7/30(木)20:00〜・Zoomライブ"",
  ""actions"": [
    {
      ""type"": ""url"",
      ""label"": ""セミナーに申し込む"",
      ""uri"": ""https://utage-system.com/event/uxPuWYWcc1DD/register"",
      ""add_label_id"": null,
      ""del_label_id"": null
    }
  ]
}","","","","","第1または第2日程の申込完了者。選択した開催日時を基準に配信。面談予約完了／面談済み／営業停止は除外。","","配信基準=イベント参加日時。本文N/O/PとUTAGE編集URLは後続列に保持。","","","本文内定義","","YouTube正本を独自リライトしない。ステータスが廃止対象または旧読者のみの場合は新規実装しない。","【LINEメッセージ 1／text】
AIの情報は増えているのに、「自分は何をすればいいか」が決まらない…。そんなふうに感じること、ありませんか？😌

そこから抜け出すには、ツールを増やすより“事業にする順番”を知ることが大事なんですよ。Zoomライブで、その全体像を一緒に整理していきますね😊👇

────────────

【LINEメッセージ 2／button】
{
  ""alt_text"": ""【無料セミナー】AIでひとり起業攻略法のご案内"",
  ""react_type"": ""free"",
  ""react_press_again_text"": null,
  ""thumbnail_image_url"": null,
  ""title"": ""AIでひとり起業攻略法"",
  ""text"": ""7/30(木)20:00〜・Zoomライブ"",
  ""actions"": [
    {
      ""type"": ""url"",
      ""label"": ""セミナーに申し込む"",
      ""uri"": ""https://utage-system.com/event/uxPuWYWcc1DD/register"",
      ""add_label_id"": null,
      ""del_label_id"": null
    }
  ]
}","AIの情報は増えているのに、「自分は何をすればいいか」が決まらない…。そんなふうに感じること、ありませんか？😌

そこから抜け出すには、ツールを増やすより“事業にする順番”を知ることが大事なんですよ。Zoomライブで、その全体像を一緒に整理していきますね😊👇","あと2日です。

こんな方に向いています。
・AIを仕事や副業につなげたい
・自分の商品を作りたい
・発信しても何を売ればいいか分からない
・一人で会社を回せる仕組みを作りたい","https://utage-system.com/account/Y86og5tIw1hZ/scenario/k6xTtx6rInVq/reminder/line/GgATKBKS6nJh/edit","GgATKBKS6nJh"
"YouTube_さとり","REVIEW_YouTube_さとり_20260810","99","稼働中","メッセージ","8","AIでひとり起業リマインダ（選択した日程基準）","T8nDAcUFnUbQ","第1または第2日程の申込完了者。選択した開催日時を基準に配信。面談予約完了／面談済み／営業停止は除外。","10日前の 10:00","LINE","リマインダ配信","SEM-A03（開催10日前10:00）","","【LINEメッセージ 1／text】
ひとり起業って、全部を一人で抱えて頑張ることじゃないんですよ😊

AIに任せることで不要な人間関係のストレスを受けず、のびのびと事業を始められます🙆‍♂️ 「AIでひとり起業攻略法」で具体的に解説しますね📣","","","","","第1または第2日程の申込完了者。選択した開催日時を基準に配信。面談予約完了／面談済み／営業停止は除外。","","配信基準=イベント参加日時。本文N/O/PとUTAGE編集URLは後続列に保持。","","","本文内定義","","YouTube正本を独自リライトしない。ステータスが廃止対象または旧読者のみの場合は新規実装しない。","【LINEメッセージ 1／text】
ひとり起業って、全部を一人で抱えて頑張ることじゃないんですよ😊

AIに任せる部分と、自分が判断する部分を分けると、商品づくり・発信・販売を小さく回し始められます🙆‍♂️ AIでひとり起業攻略法 で具体的に解説しますね📣","ひとり起業って、全部を一人で抱えて頑張ることじゃないんですよ😊

AIに任せる部分と、自分が判断する部分を分けると、商品づくり・発信・販売を小さく回し始められます🙆‍♂️ AIでひとり起業攻略法 で具体的に解説しますね📣","知識より、順番。

事業テーマ、商品、集客、販売。この順番がバラバラだと、AIを使っても動きは止まります。セミナーで一本のロードマップとして整理してください。","https://utage-system.com/account/Y86og5tIw1hZ/scenario/k6xTtx6rInVq/reminder/line/T8nDAcUFnUbQ/edit","T8nDAcUFnUbQ"
"YouTube_さとり","REVIEW_YouTube_さとり_20260810","100","稼働中","メッセージ","8","AIでひとり起業リマインダ（選択した日程基準）","epA6GY8KUGwU","第1または第2日程の申込完了者。選択した開催日時を基準に配信。面談予約完了／面談済み／営業停止は除外。","8日前の 19:00","LINE","リマインダ配信","SEM-A04（開催8日前19:00）","","【LINEメッセージ 1／text】
AI初心者の方でも大丈夫、安心して参加してくださいね😊

まだ商品がない、自分の強みが分からない、方向性も決まっていない。そんな状態の人こそおすすめです💡

日時：7月30日(木) 20:00〜✨","","","","","第1または第2日程の申込完了者。選択した開催日時を基準に配信。面談予約完了／面談済み／営業停止は除外。","","配信基準=イベント参加日時。本文N/O/PとUTAGE編集URLは後続列に保持。","","","本文内定義","","YouTube正本を独自リライトしない。ステータスが廃止対象または旧読者のみの場合は新規実装しない。","【LINEメッセージ 1／text】
AI初心者の方でも大丈夫、安心して参加してくださいね😊

まだ商品がない、強みが分からない、副業の方向性も決まっていない。そんな状態から「誰に何を届けるか」を一緒に考えるライブですよ💡

日時：7月30日(木) 20:00〜✨","AI初心者の方でも大丈夫、安心して参加してくださいね😊

まだ商品がない、強みが分からない、副業の方向性も決まっていない。そんな状態から「誰に何を届けるか」を一緒に考えるライブですよ💡

日時：7月30日(木) 20:00〜✨","明日開催です。

AIでひとり起業攻略法
[セミナー日時]／Zoomライブ

申込は名前とメールアドレスの2項目だけで完了します。
[申込URL]","https://utage-system.com/account/Y86og5tIw1hZ/scenario/k6xTtx6rInVq/reminder/line/epA6GY8KUGwU/edit","epA6GY8KUGwU"
"YouTube_さとり","REVIEW_YouTube_さとり_20260810","101","稼働中","メッセージ","8","AIでひとり起業リマインダ（選択した日程基準）","bMcMfO7emtsh","第1または第2日程の申込完了者。選択した開催日時を基準に配信。面談予約完了／面談済み／営業停止は除外。","7日前の 8:00","メール","リマインダ配信","開催7日前","【開催7日前】%event_name%","%name% 様

この度は
%event_name%
にお申込み頂きありがとうございます。

開催7日前になりましたので
リマインドをさせて頂きます。

■　お申込者情報
━━━━━━━━━━━━━━━━

お名前：%name%
メールアドレス：%mail%
電話番号：%phone%


■　開催日時・会場
━━━━━━━━━━━━━━━━

%event_info%


■　キャンセルについて
━━━━━━━━━━━━━━━━

キャンセルを希望される場合は事前に『必ず』ご連絡ください。


━━━━━━━━━━━━━━━━
%event_name%運営事務局
%from_mail%
━━━━━━━━━━━━━━━━","","","","","第1または第2日程の申込完了者。選択した開催日時を基準に配信。面談予約完了／面談済み／営業停止は除外。","","配信基準=イベント参加日時。本文N/O/PとUTAGE編集URLは後続列に保持。","","","本文内定義","","YouTube正本を独自リライトしない。ステータスが廃止対象または旧読者のみの場合は新規実装しない。","%name% 様

この度は
%event_name%
にお申込み頂きありがとうございます。

開催7日前になりましたので
リマインドをさせて頂きます。

■　お申込者情報
━━━━━━━━━━━━━━━━

お名前：%name%
メールアドレス：%mail%
電話番号：%phone%


■　開催日時・会場
━━━━━━━━━━━━━━━━

%event_info%


■　キャンセルについて
━━━━━━━━━━━━━━━━

キャンセルを希望される場合は事前に『必ず』ご連絡ください。


━━━━━━━━━━━━━━━━
%event_name%運営事務局
%from_mail%
━━━━━━━━━━━━━━━━","","AIを使えば、作業時間は短くできます。

ただし、誰に何を届けるかという判断まで曖昧なままでは、作業が速くなっても事業にはなりません。明日は、その設計部分を中心にお話しします。

[申込URL]","https://utage-system.com/account/Y86og5tIw1hZ/scenario/k6xTtx6rInVq/reminder/bMcMfO7emtsh/edit","bMcMfO7emtsh"
"YouTube_さとり","REVIEW_YouTube_さとり_20260810","102","稼働中","メッセージ","8","AIでひとり起業リマインダ（選択した日程基準）","3E6E25mtftpc","第1または第2日程の申込完了者。選択した開催日時を基準に配信。面談予約完了／面談済み／営業停止は除外。","6日前の 10:00","LINE","リマインダ配信","SEM-A05（開催6日前10:00）","","【LINEメッセージ 1／text】
AIツールの使い方だけ学んでも、事業はできあがらないんですよね😌

大事なのは、テーマ選びから商品化・集客・販売までを一つの流れとして設計すること。今回のセミナーで、そのつながりをまるっとお見せします😊👇

────────────

【LINEメッセージ 2／button】
{
  ""alt_text"": ""【無料セミナー】AIでひとり起業攻略法のご案内"",
  ""react_type"": ""free"",
  ""react_press_again_text"": null,
  ""thumbnail_image_url"": null,
  ""title"": ""AIでひとり起業攻略法"",
  ""text"": ""7/30(木)20:00〜・Zoomライブ"",
  ""actions"": [
    {
      ""type"": ""url"",
      ""label"": ""セミナーに申し込む"",
      ""uri"": ""https://utage-system.com/event/uxPuWYWcc1DD/register"",
      ""add_label_id"": null,
      ""del_label_id"": null
    }
  ]
}","","","","","第1または第2日程の申込完了者。選択した開催日時を基準に配信。面談予約完了／面談済み／営業停止は除外。","","配信基準=イベント参加日時。本文N/O/PとUTAGE編集URLは後続列に保持。","","","本文内定義","","YouTube正本を独自リライトしない。ステータスが廃止対象または旧読者のみの場合は新規実装しない。","【LINEメッセージ 1／text】
AIツールの使い方だけ学んでも、売上までの道筋って自動ではできないんですよね😌

大事なのは、テーマ選びから商品化・集客・販売までを一つの流れとして設計すること。今回のセミナーで、そのつながりをまるっとお見せしますね😊👇

────────────

【LINEメッセージ 2／button】
{
  ""alt_text"": ""【無料セミナー】AIでひとり起業攻略法のご案内"",
  ""react_type"": ""free"",
  ""react_press_again_text"": null,
  ""thumbnail_image_url"": null,
  ""title"": ""AIでひとり起業攻略法"",
  ""text"": ""7/30(木)20:00〜・Zoomライブ"",
  ""actions"": [
    {
      ""type"": ""url"",
      ""label"": ""セミナーに申し込む"",
      ""uri"": ""https://utage-system.com/event/uxPuWYWcc1DD/register"",
      ""add_label_id"": null,
      ""del_label_id"": null
    }
  ]
}","AIツールの使い方だけ学んでも、売上までの道筋って自動ではできないんですよね😌

大事なのは、テーマ選びから商品化・集客・販売までを一つの流れとして設計すること。今回のセミナーで、そのつながりをまるっとお見せしますね😊👇","[name]さん、明日の予定は空けられそうですか？

ライブで受けるからこそ、その場で自分の現状と照らし合わせられます。参加する場合は、今夜のうちに登録を済ませてください。
[申込URL]","https://utage-system.com/account/Y86og5tIw1hZ/scenario/k6xTtx6rInVq/reminder/line/3E6E25mtftpc/edit","3E6E25mtftpc"
"YouTube_さとり","REVIEW_YouTube_さとり_20260810","103","稼働中","メッセージ","8","AIでひとり起業リマインダ（選択した日程基準）","siAvg0yTDFhf","第1または第2日程の申込完了者。選択した開催日時を基準に配信。面談予約完了／面談済み／営業停止は除外。","5日前の 19:00","LINE","リマインダ配信","SEM-A06（開催5日前19:00）","","【LINEメッセージ 1／text】
今回は録画教材ではなく、Zoomライブでの開催です🎥

同じ内容でも、開催日に時間を取って、その場で自分の課題として考えると理解がぐっと変わりますよ😊
毎回質疑の応答も盛り上がります。

参加できる方は、今のうちに予定を確保しておいてくださいね🔥","","","","","第1または第2日程の申込完了者。選択した開催日時を基準に配信。面談予約完了／面談済み／営業停止は除外。","","配信基準=イベント参加日時。本文N/O/PとUTAGE編集URLは後続列に保持。","","","本文内定義","","YouTube正本を独自リライトしない。ステータスが廃止対象または旧読者のみの場合は新規実装しない。","【LINEメッセージ 1／text】
今回は録画教材ではなく、Zoomライブでの開催です🎥

同じ内容でも、開催日に時間を取って、その場で自分の課題として考えると理解がぐっと変わりますよ😊 参加できる方は、今のうちに予定を確保しておいてくださいね🔥","今回は録画教材ではなく、Zoomライブでの開催です🎥

同じ内容でも、開催日に時間を取って、その場で自分の課題として考えると理解がぐっと変わりますよ😊 参加できる方は、今のうちに予定を確保しておいてくださいね🔥","本日開催。

AIでひとり起業攻略法
[セミナー日時]／Zoom

AIを自分の事業へつなぐ道筋を、今日のライブで整理します。
[申込URL]","https://utage-system.com/account/Y86og5tIw1hZ/scenario/k6xTtx6rInVq/reminder/line/siAvg0yTDFhf/edit","siAvg0yTDFhf"
"YouTube_さとり","REVIEW_YouTube_さとり_20260810","104","稼働中","メッセージ","8","AIでひとり起業リマインダ（選択した日程基準）","PWaav3ryRLrd","第1または第2日程の申込完了者。選択した開催日時を基準に配信。面談予約完了／面談済み／営業停止は除外。","4日前の 20:00","LINE","リマインダ配信","SEM-A07（開催4日前20:00）","","【LINEメッセージ 1／text】
開催まであと4日です⏰

AIでひとり起業攻略法
7月30日(木) 20:00〜

「AIで何ができるか」から、「AIを使って仕組みを作る」へ進みたい方へ😊 明日から開催直前のご案内に入りますね📣","","","","","第1または第2日程の申込完了者。選択した開催日時を基準に配信。面談予約完了／面談済み／営業停止は除外。","","配信基準=イベント参加日時。本文N/O/PとUTAGE編集URLは後続列に保持。","","","本文内定義","","YouTube正本を独自リライトしない。ステータスが廃止対象または旧読者のみの場合は新規実装しない。","【LINEメッセージ 1／text】
開催まであと4日です⏰

AIでひとり起業攻略法
7月30日(木) 20:00〜

「AIで何ができるか」から、「AIを使って自分は何を事業にするか」へ進みたい方へ😊 明日から開催直前のご案内に入りますね📣","開催まであと4日です⏰

AIでひとり起業攻略法
7月30日(木) 20:00〜

「AIで何ができるか」から、「AIを使って自分は何を事業にするか」へ進みたい方へ😊 明日から開催直前のご案内に入りますね📣","開始まであと3時間です。

まだ申込は間に合います。名前とメールアドレスを入力すると、参加用Zoom URLが届きます。

[申込URL]","https://utage-system.com/account/Y86og5tIw1hZ/scenario/k6xTtx6rInVq/reminder/line/PWaav3ryRLrd/edit","PWaav3ryRLrd"
"YouTube_さとり","REVIEW_YouTube_さとり_20260810","105","稼働中","メッセージ","8","AIでひとり起業リマインダ（選択した日程基準）","Dn4tac7u9S6t","第1または第2日程の申込完了者。選択した開催日時を基準に配信。面談予約完了／面談済み／営業停止は除外。","3日前の 8:00","メール","リマインダ配信","開催3日前","【開催3日前】%event_name%","%name% 様

この度は
%event_name%
にお申込み頂きありがとうございます。

開催3日前になりましたので
リマインドをさせて頂きます。

■　お申込者情報
━━━━━━━━━━━━━━━━

お名前：%name%
メールアドレス：%mail%
電話番号：%phone%


■　開催日時・会場
━━━━━━━━━━━━━━━━

%event_info%


■　キャンセルについて
━━━━━━━━━━━━━━━━

キャンセルを希望される場合は事前に『必ず』ご連絡ください。


━━━━━━━━━━━━━━━━
%event_name%運営事務局
%from_mail%
━━━━━━━━━━━━━━━━","","","","","第1または第2日程の申込完了者。選択した開催日時を基準に配信。面談予約完了／面談済み／営業停止は除外。","","配信基準=イベント参加日時。本文N/O/PとUTAGE編集URLは後続列に保持。","","","本文内定義","","YouTube正本を独自リライトしない。ステータスが廃止対象または旧読者のみの場合は新規実装しない。","%name% 様

この度は
%event_name%
にお申込み頂きありがとうございます。

開催3日前になりましたので
リマインドをさせて頂きます。

■　お申込者情報
━━━━━━━━━━━━━━━━

お名前：%name%
メールアドレス：%mail%
電話番号：%phone%


■　開催日時・会場
━━━━━━━━━━━━━━━━

%event_info%


■　キャンセルについて
━━━━━━━━━━━━━━━━

キャンセルを希望される場合は事前に『必ず』ご連絡ください。


━━━━━━━━━━━━━━━━
%event_name%運営事務局
%from_mail%
━━━━━━━━━━━━━━━━","","あと30分で開始します。

今日ここで、AIの情報収集から「自分の事業を作る側」へ進みたい方はご参加ください。
[申込URL]","https://utage-system.com/account/Y86og5tIw1hZ/scenario/k6xTtx6rInVq/reminder/Dn4tac7u9S6t/edit","Dn4tac7u9S6t"
"YouTube_さとり","REVIEW_YouTube_さとり_20260810","106","稼働中","メッセージ","8","AIでひとり起業リマインダ（選択した日程基準）","OWXIVcHMLYKo","第1または第2日程の申込完了者。選択した開催日時を基準に配信。面談予約完了／面談済み／営業停止は除外。","3日前の 10:00","LINE","リマインダ配信","SEM-B01（開催3日前10:00）","","【LINEメッセージ 1／text】
開催まであと3日です😊

AIを学ぶだけでなく、自分の商品・集客・販売につなげる全体像を、Zoomライブでお伝えしますね🙌

日時：7月30日(木) 20:00〜✨","","","","","第1または第2日程の申込完了者。選択した開催日時を基準に配信。面談予約完了／面談済み／営業停止は除外。","","配信基準=イベント参加日時。本文N/O/PとUTAGE編集URLは後続列に保持。","","","本文内定義","","YouTube正本を独自リライトしない。ステータスが廃止対象または旧読者のみの場合は新規実装しない。","【LINEメッセージ 1／text】
開催まであと3日です😊

AIを学ぶだけでなく、自分の商品・集客・販売につなげる全体像を、Zoomライブでお伝えしますね🙌

日時：7月30日(木) 20:00〜✨","開催まであと3日です😊

AIを学ぶだけでなく、自分の商品・集客・販売につなげる全体像を、Zoomライブでお伝えしますね🙌

日時：7月30日(木) 20:00〜✨","まもなく開始します。申込受付は開始3分前までです。

迷っていた方は、こちらが最後のご案内です。
[申込URL]","https://utage-system.com/account/Y86og5tIw1hZ/scenario/k6xTtx6rInVq/reminder/line/OWXIVcHMLYKo/edit","OWXIVcHMLYKo"
"YouTube_さとり","REVIEW_YouTube_さとり_20260810","107","稼働中","メッセージ","8","AIでひとり起業リマインダ（選択した日程基準）","9sihvptXzwte","第1または第2日程の申込完了者。選択した開催日時を基準に配信。面談予約完了／面談済み／営業停止は除外。","3日前の 20:00","LINE","リマインダ配信","SEM-B02（開催3日前20:00）","","【LINEメッセージ 1／text】
「自分には売れるものがない」と感じていても、大丈夫。最初から完成した答えを持っている必要はないんですよ😌

経験・得意・興味をAIと一緒に掘り下げて、事業テーマの候補を作るところから始められます😊👇

────────────

【LINEメッセージ 2／button】
{
  ""alt_text"": ""【無料セミナー】AIでひとり起業攻略法のご案内"",
  ""react_type"": ""free"",
  ""react_press_again_text"": null,
  ""thumbnail_image_url"": null,
  ""title"": ""AIでひとり起業攻略法"",
  ""text"": ""7/30(木)20:00〜・Zoomライブ"",
  ""actions"": [
    {
      ""type"": ""url"",
      ""label"": ""セミナーに申し込む"",
      ""uri"": ""https://utage-system.com/event/uxPuWYWcc1DD/register"",
      ""add_label_id"": null,
      ""del_label_id"": null
    }
  ]
}","","","","","第1または第2日程の申込完了者。選択した開催日時を基準に配信。面談予約完了／面談済み／営業停止は除外。","","配信基準=イベント参加日時。本文N/O/PとUTAGE編集URLは後続列に保持。","","","本文内定義","","YouTube正本を独自リライトしない。ステータスが廃止対象または旧読者のみの場合は新規実装しない。","【LINEメッセージ 1／text】
「自分には売れるものがない」と感じていても、大丈夫。最初から完成した答えを持っている必要はないんですよ😌

経験・得意・興味をAIと一緒に掘り下げて、事業テーマの候補を作るところから始められます😊👇

────────────

【LINEメッセージ 2／button】
{
  ""alt_text"": ""【無料セミナー】AIでひとり起業攻略法のご案内"",
  ""react_type"": ""free"",
  ""react_press_again_text"": null,
  ""thumbnail_image_url"": null,
  ""title"": ""AIでひとり起業攻略法"",
  ""text"": ""7/30(木)20:00〜・Zoomライブ"",
  ""actions"": [
    {
      ""type"": ""url"",
      ""label"": ""セミナーに申し込む"",
      ""uri"": ""https://utage-system.com/event/uxPuWYWcc1DD/register"",
      ""add_label_id"": null,
      ""del_label_id"": null
    }
  ]
}","「自分には売れるものがない」と感じていても、大丈夫。最初から完成した答えを持っている必要はないんですよ😌

経験・得意・興味をAIと一緒に掘り下げて、事業テーマの候補を作るところから始められます😊👇","[name]さん、お申し込みありがとうございます。

AIでひとり起業攻略法
日時：[セミナー日時]
形式：Zoomライブ
参加URL：[参加URL]

当日は開始３分前からお入りください。","https://utage-system.com/account/Y86og5tIw1hZ/scenario/k6xTtx6rInVq/reminder/line/9sihvptXzwte/edit","9sihvptXzwte"
"YouTube_さとり","REVIEW_YouTube_さとり_20260810","108","稼働中","メッセージ","8","AIでひとり起業リマインダ（選択した日程基準）","7GLrzdEk8FbV","第1または第2日程の申込完了者。選択した開催日時を基準に配信。面談予約完了／面談済み／営業停止は除外。","2日前の 10:00","LINE","リマインダ配信","SEM-B03（開催2日前10:00）","","【LINEメッセージ 1／text】
開催まであと2日です⏰

こんな方にぴったりですよ😊
・AIを仕事や副業につなげたい
・自分の商品を作りたい
・発信しても何を売ればいいか分からない
・一人で回せる仕組みを作りたい🔥","","","","","第1または第2日程の申込完了者。選択した開催日時を基準に配信。面談予約完了／面談済み／営業停止は除外。","","配信基準=イベント参加日時。本文N/O/PとUTAGE編集URLは後続列に保持。","","","本文内定義","","YouTube正本を独自リライトしない。ステータスが廃止対象または旧読者のみの場合は新規実装しない。","【LINEメッセージ 1／text】
開催まであと2日です⏰

こんな方にぴったりですよ😊
・AIを仕事や副業につなげたい
・自分の商品を作りたい
・発信しても何を売ればいいか分からない
・一人で回せる仕組みを作りたい🔥","開催まであと2日です⏰

こんな方にぴったりですよ😊
・AIを仕事や副業につなげたい
・自分の商品を作りたい
・発信しても何を売ればいいか分からない
・一人で回せる仕組みを作りたい🔥","開催1週間前になりました。

AIで何を学ぶかだけでなく、自分は何を事業にするかを考える時間にします。カレンダーに予定が入っているかご確認ください。

[参加URL]","https://utage-system.com/account/Y86og5tIw1hZ/scenario/k6xTtx6rInVq/reminder/line/7GLrzdEk8FbV/edit","7GLrzdEk8FbV"
"YouTube_さとり","REVIEW_YouTube_さとり_20260810","109","稼働中","メッセージ","8","AIでひとり起業リマインダ（選択した日程基準）","SxUMQUpRWqbO","第1または第2日程の申込完了者。選択した開催日時を基準に配信。面談予約完了／面談済み／営業停止は除外。","2日前の 20:00","LINE","リマインダ配信","SEM-B04（開催2日前20:00）","","【LINEメッセージ 1／text】
知識より、順番なんです💡

事業テーマ、商品、集客、販売。この順番がバラバラだと、AIを使っても動きは止まっちゃうんですよね😌 セミナーで、一本のロードマップとして一緒に整理していきましょう😊📣","","","","","第1または第2日程の申込完了者。選択した開催日時を基準に配信。面談予約完了／面談済み／営業停止は除外。","","配信基準=イベント参加日時。本文N/O/PとUTAGE編集URLは後続列に保持。","","","本文内定義","","YouTube正本を独自リライトしない。ステータスが廃止対象または旧読者のみの場合は新規実装しない。","【LINEメッセージ 1／text】
知識より、順番なんです💡

事業テーマ、商品、集客、販売。この順番がバラバラだと、AIを使っても動きは止まっちゃうんですよね😌 セミナーで、一本のロードマップとして一緒に整理していきましょう😊📣","知識より、順番なんです💡

事業テーマ、商品、集客、販売。この順番がバラバラだと、AIを使っても動きは止まっちゃうんですよね😌 セミナーで、一本のロードマップとして一緒に整理していきましょう😊📣","あと3日です。

当日は、今の仕事・得意なこと・興味を自分なりに思い浮かべておくと、内容をより自分事にできます。資料の準備は不要です。","https://utage-system.com/account/Y86og5tIw1hZ/scenario/k6xTtx6rInVq/reminder/line/SxUMQUpRWqbO/edit","SxUMQUpRWqbO"
"YouTube_さとり","REVIEW_YouTube_さとり_20260810","110","稼働中","メッセージ","8","AIでひとり起業リマインダ（選択した日程基準）","Ml3G0kXISlpu","第1または第2日程の申込完了者。選択した開催日時を基準に配信。面談予約完了／面談済み／営業停止は除外。","1日前の 8:00","メール","リマインダ配信","開催前日","【明日開催】%event_name%","%name% 様

この度は
%event_name%
にお申込み頂きありがとうございます。

開催前日になりましたので
リマインドをさせて頂きます。

■　お申込者情報
━━━━━━━━━━━━━━━━

お名前：%name%
メールアドレス：%mail%
電話番号：%phone%


■　開催日時・会場
━━━━━━━━━━━━━━━━

%event_info%


■　キャンセルについて
━━━━━━━━━━━━━━━━

キャンセルを希望される場合は事前に『必ず』ご連絡ください。


━━━━━━━━━━━━━━━━
%event_name%運営事務局
%from_mail%
━━━━━━━━━━━━━━━━","","","","","第1または第2日程の申込完了者。選択した開催日時を基準に配信。面談予約完了／面談済み／営業停止は除外。","","配信基準=イベント参加日時。本文N/O/PとUTAGE編集URLは後続列に保持。","","","本文内定義","","YouTube正本を独自リライトしない。ステータスが廃止対象または旧読者のみの場合は新規実装しない。","%name% 様

この度は
%event_name%
にお申込み頂きありがとうございます。

開催前日になりましたので
リマインドをさせて頂きます。

■　お申込者情報
━━━━━━━━━━━━━━━━

お名前：%name%
メールアドレス：%mail%
電話番号：%phone%


■　開催日時・会場
━━━━━━━━━━━━━━━━

%event_info%


■　キャンセルについて
━━━━━━━━━━━━━━━━

キャンセルを希望される場合は事前に『必ず』ご連絡ください。


━━━━━━━━━━━━━━━━
%event_name%運営事務局
%from_mail%
━━━━━━━━━━━━━━━━","","明日開催

AIでひとり起業攻略法
[セミナー日時]

参加URL：[参加URL]
ライブでお会いできるのを楽しみにしています。","https://utage-system.com/account/Y86og5tIw1hZ/scenario/k6xTtx6rInVq/reminder/Ml3G0kXISlpu/edit","Ml3G0kXISlpu"
"YouTube_さとり","REVIEW_YouTube_さとり_20260810","111","稼働中","メッセージ","8","AIでひとり起業リマインダ（選択した日程基準）","P3YNIZDP42tl","第1または第2日程の申込完了者。選択した開催日時を基準に配信。面談予約完了／面談済み／営業停止は除外。","1日前の 9:00","LINE","リマインダ配信","SEM-B05（開催前日09:00）","","【LINEメッセージ 1／text】
いよいよ明日開催です🎉

AIでひとり起業攻略法
7月30日(木) 20:00〜／Zoomライブ

申込は名前とメールアドレスの2項目だけでサクッと完了しますよ😊✨","","","","","第1または第2日程の申込完了者。選択した開催日時を基準に配信。面談予約完了／面談済み／営業停止は除外。","","配信基準=イベント参加日時。本文N/O/PとUTAGE編集URLは後続列に保持。","","","本文内定義","","YouTube正本を独自リライトしない。ステータスが廃止対象または旧読者のみの場合は新規実装しない。","【LINEメッセージ 1／text】
いよいよ明日開催です🎉

AIでひとり起業攻略法
7月30日(木) 20:00〜／Zoomライブ

申込は名前とメールアドレスの2項目だけでサクッと完了しますよ😊✨","いよいよ明日開催です🎉

AIでひとり起業攻略法
7月30日(木) 20:00〜／Zoomライブ

申込は名前とメールアドレスの2項目だけでサクッと完了しますよ😊✨","[name]さん、本日開催です。

開始時刻になりましたら、こちらからZoomへお入りください。
[参加URL]

落ち着いて参加できる場所と、メモをご用意ください。","https://utage-system.com/account/Y86og5tIw1hZ/scenario/k6xTtx6rInVq/reminder/line/P3YNIZDP42tl/edit","P3YNIZDP42tl"
"YouTube_さとり","REVIEW_YouTube_さとり_20260810","112","稼働中","メッセージ","8","AIでひとり起業リマインダ（選択した日程基準）","NLOMhG84Ci6Q","第1または第2日程の申込完了者。選択した開催日時を基準に配信。面談予約完了／面談済み／営業停止は除外。","1日前の 15:00","LINE","リマインダ配信","SEM-B06（開催前日15:00）","","【LINEメッセージ 1／text】
AIを使えば、作業時間はぐっと短くできます🚀

ただ、「誰に何を届けるか」という判断が曖昧なままだと、作業が速くなっても事業にはならないんですよね😌 明日は、その設計部分を中心にお話ししますね😊👇

────────────

【LINEメッセージ 2／button】
{
  ""alt_text"": ""【無料セミナー】明日開催・AIでひとり起業攻略法"",
  ""react_type"": ""free"",
  ""react_press_again_text"": null,
  ""thumbnail_image_url"": null,
  ""title"": ""AIでひとり起業攻略法"",
  ""text"": ""7/30(木)20:00〜・Zoomライブ"",
  ""actions"": [
    {
      ""type"": ""url"",
      ""label"": ""セミナーに申し込む"",
      ""uri"": ""https://utage-system.com/event/uxPuWYWcc1DD/register"",
      ""add_label_id"": null,
      ""del_label_id"": null
    }
  ]
}","","","","","第1または第2日程の申込完了者。選択した開催日時を基準に配信。面談予約完了／面談済み／営業停止は除外。","","配信基準=イベント参加日時。本文N/O/PとUTAGE編集URLは後続列に保持。","","","本文内定義","","YouTube正本を独自リライトしない。ステータスが廃止対象または旧読者のみの場合は新規実装しない。","【LINEメッセージ 1／text】
AIを使えば、作業時間はぐっと短くできます🚀

ただ、「誰に何を届けるか」という判断が曖昧なままだと、作業が速くなっても事業にはならないんですよね😌 明日は、その設計部分を中心にお話ししますね😊👇

────────────

【LINEメッセージ 2／button】
{
  ""alt_text"": ""【無料セミナー】明日開催・AIでひとり起業攻略法"",
  ""react_type"": ""free"",
  ""react_press_again_text"": null,
  ""thumbnail_image_url"": null,
  ""title"": ""AIでひとり起業攻略法"",
  ""text"": ""7/30(木)20:00〜・Zoomライブ"",
  ""actions"": [
    {
      ""type"": ""url"",
      ""label"": ""セミナーに申し込む"",
      ""uri"": ""https://utage-system.com/event/uxPuWYWcc1DD/register"",
      ""add_label_id"": null,
      ""del_label_id"": null
    }
  ]
}","AIを使えば、作業時間はぐっと短くできます🚀

ただ、「誰に何を届けるか」という判断が曖昧なままだと、作業が速くなっても事業にはならないんですよね😌 明日は、その設計部分を中心にお話ししますね😊👇","開始まであと3時間です。

[セミナー日時]
Zoom：[参加URL]

参加URLを今のうちに開けるか確認しておくと安心です。","https://utage-system.com/account/Y86og5tIw1hZ/scenario/k6xTtx6rInVq/reminder/line/NLOMhG84Ci6Q/edit","NLOMhG84Ci6Q"
"YouTube_さとり","REVIEW_YouTube_さとり_20260810","113","稼働中","メッセージ","8","AIでひとり起業リマインダ（選択した日程基準）","J4IfqonkEI86","第1または第2日程の申込完了者。選択した開催日時を基準に配信。面談予約完了／面談済み／営業停止は除外。","1日前の 21:00","LINE","リマインダ配信","SEM-B07（開催前日21:00）","","【LINEメッセージ 1／text】
%line_name%さん、明日の予定は空けられそうですか？😊

ライブで受けるからこそ、その場で自分の現状と照らし合わせられますよ💬 参加される方は、今夜のうちに登録を済ませておいてくださいね🔥","","","","","第1または第2日程の申込完了者。選択した開催日時を基準に配信。面談予約完了／面談済み／営業停止は除外。","","配信基準=イベント参加日時。本文N/O/PとUTAGE編集URLは後続列に保持。","","","本文内定義","","YouTube正本を独自リライトしない。ステータスが廃止対象または旧読者のみの場合は新規実装しない。","【LINEメッセージ 1／text】
%line_name%さん、明日の予定は空けられそうですか？😊

ライブで受けるからこそ、その場で自分の現状と照らし合わせられますよ💬 参加される方は、今夜のうちに登録を済ませておいてくださいね🔥","%line_name%さん、明日の予定は空けられそうですか？😊

ライブで受けるからこそ、その場で自分の現状と照らし合わせられますよ💬 参加される方は、今夜のうちに登録を済ませておいてくださいね🔥","あと30分で開始します。

こちらのZoomからご参加ください。
[参加URL]

開始３分前を目安にお入りください。","https://utage-system.com/account/Y86og5tIw1hZ/scenario/k6xTtx6rInVq/reminder/line/J4IfqonkEI86/edit","J4IfqonkEI86"
"YouTube_さとり","REVIEW_YouTube_さとり_20260810","114","稼働中","メッセージ","8","AIでひとり起業リマインダ（選択した日程基準）","eBdgYPhuuHDS","第1または第2日程の申込完了者。選択した開催日時を基準に配信。面談予約完了／面談済み／営業停止は除外。","当日の 8:00","メール","リマインダ配信","開催当日","【本日開催】%event_name%","%name% 様

この度は
%event_name%
にお申込み頂きありがとうございます。

開催当日になりましたので
リマインドをさせて頂きます。

■　お申込者情報
━━━━━━━━━━━━━━━━

お名前：%name%
メールアドレス：%mail%
電話番号：%phone%


■　開催日時・会場
━━━━━━━━━━━━━━━━

%event_info%


■　キャンセルについて
━━━━━━━━━━━━━━━━

キャンセルを希望される場合は事前に『必ず』ご連絡ください。


━━━━━━━━━━━━━━━━
%event_name%運営事務局
%from_mail%
━━━━━━━━━━━━━━━━","","","","","第1または第2日程の申込完了者。選択した開催日時を基準に配信。面談予約完了／面談済み／営業停止は除外。","","配信基準=イベント参加日時。本文N/O/PとUTAGE編集URLは後続列に保持。","","","本文内定義","","YouTube正本を独自リライトしない。ステータスが廃止対象または旧読者のみの場合は新規実装しない。","%name% 様

この度は
%event_name%
にお申込み頂きありがとうございます。

開催当日になりましたので
リマインドをさせて頂きます。

■　お申込者情報
━━━━━━━━━━━━━━━━

お名前：%name%
メールアドレス：%mail%
電話番号：%phone%


■　開催日時・会場
━━━━━━━━━━━━━━━━

%event_info%


■　キャンセルについて
━━━━━━━━━━━━━━━━

キャンセルを希望される場合は事前に『必ず』ご連絡ください。


━━━━━━━━━━━━━━━━
%event_name%運営事務局
%from_mail%
━━━━━━━━━━━━━━━━","","ただいま開始しました。

まだ間に合います。こちらからZoomへお入りください。
[参加URL]","https://utage-system.com/account/Y86og5tIw1hZ/scenario/k6xTtx6rInVq/reminder/eBdgYPhuuHDS/edit","eBdgYPhuuHDS"
"YouTube_さとり","REVIEW_YouTube_さとり_20260810","115","稼働中","メッセージ","8","AIでひとり起業リマインダ（選択した日程基準）","1t46K2YxFytZ","第1または第2日程の申込完了者。選択した開催日時を基準に配信。面談予約完了／面談済み／営業停止は除外。","当日の 9:00","LINE","リマインダ配信","SEM-B08（開催当日09:00）","","【LINEメッセージ 1／text】
いよいよ本日開催です🎉

AIでひとり起業攻略法
7月30日(木) 20:00〜／Zoom

AIを自分の事業へつなぐ道筋を、今日のライブで一緒に整理していきましょう😊📣","","","","","第1または第2日程の申込完了者。選択した開催日時を基準に配信。面談予約完了／面談済み／営業停止は除外。","","配信基準=イベント参加日時。本文N/O/PとUTAGE編集URLは後続列に保持。","","","本文内定義","","YouTube正本を独自リライトしない。ステータスが廃止対象または旧読者のみの場合は新規実装しない。","【LINEメッセージ 1／text】
いよいよ本日開催です🎉

AIでひとり起業攻略法
7月30日(木) 20:00〜／Zoom

AIを自分の事業へつなぐ道筋を、今日のライブで一緒に整理していきましょう😊📣","いよいよ本日開催です🎉

AIでひとり起業攻略法
7月30日(木) 20:00〜／Zoom

AIを自分の事業へつなぐ道筋を、今日のライブで一緒に整理していきましょう😊📣","[name]さん

すやです。
AIでひとり起業攻略法 へお申し込みいただき、ありがとうございます。

【開催日時】[セミナー日時]
【形式】Zoomライブ
【参加URL】[参加URL]

当日は開始３分前を目安にZoomへお入りください。AIを使って自分に合う事業テーマを見つけ、商品づくり・集客・販売までをどうつなぐか、全体像をお伝えします。

このメールは当日まで保存してください。

すや","https://utage-system.com/account/Y86og5tIw1hZ/scenario/k6xTtx6rInVq/reminder/line/1t46K2YxFytZ/edit","1t46K2YxFytZ"
"YouTube_さとり","REVIEW_YouTube_さとり_20260810","116","稼働中","メッセージ","8","AIでひとり起業リマインダ（選択した日程基準）","eEW6iUHnTRoG","第1または第2日程の申込完了者。選択した開催日時を基準に配信。面談予約完了／面談済み／営業停止は除外。","3時間 前","LINE","リマインダ配信","SEM-B09（開始3時間前）","","【LINEメッセージ 1／text】
開始まであと3時間です⏰

まだ申込は間に合いますよ😊 名前とメールアドレスを入力すると、参加用のZoom URLが届きます👇

────────────

【LINEメッセージ 2／button】
{
  ""alt_text"": ""【無料セミナー】本日20:00〜・申込受付中"",
  ""react_type"": ""free"",
  ""react_press_again_text"": null,
  ""thumbnail_image_url"": null,
  ""title"": ""AIでひとり起業攻略法"",
  ""text"": ""本日20:00〜・Zoomライブ"",
  ""actions"": [
    {
      ""type"": ""url"",
      ""label"": ""セミナーに申し込む"",
      ""uri"": ""https://utage-system.com/event/uxPuWYWcc1DD/register"",
      ""add_label_id"": null,
      ""del_label_id"": null
    }
  ]
}","","","","","第1または第2日程の申込完了者。選択した開催日時を基準に配信。面談予約完了／面談済み／営業停止は除外。","","配信基準=イベント参加日時。本文N/O/PとUTAGE編集URLは後続列に保持。","","","本文内定義","","YouTube正本を独自リライトしない。ステータスが廃止対象または旧読者のみの場合は新規実装しない。","【LINEメッセージ 1／text】
開始まであと3時間です⏰

まだ申込は間に合いますよ😊 名前とメールアドレスを入力すると、参加用のZoom URLが届きます👇

────────────

【LINEメッセージ 2／button】
{
  ""alt_text"": ""【無料セミナー】本日20:00〜・申込受付中"",
  ""react_type"": ""free"",
  ""react_press_again_text"": null,
  ""thumbnail_image_url"": null,
  ""title"": ""AIでひとり起業攻略法"",
  ""text"": ""本日20:00〜・Zoomライブ"",
  ""actions"": [
    {
      ""type"": ""url"",
      ""label"": ""セミナーに申し込む"",
      ""uri"": ""https://utage-system.com/event/uxPuWYWcc1DD/register"",
      ""add_label_id"": null,
      ""del_label_id"": null
    }
  ]
}","開始まであと3時間です⏰

まだ申込は間に合いますよ😊 名前とメールアドレスを入力すると、参加用のZoom URLが届きます👇","[name]さん

すやです。明日はいよいよ AIでひとり起業攻略法 の開催日です。

【開催日時】[セミナー日時]
【参加URL】[参加URL]

事前課題はありません。今の仕事、得意なこと、これから作ってみたいものを少し思い浮かべておくと、内容を自分に当てはめやすくなります。

Zoomでお会いできるのを楽しみにしています。

すや","https://utage-system.com/account/Y86og5tIw1hZ/scenario/k6xTtx6rInVq/reminder/line/eEW6iUHnTRoG/edit","eEW6iUHnTRoG"
"YouTube_さとり","REVIEW_YouTube_さとり_20260810","117","稼働中","メッセージ","8","AIでひとり起業リマインダ（選択した日程基準）","hRspe99qRdRB","第1または第2日程の申込完了者。選択した開催日時を基準に配信。面談予約完了／面談済み／営業停止は除外。","1時間 前","メール","リマインダ配信","開催60分前","【開催60分前】%event_name%","%name% 様

この度は
%event_name%
にお申込み頂きありがとうございます。

開催60分前になりましたので
リマインドをさせて頂きます。

■　お申込者情報
━━━━━━━━━━━━━━━━

お名前：%name%
メールアドレス：%mail%
電話番号：%phone%


■　開催日時・会場
━━━━━━━━━━━━━━━━

%event_info%


■　キャンセルについて
━━━━━━━━━━━━━━━━

キャンセルを希望される場合は事前に『必ず』ご連絡ください。


━━━━━━━━━━━━━━━━
%event_name%運営事務局
%from_mail%
━━━━━━━━━━━━━━━━","","","","","第1または第2日程の申込完了者。選択した開催日時を基準に配信。面談予約完了／面談済み／営業停止は除外。","","配信基準=イベント参加日時。本文N/O/PとUTAGE編集URLは後続列に保持。","","","本文内定義","","YouTube正本を独自リライトしない。ステータスが廃止対象または旧読者のみの場合は新規実装しない。","%name% 様

この度は
%event_name%
にお申込み頂きありがとうございます。

開催60分前になりましたので
リマインドをさせて頂きます。

■　お申込者情報
━━━━━━━━━━━━━━━━

お名前：%name%
メールアドレス：%mail%
電話番号：%phone%


■　開催日時・会場
━━━━━━━━━━━━━━━━

%event_info%


■　キャンセルについて
━━━━━━━━━━━━━━━━

キャンセルを希望される場合は事前に『必ず』ご連絡ください。


━━━━━━━━━━━━━━━━
%event_name%運営事務局
%from_mail%
━━━━━━━━━━━━━━━━","","[name]さん

すやです。AIでひとり起業攻略法 は1時間後に開始します。

【日時】[セミナー日時]
【Zoom】[参加URL]

開始３分前を目安にお入りください。接続が不安な場合は、今のうちにURLが開くか確認しておくと安心です。

それでは後ほどお会いしましょう。

すや","https://utage-system.com/account/Y86og5tIw1hZ/scenario/k6xTtx6rInVq/reminder/hRspe99qRdRB/edit","hRspe99qRdRB"
"YouTube_さとり","REVIEW_YouTube_さとり_20260810","118","稼働中","メッセージ","8","AIでひとり起業リマインダ（選択した日程基準）","siHNqgx45bVs","第1または第2日程の申込完了者。選択した開催日時を基準に配信。面談予約完了／面談済み／営業停止は除外。","30分 前","LINE","リマインダ配信","SEM-B10（開始30分前）","","【LINEメッセージ 1／text】
あと３０分で開始します⏰

今日ここで、AIの情報収集から「自分の事業を作る側」へ進みたい方は、ぜひご参加くださいね😊🎥","","","","","第1または第2日程の申込完了者。選択した開催日時を基準に配信。面談予約完了／面談済み／営業停止は除外。","","配信基準=イベント参加日時。本文N/O/PとUTAGE編集URLは後続列に保持。","","","本文内定義","","YouTube正本を独自リライトしない。ステータスが廃止対象または旧読者のみの場合は新規実装しない。","【LINEメッセージ 1／text】
あと３０分で開始します⏰

今日ここで、AIの情報収集から「自分の事業を作る側」へ進みたい方は、ぜひご参加くださいね😊🎥","あと３０分で開始します⏰

今日ここで、AIの情報収集から「自分の事業を作る側」へ進みたい方は、ぜひご参加くださいね😊🎥","[name]さん

すやです。昨日の AIでひとり起業攻略法 について、見逃した方・もう一度確認したい方向けに、内容を3日間だけ公開します。

【視聴ページ】[VSLURL]
【公開終了】[VSL終了日時]

AIを使ったテーマ選びから商品・集客・販売まで、途中で止めずに一本の流れとして確認してください。視聴後、スクールに興味がある方は AIひとり起業ロードマップ作成会 を予約できます。

すや","https://utage-system.com/account/Y86og5tIw1hZ/scenario/k6xTtx6rInVq/reminder/line/siHNqgx45bVs/edit","siHNqgx45bVs"
"YouTube_さとり","REVIEW_YouTube_さとり_20260810","119","稼働中","メッセージ","8","AIでひとり起業リマインダ（選択した日程基準）","V2eXqcNB22PM","第1または第2日程の申込完了者。選択した開催日時を基準に配信。面談予約完了／面談済み／営業停止は除外。","10分 前","LINE","リマインダ配信","SEM-B11（開始10分前）","","【LINEメッセージ 1／text】
まもなく開始します🎬 申込受付は開始3分前までです。

迷っていた方へ、こちらが最後のご案内ですよ😊👇

────────────

【LINEメッセージ 2／button】
{
  ""alt_text"": ""【無料セミナー】まもなく開始・最後の受付"",
  ""react_type"": ""free"",
  ""react_press_again_text"": null,
  ""thumbnail_image_url"": null,
  ""title"": ""AIでひとり起業攻略法"",
  ""text"": ""まもなく開始・受付は開始3分前まで"",
  ""actions"": [
    {
      ""type"": ""url"",
      ""label"": ""セミナーに申し込む"",
      ""uri"": ""https://utage-system.com/event/uxPuWYWcc1DD/register"",
      ""add_label_id"": null,
      ""del_label_id"": null
    }
  ]
}","","","","","第1または第2日程の申込完了者。選択した開催日時を基準に配信。面談予約完了／面談済み／営業停止は除外。","","配信基準=イベント参加日時。本文N/O/PとUTAGE編集URLは後続列に保持。","","","本文内定義","","YouTube正本を独自リライトしない。ステータスが廃止対象または旧読者のみの場合は新規実装しない。","【LINEメッセージ 1／text】
まもなく開始します🎬 申込受付は開始3分前までです。

迷っていた方へ、こちらが最後のご案内ですよ😊👇

────────────

【LINEメッセージ 2／button】
{
  ""alt_text"": ""【無料セミナー】まもなく開始・最後の受付"",
  ""react_type"": ""free"",
  ""react_press_again_text"": null,
  ""thumbnail_image_url"": null,
  ""title"": ""AIでひとり起業攻略法"",
  ""text"": ""まもなく開始・受付は開始3分前まで"",
  ""actions"": [
    {
      ""type"": ""url"",
      ""label"": ""セミナーに申し込む"",
      ""uri"": ""https://utage-system.com/event/uxPuWYWcc1DD/register"",
      ""add_label_id"": null,
      ""del_label_id"": null
    }
  ]
}","まもなく開始します🎬 申込受付は開始3分前までです。

迷っていた方へ、こちらが最後のご案内ですよ😊👇","[name]さん、本日はご参加ありがとうございました。

参加特典の 「[参加特典名]」 はこちらです。
[参加特典URL]

今日の内容を自分の場合に落とし込み、AIで何を事業にするか、商品・集客・販売をどの順番で作るかを一緒に整理したい方へ。AIひとり起業ロードマップ作成会を用意しました。Zoom30分です。スクールの案内も含みますので、興味がある方だけ日程をご覧ください。","https://utage-system.com/account/Y86og5tIw1hZ/scenario/k6xTtx6rInVq/reminder/line/V2eXqcNB22PM/edit","V2eXqcNB22PM"
"YouTube_さとり","REVIEW_YouTube_さとり_20260810","120","稼働中","メッセージ","9","ロードマップ案内_未クリック","cO2LU7CnUnkj","セミナー申込済み・面談未予約。参加／欠席は判定しない。受付は当日23:59で実際に終了。予約完了／面談済み／営業停止は除外。","申込したセミナー開催日の翌朝06:00","LINE","ステップ配信","ATT-N02","","【LINEメッセージ 1／text】
昨日のセミナー内容を「分かった」で終わらせず、自分の計画に変えたい方へ😊

AIひとり起業ロードマップ作成会 では、今の経験や得意なことをもとに、最初の商品と集客までの順番を30分で整理していきますね🎁","","","","","セミナー申込済み・面談未予約。参加／欠席は判定しない。受付は当日23:59で実際に終了。予約完了／面談済み／営業停止は除外。","","配信基準=。本文N/O/PとUTAGE編集URLは後続列に保持。","","","本文内定義","","YouTube正本を独自リライトしない。ステータスが廃止対象または旧読者のみの場合は新規実装しない。","【LINEメッセージ 1／text】
昨日のセミナー内容を「分かった」で終わらせず、自分の計画に変えたい方へ😊

AIひとり起業ロードマップ作成会 では、今の経験や得意なことをもとに、最初の商品と集客までの順番を30分で整理していきますね🎁","昨日のセミナー内容を「分かった」で終わらせず、自分の計画に変えたい方へ😊

AIひとり起業ロードマップ作成会 では、今の経験や得意なことをもとに、最初の商品と集客までの順番を30分で整理していきますね🎁","昨日のセミナー内容を「分かった」で終わらせず、自分の計画に変えたい方へ。

AIひとり起業ロードマップ作成会 では、今の経験や得意なことをもとに、最初の商品と集客までの順番を30分で整理します。","https://utage-system.com/account/Y86og5tIw1hZ/scenario/9uJfawAYUqeR/step/line/cO2LU7CnUnkj/edit","cO2LU7CnUnkj"
"YouTube_さとり","REVIEW_YouTube_さとり_20260810","121","稼働中","メッセージ","9","ロードマップ案内_未クリック","xbw9oHnCwN8w","セミナー申込済み・面談未予約。参加／欠席は判定しない。受付は当日23:59で実際に終了。予約完了／面談済み／営業停止は除外。","同日20:00","LINE","ステップ配信","ATT-N03","","【LINEメッセージ 1／text】
参加者向けのロードマップ作成会については、これで最後のご案内ですね😌

スクールに興味があって、自分の場合の進め方を直接相談したい方だけご予約くださいね。名前とメールアドレスで予約できますよ👇

────────────

【LINEメッセージ 2／button】
{
  ""alt_text"": ""【個別】ロードマップ作成会・最後のご案内"",
  ""react_type"": ""free"",
  ""react_press_again_text"": null,
  ""thumbnail_image_url"": null,
  ""title"": ""AIひとり起業ロードマップ作成会"",
  ""text"": ""これが最後のご案内・Zoom30分"",
  ""actions"": [
    {
      ""type"": ""url"",
      ""label"": ""日程を見て予約する"",
      ""uri"": ""https://utage-system.com/event/DkY6Co3mN1oB/register"",
      ""add_label_id"": null,
      ""del_label_id"": null
    }
  ]
}","[
  {
    ""url"": ""https://utage-system.com/event/DkY6Co3mN1oB/register"",
    ""action_id"": ""lMxbsrSPWV9W"",
    ""expiration_type"": ""none""
  }
]","[
  {
    ""url"": ""https://utage-system.com/event/DkY6Co3mN1oB/register"",
    ""action_id"": ""lMxbsrSPWV9W"",
    ""expiration_type"": ""none""
  }
]","","","セミナー申込済み・面談未予約。参加／欠席は判定しない。受付は当日23:59で実際に終了。予約完了／面談済み／営業停止は除外。","[
  {
    ""url"": ""https://utage-system.com/event/DkY6Co3mN1oB/register"",
    ""action_id"": ""lMxbsrSPWV9W"",
    ""expiration_type"": ""none""
  }
]","配信基準=。本文N/O/PとUTAGE編集URLは後続列に保持。","","","本文内定義","","YouTube正本を独自リライトしない。ステータスが廃止対象または旧読者のみの場合は新規実装しない。","【LINEメッセージ 1／text】
参加者向けのロードマップ作成会については、これで最後のご案内ですね😌

スクールに興味があって、自分の場合の進め方を直接相談したい方だけご予約くださいね。名前とメールアドレスで予約できますよ👇

────────────

【LINEメッセージ 2／button】
{
  ""alt_text"": ""【個別】ロードマップ作成会・最後のご案内"",
  ""react_type"": ""free"",
  ""react_press_again_text"": null,
  ""thumbnail_image_url"": null,
  ""title"": ""AIひとり起業ロードマップ作成会"",
  ""text"": ""これが最後のご案内・Zoom30分"",
  ""actions"": [
    {
      ""type"": ""url"",
      ""label"": ""日程を見て予約する"",
      ""uri"": ""https://utage-system.com/event/DkY6Co3mN1oB/register"",
      ""add_label_id"": null,
      ""del_label_id"": null
    }
  ]
}","参加者向けのロードマップ作成会については、これで最後のご案内ですね😌

スクールに興味があって、自分の場合の進め方を直接相談したい方だけご予約くださいね。名前とメールアドレスで予約できますよ👇","参加者向けのロードマップ作成会については、これで最後のご案内です。

自分の場合の進め方を直接相談したい方はぜひご予約ください。名前とメールアドレスで予約できます。

[面談予約URL]","https://utage-system.com/account/Y86og5tIw1hZ/scenario/9uJfawAYUqeR/step/line/xbw9oHnCwN8w/edit","xbw9oHnCwN8w"
"YouTube_さとり","REVIEW_YouTube_さとり_20260810","122","稼働中","メッセージ","10","ロードマップ案内_クリック済","SYNF1KACwEzd","セミナー申込済み・面談未予約。参加／欠席は判定しない。受付は当日23:59で実際に終了。予約完了／面談済み／営業停止は除外。","ページクリック15分後（同日23:59まで）","LINE","ステップ配信","ATT-C01","","【LINEメッセージ 1／text】
%line_name%さん、ロードマップ作成会の日程ページまで見てくださってありがとうございます😊

合う枠が見つからなかった場合も、時間を置くと空き状況が変わることがありますよ。もう一度こちらから確認できます(^^)","","","","","セミナー申込済み・面談未予約。参加／欠席は判定しない。受付は当日23:59で実際に終了。予約完了／面談済み／営業停止は除外。","","配信基準=。本文N/O/PとUTAGE編集URLは後続列に保持。","","","本文内定義","","YouTube正本を独自リライトしない。ステータスが廃止対象または旧読者のみの場合は新規実装しない。","【LINEメッセージ 1／text】
%line_name%さん、ロードマップ作成会の日程ページまで見てくださってありがとうございます😊

合う枠が見つからなかった場合も、時間を置くと空き状況が変わることがありますよ。もう一度こちらから確認できます(^^)","%line_name%さん、ロードマップ作成会の日程ページまで見てくださってありがとうございます😊

合う枠が見つからなかった場合も、時間を置くと空き状況が変わることがありますよ。もう一度こちらから確認できます(^^)","[name]さん、ロードマップ作成会の日程ページまでありがとうございます。

合う枠が見つからなかった場合は、時間を置くと空き状況が変わることがあります。もう一度こちらから確認できます。","https://utage-system.com/account/Y86og5tIw1hZ/scenario/WaWrM4BWtUx3/step/line/SYNF1KACwEzd/edit","SYNF1KACwEzd"
"YouTube_さとり","REVIEW_YouTube_さとり_20260810","123","稼働中","メッセージ","10","ロードマップ案内_クリック済","do913Up1Agmm","セミナー申込済み・面談未予約。参加／欠席は判定しない。受付は当日23:59で実際に終了。予約完了／面談済み／営業停止は除外。","ページクリック2時間後（同日23:59まで）","LINE","ステップ配信","ATT-C02","","【LINEメッセージ 1／text】
作成会はZoom30分です😊 事前課題はなく、予約は名前とメールアドレスだけでOKですよ。

セミナーで学んだ全体像を、あなたの経験・時間・目標に合わせて具体化していきますね✨","","","","","セミナー申込済み・面談未予約。参加／欠席は判定しない。受付は当日23:59で実際に終了。予約完了／面談済み／営業停止は除外。","","配信基準=。本文N/O/PとUTAGE編集URLは後続列に保持。","","","本文内定義","","YouTube正本を独自リライトしない。ステータスが廃止対象または旧読者のみの場合は新規実装しない。","【LINEメッセージ 1／text】
作成会はZoom30分です😊 事前課題はなく、予約は名前とメールアドレスだけでOKですよ。

セミナーで学んだ全体像を、あなたの経験・時間・目標に合わせて具体化していきますね✨","作成会はZoom30分です😊 事前課題はなく、予約は名前とメールアドレスだけでOKですよ。

セミナーで学んだ全体像を、あなたの経験・時間・目標に合わせて具体化していきますね✨","ロードマップ作成会はZoom30分です。事前課題はなく、予約は名前とメールアドレスだけ。

セミナーで学んだ全体像を、あなたの経験・時間・目標に合わせて具体化します。","https://utage-system.com/account/Y86og5tIw1hZ/scenario/WaWrM4BWtUx3/step/line/do913Up1Agmm/edit","do913Up1Agmm"
"YouTube_さとり","REVIEW_YouTube_さとり_20260810","124","稼働中","メッセージ","10","ロードマップ案内_クリック済","UQK3EIApCLhQ","セミナー申込済み・面談未予約。参加／欠席は判定しない。受付は当日23:59で実際に終了。予約完了／面談済み／営業停止は除外。","ページクリック5時間後（同日23:59まで）","LINE","ステップ配信","ATT-C03","","【LINEメッセージ 1／text】
「まだ商品も発信テーマも決まっていない」という状態でも大丈夫ですよ😌

何を作るかを決めるところからロードマップにしていきますね。スクールの説明も行うので、受講に関心がある方に向いた会です👇

────────────

【LINEメッセージ 2／button】
{
  ""alt_text"": ""【個別】AIひとり起業ロードマップ作成会のご案内"",
  ""react_type"": ""free"",
  ""react_press_again_text"": null,
  ""thumbnail_image_url"": null,
  ""title"": ""AIひとり起業ロードマップ作成会"",
  ""text"": ""Zoom30分・名前とメールだけで予約OK"",
  ""actions"": [
    {
      ""type"": ""url"",
      ""label"": ""日程を見て予約する"",
      ""uri"": ""https://utage-system.com/event/DkY6Co3mN1oB/register"",
      ""add_label_id"": null,
      ""del_label_id"": null
    }
  ]
}","[
  {
    ""url"": ""https://utage-system.com/event/DkY6Co3mN1oB/register"",
    ""action_id"": ""lMxbsrSPWV9W"",
    ""expiration_type"": ""none""
  }
]","[
  {
    ""url"": ""https://utage-system.com/event/DkY6Co3mN1oB/register"",
    ""action_id"": ""lMxbsrSPWV9W"",
    ""expiration_type"": ""none""
  }
]","","","セミナー申込済み・面談未予約。参加／欠席は判定しない。受付は当日23:59で実際に終了。予約完了／面談済み／営業停止は除外。","[
  {
    ""url"": ""https://utage-system.com/event/DkY6Co3mN1oB/register"",
    ""action_id"": ""lMxbsrSPWV9W"",
    ""expiration_type"": ""none""
  }
]","配信基準=。本文N/O/PとUTAGE編集URLは後続列に保持。","","","本文内定義","","YouTube正本を独自リライトしない。ステータスが廃止対象または旧読者のみの場合は新規実装しない。","【LINEメッセージ 1／text】
「まだ商品も発信テーマも決まっていない」という状態でも大丈夫ですよ😌

何を作るかを決めるところからロードマップにしていきますね。スクールの説明も行うので、受講に関心がある方に向いた会です👇

────────────

【LINEメッセージ 2／button】
{
  ""alt_text"": ""【個別】AIひとり起業ロードマップ作成会のご案内"",
  ""react_type"": ""free"",
  ""react_press_again_text"": null,
  ""thumbnail_image_url"": null,
  ""title"": ""AIひとり起業ロードマップ作成会"",
  ""text"": ""Zoom30分・名前とメールだけで予約OK"",
  ""actions"": [
    {
      ""type"": ""url"",
      ""label"": ""日程を見て予約する"",
      ""uri"": ""https://utage-system.com/event/DkY6Co3mN1oB/register"",
      ""add_label_id"": null,
      ""del_label_id"": null
    }
  ]
}","「まだ商品も発信テーマも決まっていない」という状態でも大丈夫ですよ😌

何を作るかを決めるところからロードマップにしていきますね。スクールの説明も行うので、受講に関心がある方に向いた会です👇","「まだ商品も発信テーマも決まっていない」という状態で大丈夫です。

何を作るかを決めるところからロードマップにします。AI未経験者、初心者でも全く問題ございません。
[面談予約URL]","https://utage-system.com/account/Y86og5tIw1hZ/scenario/WaWrM4BWtUx3/step/line/UQK3EIApCLhQ/edit","UQK3EIApCLhQ"
"YouTube_さとり","REVIEW_YouTube_さとり_20260810","125","稼働中","メッセージ","10","ロードマップ案内_クリック済","DqIbgdnGuXWJ","セミナー申込済み・面談未予約。参加／欠席は判定しない。受付は当日23:59で実際に終了。予約完了／面談済み／営業停止は除外。","ページクリック10時間後（同日23:59まで）","LINE","ステップ配信","ATT-C04","","【LINEメッセージ 1／text】
セミナーの熱があるうちに、次の一歩を決めちゃいましょう😊

一人で考えて止まりそうなら、30分で優先順位を整理しましょうね(^^)","","","","","セミナー申込済み・面談未予約。参加／欠席は判定しない。受付は当日23:59で実際に終了。予約完了／面談済み／営業停止は除外。","","配信基準=。本文N/O/PとUTAGE編集URLは後続列に保持。","","","本文内定義","","YouTube正本を独自リライトしない。ステータスが廃止対象または旧読者のみの場合は新規実装しない。","【LINEメッセージ 1／text】
セミナーの熱があるうちに、次の一歩を決めちゃいましょう😊

一人で考えて止まりそうなら、30分で優先順位を整理しましょうね(^^)","セミナーの熱があるうちに、次の一歩を決めちゃいましょう😊

一人で考えて止まりそうなら、30分で優先順位を整理しましょうね(^^)","セミナーの熱があるうちに、次の一歩を決める。

一人で考えて止まりそうなら、30分で優先順位を整理しましょう。","https://utage-system.com/account/Y86og5tIw1hZ/scenario/WaWrM4BWtUx3/step/line/DqIbgdnGuXWJ/edit","DqIbgdnGuXWJ"
"YouTube_さとり","REVIEW_YouTube_さとり_20260810","126","稼働中","メッセージ","10","ロードマップ案内_クリック済","R6S0f0lJiip5","セミナー申込済み・面談未予約。参加／欠席は判定しない。受付は当日23:59で実際に終了。予約完了／面談済み／営業停止は除外。","同日12:00（未経過時のみ）","LINE","ステップ配信","ATT-C05","","【LINEメッセージ 1／text】
%line_name%さん、昨日ページを見て迷っていた方へ😌

作成会で決めるのは、いきなり受講するかどうかだけではないんです。まず「自分に合う事業テーマと進め方」を一緒に確認していきますね🙌","","","","","セミナー申込済み・面談未予約。参加／欠席は判定しない。受付は当日23:59で実際に終了。予約完了／面談済み／営業停止は除外。","","配信基準=。本文N/O/PとUTAGE編集URLは後続列に保持。","","","本文内定義","","YouTube正本を独自リライトしない。ステータスが廃止対象または旧読者のみの場合は新規実装しない。","【LINEメッセージ 1／text】
%line_name%さん、昨日ページを見て迷っていた方へ😌

作成会で決めるのは、いきなり受講するかどうかだけではないんです。まず「自分に合う事業テーマと進め方」を一緒に確認していきますね🙌","%line_name%さん、昨日ページを見て迷っていた方へ😌

作成会で決めるのは、いきなり受講するかどうかだけではないんです。まず「自分に合う事業テーマと進め方」を一緒に確認していきますね🙌","[name]さん、昨日ページを見て迷っていた方へ。

作成会で決めるのは、いきなり受講するかどうかだけではありません。まず「自分に合う事業テーマと進め方」を一緒に確認します。","https://utage-system.com/account/Y86og5tIw1hZ/scenario/WaWrM4BWtUx3/step/line/R6S0f0lJiip5/edit","R6S0f0lJiip5"
"YouTube_さとり","REVIEW_YouTube_さとり_20260810","127","稼働中","メッセージ","10","ロードマップ案内_クリック済","nHv86RZEKktF","セミナー申込済み・面談未予約。参加／欠席は判定しない。受付は当日23:59で実際に終了。予約完了／面談済み／営業停止は除外。","同日15:00（未経過時のみ）","LINE","ステップ配信","ATT-C06","","【LINEメッセージ 1／text】
AIを使ったひとり起業では、やることを増やすより、何をやらないかまで決めることが大切なんですよ😊

今の状況から、最短の順番を一緒に組み立てていきますね💡","","","","","セミナー申込済み・面談未予約。参加／欠席は判定しない。受付は当日23:59で実際に終了。予約完了／面談済み／営業停止は除外。","","配信基準=。本文N/O/PとUTAGE編集URLは後続列に保持。","","","本文内定義","","YouTube正本を独自リライトしない。ステータスが廃止対象または旧読者のみの場合は新規実装しない。","【LINEメッセージ 1／text】
AIを使ったひとり起業では、やることを増やすより、何をやらないかまで決めることが大切なんですよ😊

今の状況から、最短の順番を一緒に組み立てていきますね💡","AIを使ったひとり起業では、やることを増やすより、何をやらないかまで決めることが大切なんですよ😊

今の状況から、最短の順番を一緒に組み立てていきますね💡","AIを使ったひとり起業では、やることを増やすより、何をやらないかまで決めることが重要です。

今の状況から、最短の順番を組み立てます。","https://utage-system.com/account/Y86og5tIw1hZ/scenario/WaWrM4BWtUx3/step/line/nHv86RZEKktF/edit","nHv86RZEKktF"
"YouTube_さとり","REVIEW_YouTube_さとり_20260810","128","稼働中","メッセージ","10","ロードマップ案内_クリック済","IHNRxZag2dSb","セミナー申込済み・面談未予約。参加／欠席は判定しない。受付は当日23:59で実際に終了。予約完了／面談済み／営業停止は除外。","同日18:00（未経過時のみ）","LINE","ステップ配信","ATT-C07","","【LINEメッセージ 1／text】
予約後に都合が変わった場合も、日程変更できるので安心してくださいね😊

時間が合うかだけでも、こちらから気軽に確認してください👇

────────────

【LINEメッセージ 2／button】
{
  ""alt_text"": ""【個別】ロードマップ作成会・予約後も日程変更OK"",
  ""react_type"": ""free"",
  ""react_press_again_text"": null,
  ""thumbnail_image_url"": null,
  ""title"": ""AIひとり起業ロードマップ作成会"",
  ""text"": ""予約後の日程変更OK・Zoom30分"",
  ""actions"": [
    {
      ""type"": ""url"",
      ""label"": ""日程を見て予約する"",
      ""uri"": ""https://utage-system.com/event/DkY6Co3mN1oB/register"",
      ""add_label_id"": null,
      ""del_label_id"": null
    }
  ]
}","[
  {
    ""url"": ""https://utage-system.com/event/DkY6Co3mN1oB/register"",
    ""action_id"": ""lMxbsrSPWV9W"",
    ""expiration_type"": ""none""
  }
]","[
  {
    ""url"": ""https://utage-system.com/event/DkY6Co3mN1oB/register"",
    ""action_id"": ""lMxbsrSPWV9W"",
    ""expiration_type"": ""none""
  }
]","","","セミナー申込済み・面談未予約。参加／欠席は判定しない。受付は当日23:59で実際に終了。予約完了／面談済み／営業停止は除外。","[
  {
    ""url"": ""https://utage-system.com/event/DkY6Co3mN1oB/register"",
    ""action_id"": ""lMxbsrSPWV9W"",
    ""expiration_type"": ""none""
  }
]","配信基準=。本文N/O/PとUTAGE編集URLは後続列に保持。","","","本文内定義","","YouTube正本を独自リライトしない。ステータスが廃止対象または旧読者のみの場合は新規実装しない。","【LINEメッセージ 1／text】
予約後に都合が変わった場合も、日程変更できるので安心してくださいね😊

時間が合うかだけでも、こちらから気軽に確認してください👇

────────────

【LINEメッセージ 2／button】
{
  ""alt_text"": ""【個別】ロードマップ作成会・予約後も日程変更OK"",
  ""react_type"": ""free"",
  ""react_press_again_text"": null,
  ""thumbnail_image_url"": null,
  ""title"": ""AIひとり起業ロードマップ作成会"",
  ""text"": ""予約後の日程変更OK・Zoom30分"",
  ""actions"": [
    {
      ""type"": ""url"",
      ""label"": ""日程を見て予約する"",
      ""uri"": ""https://utage-system.com/event/DkY6Co3mN1oB/register"",
      ""add_label_id"": null,
      ""del_label_id"": null
    }
  ]
}","予約後に都合が変わった場合も、日程変更できるので安心してくださいね😊

時間が合うかだけでも、こちらから気軽に確認してください👇","予約後に都合が変わった場合は、日程変更できます。

時間が合うかだけでも、こちらから確認してください。
[面談予約URL]","https://utage-system.com/account/Y86og5tIw1hZ/scenario/WaWrM4BWtUx3/step/line/IHNRxZag2dSb/edit","IHNRxZag2dSb"
"YouTube_さとり","REVIEW_YouTube_さとり_20260810","129","稼働中","メッセージ","10","ロードマップ案内_クリック済","hIwrgVWlkj7R","セミナー申込済み・面談未予約。参加／欠席は判定しない。受付は当日23:59で実際に終了。予約完了／面談済み／営業停止は除外。","同日20:00（未経過時のみ）","LINE","ステップ配信","ATT-C08","","【LINEメッセージ 1／text】
受付は残りわずかな時間です⏰

これは実際の受付期限に基づくご案内です。スクールの内容も聞いたうえで、自分に必要かを判断したい方はご予約くださいね😊","","","","","セミナー申込済み・面談未予約。参加／欠席は判定しない。受付は当日23:59で実際に終了。予約完了／面談済み／営業停止は除外。","","配信基準=。本文N/O/PとUTAGE編集URLは後続列に保持。","","","本文内定義","","YouTube正本を独自リライトしない。ステータスが廃止対象または旧読者のみの場合は新規実装しない。","【LINEメッセージ 1／text】
受付は残りわずかな時間です⏰

これは実際の受付期限に基づくご案内です。スクールの内容も聞いたうえで、自分に必要かを判断したい方はご予約くださいね😊","受付は残りわずかな時間です⏰

これは実際の受付期限に基づくご案内です。スクールの内容も聞いたうえで、自分に必要かを判断したい方はご予約くださいね😊","受付は残りわずかな時間です。

これは実際の受付期限に基づくご案内です。スクールの内容も聞いたうえで、自分に必要かを判断したい方はご予約ください。
[面談予約URL]","https://utage-system.com/account/Y86og5tIw1hZ/scenario/WaWrM4BWtUx3/step/line/hIwrgVWlkj7R/edit","hIwrgVWlkj7R"
"YouTube_さとり","REVIEW_YouTube_さとり_20260810","130","稼働中","メッセージ","10","ロードマップ案内_クリック済","vjWTxNc4SzJR","セミナー申込済み・面談未予約。参加／欠席は判定しない。受付は当日23:59で実際に終了。予約完了／面談済み／営業停止は除外。","同日22:00（未経過時のみ）","LINE","ステップ配信","ATT-C09","","【LINEメッセージ 1／text】
あと数時間で、今回の参加者向け案内を終了しますね⏰

考え続けるより、一度話して方向を明確にしたい方はこちらです👇

────────────

【LINEメッセージ 2／button】
{
  ""alt_text"": ""【個別】ロードマップ作成会・まもなく受付終了"",
  ""react_type"": ""free"",
  ""react_press_again_text"": null,
  ""thumbnail_image_url"": null,
  ""title"": ""AIひとり起業ロードマップ作成会"",
  ""text"": ""今回の案内はまもなく終了"",
  ""actions"": [
    {
      ""type"": ""url"",
      ""label"": ""日程を見て予約する"",
      ""uri"": ""https://utage-system.com/event/DkY6Co3mN1oB/register"",
      ""add_label_id"": null,
      ""del_label_id"": null
    }
  ]
}","[
  {
    ""url"": ""https://utage-system.com/event/DkY6Co3mN1oB/register"",
    ""action_id"": ""lMxbsrSPWV9W"",
    ""expiration_type"": ""none""
  }
]","[
  {
    ""url"": ""https://utage-system.com/event/DkY6Co3mN1oB/register"",
    ""action_id"": ""lMxbsrSPWV9W"",
    ""expiration_type"": ""none""
  }
]","","","セミナー申込済み・面談未予約。参加／欠席は判定しない。受付は当日23:59で実際に終了。予約完了／面談済み／営業停止は除外。","[
  {
    ""url"": ""https://utage-system.com/event/DkY6Co3mN1oB/register"",
    ""action_id"": ""lMxbsrSPWV9W"",
    ""expiration_type"": ""none""
  }
]","配信基準=。本文N/O/PとUTAGE編集URLは後続列に保持。","","","本文内定義","","YouTube正本を独自リライトしない。ステータスが廃止対象または旧読者のみの場合は新規実装しない。","【LINEメッセージ 1／text】
あと数時間で、今回の参加者向け案内を終了しますね⏰

考え続けるより、一度話して方向を明確にしたい方はこちらです👇

────────────

【LINEメッセージ 2／button】
{
  ""alt_text"": ""【個別】ロードマップ作成会・まもなく受付終了"",
  ""react_type"": ""free"",
  ""react_press_again_text"": null,
  ""thumbnail_image_url"": null,
  ""title"": ""AIひとり起業ロードマップ作成会"",
  ""text"": ""今回の案内はまもなく終了"",
  ""actions"": [
    {
      ""type"": ""url"",
      ""label"": ""日程を見て予約する"",
      ""uri"": ""https://utage-system.com/event/DkY6Co3mN1oB/register"",
      ""add_label_id"": null,
      ""del_label_id"": null
    }
  ]
}","あと数時間で、今回の参加者向け案内を終了しますね⏰

考え続けるより、一度話して方向を明確にしたい方はこちらです👇","あと数時間で、今回の参加者向け案内を終了します。

考え続けるより、一度話して方向を明確にしたい方はこちらです。
[面談予約URL]","https://utage-system.com/account/Y86og5tIw1hZ/scenario/WaWrM4BWtUx3/step/line/vjWTxNc4SzJR/edit","vjWTxNc4SzJR"
"YouTube_さとり","REVIEW_YouTube_さとり_20260810","131","稼働中","メッセージ","10","ロードマップ案内_クリック済","qjo7yaI34Vo1","セミナー申込済み・面談未予約。参加／欠席は判定しない。受付は当日23:59で実際に終了。予約完了／面談済み／営業停止は除外。","同日23:00（最終）","LINE","ステップ配信","ATT-C10","","【LINEメッセージ 1／text】
これで最後です🔥

AIひとり起業ロードマップ作成会 の受付をまもなく終了します。参加したい方は、今のうちに予約を完了してくださいね(^^)","","","","","セミナー申込済み・面談未予約。参加／欠席は判定しない。受付は当日23:59で実際に終了。予約完了／面談済み／営業停止は除外。","","配信基準=。本文N/O/PとUTAGE編集URLは後続列に保持。","","","本文内定義","","YouTube正本を独自リライトしない。ステータスが廃止対象または旧読者のみの場合は新規実装しない。","【LINEメッセージ 1／text】
これで最後です🔥

AIひとり起業ロードマップ作成会 の受付をまもなく終了します。参加したい方は、今のうちに予約を完了してくださいね(^^)","これで最後です🔥

AIひとり起業ロードマップ作成会 の受付をまもなく終了します。参加したい方は、今のうちに予約を完了してくださいね(^^)","これで最後です。

AIひとり起業ロードマップ作成会 の受付をまもなく終了します。参加したい方は、今のうちに予約を完了してください。","https://utage-system.com/account/Y86og5tIw1hZ/scenario/WaWrM4BWtUx3/step/line/qjo7yaI34Vo1/edit","qjo7yaI34Vo1"
"YouTube_さとり","REVIEW_YouTube_さとり_20260810","132","稼働中","メッセージ","11","VSL_未開封","erP64nKaKQfs","VSL未視聴・面談未予約。視聴開始で未視聴を停止、視聴完了で未視聴・途中を停止。予約完了／面談済み／営業停止は除外。VSL初回開始から72時間。","0日後 10:00","LINE","ステップ配信","VSL-U01","","【LINEメッセージ 1／image】
{
  ""original_content_url"": ""https://utagesystem.s3.ap-northeast-1.wasabisys.com/GX6OYW2fVtRD/BP6jdJufvGaM.png""
}

────────────

【LINEメッセージ 2／text】
欠席・参加不明の方：見逃した方・復習したい方へ😊
未申込の方：日程が合わなかった方向けの特別公開です✨

AIでひとり起業攻略法 の内容を、本日から3日間だけ視聴できちゃいます🎁
公開終了：8月2日(土)23:59👇

────────────

【LINEメッセージ 3／button】
{
  ""alt_text"": ""【動画】期間限定・無料公開のご案内"",
  ""react_type"": ""free"",
  ""react_press_again_text"": null,
  ""thumbnail_image_url"": null,
  ""title"": ""LINE友だち限定 プレミアム無料動画"",
  ""text"": ""無料公開は登録から3日間・スマホ視聴OK"",
  ""actions"": [
    {
      ""type"": ""url"",
      ""label"": ""動画を見る"",
      ""uri"": ""https://utage-system.com/p/m6COEDrJH2BP"",
      ""add_label_id"": null,
      ""del_label_id"": null
    }
  ]
}","[
  {
    ""url"": ""https://utage-system.com/p/m6COEDrJH2BP"",
    ""action_id"": ""mjNKfwKZJRag"",
    ""expiration_type"": ""none""
  }
]","[
  {
    ""url"": ""https://utage-system.com/p/m6COEDrJH2BP"",
    ""action_id"": ""mjNKfwKZJRag"",
    ""expiration_type"": ""none""
  }
]","","","VSL未視聴・面談未予約。視聴開始で未視聴を停止、視聴完了で未視聴・途中を停止。予約完了／面談済み／営業停止は除外。VSL初回開始から72時間。","[
  {
    ""url"": ""https://utage-system.com/p/m6COEDrJH2BP"",
    ""action_id"": ""mjNKfwKZJRag"",
    ""expiration_type"": ""none""
  }
]","配信基準=。本文N/O/PとUTAGE編集URLは後続列に保持。","https://utagesystem.s3.ap-northeast-1.wasabisys.com/GX6OYW2fVtRD/BP6jdJufvGaM.png","","本文内定義","","YouTube正本を独自リライトしない。ステータスが廃止対象または旧読者のみの場合は新規実装しない。","【LINEメッセージ 1／image】
{
  ""original_content_url"": ""https://utagesystem.s3.ap-northeast-1.wasabisys.com/GX6OYW2fVtRD/BP6jdJufvGaM.png""
}

────────────

【LINEメッセージ 2／text】
欠席・参加不明の方：見逃した方・復習したい方へ😊
未申込の方：日程が合わなかった方向けの特別公開です✨

AIでひとり起業攻略法 の内容を、本日から3日間だけ視聴できちゃいます🎁
公開終了：8月2日(土)23:59👇

────────────

【LINEメッセージ 3／button】
{
  ""alt_text"": ""【動画】期間限定・無料公開のご案内"",
  ""react_type"": ""free"",
  ""react_press_again_text"": null,
  ""thumbnail_image_url"": null,
  ""title"": ""LINE友だち限定 プレミアム無料動画"",
  ""text"": ""無料公開は登録から3日間・スマホ視聴OK"",
  ""actions"": [
    {
      ""type"": ""url"",
      ""label"": ""動画を見る"",
      ""uri"": ""https://utage-system.com/p/m6COEDrJH2BP"",
      ""add_label_id"": null,
      ""del_label_id"": null
    }
  ]
}","欠席・参加不明の方：見逃した方・復習したい方へ😊
未申込の方：日程が合わなかった方向けの特別公開です✨

AIでひとり起業攻略法 の内容を、本日から3日間だけ視聴できちゃいます🎁
公開終了：8月2日(土)23:59👇","欠席・参加不明の方：見逃した方・復習したい方へ。
未申込の方：日程が合わなかった方向けの特別公開です。

AIでひとり起業攻略法 の内容を、本日から3日間だけ視聴できます。
公開終了：[VSL終了日時]

[VSLURL]","https://utage-system.com/account/Y86og5tIw1hZ/scenario/6vW01x7mDumA/step/line/erP64nKaKQfs/edit","erP64nKaKQfs"
"YouTube_さとり","REVIEW_YouTube_さとり_20260810","133","稼働中","メッセージ","11","VSL_未開封","t0CViMJ6jbZk","VSL未視聴・面談未予約。視聴開始で未視聴を停止、視聴完了で未視聴・途中を停止。予約完了／面談済み／営業停止は除外。VSL初回開始から72時間。","0日後 13:00","LINE","ステップ配信","VSL-U02","","【LINEメッセージ 1／text】
先ほど期間限定の動画を公開しましたよ〜🎥

AIツールの紹介だけじゃなくて、自分に合う事業テーマをどう見つけて、商品・集客・販売へつなげるかを順番に解説しています😊👇

────────────

【LINEメッセージ 2／button】
{
  ""alt_text"": ""【動画】期間限定・無料公開のご案内"",
  ""react_type"": ""free"",
  ""react_press_again_text"": null,
  ""thumbnail_image_url"": null,
  ""title"": ""LINE友だち限定 プレミアム無料動画"",
  ""text"": ""無料公開は登録から3日間・スマホ視聴OK"",
  ""actions"": [
    {
      ""type"": ""url"",
      ""label"": ""動画を見る"",
      ""uri"": ""https://utage-system.com/p/m6COEDrJH2BP"",
      ""add_label_id"": null,
      ""del_label_id"": null
    }
  ]
}","[
  {
    ""url"": ""https://utage-system.com/p/m6COEDrJH2BP"",
    ""action_id"": ""mjNKfwKZJRag"",
    ""expiration_type"": ""none""
  }
]","[
  {
    ""url"": ""https://utage-system.com/p/m6COEDrJH2BP"",
    ""action_id"": ""mjNKfwKZJRag"",
    ""expiration_type"": ""none""
  }
]","","","VSL未視聴・面談未予約。視聴開始で未視聴を停止、視聴完了で未視聴・途中を停止。予約完了／面談済み／営業停止は除外。VSL初回開始から72時間。","[
  {
    ""url"": ""https://utage-system.com/p/m6COEDrJH2BP"",
    ""action_id"": ""mjNKfwKZJRag"",
    ""expiration_type"": ""none""
  }
]","配信基準=。本文N/O/PとUTAGE編集URLは後続列に保持。","","","本文内定義","","YouTube正本を独自リライトしない。ステータスが廃止対象または旧読者のみの場合は新規実装しない。","【LINEメッセージ 1／text】
先ほど期間限定の動画を公開しましたよ〜🎥

AIツールの紹介だけじゃなくて、自分に合う事業テーマをどう見つけて、商品・集客・販売へつなげるかを順番に解説しています😊👇

────────────

【LINEメッセージ 2／button】
{
  ""alt_text"": ""【動画】期間限定・無料公開のご案内"",
  ""react_type"": ""free"",
  ""react_press_again_text"": null,
  ""thumbnail_image_url"": null,
  ""title"": ""LINE友だち限定 プレミアム無料動画"",
  ""text"": ""無料公開は登録から3日間・スマホ視聴OK"",
  ""actions"": [
    {
      ""type"": ""url"",
      ""label"": ""動画を見る"",
      ""uri"": ""https://utage-system.com/p/m6COEDrJH2BP"",
      ""add_label_id"": null,
      ""del_label_id"": null
    }
  ]
}","先ほど期間限定の動画を公開しましたよ〜🎥

AIツールの紹介だけじゃなくて、自分に合う事業テーマをどう見つけて、商品・集客・販売へつなげるかを順番に解説しています😊👇","先ほど期間限定動画を公開しました。

AIツールの紹介だけではなく、自分に合う事業テーマをどう見つけ、商品・集客・販売へつなげるかを順番に解説しています。

[VSLURL]","https://utage-system.com/account/Y86og5tIw1hZ/scenario/6vW01x7mDumA/step/line/t0CViMJ6jbZk/edit","t0CViMJ6jbZk"
"YouTube_さとり","REVIEW_YouTube_さとり_20260810","134","稼働中","メッセージ","11","VSL_未開封","WrAkXMAcgVcn","VSL未視聴・面談未予約。視聴開始で未視聴を停止、視聴完了で未視聴・途中を停止。予約完了／面談済み／営業停止は除外。VSL初回開始から72時間。","0日後 18:00","LINE","ステップ配信","VSL-U03","","【LINEメッセージ 1／text】
%line_name%さん、まだ動画を開いていないみたいでした👀

まとまった時間がなくても大丈夫なので、まずはページを開いて視聴できる状態だけ確認しておいてくださいね😊 公開は3日間です🔥","","","","","VSL未視聴・面談未予約。視聴開始で未視聴を停止、視聴完了で未視聴・途中を停止。予約完了／面談済み／営業停止は除外。VSL初回開始から72時間。","","配信基準=。本文N/O/PとUTAGE編集URLは後続列に保持。","","","本文内定義","","YouTube正本を独自リライトしない。ステータスが廃止対象または旧読者のみの場合は新規実装しない。","【LINEメッセージ 1／text】
%line_name%さん、まだ動画を開いていないみたいでした👀

まとまった時間がなくても大丈夫なので、まずはページを開いて視聴できる状態だけ確認しておいてくださいね😊 公開は3日間です🔥","%line_name%さん、まだ動画を開いていないみたいでした👀

まとまった時間がなくても大丈夫なので、まずはページを開いて視聴できる状態だけ確認しておいてくださいね😊 公開は3日間です🔥","[name]さん、まだ動画を開いていないようでしたら、

まとまった時間がなくても、まずページを開いて視聴できる状態だけ確認しておいてください。公開は3日間限定です。","https://utage-system.com/account/Y86og5tIw1hZ/scenario/6vW01x7mDumA/step/line/WrAkXMAcgVcn/edit","WrAkXMAcgVcn"
"YouTube_さとり","REVIEW_YouTube_さとり_20260810","135","稼働中","メッセージ","11","VSL_未開封","mbbRaBAoA64G","VSL未視聴・面談未予約。視聴開始で未視聴を停止、視聴完了で未視聴・途中を停止。予約完了／面談済み／営業停止は除外。VSL初回開始から72時間。","0日後 21:00","LINE","ステップ配信","VSL-U04","","【LINEメッセージ 1／text】
AIについて学んでも行動に移せないときって、能力よりも進める順番が曖昧なことが多いんです💡

動画では、ひとりで事業を形にする全体の流れをまるっとお伝えしていますよ😊👇

────────────

【LINEメッセージ 2／button】
{
  ""alt_text"": ""【動画】期間限定・無料公開のご案内"",
  ""react_type"": ""free"",
  ""react_press_again_text"": null,
  ""thumbnail_image_url"": null,
  ""title"": ""LINE友だち限定 プレミアム無料動画"",
  ""text"": ""無料公開は登録から3日間・スマホ視聴OK"",
  ""actions"": [
    {
      ""type"": ""url"",
      ""label"": ""動画を見る"",
      ""uri"": ""https://utage-system.com/p/m6COEDrJH2BP"",
      ""add_label_id"": null,
      ""del_label_id"": null
    }
  ]
}","[
  {
    ""url"": ""https://utage-system.com/p/m6COEDrJH2BP"",
    ""action_id"": ""mjNKfwKZJRag"",
    ""expiration_type"": ""none""
  }
]","[
  {
    ""url"": ""https://utage-system.com/p/m6COEDrJH2BP"",
    ""action_id"": ""mjNKfwKZJRag"",
    ""expiration_type"": ""none""
  }
]","","","VSL未視聴・面談未予約。視聴開始で未視聴を停止、視聴完了で未視聴・途中を停止。予約完了／面談済み／営業停止は除外。VSL初回開始から72時間。","[
  {
    ""url"": ""https://utage-system.com/p/m6COEDrJH2BP"",
    ""action_id"": ""mjNKfwKZJRag"",
    ""expiration_type"": ""none""
  }
]","配信基準=。本文N/O/PとUTAGE編集URLは後続列に保持。","","","本文内定義","","YouTube正本を独自リライトしない。ステータスが廃止対象または旧読者のみの場合は新規実装しない。","【LINEメッセージ 1／text】
AIについて学んでも行動に移せないときって、能力よりも進める順番が曖昧なことが多いんです💡

動画では、ひとりで事業を形にする全体の流れをまるっとお伝えしていますよ😊👇

────────────

【LINEメッセージ 2／button】
{
  ""alt_text"": ""【動画】期間限定・無料公開のご案内"",
  ""react_type"": ""free"",
  ""react_press_again_text"": null,
  ""thumbnail_image_url"": null,
  ""title"": ""LINE友だち限定 プレミアム無料動画"",
  ""text"": ""無料公開は登録から3日間・スマホ視聴OK"",
  ""actions"": [
    {
      ""type"": ""url"",
      ""label"": ""動画を見る"",
      ""uri"": ""https://utage-system.com/p/m6COEDrJH2BP"",
      ""add_label_id"": null,
      ""del_label_id"": null
    }
  ]
}","AIについて学んでも行動に移せないときって、能力よりも進める順番が曖昧なことが多いんです💡

動画では、ひとりで事業を形にする全体の流れをまるっとお伝えしていますよ😊👇","AIについて学んでも行動に移せないときは、能力よりも進める順番が曖昧なことが多いです。

動画では、ひとりで事業を形にする全体の流れをお伝えしています。
[VSLURL]","https://utage-system.com/account/Y86og5tIw1hZ/scenario/6vW01x7mDumA/step/line/mbbRaBAoA64G/edit","mbbRaBAoA64G"
"YouTube_さとり","REVIEW_YouTube_さとり_20260810","136","稼働中","メッセージ","11","VSL_未開封","lhRYYqfY3Z65","VSL未視聴・面談未予約。視聴開始で未視聴を停止、視聴完了で未視聴・途中を停止。予約完了／面談済み／営業停止は除外。VSL初回開始から72時間。","1日後 9:00","LINE","ステップ配信","VSL-U05","","【LINEメッセージ 1／text】
公開2日目です😊

まだ視聴を始めていない方へ。自分の商品がない状態からでも考えられる内容になっていますよ✨","","","","","VSL未視聴・面談未予約。視聴開始で未視聴を停止、視聴完了で未視聴・途中を停止。予約完了／面談済み／営業停止は除外。VSL初回開始から72時間。","","配信基準=。本文N/O/PとUTAGE編集URLは後続列に保持。","","","本文内定義","","YouTube正本を独自リライトしない。ステータスが廃止対象または旧読者のみの場合は新規実装しない。","【LINEメッセージ 1／text】
公開2日目です😊

まだ視聴を始めていない方へ。自分の商品がない状態からでも考えられる内容になっていますよ✨","公開2日目です😊

まだ視聴を始めていない方へ。自分の商品がない状態からでも考えられる内容になっていますよ✨","公開2日目。

多くの感想をいただきありがとうございます。
AIで会社経営する未来が現実的になったなどの声をたくさんいただいております。","https://utage-system.com/account/Y86og5tIw1hZ/scenario/6vW01x7mDumA/step/line/lhRYYqfY3Z65/edit","lhRYYqfY3Z65"
"YouTube_さとり","REVIEW_YouTube_さとり_20260810","137","稼働中","メッセージ","11","VSL_未開封","40JbjOH3V041","VSL未視聴・面談未予約。視聴開始で未視聴を停止、視聴完了で未視聴・途中を停止。予約完了／面談済み／営業停止は除外。VSL初回開始から72時間。","1日後 13:00","LINE","ステップ配信","VSL-U06","","【LINEメッセージ 1／text】
「AIを使えるようになってから事業を考える」必要は、実はないんです😌

何を作りたいかを考えながら、必要なAIの使い方を身につけていく方法もありますよ💡 動画でその考え方をぜひ確認してみてくださいね👇

────────────

【LINEメッセージ 2／button】
{
  ""alt_text"": ""【動画】期間限定・無料公開のご案内"",
  ""react_type"": ""free"",
  ""react_press_again_text"": null,
  ""thumbnail_image_url"": null,
  ""title"": ""LINE友だち限定 プレミアム無料動画"",
  ""text"": ""無料公開は登録から3日間・スマホ視聴OK"",
  ""actions"": [
    {
      ""type"": ""url"",
      ""label"": ""動画を見る"",
      ""uri"": ""https://utage-system.com/p/m6COEDrJH2BP"",
      ""add_label_id"": null,
      ""del_label_id"": null
    }
  ]
}","[
  {
    ""url"": ""https://utage-system.com/p/m6COEDrJH2BP"",
    ""action_id"": ""mjNKfwKZJRag"",
    ""expiration_type"": ""none""
  }
]","[
  {
    ""url"": ""https://utage-system.com/p/m6COEDrJH2BP"",
    ""action_id"": ""mjNKfwKZJRag"",
    ""expiration_type"": ""none""
  }
]","","","VSL未視聴・面談未予約。視聴開始で未視聴を停止、視聴完了で未視聴・途中を停止。予約完了／面談済み／営業停止は除外。VSL初回開始から72時間。","[
  {
    ""url"": ""https://utage-system.com/p/m6COEDrJH2BP"",
    ""action_id"": ""mjNKfwKZJRag"",
    ""expiration_type"": ""none""
  }
]","配信基準=。本文N/O/PとUTAGE編集URLは後続列に保持。","","","本文内定義","","YouTube正本を独自リライトしない。ステータスが廃止対象または旧読者のみの場合は新規実装しない。","【LINEメッセージ 1／text】
「AIを使えるようになってから事業を考える」必要は、実はないんです😌

何を作りたいかを考えながら、必要なAIの使い方を身につけていく方法もありますよ💡 動画でその考え方をぜひ確認してみてくださいね👇

────────────

【LINEメッセージ 2／button】
{
  ""alt_text"": ""【動画】期間限定・無料公開のご案内"",
  ""react_type"": ""free"",
  ""react_press_again_text"": null,
  ""thumbnail_image_url"": null,
  ""title"": ""LINE友だち限定 プレミアム無料動画"",
  ""text"": ""無料公開は登録から3日間・スマホ視聴OK"",
  ""actions"": [
    {
      ""type"": ""url"",
      ""label"": ""動画を見る"",
      ""uri"": ""https://utage-system.com/p/m6COEDrJH2BP"",
      ""add_label_id"": null,
      ""del_label_id"": null
    }
  ]
}","「AIを使えるようになってから事業を考える」必要は、実はないんです😌

何を作りたいかを考えながら、必要なAIの使い方を身につけていく方法もありますよ💡 動画でその考え方をぜひ確認してみてくださいね👇","「AIを使えるようになってから事業を考える」必要はありません。

何を作りたいかを考えながら、必要なAIの使い方を身につける方法もあります。動画でその考え方を確認してください。
[VSLURL]","https://utage-system.com/account/Y86og5tIw1hZ/scenario/6vW01x7mDumA/step/line/40JbjOH3V041/edit","40JbjOH3V041"
"YouTube_さとり","REVIEW_YouTube_さとり_20260810","138","稼働中","メッセージ","11","VSL_未開封","pl8XyFNAsg3R","VSL未視聴・面談未予約。視聴開始で未視聴を停止、視聴完了で未視聴・途中を停止。予約完了／面談済み／営業停止は除外。VSL初回開始から72時間。","1日後 18:00","LINE","ステップ配信","VSL-U07","","【LINEメッセージ 1／text】
%line_name%さん、公開期間は明日までですよ⏰

視聴後、スクールに興味がある方は AIひとり起業ロードマップ作成会 へ進めます😊 まずは内容を見て、自分に必要かどうか判断してみてくださいね🔥","","","","","VSL未視聴・面談未予約。視聴開始で未視聴を停止、視聴完了で未視聴・途中を停止。予約完了／面談済み／営業停止は除外。VSL初回開始から72時間。","","配信基準=。本文N/O/PとUTAGE編集URLは後続列に保持。","","","本文内定義","","YouTube正本を独自リライトしない。ステータスが廃止対象または旧読者のみの場合は新規実装しない。","【LINEメッセージ 1／text】
%line_name%さん、公開期間は明日までですよ⏰

視聴後、スクールに興味がある方は AIひとり起業ロードマップ作成会 へ進めます😊 まずは内容を見て、自分に必要かどうか判断してみてくださいね🔥","%line_name%さん、公開期間は明日までですよ⏰

視聴後、スクールに興味がある方は AIひとり起業ロードマップ作成会 へ進めます😊 まずは内容を見て、自分に必要かどうか判断してみてくださいね🔥","[name]さん、公開期間は明日までです。

視聴後、スクールに興味がある方は AIひとり起業ロードマップ作成会 へ進めます。まずは内容を見て、自分に必要か判断してください。","https://utage-system.com/account/Y86og5tIw1hZ/scenario/6vW01x7mDumA/step/line/pl8XyFNAsg3R/edit","pl8XyFNAsg3R"
"YouTube_さとり","REVIEW_YouTube_さとり_20260810","139","稼働中","メッセージ","11","VSL_未開封","eLjR3vW1Po0s","VSL未視聴・面談未予約。視聴開始で未視聴を停止、視聴完了で未視聴・途中を停止。予約完了／面談済み／営業停止は除外。VSL初回開始から72時間。","1日後 21:00","LINE","ステップ配信","VSL-U08","","【LINEメッセージ 1／text】
今日のうちに見始めておくと、明日は必要な箇所をじっくり見直す時間に使えますよ😊

終了：8月2日(土)23:59📣

────────────

【LINEメッセージ 2／button】
{
  ""alt_text"": ""【動画】期間限定・無料公開のご案内"",
  ""react_type"": ""free"",
  ""react_press_again_text"": null,
  ""thumbnail_image_url"": null,
  ""title"": ""LINE友だち限定 プレミアム無料動画"",
  ""text"": ""無料公開は登録から3日間・スマホ視聴OK"",
  ""actions"": [
    {
      ""type"": ""url"",
      ""label"": ""動画を見る"",
      ""uri"": ""https://utage-system.com/p/m6COEDrJH2BP"",
      ""add_label_id"": null,
      ""del_label_id"": null
    }
  ]
}","[
  {
    ""url"": ""https://utage-system.com/p/m6COEDrJH2BP"",
    ""action_id"": ""mjNKfwKZJRag"",
    ""expiration_type"": ""none""
  }
]","[
  {
    ""url"": ""https://utage-system.com/p/m6COEDrJH2BP"",
    ""action_id"": ""mjNKfwKZJRag"",
    ""expiration_type"": ""none""
  }
]","","","VSL未視聴・面談未予約。視聴開始で未視聴を停止、視聴完了で未視聴・途中を停止。予約完了／面談済み／営業停止は除外。VSL初回開始から72時間。","[
  {
    ""url"": ""https://utage-system.com/p/m6COEDrJH2BP"",
    ""action_id"": ""mjNKfwKZJRag"",
    ""expiration_type"": ""none""
  }
]","配信基準=。本文N/O/PとUTAGE編集URLは後続列に保持。","","","本文内定義","","YouTube正本を独自リライトしない。ステータスが廃止対象または旧読者のみの場合は新規実装しない。","【LINEメッセージ 1／text】
今日のうちに見始めておくと、明日は必要な箇所をじっくり見直す時間に使えますよ😊

終了：8月2日(土)23:59📣

────────────

【LINEメッセージ 2／button】
{
  ""alt_text"": ""【動画】期間限定・無料公開のご案内"",
  ""react_type"": ""free"",
  ""react_press_again_text"": null,
  ""thumbnail_image_url"": null,
  ""title"": ""LINE友だち限定 プレミアム無料動画"",
  ""text"": ""無料公開は登録から3日間・スマホ視聴OK"",
  ""actions"": [
    {
      ""type"": ""url"",
      ""label"": ""動画を見る"",
      ""uri"": ""https://utage-system.com/p/m6COEDrJH2BP"",
      ""add_label_id"": null,
      ""del_label_id"": null
    }
  ]
}","今日のうちに見始めておくと、明日は必要な箇所をじっくり見直す時間に使えますよ😊

終了：8月2日(土)23:59📣","今日のうちに見始めておくと、明日は必要な箇所を見直す時間に使えます。

視聴ページ：[VSLURL]
終了：[VSL終了日時]","https://utage-system.com/account/Y86og5tIw1hZ/scenario/6vW01x7mDumA/step/line/eLjR3vW1Po0s/edit","eLjR3vW1Po0s"
"YouTube_さとり","REVIEW_YouTube_さとり_20260810","140","稼働中","メッセージ","11","VSL_未開封","pNiEq3QAw7li","VSL未視聴・面談未予約。視聴開始で未視聴を停止、視聴完了で未視聴・途中を停止。予約完了／面談済み／営業停止は除外。VSL初回開始から72時間。","2日後 8:00","LINE","ステップ配信","VSL-U09","","【LINEメッセージ 1／text】
本日23:59で公開終了です⏰

日程が合わずライブに参加できなかった方も、今日中ならまだ内容を確認できますよ😊✨","","","","","VSL未視聴・面談未予約。視聴開始で未視聴を停止、視聴完了で未視聴・途中を停止。予約完了／面談済み／営業停止は除外。VSL初回開始から72時間。","","配信基準=。本文N/O/PとUTAGE編集URLは後続列に保持。","","","本文内定義","","YouTube正本を独自リライトしない。ステータスが廃止対象または旧読者のみの場合は新規実装しない。","【LINEメッセージ 1／text】
本日23:59で公開終了です⏰

日程が合わずライブに参加できなかった方も、今日中ならまだ内容を確認できますよ😊✨","本日23:59で公開終了です⏰

日程が合わずライブに参加できなかった方も、今日中ならまだ内容を確認できますよ😊✨","本日23:59で公開終了です。

日程が合わずライブに参加できなかった方も、今日中なら内容を確認できます。","https://utage-system.com/account/Y86og5tIw1hZ/scenario/6vW01x7mDumA/step/line/pNiEq3QAw7li/edit","pNiEq3QAw7li"
"YouTube_さとり","REVIEW_YouTube_さとり_20260810","141","稼働中","メッセージ","11","VSL_未開封","rshejwulCzb8","VSL未視聴・面談未予約。視聴開始で未視聴を停止、視聴完了で未視聴・途中を停止。予約完了／面談済み／営業停止は除外。VSL初回開始から72時間。","2日後 10:00","LINE","ステップ配信","VSL-U10","","【LINEメッセージ 1／text】
いよいよ公開最終日になりました🔥

AIでひとり起業するために、テーマ・商品・集客・販売をどうつなぐのか。まだ見ていない方は、今日の予定にぜひ視聴時間を入れてくださいね😊👇

────────────

【LINEメッセージ 2／button】
{
  ""alt_text"": ""【動画】本日が公開最終日です"",
  ""react_type"": ""free"",
  ""react_press_again_text"": null,
  ""thumbnail_image_url"": null,
  ""title"": ""LINE友だち限定 プレミアム無料動画"",
  ""text"": ""公開は本日まで・スマホ視聴OK"",
  ""actions"": [
    {
      ""type"": ""url"",
      ""label"": ""動画を見る"",
      ""uri"": ""https://utage-system.com/p/m6COEDrJH2BP"",
      ""add_label_id"": null,
      ""del_label_id"": null
    }
  ]
}","[
  {
    ""url"": ""https://utage-system.com/p/m6COEDrJH2BP"",
    ""action_id"": ""mjNKfwKZJRag"",
    ""expiration_type"": ""none""
  }
]","[
  {
    ""url"": ""https://utage-system.com/p/m6COEDrJH2BP"",
    ""action_id"": ""mjNKfwKZJRag"",
    ""expiration_type"": ""none""
  }
]","","","VSL未視聴・面談未予約。視聴開始で未視聴を停止、視聴完了で未視聴・途中を停止。予約完了／面談済み／営業停止は除外。VSL初回開始から72時間。","[
  {
    ""url"": ""https://utage-system.com/p/m6COEDrJH2BP"",
    ""action_id"": ""mjNKfwKZJRag"",
    ""expiration_type"": ""none""
  }
]","配信基準=。本文N/O/PとUTAGE編集URLは後続列に保持。","","","本文内定義","","YouTube正本を独自リライトしない。ステータスが廃止対象または旧読者のみの場合は新規実装しない。","【LINEメッセージ 1／text】
いよいよ公開最終日になりました🔥

AIでひとり起業するために、テーマ・商品・集客・販売をどうつなぐのか。まだ見ていない方は、今日の予定にぜひ視聴時間を入れてくださいね😊👇

────────────

【LINEメッセージ 2／button】
{
  ""alt_text"": ""【動画】本日が公開最終日です"",
  ""react_type"": ""free"",
  ""react_press_again_text"": null,
  ""thumbnail_image_url"": null,
  ""title"": ""LINE友だち限定 プレミアム無料動画"",
  ""text"": ""公開は本日まで・スマホ視聴OK"",
  ""actions"": [
    {
      ""type"": ""url"",
      ""label"": ""動画を見る"",
      ""uri"": ""https://utage-system.com/p/m6COEDrJH2BP"",
      ""add_label_id"": null,
      ""del_label_id"": null
    }
  ]
}","いよいよ公開最終日になりました🔥

AIでひとり起業するために、テーマ・商品・集客・販売をどうつなぐのか。まだ見ていない方は、今日の予定にぜひ視聴時間を入れてくださいね😊👇","公開最終日になりました。

AIでひとり起業するために、テーマ・商品・集客・販売をどうつなぐのか。まだ見ていない方は、今日の予定に視聴時間を入れてください。
[VSLURL]","https://utage-system.com/account/Y86og5tIw1hZ/scenario/6vW01x7mDumA/step/line/rshejwulCzb8/edit","rshejwulCzb8"
"YouTube_さとり","REVIEW_YouTube_さとり_20260810","142","稼働中","メッセージ","11","VSL_未開封","rSdX9Ug0LLj1","VSL未視聴・面談未予約。視聴開始で未視聴を停止、視聴完了で未視聴・途中を停止。予約完了／面談済み／営業停止は除外。VSL初回開始から72時間。","2日後 12:00","LINE","ステップ配信","VSL-U11","","【LINEメッセージ 1／text】
あと半日ほどで終了しちゃいます⏰

ページを開いていないまま期限を迎えると、今回の動画は見られなくなります。必要なら今のうちにぜひご覧くださいね🔥","","","","","VSL未視聴・面談未予約。視聴開始で未視聴を停止、視聴完了で未視聴・途中を停止。予約完了／面談済み／営業停止は除外。VSL初回開始から72時間。","","配信基準=。本文N/O/PとUTAGE編集URLは後続列に保持。","","","本文内定義","","YouTube正本を独自リライトしない。ステータスが廃止対象または旧読者のみの場合は新規実装しない。","【LINEメッセージ 1／text】
あと半日ほどで終了しちゃいます⏰

ページを開いていないまま期限を迎えると、今回の動画は見られなくなります。必要なら今のうちにぜひご覧くださいね🔥","あと半日ほどで終了しちゃいます⏰

ページを開いていないまま期限を迎えると、今回の動画は見られなくなります。必要なら今のうちにぜひご覧くださいね🔥","あと半日ほどで終了します。

ページを開いていないまま期限を迎えると、今回の動画は見られなくなります。必要なら今のうちにご覧ください。","https://utage-system.com/account/Y86og5tIw1hZ/scenario/6vW01x7mDumA/step/line/rSdX9Ug0LLj1/edit","rSdX9Ug0LLj1"
"YouTube_さとり","REVIEW_YouTube_さとり_20260810","143","稼働中","メッセージ","11","VSL_未開封","5LCZMUE4Si6x","VSL未視聴・面談未予約。視聴開始で未視聴を停止、視聴完了で未視聴・途中を停止。予約完了／面談済み／営業停止は除外。VSL初回開始から72時間。","2日後 15:00","LINE","ステップ配信","VSL-U12","","【LINEメッセージ 1／text】
%line_name%さん、まだ間に合いますよ😊

完璧に理解しようとせず、まずは全体像をざっと通して見るのがおすすめです✨ 公開は本日23:59までです👇

────────────

【LINEメッセージ 2／button】
{
  ""alt_text"": ""【動画】公開は本日23:59まで"",
  ""react_type"": ""free"",
  ""react_press_again_text"": null,
  ""thumbnail_image_url"": null,
  ""title"": ""LINE友だち限定 プレミアム無料動画"",
  ""text"": ""公開は本日23:59まで"",
  ""actions"": [
    {
      ""type"": ""url"",
      ""label"": ""動画を見る"",
      ""uri"": ""https://utage-system.com/p/m6COEDrJH2BP"",
      ""add_label_id"": null,
      ""del_label_id"": null
    }
  ]
}","[
  {
    ""url"": ""https://utage-system.com/p/m6COEDrJH2BP"",
    ""action_id"": ""mjNKfwKZJRag"",
    ""expiration_type"": ""none""
  }
]","[
  {
    ""url"": ""https://utage-system.com/p/m6COEDrJH2BP"",
    ""action_id"": ""mjNKfwKZJRag"",
    ""expiration_type"": ""none""
  }
]","","","VSL未視聴・面談未予約。視聴開始で未視聴を停止、視聴完了で未視聴・途中を停止。予約完了／面談済み／営業停止は除外。VSL初回開始から72時間。","[
  {
    ""url"": ""https://utage-system.com/p/m6COEDrJH2BP"",
    ""action_id"": ""mjNKfwKZJRag"",
    ""expiration_type"": ""none""
  }
]","配信基準=。本文N/O/PとUTAGE編集URLは後続列に保持。","","","本文内定義","","YouTube正本を独自リライトしない。ステータスが廃止対象または旧読者のみの場合は新規実装しない。","【LINEメッセージ 1／text】
%line_name%さん、まだ間に合いますよ😊

完璧に理解しようとせず、まずは全体像をざっと通して見るのがおすすめです✨ 公開は本日23:59までです👇

────────────

【LINEメッセージ 2／button】
{
  ""alt_text"": ""【動画】公開は本日23:59まで"",
  ""react_type"": ""free"",
  ""react_press_again_text"": null,
  ""thumbnail_image_url"": null,
  ""title"": ""LINE友だち限定 プレミアム無料動画"",
  ""text"": ""公開は本日23:59まで"",
  ""actions"": [
    {
      ""type"": ""url"",
      ""label"": ""動画を見る"",
      ""uri"": ""https://utage-system.com/p/m6COEDrJH2BP"",
      ""add_label_id"": null,
      ""del_label_id"": null
    }
  ]
}","%line_name%さん、まだ間に合いますよ😊

完璧に理解しようとせず、まずは全体像をざっと通して見るのがおすすめです✨ 公開は本日23:59までです👇","[name]さん、まだ間に合います。

完璧に理解しようとせず、まず全体像を通して見るのがおすすめです。公開は本日23:59までです。
[VSLURL]","https://utage-system.com/account/Y86og5tIw1hZ/scenario/6vW01x7mDumA/step/line/5LCZMUE4Si6x/edit","5LCZMUE4Si6x"
"YouTube_さとり","REVIEW_YouTube_さとり_20260810","144","稼働中","メッセージ","11","VSL_未開封","8lEagN0kny0j","VSL未視聴・面談未予約。視聴開始で未視聴を停止、視聴完了で未視聴・途中を停止。予約完了／面談済み／営業停止は除外。VSL初回開始から72時間。","2日後 18:00","LINE","ステップ配信","VSL-U13","","【LINEメッセージ 1／text】
残り6時間です⏰

今回の3日限定公開は、今夜で終了します。AIの情報収集から、自分の事業を作る側へ進みたい方はぜひご視聴くださいね😊✨","","","","","VSL未視聴・面談未予約。視聴開始で未視聴を停止、視聴完了で未視聴・途中を停止。予約完了／面談済み／営業停止は除外。VSL初回開始から72時間。","","配信基準=。本文N/O/PとUTAGE編集URLは後続列に保持。","","","本文内定義","","YouTube正本を独自リライトしない。ステータスが廃止対象または旧読者のみの場合は新規実装しない。","【LINEメッセージ 1／text】
残り6時間です⏰

今回の3日限定公開は、今夜で終了します。AIの情報収集から、自分の事業を作る側へ進みたい方はぜひご視聴くださいね😊✨","残り6時間です⏰

今回の3日限定公開は、今夜で終了します。AIの情報収集から、自分の事業を作る側へ進みたい方はぜひご視聴くださいね😊✨","残り6時間。

今回の3日限定公開は今夜で終了します。AIの情報収集から、自分の事業を作る側へ進みたい方はご視聴ください。","https://utage-system.com/account/Y86og5tIw1hZ/scenario/6vW01x7mDumA/step/line/8lEagN0kny0j/edit","8lEagN0kny0j"
"YouTube_さとり","REVIEW_YouTube_さとり_20260810","145","稼働中","メッセージ","11","VSL_未開封","hYYgJFw7xNEl","VSL未視聴・面談未予約。視聴開始で未視聴を停止、視聴完了で未視聴・途中を停止。予約完了／面談済み／営業停止は除外。VSL初回開始から72時間。","2日後 21:00","LINE","ステップ配信","VSL-U14","","【LINEメッセージ 1／text】
終了まであと3時間です⏰

視聴するか迷っていた方へ😊 ページを開けるのは本日23:59までですよ👇

────────────

【LINEメッセージ 2／button】
{
  ""alt_text"": ""【動画】終了まであと3時間です"",
  ""react_type"": ""free"",
  ""react_press_again_text"": null,
  ""thumbnail_image_url"": null,
  ""title"": ""LINE友だち限定 プレミアム無料動画"",
  ""text"": ""終了まであと3時間"",
  ""actions"": [
    {
      ""type"": ""url"",
      ""label"": ""動画を見る"",
      ""uri"": ""https://utage-system.com/p/m6COEDrJH2BP"",
      ""add_label_id"": null,
      ""del_label_id"": null
    }
  ]
}","[
  {
    ""url"": ""https://utage-system.com/p/m6COEDrJH2BP"",
    ""action_id"": ""mjNKfwKZJRag"",
    ""expiration_type"": ""none""
  }
]","[
  {
    ""url"": ""https://utage-system.com/p/m6COEDrJH2BP"",
    ""action_id"": ""mjNKfwKZJRag"",
    ""expiration_type"": ""none""
  }
]","","","VSL未視聴・面談未予約。視聴開始で未視聴を停止、視聴完了で未視聴・途中を停止。予約完了／面談済み／営業停止は除外。VSL初回開始から72時間。","[
  {
    ""url"": ""https://utage-system.com/p/m6COEDrJH2BP"",
    ""action_id"": ""mjNKfwKZJRag"",
    ""expiration_type"": ""none""
  }
]","配信基準=。本文N/O/PとUTAGE編集URLは後続列に保持。","","","本文内定義","","YouTube正本を独自リライトしない。ステータスが廃止対象または旧読者のみの場合は新規実装しない。","【LINEメッセージ 1／text】
終了まであと3時間です⏰

視聴するか迷っていた方へ😊 ページを開けるのは本日23:59までですよ👇

────────────

【LINEメッセージ 2／button】
{
  ""alt_text"": ""【動画】終了まであと3時間です"",
  ""react_type"": ""free"",
  ""react_press_again_text"": null,
  ""thumbnail_image_url"": null,
  ""title"": ""LINE友だち限定 プレミアム無料動画"",
  ""text"": ""終了まであと3時間"",
  ""actions"": [
    {
      ""type"": ""url"",
      ""label"": ""動画を見る"",
      ""uri"": ""https://utage-system.com/p/m6COEDrJH2BP"",
      ""add_label_id"": null,
      ""del_label_id"": null
    }
  ]
}","終了まであと3時間です⏰

視聴するか迷っていた方へ😊 ページを開けるのは本日23:59までですよ👇","終了まであと3時間です。

視聴するか迷っていた方へ。ページを開けるのは本日23:59までです。
[VSLURL]","https://utage-system.com/account/Y86og5tIw1hZ/scenario/6vW01x7mDumA/step/line/hYYgJFw7xNEl/edit","hYYgJFw7xNEl"
"YouTube_さとり","REVIEW_YouTube_さとり_20260810","146","稼働中","メッセージ","11","VSL_未開封","ZjANTpPHmTOH","VSL未視聴・面談未予約。視聴開始で未視聴を停止、視聴完了で未視聴・途中を停止。予約完了／面談済み／営業停止は除外。VSL初回開始から72時間。","2日後 23:00","LINE","ステップ配信","VSL-U15","","【LINEメッセージ 1／text】
あと1時間で公開終了です⏰

これが3日限定公開の最後のご案内になります🙏 見ておきたい方は、今すぐ視聴ページを開いてくださいね🔥","","","","","VSL未視聴・面談未予約。視聴開始で未視聴を停止、視聴完了で未視聴・途中を停止。予約完了／面談済み／営業停止は除外。VSL初回開始から72時間。","","配信基準=。本文N/O/PとUTAGE編集URLは後続列に保持。","","","本文内定義","","YouTube正本を独自リライトしない。ステータスが廃止対象または旧読者のみの場合は新規実装しない。","【LINEメッセージ 1／text】
あと1時間で公開終了です⏰

これが3日限定公開の最後のご案内になります🙏 見ておきたい方は、今すぐ視聴ページを開いてくださいね🔥","あと1時間で公開終了です⏰

これが3日限定公開の最後のご案内になります🙏 見ておきたい方は、今すぐ視聴ページを開いてくださいね🔥","あと1時間で公開終了です。

これが3日限定公開の最後のご案内です。見ておきたい方は、今すぐ視聴ページを開いてください。","https://utage-system.com/account/Y86og5tIw1hZ/scenario/6vW01x7mDumA/step/line/ZjANTpPHmTOH/edit","ZjANTpPHmTOH"
"YouTube_さとり","REVIEW_YouTube_さとり_20260810","147","稼働中","メッセージ","12","VSL_一部視聴","jd8LZ2WGD22p","VSL途中視聴・面談未予約。視聴開始で未視聴を停止、視聴完了で未視聴・途中を停止。予約完了／面談済み／営業停止は除外。VSL初回開始から72時間。","30分 後","LINE","ステップ配信","VSL-P01","","【LINEメッセージ 1／text】
%line_name%さん、動画を開いてくださってありがとうございます😊🎉

途中で止めちゃった場合も、こちらから続きに戻れますよ👇

────────────

【LINEメッセージ 2／button】
{
  ""alt_text"": ""【動画】続きはこちらから再生できます"",
  ""react_type"": ""free"",
  ""react_press_again_text"": null,
  ""thumbnail_image_url"": null,
  ""title"": ""LINE友だち限定 プレミアム無料動画"",
  ""text"": ""途中から続きを再生できます"",
  ""actions"": [
    {
      ""type"": ""url"",
      ""label"": ""動画を見る"",
      ""uri"": ""https://utage-system.com/p/m6COEDrJH2BP"",
      ""add_label_id"": null,
      ""del_label_id"": null
    }
  ]
}","[
  {
    ""url"": ""https://utage-system.com/p/m6COEDrJH2BP"",
    ""action_id"": ""mjNKfwKZJRag"",
    ""expiration_type"": ""none""
  }
]","[
  {
    ""url"": ""https://utage-system.com/p/m6COEDrJH2BP"",
    ""action_id"": ""mjNKfwKZJRag"",
    ""expiration_type"": ""none""
  }
]","","","VSL途中視聴・面談未予約。視聴開始で未視聴を停止、視聴完了で未視聴・途中を停止。予約完了／面談済み／営業停止は除外。VSL初回開始から72時間。","[
  {
    ""url"": ""https://utage-system.com/p/m6COEDrJH2BP"",
    ""action_id"": ""mjNKfwKZJRag"",
    ""expiration_type"": ""none""
  }
]","配信基準=。本文N/O/PとUTAGE編集URLは後続列に保持。","","","本文内定義","","YouTube正本を独自リライトしない。ステータスが廃止対象または旧読者のみの場合は新規実装しない。","【LINEメッセージ 1／text】
%line_name%さん、動画を開いてくださってありがとうございます😊🎉

途中で止めちゃった場合も、こちらから続きに戻れますよ👇

────────────

【LINEメッセージ 2／button】
{
  ""alt_text"": ""【動画】続きはこちらから再生できます"",
  ""react_type"": ""free"",
  ""react_press_again_text"": null,
  ""thumbnail_image_url"": null,
  ""title"": ""LINE友だち限定 プレミアム無料動画"",
  ""text"": ""途中から続きを再生できます"",
  ""actions"": [
    {
      ""type"": ""url"",
      ""label"": ""動画を見る"",
      ""uri"": ""https://utage-system.com/p/m6COEDrJH2BP"",
      ""add_label_id"": null,
      ""del_label_id"": null
    }
  ]
}","%line_name%さん、動画を開いてくださってありがとうございます😊🎉

途中で止めちゃった場合も、こちらから続きに戻れますよ👇","[name]さん、動画を開いてくださりありがとうございます。

途中で止めた場合は、こちらから続きに戻れます。
[VSLURL]","https://utage-system.com/account/Y86og5tIw1hZ/scenario/XjJ8DIN9vJ1f/step/line/jd8LZ2WGD22p/edit","jd8LZ2WGD22p"
"YouTube_さとり","REVIEW_YouTube_さとり_20260810","148","稼働中","メッセージ","12","VSL_一部視聴","RLqgOQRNAf29","VSL途中視聴・面談未予約。視聴開始で未視聴を停止、視聴完了で未視聴・途中を停止。予約完了／面談済み／営業停止は除外。VSL初回開始から72時間。","0日後 17:00","LINE","ステップ配信","VSL-P02","","【LINEメッセージ 1／text】
一度で見切れなくても大丈夫ですよ😊

ただ、テーマ選びから販売までがちゃんとつながっているので、公開期間中に最後まで通して見るのがおすすめです✨","","","","","VSL途中視聴・面談未予約。視聴開始で未視聴を停止、視聴完了で未視聴・途中を停止。予約完了／面談済み／営業停止は除外。VSL初回開始から72時間。","","配信基準=。本文N/O/PとUTAGE編集URLは後続列に保持。","","","本文内定義","","YouTube正本を独自リライトしない。ステータスが廃止対象または旧読者のみの場合は新規実装しない。","【LINEメッセージ 1／text】
一度で見切れなくても大丈夫ですよ😊

ただ、テーマ選びから販売までがちゃんとつながっているので、公開期間中に最後まで通して見るのがおすすめです✨","一度で見切れなくても大丈夫ですよ😊

ただ、テーマ選びから販売までがちゃんとつながっているので、公開期間中に最後まで通して見るのがおすすめです✨","一度で見切れなくても大丈夫です。

ただ、テーマ選びから販売までがつながっているので、公開期間中に最後まで通して見るのがおすすめです。","https://utage-system.com/account/Y86og5tIw1hZ/scenario/XjJ8DIN9vJ1f/step/line/RLqgOQRNAf29/edit","RLqgOQRNAf29"
"YouTube_さとり","REVIEW_YouTube_さとり_20260810","149","稼働中","メッセージ","12","VSL_一部視聴","1P8u09TqQLyk","VSL途中視聴・面談未予約。視聴開始で未視聴を停止、視聴完了で未視聴・途中を停止。予約完了／面談済み／営業停止は除外。VSL初回開始から72時間。","0日後 21:00","LINE","ステップ配信","VSL-P03","","【LINEメッセージ 1／text】
動画の途中で止まっている方へ😊

「自分なら何を事業にするか」を考えながら見ると、ただの情報じゃなくて行動の材料になりますよ💡👇

────────────

【LINEメッセージ 2／button】
{
  ""alt_text"": ""【動画】続きはこちらから再生できます"",
  ""react_type"": ""free"",
  ""react_press_again_text"": null,
  ""thumbnail_image_url"": null,
  ""title"": ""LINE友だち限定 プレミアム無料動画"",
  ""text"": ""途中から続きを再生できます"",
  ""actions"": [
    {
      ""type"": ""url"",
      ""label"": ""動画を見る"",
      ""uri"": ""https://utage-system.com/p/m6COEDrJH2BP"",
      ""add_label_id"": null,
      ""del_label_id"": null
    }
  ]
}","[
  {
    ""url"": ""https://utage-system.com/p/m6COEDrJH2BP"",
    ""action_id"": ""mjNKfwKZJRag"",
    ""expiration_type"": ""none""
  }
]","[
  {
    ""url"": ""https://utage-system.com/p/m6COEDrJH2BP"",
    ""action_id"": ""mjNKfwKZJRag"",
    ""expiration_type"": ""none""
  }
]","","","VSL途中視聴・面談未予約。視聴開始で未視聴を停止、視聴完了で未視聴・途中を停止。予約完了／面談済み／営業停止は除外。VSL初回開始から72時間。","[
  {
    ""url"": ""https://utage-system.com/p/m6COEDrJH2BP"",
    ""action_id"": ""mjNKfwKZJRag"",
    ""expiration_type"": ""none""
  }
]","配信基準=。本文N/O/PとUTAGE編集URLは後続列に保持。","","","本文内定義","","YouTube正本を独自リライトしない。ステータスが廃止対象または旧読者のみの場合は新規実装しない。","【LINEメッセージ 1／text】
動画の途中で止まっている方へ😊

「自分なら何を事業にするか」を考えながら見ると、ただの情報じゃなくて行動の材料になりますよ💡👇

────────────

【LINEメッセージ 2／button】
{
  ""alt_text"": ""【動画】続きはこちらから再生できます"",
  ""react_type"": ""free"",
  ""react_press_again_text"": null,
  ""thumbnail_image_url"": null,
  ""title"": ""LINE友だち限定 プレミアム無料動画"",
  ""text"": ""途中から続きを再生できます"",
  ""actions"": [
    {
      ""type"": ""url"",
      ""label"": ""動画を見る"",
      ""uri"": ""https://utage-system.com/p/m6COEDrJH2BP"",
      ""add_label_id"": null,
      ""del_label_id"": null
    }
  ]
}","動画の途中で止まっている方へ😊

「自分なら何を事業にするか」を考えながら見ると、ただの情報じゃなくて行動の材料になりますよ💡👇","動画の途中で止まっている方へ。

「自分なら何を事業にするか」を考えながら見ると、ただの情報ではなく行動の材料になります。
[VSLURL]","https://utage-system.com/account/Y86og5tIw1hZ/scenario/XjJ8DIN9vJ1f/step/line/1P8u09TqQLyk/edit","1P8u09TqQLyk"
"YouTube_さとり","REVIEW_YouTube_さとり_20260810","150","稼働中","メッセージ","12","VSL_一部視聴","hZGpXnuEz1xg","VSL途中視聴・面談未予約。視聴開始で未視聴を停止、視聴完了で未視聴・途中を停止。予約完了／面談済み／営業停止は除外。VSL初回開始から72時間。","1日後 9:00","LINE","ステップ配信","VSL-P04","","【LINEメッセージ 1／text】
昨日の続きから、いきましょう😊

視聴ページを開いて、商品・集客・販売までの流れを最後まで確認してみてくださいね🔥","","","","","VSL途中視聴・面談未予約。視聴開始で未視聴を停止、視聴完了で未視聴・途中を停止。予約完了／面談済み／営業停止は除外。VSL初回開始から72時間。","","配信基準=。本文N/O/PとUTAGE編集URLは後続列に保持。","","","本文内定義","","YouTube正本を独自リライトしない。ステータスが廃止対象または旧読者のみの場合は新規実装しない。","【LINEメッセージ 1／text】
昨日の続きから、いきましょう😊

視聴ページを開いて、商品・集客・販売までの流れを最後まで確認してみてくださいね🔥","昨日の続きから、いきましょう😊

視聴ページを開いて、商品・集客・販売までの流れを最後まで確認してみてくださいね🔥","昨日の続きから。

視聴ページを開き、商品・集客・販売までの流れを最後まで確認してください。","https://utage-system.com/account/Y86og5tIw1hZ/scenario/XjJ8DIN9vJ1f/step/line/hZGpXnuEz1xg/edit","hZGpXnuEz1xg"
"YouTube_さとり","REVIEW_YouTube_さとり_20260810","151","稼働中","メッセージ","12","VSL_一部視聴","suBXJeaTTYkm","VSL途中視聴・面談未予約。視聴開始で未視聴を停止、視聴完了で未視聴・途中を停止。予約完了／面談済み／営業停止は除外。VSL初回開始から72時間。","1日後 14:00","LINE","ステップ配信","VSL-P05","","【LINEメッセージ 1／text】
AIツールを増やすことより、「誰に何を届けるか」を決める方が先なんです💡

後半では、学びを事業につなげる考え方も扱っていますよ😊📣","","","","","VSL途中視聴・面談未予約。視聴開始で未視聴を停止、視聴完了で未視聴・途中を停止。予約完了／面談済み／営業停止は除外。VSL初回開始から72時間。","","配信基準=。本文N/O/PとUTAGE編集URLは後続列に保持。","","","本文内定義","","YouTube正本を独自リライトしない。ステータスが廃止対象または旧読者のみの場合は新規実装しない。","【LINEメッセージ 1／text】
AIツールを増やすことより、「誰に何を届けるか」を決める方が先なんです💡

後半では、学びを事業につなげる考え方も扱っていますよ😊📣","AIツールを増やすことより、「誰に何を届けるか」を決める方が先なんです💡

後半では、学びを事業につなげる考え方も扱っていますよ😊📣","AIツールを増やすことより、「誰に何を届けるか」を決める方が先です。

後半では、学びを事業につなげる考え方も扱っています。","https://utage-system.com/account/Y86og5tIw1hZ/scenario/XjJ8DIN9vJ1f/step/line/suBXJeaTTYkm/edit","suBXJeaTTYkm"
"YouTube_さとり","REVIEW_YouTube_さとり_20260810","152","稼働中","メッセージ","12","VSL_一部視聴","6kJfk5ZhL0ZI","VSL途中視聴・面談未予約。視聴開始で未視聴を停止、視聴完了で未視聴・途中を停止。予約完了／面談済み／営業停止は除外。VSL初回開始から72時間。","1日後 20:00","LINE","ステップ配信","VSL-P06","","【LINEメッセージ 1／text】
公開期限は 8月2日(土)23:59 です⏰

視聴を始めた時刻にかかわらず延長はされないので、余裕があるうちに続きをご覧くださいね😊✨","","","","","VSL途中視聴・面談未予約。視聴開始で未視聴を停止、視聴完了で未視聴・途中を停止。予約完了／面談済み／営業停止は除外。VSL初回開始から72時間。","","配信基準=。本文N/O/PとUTAGE編集URLは後続列に保持。","","","本文内定義","","YouTube正本を独自リライトしない。ステータスが廃止対象または旧読者のみの場合は新規実装しない。","【LINEメッセージ 1／text】
公開期限は 8月2日(土)23:59 です⏰

視聴を始めた時刻にかかわらず延長はされないので、余裕があるうちに続きをご覧くださいね😊✨","公開期限は 8月2日(土)23:59 です⏰

視聴を始めた時刻にかかわらず延長はされないので、余裕があるうちに続きをご覧くださいね😊✨","公開期限は [VSL終了日時] です。

視聴を始めた時刻にかかわらず延長はされないので、余裕があるうちに続きをご覧ください。","https://utage-system.com/account/Y86og5tIw1hZ/scenario/XjJ8DIN9vJ1f/step/line/6kJfk5ZhL0ZI/edit","6kJfk5ZhL0ZI"
"YouTube_さとり","REVIEW_YouTube_さとり_20260810","153","稼働中","メッセージ","12","VSL_一部視聴","Pkn7lktciPoS","VSL途中視聴・面談未予約。視聴開始で未視聴を停止、視聴完了で未視聴・途中を停止。予約完了／面談済み／営業停止は除外。VSL初回開始から72時間。","2日後 9:00","LINE","ステップ配信","VSL-P07","","【LINEメッセージ 1／text】
本日が視聴最終日です⏰

途中まで見た方は、今夜23:59までに続きへ戻ってきてくださいね😊🎥","","","","","VSL途中視聴・面談未予約。視聴開始で未視聴を停止、視聴完了で未視聴・途中を停止。予約完了／面談済み／営業停止は除外。VSL初回開始から72時間。","","配信基準=。本文N/O/PとUTAGE編集URLは後続列に保持。","","","本文内定義","","YouTube正本を独自リライトしない。ステータスが廃止対象または旧読者のみの場合は新規実装しない。","【LINEメッセージ 1／text】
本日が視聴最終日です⏰

途中まで見た方は、今夜23:59までに続きへ戻ってきてくださいね😊🎥","本日が視聴最終日です⏰

途中まで見た方は、今夜23:59までに続きへ戻ってきてくださいね😊🎥","本日が視聴最終日です。

途中まで見た方は、今夜23:59までに続きへ戻ってください。","https://utage-system.com/account/Y86og5tIw1hZ/scenario/XjJ8DIN9vJ1f/step/line/Pkn7lktciPoS/edit","Pkn7lktciPoS"
"YouTube_さとり","REVIEW_YouTube_さとり_20260810","154","稼働中","メッセージ","12","VSL_一部視聴","CiZEgXL5O3Uz","VSL途中視聴・面談未予約。視聴開始で未視聴を停止、視聴完了で未視聴・途中を停止。予約完了／面談済み／営業停止は除外。VSL初回開始から72時間。","2日後 14:00","LINE","ステップ配信","VSL-P08","","【LINEメッセージ 1／text】
残り時間が少なくなってきました⏰

見終わったら、スクールに興味がある方だけ AIひとり起業ロードマップ作成会 の日程を確認できますよ😊👇

────────────

【LINEメッセージ 2／button】
{
  ""alt_text"": ""【動画】公開は本日23:59まで"",
  ""react_type"": ""free"",
  ""react_press_again_text"": null,
  ""thumbnail_image_url"": null,
  ""title"": ""LINE友だち限定 プレミアム無料動画"",
  ""text"": ""公開は本日23:59まで"",
  ""actions"": [
    {
      ""type"": ""url"",
      ""label"": ""動画を見る"",
      ""uri"": ""https://utage-system.com/p/m6COEDrJH2BP"",
      ""add_label_id"": null,
      ""del_label_id"": null
    }
  ]
}","[
  {
    ""url"": ""https://utage-system.com/p/m6COEDrJH2BP"",
    ""action_id"": ""mjNKfwKZJRag"",
    ""expiration_type"": ""none""
  }
]","[
  {
    ""url"": ""https://utage-system.com/p/m6COEDrJH2BP"",
    ""action_id"": ""mjNKfwKZJRag"",
    ""expiration_type"": ""none""
  }
]","","","VSL途中視聴・面談未予約。視聴開始で未視聴を停止、視聴完了で未視聴・途中を停止。予約完了／面談済み／営業停止は除外。VSL初回開始から72時間。","[
  {
    ""url"": ""https://utage-system.com/p/m6COEDrJH2BP"",
    ""action_id"": ""mjNKfwKZJRag"",
    ""expiration_type"": ""none""
  }
]","配信基準=。本文N/O/PとUTAGE編集URLは後続列に保持。","","","本文内定義","","YouTube正本を独自リライトしない。ステータスが廃止対象または旧読者のみの場合は新規実装しない。","【LINEメッセージ 1／text】
残り時間が少なくなってきました⏰

見終わったら、スクールに興味がある方だけ AIひとり起業ロードマップ作成会 の日程を確認できますよ😊👇

────────────

【LINEメッセージ 2／button】
{
  ""alt_text"": ""【動画】公開は本日23:59まで"",
  ""react_type"": ""free"",
  ""react_press_again_text"": null,
  ""thumbnail_image_url"": null,
  ""title"": ""LINE友だち限定 プレミアム無料動画"",
  ""text"": ""公開は本日23:59まで"",
  ""actions"": [
    {
      ""type"": ""url"",
      ""label"": ""動画を見る"",
      ""uri"": ""https://utage-system.com/p/m6COEDrJH2BP"",
      ""add_label_id"": null,
      ""del_label_id"": null
    }
  ]
}","残り時間が少なくなってきました⏰

見終わったら、スクールに興味がある方だけ AIひとり起業ロードマップ作成会 の日程を確認できますよ😊👇","残り時間が少なくなってきました。

見終わったら、スクールに興味がある方だけ AIひとり起業ロードマップ作成会 の日程を確認できます。
[VSLURL]","https://utage-system.com/account/Y86og5tIw1hZ/scenario/XjJ8DIN9vJ1f/step/line/CiZEgXL5O3Uz/edit","CiZEgXL5O3Uz"
"YouTube_さとり","REVIEW_YouTube_さとり_20260810","155","稼働中","メッセージ","12","VSL_一部視聴","ETjHWlvzXGr3","VSL途中視聴・面談未予約。視聴開始で未視聴を停止、視聴完了で未視聴・途中を停止。予約完了／面談済み／営業停止は除外。VSL初回開始から72時間。","2日後 19:00","LINE","ステップ配信","VSL-P09","","【LINEメッセージ 1／text】
公開終了まであと数時間です⏰

途中のままにせず、AIで事業を作る全体像を今日中にぜひ完成させちゃいましょう😊📣","","","","","VSL途中視聴・面談未予約。視聴開始で未視聴を停止、視聴完了で未視聴・途中を停止。予約完了／面談済み／営業停止は除外。VSL初回開始から72時間。","","配信基準=。本文N/O/PとUTAGE編集URLは後続列に保持。","","","本文内定義","","YouTube正本を独自リライトしない。ステータスが廃止対象または旧読者のみの場合は新規実装しない。","【LINEメッセージ 1／text】
公開終了まであと数時間です⏰

途中のままにせず、AIで事業を作る全体像を今日中にぜひ完成させちゃいましょう😊📣","公開終了まであと数時間です⏰

途中のままにせず、AIで事業を作る全体像を今日中にぜひ完成させちゃいましょう😊📣","公開終了まであと数時間です。

途中のままにせず、AIで事業を作る全体像を今日中に完成させてください。","https://utage-system.com/account/Y86og5tIw1hZ/scenario/XjJ8DIN9vJ1f/step/line/ETjHWlvzXGr3/edit","ETjHWlvzXGr3"
"YouTube_さとり","REVIEW_YouTube_さとり_20260810","156","稼働中","メッセージ","12","VSL_一部視聴","WhfdR94zX0IG","VSL途中視聴・面談未予約。視聴開始で未視聴を停止、視聴完了で未視聴・途中を停止。予約完了／面談済み／営業停止は除外。VSL初回開始から72時間。","2日後 22:30","LINE","ステップ配信","VSL-P10","","【LINEメッセージ 1／text】
23:59で終了します⏰

視聴途中の方への最後のご案内です🙏 今すぐこちらから続きをご覧くださいね👇

────────────

【LINEメッセージ 2／button】
{
  ""alt_text"": ""【動画】本日23:59で終了します"",
  ""react_type"": ""free"",
  ""react_press_again_text"": null,
  ""thumbnail_image_url"": null,
  ""title"": ""LINE友だち限定 プレミアム無料動画"",
  ""text"": ""本日23:59で終了"",
  ""actions"": [
    {
      ""type"": ""url"",
      ""label"": ""動画を見る"",
      ""uri"": ""https://utage-system.com/p/m6COEDrJH2BP"",
      ""add_label_id"": null,
      ""del_label_id"": null
    }
  ]
}","[
  {
    ""url"": ""https://utage-system.com/p/m6COEDrJH2BP"",
    ""action_id"": ""mjNKfwKZJRag"",
    ""expiration_type"": ""none""
  }
]","[
  {
    ""url"": ""https://utage-system.com/p/m6COEDrJH2BP"",
    ""action_id"": ""mjNKfwKZJRag"",
    ""expiration_type"": ""none""
  }
]","","","VSL途中視聴・面談未予約。視聴開始で未視聴を停止、視聴完了で未視聴・途中を停止。予約完了／面談済み／営業停止は除外。VSL初回開始から72時間。","[
  {
    ""url"": ""https://utage-system.com/p/m6COEDrJH2BP"",
    ""action_id"": ""mjNKfwKZJRag"",
    ""expiration_type"": ""none""
  }
]","配信基準=。本文N/O/PとUTAGE編集URLは後続列に保持。","","","本文内定義","","YouTube正本を独自リライトしない。ステータスが廃止対象または旧読者のみの場合は新規実装しない。","【LINEメッセージ 1／text】
23:59で終了します⏰

視聴途中の方への最後のご案内です🙏 今すぐこちらから続きをご覧くださいね👇

────────────

【LINEメッセージ 2／button】
{
  ""alt_text"": ""【動画】本日23:59で終了します"",
  ""react_type"": ""free"",
  ""react_press_again_text"": null,
  ""thumbnail_image_url"": null,
  ""title"": ""LINE友だち限定 プレミアム無料動画"",
  ""text"": ""本日23:59で終了"",
  ""actions"": [
    {
      ""type"": ""url"",
      ""label"": ""動画を見る"",
      ""uri"": ""https://utage-system.com/p/m6COEDrJH2BP"",
      ""add_label_id"": null,
      ""del_label_id"": null
    }
  ]
}","23:59で終了します⏰

視聴途中の方への最後のご案内です🙏 今すぐこちらから続きをご覧くださいね👇","23:59で終了します。

視聴途中の方への最後のご案内です。今すぐこちらから続きをご覧ください。
[VSLURL]","https://utage-system.com/account/Y86og5tIw1hZ/scenario/XjJ8DIN9vJ1f/step/line/WhfdR94zX0IG/edit","WhfdR94zX0IG"
"YouTube_さとり","REVIEW_YouTube_さとり_20260810","157","稼働中","メッセージ","13","VSL_視聴完了","DciEDgOwZDeT","VSL視聴完了・面談未予約。視聴開始で未視聴を停止、視聴完了で未視聴・途中を停止。予約完了／面談済み／営業停止は除外。VSL初回開始から72時間。","登録直後","LINE","ステップ配信","VSL-C01","","【LINEメッセージ 1／text】
%line_name%さん、最後までご視聴ありがとうございました😊🎉

内容を自分の場合に落とし込んで、AIで何を事業にするか、商品・集客・販売をどの順番で作るかを整理したい方へ✨

AIひとり起業ロードマップ作成会
Zoom30分／名前・メールで予約

スクールのご案内も含むので、興味がある方だけお申し込みくださいね🎥","","","","","VSL視聴完了・面談未予約。視聴開始で未視聴を停止、視聴完了で未視聴・途中を停止。予約完了／面談済み／営業停止は除外。VSL初回開始から72時間。","","配信基準=。本文N/O/PとUTAGE編集URLは後続列に保持。","","","本文内定義","","YouTube正本を独自リライトしない。ステータスが廃止対象または旧読者のみの場合は新規実装しない。","【LINEメッセージ 1／text】
%line_name%さん、最後までご視聴ありがとうございました😊🎉

内容を自分の場合に落とし込んで、AIで何を事業にするか、商品・集客・販売をどの順番で作るかを整理したい方へ✨

AIひとり起業ロードマップ作成会
Zoom30分／名前・メールで予約

スクールのご案内も含むので、興味がある方だけお申し込みくださいね🎥","%line_name%さん、最後までご視聴ありがとうございました😊🎉

内容を自分の場合に落とし込んで、AIで何を事業にするか、商品・集客・販売をどの順番で作るかを整理したい方へ✨

AIひとり起業ロードマップ作成会
Zoom30分／名前・メールで予約

スクールのご案内も含むので、興味がある方だけお申し込みくださいね🎥","[name]さん、最後までご視聴ありがとうございました。

内容を自分の場合に落とし込み、AIで何を事業にするか、商品・集客・販売をどの順番で作るかを整理したい方へ。

AIひとり起業ロードマップ作成会
Zoom30分／名前・メールで予約

スクールのご案内も含むため、興味がある方だけお申し込みください。","https://utage-system.com/account/Y86og5tIw1hZ/scenario/LEIqoAknhkmV/step/line/DciEDgOwZDeT/edit","DciEDgOwZDeT"
"YouTube_さとり","REVIEW_YouTube_さとり_20260810","158","稼働中","メッセージ","13","VSL_視聴完了","wh7dGNiiq0ob","VSL視聴完了・面談未予約。視聴開始で未視聴を停止、視聴完了で未視聴・途中を停止。予約完了／面談済み／営業停止は除外。VSL初回開始から72時間。","2時間 後","LINE","ステップ配信","VSL-C02","","【LINEメッセージ 1／image】
{
  ""original_content_url"": ""https://utagesystem.s3.ap-northeast-1.wasabisys.com/GX6OYW2fVtRD/VoadmjkSafaL.png""
}

────────────

【LINEメッセージ 2／text】
動画を見て「自分の場合はどうなる？」と思った方へ😊

作成会では、経験・得意・使える時間をもとに、最初のテーマと進める順番を一緒に組み立てていきます🙌👇

────────────

【LINEメッセージ 3／button】
{
  ""alt_text"": ""【個別】AIひとり起業ロードマップ作成会のご案内"",
  ""react_type"": ""free"",
  ""react_press_again_text"": null,
  ""thumbnail_image_url"": null,
  ""title"": ""AIひとり起業ロードマップ作成会"",
  ""text"": ""Zoom30分・名前とメールだけで予約OK"",
  ""actions"": [
    {
      ""type"": ""url"",
      ""label"": ""日程を見て予約する"",
      ""uri"": ""https://utage-system.com/event/DkY6Co3mN1oB/register"",
      ""add_label_id"": null,
      ""del_label_id"": null
    }
  ]
}","[
  {
    ""url"": ""https://utage-system.com/event/DkY6Co3mN1oB/register"",
    ""action_id"": ""lMxbsrSPWV9W"",
    ""expiration_type"": ""none""
  }
]","[
  {
    ""url"": ""https://utage-system.com/event/DkY6Co3mN1oB/register"",
    ""action_id"": ""lMxbsrSPWV9W"",
    ""expiration_type"": ""none""
  }
]","","","VSL視聴完了・面談未予約。視聴開始で未視聴を停止、視聴完了で未視聴・途中を停止。予約完了／面談済み／営業停止は除外。VSL初回開始から72時間。","[
  {
    ""url"": ""https://utage-system.com/event/DkY6Co3mN1oB/register"",
    ""action_id"": ""lMxbsrSPWV9W"",
    ""expiration_type"": ""none""
  }
]","配信基準=。本文N/O/PとUTAGE編集URLは後続列に保持。","https://utagesystem.s3.ap-northeast-1.wasabisys.com/GX6OYW2fVtRD/VoadmjkSafaL.png","","本文内定義","","YouTube正本を独自リライトしない。ステータスが廃止対象または旧読者のみの場合は新規実装しない。","【LINEメッセージ 1／image】
{
  ""original_content_url"": ""https://utagesystem.s3.ap-northeast-1.wasabisys.com/GX6OYW2fVtRD/VoadmjkSafaL.png""
}

────────────

【LINEメッセージ 2／text】
動画を見て「自分の場合はどうなる？」と思った方へ😊

作成会では、経験・得意・使える時間をもとに、最初のテーマと進める順番を一緒に組み立てていきます🙌👇

────────────

【LINEメッセージ 3／button】
{
  ""alt_text"": ""【個別】AIひとり起業ロードマップ作成会のご案内"",
  ""react_type"": ""free"",
  ""react_press_again_text"": null,
  ""thumbnail_image_url"": null,
  ""title"": ""AIひとり起業ロードマップ作成会"",
  ""text"": ""Zoom30分・名前とメールだけで予約OK"",
  ""actions"": [
    {
      ""type"": ""url"",
      ""label"": ""日程を見て予約する"",
      ""uri"": ""https://utage-system.com/event/DkY6Co3mN1oB/register"",
      ""add_label_id"": null,
      ""del_label_id"": null
    }
  ]
}","動画を見て「自分の場合はどうなる？」と思った方へ😊

作成会では、経験・得意・使える時間をもとに、最初のテーマと進める順番を一緒に組み立てていきます🙌👇","動画を見て「自分の場合はどうなる？」と思った方へ。

作成会では、経験・得意・使える時間をもとに、最初のテーマと進める順番を一緒に組み立てます。
[面談予約URL]","https://utage-system.com/account/Y86og5tIw1hZ/scenario/LEIqoAknhkmV/step/line/wh7dGNiiq0ob/edit","wh7dGNiiq0ob"
"YouTube_さとり","REVIEW_YouTube_さとり_20260810","159","稼働中","メッセージ","13","VSL_視聴完了","0Qha2c1IJnIT","VSL視聴完了・面談未予約。視聴開始で未視聴を停止、視聴完了で未視聴・途中を停止。予約完了／面談済み／営業停止は除外。VSL初回開始から72時間。","5時間 後","LINE","ステップ配信","VSL-C03","","【LINEメッセージ 1／text】
まだ商品がなくても、AI初心者でも大丈夫ですよ😊

完成した計画を持ってくる場じゃなくて、30分で計画の土台を一緒に作る場です📣","","","","","VSL視聴完了・面談未予約。視聴開始で未視聴を停止、視聴完了で未視聴・途中を停止。予約完了／面談済み／営業停止は除外。VSL初回開始から72時間。","","配信基準=。本文N/O/PとUTAGE編集URLは後続列に保持。","","","本文内定義","","YouTube正本を独自リライトしない。ステータスが廃止対象または旧読者のみの場合は新規実装しない。","【LINEメッセージ 1／text】
まだ商品がなくても、AI初心者でも大丈夫ですよ😊

完成した計画を持ってくる場じゃなくて、30分で計画の土台を一緒に作る場です📣","まだ商品がなくても、AI初心者でも大丈夫ですよ😊

完成した計画を持ってくる場じゃなくて、30分で計画の土台を一緒に作る場です📣","まだ商品がなくても、AI初心者でも大丈夫です。

完成した計画を持ってくる場ではなく、30分で計画の土台を作る場です。","https://utage-system.com/account/Y86og5tIw1hZ/scenario/LEIqoAknhkmV/step/line/0Qha2c1IJnIT/edit","0Qha2c1IJnIT"
"YouTube_さとり","REVIEW_YouTube_さとり_20260810","160","稼働中","メッセージ","13","VSL_視聴完了","QUfY1iY6FCsU","VSL視聴完了・面談未予約。視聴開始で未視聴を停止、視聴完了で未視聴・途中を停止。予約完了／面談済み／営業停止は除外。VSL初回開始から72時間。","0日後 10:00","LINE","ステップ配信","VSL-C04","","【LINEメッセージ 1／text】
見た直後が、いちばん動きやすいタイミングです😊

情報が新しいうちに、自分のロードマップへ変えちゃいましょう✨","","","","","VSL視聴完了・面談未予約。視聴開始で未視聴を停止、視聴完了で未視聴・途中を停止。予約完了／面談済み／営業停止は除外。VSL初回開始から72時間。","","配信基準=。本文N/O/PとUTAGE編集URLは後続列に保持。","","","本文内定義","","YouTube正本を独自リライトしない。ステータスが廃止対象または旧読者のみの場合は新規実装しない。","【LINEメッセージ 1／text】
見た直後が、いちばん動きやすいタイミングです😊

情報が新しいうちに、自分のロードマップへ変えちゃいましょう✨","見た直後が、いちばん動きやすいタイミングです😊

情報が新しいうちに、自分のロードマップへ変えちゃいましょう✨","見た直後が、最も動きやすい。

情報が新しいうちに、自分のロードマップへ変えましょう。","https://utage-system.com/account/Y86og5tIw1hZ/scenario/LEIqoAknhkmV/step/line/QUfY1iY6FCsU/edit","QUfY1iY6FCsU"
"YouTube_さとり","REVIEW_YouTube_さとり_20260810","161","稼働中","メッセージ","13","VSL_視聴完了","2nRWHPzRXiBP","VSL視聴完了・面談未予約。視聴開始で未視聴を停止、視聴完了で未視聴・途中を停止。予約完了／面談済み／営業停止は除外。VSL初回開始から72時間。","1日 後","LINE","ステップ配信","VSL-C05","","【LINEメッセージ 1／text】
%line_name%さん、動画の視聴完了から1日が経ちました😊

一人で整理すると止まりそうなら、ぜひ作成会を使ってくださいね。必要に応じて AIひとり起業スクール でできることもご説明します🎥","","","","","VSL視聴完了・面談未予約。視聴開始で未視聴を停止、視聴完了で未視聴・途中を停止。予約完了／面談済み／営業停止は除外。VSL初回開始から72時間。","","配信基準=。本文N/O/PとUTAGE編集URLは後続列に保持。","","","本文内定義","","YouTube正本を独自リライトしない。ステータスが廃止対象または旧読者のみの場合は新規実装しない。","【LINEメッセージ 1／text】
%line_name%さん、動画の視聴完了から1日が経ちました😊

一人で整理すると止まりそうなら、ぜひ作成会を使ってくださいね。必要に応じて AIひとり起業スクール でできることもご説明します🎥","%line_name%さん、動画の視聴完了から1日が経ちました😊

一人で整理すると止まりそうなら、ぜひ作成会を使ってくださいね。必要に応じて AIひとり起業スクール でできることもご説明します🎥","[name]さん、動画の視聴完了から1日が経ちました。

一人で整理すると止まりそうなら、作成会を使ってください。必要に応じて AIひとり起業スクール でできることもご説明します。","https://utage-system.com/account/Y86og5tIw1hZ/scenario/LEIqoAknhkmV/step/line/2nRWHPzRXiBP/edit","2nRWHPzRXiBP"
"YouTube_さとり","REVIEW_YouTube_さとり_20260810","162","稼働中","メッセージ","13","VSL_視聴完了","JOAMSplqPBcC","VSL視聴完了・面談未予約。視聴開始で未視聴を停止、視聴完了で未視聴・途中を停止。予約完了／面談済み／営業停止は除外。VSL初回開始から72時間。","1日 4時間 後","LINE","ステップ配信","VSL-C06","","【LINEメッセージ 1／text】
事業テーマ、商品、集客、販売。

ぜんぶを同時に考えると動けなくなっちゃいます😌 今の自分が最初に決める一つを、30分でスッと明確にします🔥","","","","","VSL視聴完了・面談未予約。視聴開始で未視聴を停止、視聴完了で未視聴・途中を停止。予約完了／面談済み／営業停止は除外。VSL初回開始から72時間。","","配信基準=。本文N/O/PとUTAGE編集URLは後続列に保持。","","","本文内定義","","YouTube正本を独自リライトしない。ステータスが廃止対象または旧読者のみの場合は新規実装しない。","【LINEメッセージ 1／text】
事業テーマ、商品、集客、販売。

ぜんぶを同時に考えると動けなくなっちゃいます😌 今の自分が最初に決める一つを、30分でスッと明確にします🔥","事業テーマ、商品、集客、販売。

ぜんぶを同時に考えると動けなくなっちゃいます😌 今の自分が最初に決める一つを、30分でスッと明確にします🔥","事業テーマ、商品、集客、販売。

すべてを同時に考えると動けません。今の自分が最初に決める一つを、30分で明確にします。","https://utage-system.com/account/Y86og5tIw1hZ/scenario/LEIqoAknhkmV/step/line/JOAMSplqPBcC/edit","JOAMSplqPBcC"
"YouTube_さとり","REVIEW_YouTube_さとり_20260810","163","稼働中","メッセージ","13","VSL_視聴完了","xCT9FyxEdkBJ","VSL視聴完了・面談未予約。視聴開始で未視聴を停止、視聴完了で未視聴・途中を停止。予約完了／面談済み／営業停止は除外。VSL初回開始から72時間。","1日後 10:00","LINE","ステップ配信","VSL-C07","","【LINEメッセージ 1／text】
予約は名前とメールアドレスの2項目で完了しちゃいます😊 事前課題もありません✨

都合が変わった場合は日程変更もできますよ👇

────────────

【LINEメッセージ 2／button】
{
  ""alt_text"": ""【個別】AIひとり起業ロードマップ作成会のご案内"",
  ""react_type"": ""free"",
  ""react_press_again_text"": null,
  ""thumbnail_image_url"": null,
  ""title"": ""AIひとり起業ロードマップ作成会"",
  ""text"": ""Zoom30分・名前とメールだけで予約OK"",
  ""actions"": [
    {
      ""type"": ""url"",
      ""label"": ""日程を見て予約する"",
      ""uri"": ""https://utage-system.com/event/DkY6Co3mN1oB/register"",
      ""add_label_id"": null,
      ""del_label_id"": null
    }
  ]
}","[
  {
    ""url"": ""https://utage-system.com/event/DkY6Co3mN1oB/register"",
    ""action_id"": ""lMxbsrSPWV9W"",
    ""expiration_type"": ""none""
  }
]","[
  {
    ""url"": ""https://utage-system.com/event/DkY6Co3mN1oB/register"",
    ""action_id"": ""lMxbsrSPWV9W"",
    ""expiration_type"": ""none""
  }
]","","","VSL視聴完了・面談未予約。視聴開始で未視聴を停止、視聴完了で未視聴・途中を停止。予約完了／面談済み／営業停止は除外。VSL初回開始から72時間。","[
  {
    ""url"": ""https://utage-system.com/event/DkY6Co3mN1oB/register"",
    ""action_id"": ""lMxbsrSPWV9W"",
    ""expiration_type"": ""none""
  }
]","配信基準=。本文N/O/PとUTAGE編集URLは後続列に保持。","","","本文内定義","","YouTube正本を独自リライトしない。ステータスが廃止対象または旧読者のみの場合は新規実装しない。","【LINEメッセージ 1／text】
予約は名前とメールアドレスの2項目で完了しちゃいます😊 事前課題もありません✨

都合が変わった場合は日程変更もできますよ👇

────────────

【LINEメッセージ 2／button】
{
  ""alt_text"": ""【個別】AIひとり起業ロードマップ作成会のご案内"",
  ""react_type"": ""free"",
  ""react_press_again_text"": null,
  ""thumbnail_image_url"": null,
  ""title"": ""AIひとり起業ロードマップ作成会"",
  ""text"": ""Zoom30分・名前とメールだけで予約OK"",
  ""actions"": [
    {
      ""type"": ""url"",
      ""label"": ""日程を見て予約する"",
      ""uri"": ""https://utage-system.com/event/DkY6Co3mN1oB/register"",
      ""add_label_id"": null,
      ""del_label_id"": null
    }
  ]
}","予約は名前とメールアドレスの2項目で完了しちゃいます😊 事前課題もありません✨

都合が変わった場合は日程変更もできますよ👇","予約は名前とメールアドレスの2項目で完了します。事前課題はありません。

都合が変わった場合は日程変更できます。
[面談予約URL]","https://utage-system.com/account/Y86og5tIw1hZ/scenario/LEIqoAknhkmV/step/line/xCT9FyxEdkBJ/edit","xCT9FyxEdkBJ"
"YouTube_さとり","REVIEW_YouTube_さとり_20260810","164","稼働中","メッセージ","13","VSL_視聴完了","brqYAbNWbjhP","VSL視聴完了・面談未予約。視聴開始で未視聴を停止、視聴完了で未視聴・途中を停止。予約完了／面談済み／営業停止は除外。VSL初回開始から72時間。","1日後 15:00","LINE","ステップ配信","VSL-C08","","【LINEメッセージ 1／text】
視聴完了者向けの受付は、あと9時間です⏰

実際の48時間受付に基づくご案内です。必要な方は、期限内に日程を確保しておいてくださいね😊✨","","","","","VSL視聴完了・面談未予約。視聴開始で未視聴を停止、視聴完了で未視聴・途中を停止。予約完了／面談済み／営業停止は除外。VSL初回開始から72時間。","","配信基準=。本文N/O/PとUTAGE編集URLは後続列に保持。","","","本文内定義","","YouTube正本を独自リライトしない。ステータスが廃止対象または旧読者のみの場合は新規実装しない。","【LINEメッセージ 1／text】
視聴完了者向けの受付は、あと9時間です⏰

実際の48時間受付に基づくご案内です。必要な方は、期限内に日程を確保しておいてくださいね😊✨","視聴完了者向けの受付は、あと9時間です⏰

実際の48時間受付に基づくご案内です。必要な方は、期限内に日程を確保しておいてくださいね😊✨","視聴完了者向け受付は、あと9時間です。

実際の48時間受付に基づく案内です。必要な方は、期限内に日程を確保してください。","https://utage-system.com/account/Y86og5tIw1hZ/scenario/LEIqoAknhkmV/step/line/brqYAbNWbjhP/edit","brqYAbNWbjhP"
"YouTube_さとり","REVIEW_YouTube_さとり_20260810","165","稼働中","メッセージ","13","VSL_視聴完了","zlm87BKwfnhi","VSL視聴完了・面談未予約。視聴開始で未視聴を停止、視聴完了で未視聴・途中を停止。予約完了／面談済み／営業停止は除外。VSL初回開始から72時間。","1日後 21:00","LINE","ステップ配信","VSL-C09","","【LINEメッセージ 1／text】
受付終了まであと3時間です⏰

スクールに関心があって、自分に合う進め方を直接相談したい方は、こちらから予約してくださいね😊👇

────────────

【LINEメッセージ 2／button】
{
  ""alt_text"": ""【個別】ロードマップ作成会・受付終了まであと3時間"",
  ""react_type"": ""free"",
  ""react_press_again_text"": null,
  ""thumbnail_image_url"": null,
  ""title"": ""AIひとり起業ロードマップ作成会"",
  ""text"": ""受付終了まであと3時間"",
  ""actions"": [
    {
      ""type"": ""url"",
      ""label"": ""日程を見て予約する"",
      ""uri"": ""https://utage-system.com/event/DkY6Co3mN1oB/register"",
      ""add_label_id"": null,
      ""del_label_id"": null
    }
  ]
}","[
  {
    ""url"": ""https://utage-system.com/event/DkY6Co3mN1oB/register"",
    ""action_id"": ""lMxbsrSPWV9W"",
    ""expiration_type"": ""none""
  }
]","[
  {
    ""url"": ""https://utage-system.com/event/DkY6Co3mN1oB/register"",
    ""action_id"": ""lMxbsrSPWV9W"",
    ""expiration_type"": ""none""
  }
]","","","VSL視聴完了・面談未予約。視聴開始で未視聴を停止、視聴完了で未視聴・途中を停止。予約完了／面談済み／営業停止は除外。VSL初回開始から72時間。","[
  {
    ""url"": ""https://utage-system.com/event/DkY6Co3mN1oB/register"",
    ""action_id"": ""lMxbsrSPWV9W"",
    ""expiration_type"": ""none""
  }
]","配信基準=。本文N/O/PとUTAGE編集URLは後続列に保持。","","","本文内定義","","YouTube正本を独自リライトしない。ステータスが廃止対象または旧読者のみの場合は新規実装しない。","【LINEメッセージ 1／text】
受付終了まであと3時間です⏰

スクールに関心があって、自分に合う進め方を直接相談したい方は、こちらから予約してくださいね😊👇

────────────

【LINEメッセージ 2／button】
{
  ""alt_text"": ""【個別】ロードマップ作成会・受付終了まであと3時間"",
  ""react_type"": ""free"",
  ""react_press_again_text"": null,
  ""thumbnail_image_url"": null,
  ""title"": ""AIひとり起業ロードマップ作成会"",
  ""text"": ""受付終了まであと3時間"",
  ""actions"": [
    {
      ""type"": ""url"",
      ""label"": ""日程を見て予約する"",
      ""uri"": ""https://utage-system.com/event/DkY6Co3mN1oB/register"",
      ""add_label_id"": null,
      ""del_label_id"": null
    }
  ]
}","受付終了まであと3時間です⏰

スクールに関心があって、自分に合う進め方を直接相談したい方は、こちらから予約してくださいね😊👇","受付終了まであと3時間です。

スクールに関心があり、自分に合う進め方を直接相談したい方は、こちらから予約してください。
[面談予約URL]","https://utage-system.com/account/Y86og5tIw1hZ/scenario/LEIqoAknhkmV/step/line/zlm87BKwfnhi/edit","zlm87BKwfnhi"
"YouTube_さとり","REVIEW_YouTube_さとり_20260810","166","稼働中","メッセージ","13","VSL_視聴完了","Lw5hWl0hKeJK","VSL視聴完了・面談未予約。視聴開始で未視聴を停止、視聴完了で未視聴・途中を停止。予約完了／面談済み／営業停止は除外。VSL初回開始から72時間。","1日後 23:00","LINE","ステップ配信","VSL-C10","","【LINEメッセージ 1／text】
あと1時間で受付終了です⏰

AIひとり起業ロードマップ作成会 のご案内は、これで最後になります🙏 参加したい方は、今すぐ予約を完了してくださいね🔥","","","","","VSL視聴完了・面談未予約。視聴開始で未視聴を停止、視聴完了で未視聴・途中を停止。予約完了／面談済み／営業停止は除外。VSL初回開始から72時間。","","配信基準=。本文N/O/PとUTAGE編集URLは後続列に保持。","","","本文内定義","","YouTube正本を独自リライトしない。ステータスが廃止対象または旧読者のみの場合は新規実装しない。","【LINEメッセージ 1／text】
あと1時間で受付終了です⏰

AIひとり起業ロードマップ作成会 のご案内は、これで最後になります🙏 参加したい方は、今すぐ予約を完了してくださいね🔥","あと1時間で受付終了です⏰

AIひとり起業ロードマップ作成会 のご案内は、これで最後になります🙏 参加したい方は、今すぐ予約を完了してくださいね🔥","あと1時間で受付終了です。

AIひとり起業ロードマップ作成会 のご案内はこれで最後です。参加したい方は、今すぐ予約を完了してください。","https://utage-system.com/account/Y86og5tIw1hZ/scenario/LEIqoAknhkmV/step/line/Lw5hWl0hKeJK/edit","Lw5hWl0hKeJK"
"YouTube_さとり","REVIEW_YouTube_さとり_20260810","167","レビュー中","メッセージ","14","VSL自動開始_参加者面談未予約","AUTO-VSL-POSTSEM","セミナー申込済み・面談未予約。前日23:59に面談受付終了。 予約完了／面談済み／営業停止は除外。","面談受付終了後の翌朝06:00","LINE","ステップ配信","AUTO-VSL-POSTSEM","","【LINEメッセージ 1／image】
{
  ""original_content_url"": ""https://utagesystem.s3.ap-northeast-1.wasabisys.com/GX6OYW2fVtRD/BP6jdJufvGaM.png""
}

────────────

【LINEメッセージ 2／text】
欠席・参加不明の方：見逃した方・復習したい方へ😊
未申込の方：日程が合わなかった方向けの特別公開です✨

AIでひとり起業攻略法 の内容を、本日から3日間だけ視聴できちゃいます🎁
公開終了：8月2日(土)23:59👇

────────────

【LINEメッセージ 3／button】
{
  ""alt_text"": ""【動画】期間限定・無料公開のご案内"",
  ""react_type"": ""free"",
  ""react_press_again_text"": null,
  ""thumbnail_image_url"": null,
  ""title"": ""LINE友だち限定 プレミアム無料動画"",
  ""text"": ""無料公開は登録から3日間・スマホ視聴OK"",
  ""actions"": [
    {
      ""type"": ""url"",
      ""label"": ""動画を見る"",
      ""uri"": ""https://utage-system.com/p/m6COEDrJH2BP"",
      ""add_label_id"": null,
      ""del_label_id"": null
    }
  ]
}","[VSLURL]／初回開始日時を保存／終了日時=開始+72時間","[VSLURL]／初回開始日時を保存／終了日時=開始+72時間","","","セミナー申込済み・面談未予約。前日23:59に面談受付終了。 予約完了／面談済み／営業停止は除外。","[VSLURL]／初回開始日時を保存／終了日時=開始+72時間","配信基準=シナリオ/VSL開始。本文N/O/PとUTAGE編集URLは後続列に保持。","https://utagesystem.s3.ap-northeast-1.wasabisys.com/GX6OYW2fVtRD/BP6jdJufvGaM.png","","本文内定義","","YouTube正本を独自リライトしない。ステータスが廃止対象または旧読者のみの場合は新規実装しない。","【LINEメッセージ 1／image】
{
  ""original_content_url"": ""https://utagesystem.s3.ap-northeast-1.wasabisys.com/GX6OYW2fVtRD/BP6jdJufvGaM.png""
}

────────────

【LINEメッセージ 2／text】
欠席・参加不明の方：見逃した方・復習したい方へ😊
未申込の方：日程が合わなかった方向けの特別公開です✨

AIでひとり起業攻略法 の内容を、本日から3日間だけ視聴できちゃいます🎁
公開終了：8月2日(土)23:59👇

────────────

【LINEメッセージ 3／button】
{
  ""alt_text"": ""【動画】期間限定・無料公開のご案内"",
  ""react_type"": ""free"",
  ""react_press_again_text"": null,
  ""thumbnail_image_url"": null,
  ""title"": ""LINE友だち限定 プレミアム無料動画"",
  ""text"": ""無料公開は登録から3日間・スマホ視聴OK"",
  ""actions"": [
    {
      ""type"": ""url"",
      ""label"": ""動画を見る"",
      ""uri"": ""https://utage-system.com/p/m6COEDrJH2BP"",
      ""add_label_id"": null,
      ""del_label_id"": null
    }
  ]
}","【LINEメッセージ 1／image】
{
  ""original_content_url"": ""https://utagesystem.s3.ap-northeast-1.wasabisys.com/GX6OYW2fVtRD/BP6jdJufvGaM.png""
}

────────────

【LINEメッセージ 2／text】
欠席・参加不明の方：見逃した方・復習したい方へ😊
未申込の方：日程が合わなかった方向けの特別公開です✨

AIでひとり起業攻略法 の内容を、本日から3日間だけ視聴できちゃいます🎁
公開終了：8月2日(土)23:59👇

────────────

【LINEメッセージ 3／button】
{
  ""alt_text"": ""【動画】期間限定・無料公開のご案内"",
  ""react_type"": ""free"",
  ""react_press_again_text"": null,
  ""thumbnail_image_url"": null,
  ""title"": ""LINE友だち限定 プレミアム無料動画"",
  ""text"": ""無料公開は登録から3日間・スマホ視聴OK"",
  ""actions"": [
    {
      ""type"": ""url"",
      ""label"": ""動画を見る"",
      ""uri"": ""https://utage-system.com/p/m6COEDrJH2BP"",
      ""add_label_id"": null,
      ""del_label_id"": null
    }
  ]
}","【LINEメッセージ 1／image】
{
  ""original_content_url"": ""https://utagesystem.s3.ap-northeast-1.wasabisys.com/GX6OYW2fVtRD/BP6jdJufvGaM.png""
}

────────────

【LINEメッセージ 2／text】
欠席・参加不明の方：見逃した方・復習したい方へ😊
未申込の方：日程が合わなかった方向けの特別公開です✨

AIでひとり起業攻略法 の内容を、本日から3日間だけ視聴できちゃいます🎁
公開終了：8月2日(土)23:59👇

────────────

【LINEメッセージ 3／button】
{
  ""alt_text"": ""【動画】期間限定・無料公開のご案内"",
  ""react_type"": ""free"",
  ""react_press_again_text"": null,
  ""thumbnail_image_url"": null,
  ""title"": ""LINE友だち限定 プレミアム無料動画"",
  ""text"": ""無料公開は登録から3日間・スマホ視聴OK"",
  ""actions"": [
    {
      ""type"": ""url"",
      ""label"": ""動画を見る"",
      ""uri"": ""https://utage-system.com/p/m6COEDrJH2BP"",
      ""add_label_id"": null,
      ""del_label_id"": null
    }
  ]
}","[UTAGE実装時作成]","AUTO-VSL-POSTSEM"
"YouTube_さとり","REVIEW_YouTube_さとり_20260810","168","レビュー中","メッセージ","14","VSL自動開始_第2日程未申込","AUTO-VSL-UNREG","第2日程終了時点でセミナー未申込・面談未予約。確認ボタンなし。 予約完了／面談済み／営業停止は除外。","第2日程終了翌朝06:00","LINE","ステップ配信","AUTO-VSL-UNREG","","【LINEメッセージ 1／image】
{
  ""original_content_url"": ""https://utagesystem.s3.ap-northeast-1.wasabisys.com/GX6OYW2fVtRD/BP6jdJufvGaM.png""
}

────────────

【LINEメッセージ 2／text】
欠席・参加不明の方：見逃した方・復習したい方へ😊
未申込の方：日程が合わなかった方向けの特別公開です✨

AIでひとり起業攻略法 の内容を、本日から3日間だけ視聴できちゃいます🎁
公開終了：8月2日(土)23:59👇

────────────

【LINEメッセージ 3／button】
{
  ""alt_text"": ""【動画】期間限定・無料公開のご案内"",
  ""react_type"": ""free"",
  ""react_press_again_text"": null,
  ""thumbnail_image_url"": null,
  ""title"": ""LINE友だち限定 プレミアム無料動画"",
  ""text"": ""無料公開は登録から3日間・スマホ視聴OK"",
  ""actions"": [
    {
      ""type"": ""url"",
      ""label"": ""動画を見る"",
      ""uri"": ""https://utage-system.com/p/m6COEDrJH2BP"",
      ""add_label_id"": null,
      ""del_label_id"": null
    }
  ]
}","[VSLURL]／初回開始日時を保存／終了日時=開始+72時間","[VSLURL]／初回開始日時を保存／終了日時=開始+72時間","","","第2日程終了時点でセミナー未申込・面談未予約。確認ボタンなし。 予約完了／面談済み／営業停止は除外。","[VSLURL]／初回開始日時を保存／終了日時=開始+72時間","配信基準=シナリオ/VSL開始。本文N/O/PとUTAGE編集URLは後続列に保持。","https://utagesystem.s3.ap-northeast-1.wasabisys.com/GX6OYW2fVtRD/BP6jdJufvGaM.png","","本文内定義","","YouTube正本を独自リライトしない。ステータスが廃止対象または旧読者のみの場合は新規実装しない。","【LINEメッセージ 1／image】
{
  ""original_content_url"": ""https://utagesystem.s3.ap-northeast-1.wasabisys.com/GX6OYW2fVtRD/BP6jdJufvGaM.png""
}

────────────

【LINEメッセージ 2／text】
欠席・参加不明の方：見逃した方・復習したい方へ😊
未申込の方：日程が合わなかった方向けの特別公開です✨

AIでひとり起業攻略法 の内容を、本日から3日間だけ視聴できちゃいます🎁
公開終了：8月2日(土)23:59👇

────────────

【LINEメッセージ 3／button】
{
  ""alt_text"": ""【動画】期間限定・無料公開のご案内"",
  ""react_type"": ""free"",
  ""react_press_again_text"": null,
  ""thumbnail_image_url"": null,
  ""title"": ""LINE友だち限定 プレミアム無料動画"",
  ""text"": ""無料公開は登録から3日間・スマホ視聴OK"",
  ""actions"": [
    {
      ""type"": ""url"",
      ""label"": ""動画を見る"",
      ""uri"": ""https://utage-system.com/p/m6COEDrJH2BP"",
      ""add_label_id"": null,
      ""del_label_id"": null
    }
  ]
}","【LINEメッセージ 1／image】
{
  ""original_content_url"": ""https://utagesystem.s3.ap-northeast-1.wasabisys.com/GX6OYW2fVtRD/BP6jdJufvGaM.png""
}

────────────

【LINEメッセージ 2／text】
欠席・参加不明の方：見逃した方・復習したい方へ😊
未申込の方：日程が合わなかった方向けの特別公開です✨

AIでひとり起業攻略法 の内容を、本日から3日間だけ視聴できちゃいます🎁
公開終了：8月2日(土)23:59👇

────────────

【LINEメッセージ 3／button】
{
  ""alt_text"": ""【動画】期間限定・無料公開のご案内"",
  ""react_type"": ""free"",
  ""react_press_again_text"": null,
  ""thumbnail_image_url"": null,
  ""title"": ""LINE友だち限定 プレミアム無料動画"",
  ""text"": ""無料公開は登録から3日間・スマホ視聴OK"",
  ""actions"": [
    {
      ""type"": ""url"",
      ""label"": ""動画を見る"",
      ""uri"": ""https://utage-system.com/p/m6COEDrJH2BP"",
      ""add_label_id"": null,
      ""del_label_id"": null
    }
  ]
}","【LINEメッセージ 1／image】
{
  ""original_content_url"": ""https://utagesystem.s3.ap-northeast-1.wasabisys.com/GX6OYW2fVtRD/BP6jdJufvGaM.png""
}

────────────

【LINEメッセージ 2／text】
欠席・参加不明の方：見逃した方・復習したい方へ😊
未申込の方：日程が合わなかった方向けの特別公開です✨

AIでひとり起業攻略法 の内容を、本日から3日間だけ視聴できちゃいます🎁
公開終了：8月2日(土)23:59👇

────────────

【LINEメッセージ 3／button】
{
  ""alt_text"": ""【動画】期間限定・無料公開のご案内"",
  ""react_type"": ""free"",
  ""react_press_again_text"": null,
  ""thumbnail_image_url"": null,
  ""title"": ""LINE友だち限定 プレミアム無料動画"",
  ""text"": ""無料公開は登録から3日間・スマホ視聴OK"",
  ""actions"": [
    {
      ""type"": ""url"",
      ""label"": ""動画を見る"",
      ""uri"": ""https://utage-system.com/p/m6COEDrJH2BP"",
      ""add_label_id"": null,
      ""del_label_id"": null
    }
  ]
}","[UTAGE実装時作成]","AUTO-VSL-UNREG"
"YouTube_さとり","REVIEW_YouTube_さとり_20260810","169","レビュー中","メッセージ","14","VSL即時開始_日程不可","AUTO-VSL-NODATE","日程不可ボタン押下者。セミナー募集を即停止し、初回クリックから72時間固定。 予約完了／面談済み／営業停止は除外。","「どちらの日程も合わない」初回クリック直後","LINE","ステップ配信","AUTO-VSL-NODATE","","【前回企画のダイジェスト版を72時間限定で公開します】

【LINEメッセージ 1／image】
{
  ""original_content_url"": ""https://utagesystem.s3.ap-northeast-1.wasabisys.com/GX6OYW2fVtRD/BP6jdJufvGaM.png""
}

────────────

【LINEメッセージ 2／text】
欠席・参加不明の方：見逃した方・復習したい方へ😊
未申込の方：日程が合わなかった方向けの特別公開です✨

AIでひとり起業攻略法 の内容を、本日から3日間だけ視聴できちゃいます🎁
公開終了：8月2日(土)23:59👇

────────────

【LINEメッセージ 3／button】
{
  ""alt_text"": ""【動画】期間限定・無料公開のご案内"",
  ""react_type"": ""free"",
  ""react_press_again_text"": null,
  ""thumbnail_image_url"": null,
  ""title"": ""LINE友だち限定 プレミアム無料動画"",
  ""text"": ""無料公開は登録から3日間・スマホ視聴OK"",
  ""actions"": [
    {
      ""type"": ""url"",
      ""label"": ""動画を見る"",
      ""uri"": ""https://utage-system.com/p/m6COEDrJH2BP"",
      ""add_label_id"": null,
      ""del_label_id"": null
    }
  ]
}","[VSLURL]／初回開始日時を保存／終了日時=開始+72時間","[VSLURL]／初回開始日時を保存／終了日時=開始+72時間","","","日程不可ボタン押下者。セミナー募集を即停止し、初回クリックから72時間固定。 予約完了／面談済み／営業停止は除外。","[VSLURL]／初回開始日時を保存／終了日時=開始+72時間","配信基準=シナリオ/VSL開始。本文N/O/PとUTAGE編集URLは後続列に保持。","https://utagesystem.s3.ap-northeast-1.wasabisys.com/GX6OYW2fVtRD/BP6jdJufvGaM.png","","本文内定義","","YouTube正本を独自リライトしない。ステータスが廃止対象または旧読者のみの場合は新規実装しない。","【前回企画のダイジェスト版を72時間限定で公開します】

【LINEメッセージ 1／image】
{
  ""original_content_url"": ""https://utagesystem.s3.ap-northeast-1.wasabisys.com/GX6OYW2fVtRD/BP6jdJufvGaM.png""
}

────────────

【LINEメッセージ 2／text】
欠席・参加不明の方：見逃した方・復習したい方へ😊
未申込の方：日程が合わなかった方向けの特別公開です✨

AIでひとり起業攻略法 の内容を、本日から3日間だけ視聴できちゃいます🎁
公開終了：8月2日(土)23:59👇

────────────

【LINEメッセージ 3／button】
{
  ""alt_text"": ""【動画】期間限定・無料公開のご案内"",
  ""react_type"": ""free"",
  ""react_press_again_text"": null,
  ""thumbnail_image_url"": null,
  ""title"": ""LINE友だち限定 プレミアム無料動画"",
  ""text"": ""無料公開は登録から3日間・スマホ視聴OK"",
  ""actions"": [
    {
      ""type"": ""url"",
      ""label"": ""動画を見る"",
      ""uri"": ""https://utage-system.com/p/m6COEDrJH2BP"",
      ""add_label_id"": null,
      ""del_label_id"": null
    }
  ]
}","【前回企画のダイジェスト版を72時間限定で公開します】

【LINEメッセージ 1／image】
{
  ""original_content_url"": ""https://utagesystem.s3.ap-northeast-1.wasabisys.com/GX6OYW2fVtRD/BP6jdJufvGaM.png""
}

────────────

【LINEメッセージ 2／text】
欠席・参加不明の方：見逃した方・復習したい方へ😊
未申込の方：日程が合わなかった方向けの特別公開です✨

AIでひとり起業攻略法 の内容を、本日から3日間だけ視聴できちゃいます🎁
公開終了：8月2日(土)23:59👇

────────────

【LINEメッセージ 3／button】
{
  ""alt_text"": ""【動画】期間限定・無料公開のご案内"",
  ""react_type"": ""free"",
  ""react_press_again_text"": null,
  ""thumbnail_image_url"": null,
  ""title"": ""LINE友だち限定 プレミアム無料動画"",
  ""text"": ""無料公開は登録から3日間・スマホ視聴OK"",
  ""actions"": [
    {
      ""type"": ""url"",
      ""label"": ""動画を見る"",
      ""uri"": ""https://utage-system.com/p/m6COEDrJH2BP"",
      ""add_label_id"": null,
      ""del_label_id"": null
    }
  ]
}","【前回企画のダイジェスト版を72時間限定で公開します】

【LINEメッセージ 1／image】
{
  ""original_content_url"": ""https://utagesystem.s3.ap-northeast-1.wasabisys.com/GX6OYW2fVtRD/BP6jdJufvGaM.png""
}

────────────

【LINEメッセージ 2／text】
欠席・参加不明の方：見逃した方・復習したい方へ😊
未申込の方：日程が合わなかった方向けの特別公開です✨

AIでひとり起業攻略法 の内容を、本日から3日間だけ視聴できちゃいます🎁
公開終了：8月2日(土)23:59👇

────────────

【LINEメッセージ 3／button】
{
  ""alt_text"": ""【動画】期間限定・無料公開のご案内"",
  ""react_type"": ""free"",
  ""react_press_again_text"": null,
  ""thumbnail_image_url"": null,
  ""title"": ""LINE友だち限定 プレミアム無料動画"",
  ""text"": ""無料公開は登録から3日間・スマホ視聴OK"",
  ""actions"": [
    {
      ""type"": ""url"",
      ""label"": ""動画を見る"",
      ""uri"": ""https://utage-system.com/p/m6COEDrJH2BP"",
      ""add_label_id"": null,
      ""del_label_id"": null
    }
  ]
}","[UTAGE実装時作成]","AUTO-VSL-NODATE"
"YouTube_さとり","REVIEW_YouTube_さとり_20260810","170","旧読者のみ・新規停止","メッセージ","15","旧VSL再公開_24時間限定（既存読者のみ）","HE8bnuAoHZz2","2026-08-10より前に旧VSL再公開へ入っている既存読者だけ。新規読者は使用禁止。","登録直後","LINE","ステップ配信","RO-01","","【LINEメッセージ 1／text】
%line_name%さん、ご希望ありがとうございます😊🎉

動画を今から２４時間だけ再公開しましたよ🎥
今回は再延長ができないので、先に視聴の時間を確保しておいてくださいね⏰

────────────

【LINEメッセージ 2／button】
{
  ""alt_text"": ""【24時間限定】動画を再公開しました"",
  ""react_type"": ""free"",
  ""react_press_again_text"": null,
  ""thumbnail_image_url"": null,
  ""title"": ""24時間限定 再公開"",
  ""text"": ""公開は再開から24時間・再延長なし"",
  ""actions"": [
    {
      ""type"": ""url"",
      ""label"": ""動画を見る"",
      ""uri"": ""https://utage-system.com/p/J4c9l3YXuHAs"",
      ""add_label_id"": null,
      ""del_label_id"": null
    }
  ]
}","[
  {
    ""url"": ""https://utage-system.com/p/J4c9l3YXuHAs"",
    ""action_id"": ""ZGjzVrAaUly5"",
    ""expiration_type"": ""none""
  }
]","[
  {
    ""url"": ""https://utage-system.com/p/J4c9l3YXuHAs"",
    ""action_id"": ""ZGjzVrAaUly5"",
    ""expiration_type"": ""none""
  }
]","","","2026-08-10より前に旧VSL再公開へ入っている既存読者だけ。新規読者は使用禁止。","[
  {
    ""url"": ""https://utage-system.com/p/J4c9l3YXuHAs"",
    ""action_id"": ""ZGjzVrAaUly5"",
    ""expiration_type"": ""none""
  }
]","配信基準=。本文N/O/PとUTAGE編集URLは後続列に保持。","","","本文内定義","","YouTube正本を独自リライトしない。ステータスが廃止対象または旧読者のみの場合は新規実装しない。","【LINEメッセージ 1／text】
%line_name%さん、ご希望ありがとうございます😊🎉

動画を今から２４時間だけ再公開しましたよ🎥
今回は再延長ができないので、先に視聴の時間を確保しておいてくださいね⏰

────────────

【LINEメッセージ 2／button】
{
  ""alt_text"": ""【24時間限定】動画を再公開しました"",
  ""react_type"": ""free"",
  ""react_press_again_text"": null,
  ""thumbnail_image_url"": null,
  ""title"": ""24時間限定 再公開"",
  ""text"": ""公開は再開から24時間・再延長なし"",
  ""actions"": [
    {
      ""type"": ""url"",
      ""label"": ""動画を見る"",
      ""uri"": ""https://utage-system.com/p/J4c9l3YXuHAs"",
      ""add_label_id"": null,
      ""del_label_id"": null
    }
  ]
}","%line_name%さん、ご希望ありがとうございます😊🎉

動画を今から２４時間だけ再公開しましたよ🎥
今回は再延長ができないので、先に視聴の時間を確保しておいてくださいね⏰","[name]さん、ご希望ありがとうございます。

動画を今から24時間だけ再公開しました。
再公開URL：[再公開URL]
終了：[再公開終了日時]

今回は再延長できないため、先に視聴時間を確保してください。","https://utage-system.com/account/Y86og5tIw1hZ/scenario/wF9rKqVhHmri/step/line/HE8bnuAoHZz2/edit","HE8bnuAoHZz2"
"YouTube_さとり","REVIEW_YouTube_さとり_20260810","171","旧読者のみ・新規停止","メッセージ","15","旧VSL再公開_24時間限定（既存読者のみ）","HBr7Z9JmI3RQ","2026-08-10より前に旧VSL再公開へ入っている既存読者だけ。新規読者は使用禁止。","2時間 後","LINE","ステップ配信","RO-02","","【LINEメッセージ 1／text】
再公開の動画は開けましたか？😊

まだの方は、ちゃんと視聴できるかだけでも今のうちに確認しておいてくださいね👇

────────────

【LINEメッセージ 2／button】
{
  ""alt_text"": ""【24時間限定】再公開・視聴確認をどうぞ"",
  ""react_type"": ""free"",
  ""react_press_again_text"": null,
  ""thumbnail_image_url"": null,
  ""title"": ""24時間限定 再公開"",
  ""text"": ""公開は再開から24時間・再延長なし"",
  ""actions"": [
    {
      ""type"": ""url"",
      ""label"": ""動画を見る"",
      ""uri"": ""https://utage-system.com/p/J4c9l3YXuHAs"",
      ""add_label_id"": null,
      ""del_label_id"": null
    }
  ]
}","[
  {
    ""url"": ""https://utage-system.com/p/J4c9l3YXuHAs"",
    ""action_id"": ""ZGjzVrAaUly5"",
    ""expiration_type"": ""none""
  }
]","[
  {
    ""url"": ""https://utage-system.com/p/J4c9l3YXuHAs"",
    ""action_id"": ""ZGjzVrAaUly5"",
    ""expiration_type"": ""none""
  }
]","","","2026-08-10より前に旧VSL再公開へ入っている既存読者だけ。新規読者は使用禁止。","[
  {
    ""url"": ""https://utage-system.com/p/J4c9l3YXuHAs"",
    ""action_id"": ""ZGjzVrAaUly5"",
    ""expiration_type"": ""none""
  }
]","配信基準=。本文N/O/PとUTAGE編集URLは後続列に保持。","","","本文内定義","","YouTube正本を独自リライトしない。ステータスが廃止対象または旧読者のみの場合は新規実装しない。","【LINEメッセージ 1／text】
再公開の動画は開けましたか？😊

まだの方は、ちゃんと視聴できるかだけでも今のうちに確認しておいてくださいね👇

────────────

【LINEメッセージ 2／button】
{
  ""alt_text"": ""【24時間限定】再公開・視聴確認をどうぞ"",
  ""react_type"": ""free"",
  ""react_press_again_text"": null,
  ""thumbnail_image_url"": null,
  ""title"": ""24時間限定 再公開"",
  ""text"": ""公開は再開から24時間・再延長なし"",
  ""actions"": [
    {
      ""type"": ""url"",
      ""label"": ""動画を見る"",
      ""uri"": ""https://utage-system.com/p/J4c9l3YXuHAs"",
      ""add_label_id"": null,
      ""del_label_id"": null
    }
  ]
}","再公開の動画は開けましたか？😊

まだの方は、ちゃんと視聴できるかだけでも今のうちに確認しておいてくださいね👇","再公開動画は開けましたか？

まだの場合は、視聴できることだけでも今のうちに確認してください。
[再公開URL]","https://utage-system.com/account/Y86og5tIw1hZ/scenario/wF9rKqVhHmri/step/line/HBr7Z9JmI3RQ/edit","HBr7Z9JmI3RQ"
"YouTube_さとり","REVIEW_YouTube_さとり_20260810","172","旧読者のみ・新規停止","メッセージ","15","旧VSL再公開_24時間限定（既存読者のみ）","Gm1fr2DU4JUT","2026-08-10より前に旧VSL再公開へ入っている既存読者だけ。新規読者は使用禁止。","0日後 6:00","LINE","ステップ配信","RO-03","","【LINEメッセージ 1／text】
再公開、残り18時間です⏰

テーマ選びから商品・集客・販売まで、途中で切らずに最後まで通して見るのがおすすめですよ😊🔥","","","","","2026-08-10より前に旧VSL再公開へ入っている既存読者だけ。新規読者は使用禁止。","","配信基準=。本文N/O/PとUTAGE編集URLは後続列に保持。","","","本文内定義","","YouTube正本を独自リライトしない。ステータスが廃止対象または旧読者のみの場合は新規実装しない。","【LINEメッセージ 1／text】
再公開、残り18時間です⏰

テーマ選びから商品・集客・販売まで、途中で切らずに最後まで通して見るのがおすすめですよ😊🔥","再公開、残り18時間です⏰

テーマ選びから商品・集客・販売まで、途中で切らずに最後まで通して見るのがおすすめですよ😊🔥","残り18時間です。

テーマ選びから商品・集客・販売まで、途中で分断せず最後まで通して見るのがおすすめです。","https://utage-system.com/account/Y86og5tIw1hZ/scenario/wF9rKqVhHmri/step/line/Gm1fr2DU4JUT/edit","Gm1fr2DU4JUT"
"YouTube_さとり","REVIEW_YouTube_さとり_20260810","173","旧読者のみ・新規停止","メッセージ","15","旧VSL再公開_24時間限定（既存読者のみ）","8bHQqsOMWT0I","2026-08-10より前に旧VSL再公開へ入っている既存読者だけ。新規読者は使用禁止。","0日後 12:00","LINE","ステップ配信","RO-04","","【LINEメッセージ 1／text】
再公開は残り12時間ですね⏰

一度だけの24時間公開です。まだ途中の方は、ここから続きに戻ってくださいね😊","","","","","2026-08-10より前に旧VSL再公開へ入っている既存読者だけ。新規読者は使用禁止。","","配信基準=。本文N/O/PとUTAGE編集URLは後続列に保持。","","","本文内定義","","YouTube正本を独自リライトしない。ステータスが廃止対象または旧読者のみの場合は新規実装しない。","【LINEメッセージ 1／text】
再公開は残り12時間ですね⏰

一度だけの24時間公開です。まだ途中の方は、ここから続きに戻ってくださいね😊","再公開は残り12時間ですね⏰

一度だけの24時間公開です。まだ途中の方は、ここから続きに戻ってくださいね😊","再公開は残り12時間。

一度だけの24時間公開です。まだ途中なら、ここから続きへ戻ってください。","https://utage-system.com/account/Y86og5tIw1hZ/scenario/wF9rKqVhHmri/step/line/8bHQqsOMWT0I/edit","8bHQqsOMWT0I"
"YouTube_さとり","REVIEW_YouTube_さとり_20260810","174","旧読者のみ・新規停止","メッセージ","15","旧VSL再公開_24時間限定（既存読者のみ）","7sSttRWu9nbx","2026-08-10より前に旧VSL再公開へ入っている既存読者だけ。新規読者は使用禁止。","0日後 18:00","LINE","ステップ配信","RO-05","","【LINEメッセージ 1／text】
終了まで、あと６時間です⏰

見終わった方には、必要に応じて AIひとり起業ロードマップ作成会 をご案内しますね😊
まずは動画を最後までご覧ください👇

────────────

【LINEメッセージ 2／button】
{
  ""alt_text"": ""【24時間限定】終了まであと6時間"",
  ""react_type"": ""free"",
  ""react_press_again_text"": null,
  ""thumbnail_image_url"": null,
  ""title"": ""24時間限定 再公開"",
  ""text"": ""終了まであと6時間"",
  ""actions"": [
    {
      ""type"": ""url"",
      ""label"": ""動画を見る"",
      ""uri"": ""https://utage-system.com/p/J4c9l3YXuHAs"",
      ""add_label_id"": null,
      ""del_label_id"": null
    }
  ]
}","[
  {
    ""url"": ""https://utage-system.com/p/J4c9l3YXuHAs"",
    ""action_id"": ""ZGjzVrAaUly5"",
    ""expiration_type"": ""none""
  }
]","[
  {
    ""url"": ""https://utage-system.com/p/J4c9l3YXuHAs"",
    ""action_id"": ""ZGjzVrAaUly5"",
    ""expiration_type"": ""none""
  }
]","","","2026-08-10より前に旧VSL再公開へ入っている既存読者だけ。新規読者は使用禁止。","[
  {
    ""url"": ""https://utage-system.com/p/J4c9l3YXuHAs"",
    ""action_id"": ""ZGjzVrAaUly5"",
    ""expiration_type"": ""none""
  }
]","配信基準=。本文N/O/PとUTAGE編集URLは後続列に保持。","","","本文内定義","","YouTube正本を独自リライトしない。ステータスが廃止対象または旧読者のみの場合は新規実装しない。","【LINEメッセージ 1／text】
終了まで、あと６時間です⏰

見終わった方には、必要に応じて AIひとり起業ロードマップ作成会 をご案内しますね😊
まずは動画を最後までご覧ください👇

────────────

【LINEメッセージ 2／button】
{
  ""alt_text"": ""【24時間限定】終了まであと6時間"",
  ""react_type"": ""free"",
  ""react_press_again_text"": null,
  ""thumbnail_image_url"": null,
  ""title"": ""24時間限定 再公開"",
  ""text"": ""終了まであと6時間"",
  ""actions"": [
    {
      ""type"": ""url"",
      ""label"": ""動画を見る"",
      ""uri"": ""https://utage-system.com/p/J4c9l3YXuHAs"",
      ""add_label_id"": null,
      ""del_label_id"": null
    }
  ]
}","終了まで、あと６時間です⏰

見終わった方には、必要に応じて AIひとり起業ロードマップ作成会 をご案内しますね😊
まずは動画を最後までご覧ください👇","終了まであと6時間です。

見終わった方には、必要に応じて AIひとり起業ロードマップ作成会 をご案内します。まずは動画を最後までご覧ください。
[再公開URL]","https://utage-system.com/account/Y86og5tIw1hZ/scenario/wF9rKqVhHmri/step/line/7sSttRWu9nbx/edit","7sSttRWu9nbx"
"YouTube_さとり","REVIEW_YouTube_さとり_20260810","175","旧読者のみ・新規停止","メッセージ","15","旧VSL再公開_24時間限定（既存読者のみ）","0MbohnxfbLMq","2026-08-10より前に旧VSL再公開へ入っている既存読者だけ。新規読者は使用禁止。","0日後 22:00","LINE","ステップ配信","RO-06","","【LINEメッセージ 1／text】
あと2時間で終了します⏰

今回を逸すと、同じ動画の再公開はもうありません🙏
必要な部分を、今のうちに確認しておいてくださいね🔥","","","","","2026-08-10より前に旧VSL再公開へ入っている既存読者だけ。新規読者は使用禁止。","","配信基準=。本文N/O/PとUTAGE編集URLは後続列に保持。","","","本文内定義","","YouTube正本を独自リライトしない。ステータスが廃止対象または旧読者のみの場合は新規実装しない。","【LINEメッセージ 1／text】
あと2時間で終了します⏰

今回を逸すと、同じ動画の再公開はもうありません🙏
必要な部分を、今のうちに確認しておいてくださいね🔥","あと2時間で終了します⏰

今回を逸すと、同じ動画の再公開はもうありません🙏
必要な部分を、今のうちに確認しておいてくださいね🔥","あと2時間で終了します。

今回を逃すと、同じ動画の再公開はありません。必要な部分を今のうちに確認してください。","https://utage-system.com/account/Y86og5tIw1hZ/scenario/wF9rKqVhHmri/step/line/0MbohnxfbLMq/edit","0MbohnxfbLMq"
"YouTube_さとり","REVIEW_YouTube_さとり_20260810","176","旧読者のみ・新規停止","メッセージ","15","旧VSL再公開_24時間限定（既存読者のみ）","kGOpTtbv81QD","2026-08-10より前に旧VSL再公開へ入っている既存読者だけ。新規読者は使用禁止。","0日後 23:30","LINE","ステップ配信","RO-07","","【LINEメッセージ 1／text】
あと３０分です⏰

２４時間再公開の、最後のご案内ですね🙏
視聴途中の方は、今すぐこちらから戻ってください👇

────────────

【LINEメッセージ 2／button】
{
  ""alt_text"": ""【24時間限定】まもなく終了・最後の案内"",
  ""react_type"": ""free"",
  ""react_press_again_text"": null,
  ""thumbnail_image_url"": null,
  ""title"": ""24時間限定 再公開"",
  ""text"": ""あと予約の３０分・最後の案内"",
  ""actions"": [
    {
      ""type"": ""url"",
      ""label"": ""動画を見る"",
      ""uri"": ""https://utage-system.com/p/J4c9l3YXuHAs"",
      ""add_label_id"": null,
      ""del_label_id"": null
    }
  ]
}","[
  {
    ""url"": ""https://utage-system.com/p/J4c9l3YXuHAs"",
    ""action_id"": ""ZGjzVrAaUly5"",
    ""expiration_type"": ""none""
  }
]","[
  {
    ""url"": ""https://utage-system.com/p/J4c9l3YXuHAs"",
    ""action_id"": ""ZGjzVrAaUly5"",
    ""expiration_type"": ""none""
  }
]","","","2026-08-10より前に旧VSL再公開へ入っている既存読者だけ。新規読者は使用禁止。","[
  {
    ""url"": ""https://utage-system.com/p/J4c9l3YXuHAs"",
    ""action_id"": ""ZGjzVrAaUly5"",
    ""expiration_type"": ""none""
  }
]","配信基準=。本文N/O/PとUTAGE編集URLは後続列に保持。","","","本文内定義","","YouTube正本を独自リライトしない。ステータスが廃止対象または旧読者のみの場合は新規実装しない。","【LINEメッセージ 1／text】
あと３０分です⏰

２４時間再公開の、最後のご案内ですね🙏
視聴途中の方は、今すぐこちらから戻ってください👇

────────────

【LINEメッセージ 2／button】
{
  ""alt_text"": ""【24時間限定】まもなく終了・最後の案内"",
  ""react_type"": ""free"",
  ""react_press_again_text"": null,
  ""thumbnail_image_url"": null,
  ""title"": ""24時間限定 再公開"",
  ""text"": ""あと予約の３０分・最後の案内"",
  ""actions"": [
    {
      ""type"": ""url"",
      ""label"": ""動画を見る"",
      ""uri"": ""https://utage-system.com/p/J4c9l3YXuHAs"",
      ""add_label_id"": null,
      ""del_label_id"": null
    }
  ]
}","あと３０分です⏰

２４時間再公開の、最後のご案内ですね🙏
視聴途中の方は、今すぐこちらから戻ってください👇","あと30分です。

24時間再公開の最後のご案内です。視聴途中の方は、今すぐこちらから戻ってください。
[再公開URL]","https://utage-system.com/account/Y86og5tIw1hZ/scenario/wF9rKqVhHmri/step/line/kGOpTtbv81QD/edit","kGOpTtbv81QD"
"YouTube_さとり","REVIEW_YouTube_さとり_20260810","177","稼働中","メッセージ","16","オプチャ_初回参加案内","Keai6IIELEtI","VSL72時間終了または無断欠席3通終了後も面談未予約・未実施。予約完了／面談済み／営業停止は除外。オプチャリンククリックで残り案内停止。","登録直後","LINE","ステップ配信","OC-J01","","【LINEメッセージ 1／text】
%line_name%さん、AIの学びを続けたい方へ😊

オープンチャット 「AIマニアの放課後」 をご案内します🎉
AI活用やひとり起業について学べるZoom勉強会を、月2回開催していますよ。まずは気軽に参加してくださいね🙌

────────────

【LINEメッセージ 2／button】
{
  ""alt_text"": ""スマートフォンから閲覧してください。"",
  ""react_type"": ""one_time"",
  ""react_press_again_text"": null,
  ""thumbnail_image_url"": null,
  ""title"": null,
  ""text"": ""AIマニアの放課後はこちら"",
  ""actions"": [
    {
      ""type"": ""url"",
      ""label"": ""オプチャに参加する🔥"",
      ""uri"": ""オープンチャット「AIマニアの放課後」 https://line.me/ti/g2/qtQ6WBe1vMODUq86aG-DL8AlkyGa_5J56xW0Xg?utm_source=invitation&utm_medium=link_copy&utm_campaign=default"",
      ""add_label_id"": null,
      ""del_label_id"": null
    }
  ]
}","[
  {
    ""url"": ""オープンチャット「AIマニアの放課後」 https://line.me/ti/g2/qtQ6WBe1vMODUq86aG-DL8AlkyGa_5J56xW0Xg?utm_source=invitation&utm_medium=link_copy&utm_campaign=default"",
    ""action_id"": null,
    ""expiration_type"": ""none""
  }
]","[
  {
    ""url"": ""オープンチャット「AIマニアの放課後」 https://line.me/ti/g2/qtQ6WBe1vMODUq86aG-DL8AlkyGa_5J56xW0Xg?utm_source=invitation&utm_medium=link_copy&utm_campaign=default"",
    ""action_id"": null,
    ""expiration_type"": ""none""
  }
]","","","VSL72時間終了または無断欠席3通終了後も面談未予約・未実施。予約完了／面談済み／営業停止は除外。オプチャリンククリックで残り案内停止。","[
  {
    ""url"": ""オープンチャット「AIマニアの放課後」 https://line.me/ti/g2/qtQ6WBe1vMODUq86aG-DL8AlkyGa_5J56xW0Xg?utm_source=invitation&utm_medium=link_copy&utm_campaign=default"",
    ""action_id"": null,
    ""expiration_type"": ""none""
  }
]","配信基準=。本文N/O/PとUTAGE編集URLは後続列に保持。","","","本文内定義","","YouTube正本を独自リライトしない。ステータスが廃止対象または旧読者のみの場合は新規実装しない。","【LINEメッセージ 1／text】
%line_name%さん、AIの学びを続けたい方へ😊

オープンチャット 「AIマニアの放課後」 をご案内します🎉
AI活用やひとり起業について学べるZoom勉強会を、月2回開催していますよ。まずは気軽に参加してくださいね🙌

────────────

【LINEメッセージ 2／button】
{
  ""alt_text"": ""スマートフォンから閲覧してください。"",
  ""react_type"": ""one_time"",
  ""react_press_again_text"": null,
  ""thumbnail_image_url"": null,
  ""title"": null,
  ""text"": ""AIマニアの放課後はこちら"",
  ""actions"": [
    {
      ""type"": ""url"",
      ""label"": ""オプチャに参加する🔥"",
      ""uri"": ""オープンチャット「AIマニアの放課後」 https://line.me/ti/g2/qtQ6WBe1vMODUq86aG-DL8AlkyGa_5J56xW0Xg?utm_source=invitation&utm_medium=link_copy&utm_campaign=default"",
      ""add_label_id"": null,
      ""del_label_id"": null
    }
  ]
}","%line_name%さん、AIの学びを続けたい方へ😊

オープンチャット 「AIマニアの放課後」 をご案内します🎉
AI活用やひとり起業について学べるZoom勉強会を、月2回開催していますよ。まずは気軽に参加してくださいね🙌","[name]さん、AIの学びを続けたい方へ。

オープンチャット 「AIマニアの放課後」 をご案内します。AI活用やひとり起業について学べる無料勉強会を不定期で開催しています。匿名で参加できますのでまずは気軽に参加してください。","https://utage-system.com/account/Y86og5tIw1hZ/scenario/rB1Rr3C5g2PI/step/line/Keai6IIELEtI/edit","Keai6IIELEtI"
"YouTube_さとり","REVIEW_YouTube_さとり_20260810","178","稼働中","メッセージ","16","オプチャ_初回参加案内","NTIhWrYdF9wK","VSL72時間終了または無断欠席3通終了後も面談未予約・未実施。予約完了／面談済み／営業停止は除外。オプチャリンククリックで残り案内停止。","1日後 19:00","LINE","ステップ配信","OC-J02","","【LINEメッセージ 1／text】
一人で情報を追い続けると、分からないことが増えるほど動きにくくなりますよね😌

AIマニアの放課後 では、AIの変化を学びながら、自分の仕事や事業にどう使うかを一緒に考えていきます😊👇

https://line.me/ti/g2/qtQ6WBe1vMODUq86aG-DL8AlkyGa_5J56xW0Xg?utm_source=invitation&utm_medium=link_copy&utm_campaign=default","[
  {
    ""url"": ""https://line.me/ti/g2/qtQ6WBe1vMODUq86aG-DL8AlkyGa_5J56xW0Xg?utm_source=invitation&utm_medium=link_copy&utm_campaign=default"",
    ""action_id"": ""ua4O1UzrwOxm"",
    ""expiration_type"": ""none""
  }
]","[
  {
    ""url"": ""https://line.me/ti/g2/qtQ6WBe1vMODUq86aG-DL8AlkyGa_5J56xW0Xg?utm_source=invitation&utm_medium=link_copy&utm_campaign=default"",
    ""action_id"": ""ua4O1UzrwOxm"",
    ""expiration_type"": ""none""
  }
]","","","VSL72時間終了または無断欠席3通終了後も面談未予約・未実施。予約完了／面談済み／営業停止は除外。オプチャリンククリックで残り案内停止。","[
  {
    ""url"": ""https://line.me/ti/g2/qtQ6WBe1vMODUq86aG-DL8AlkyGa_5J56xW0Xg?utm_source=invitation&utm_medium=link_copy&utm_campaign=default"",
    ""action_id"": ""ua4O1UzrwOxm"",
    ""expiration_type"": ""none""
  }
]","配信基準=。本文N/O/PとUTAGE編集URLは後続列に保持。","","","本文内定義","","YouTube正本を独自リライトしない。ステータスが廃止対象または旧読者のみの場合は新規実装しない。","【LINEメッセージ 1／text】
一人で情報を追い続けると、分からないことが増えるほど動きにくくなりますよね😌

AIマニアの放課後 では、AIの変化を学びながら、自分の仕事や事業にどう使うかを一緒に考えていきます😊👇

https://line.me/ti/g2/qtQ6WBe1vMODUq86aG-DL8AlkyGa_5J56xW0Xg?utm_source=invitation&utm_medium=link_copy&utm_campaign=default","一人で情報を追い続けると、分からないことが増えるほど動きにくくなりますよね😌

AIマニアの放課後 では、AIの変化を学びながら、自分の仕事や事業にどう使うかを一緒に考えていきます😊👇

https://line.me/ti/g2/qtQ6WBe1vMODUq86aG-DL8AlkyGa_5J56xW0Xg?utm_source=invitation&utm_medium=link_copy&utm_campaign=default","一人で情報を追い続けると、分からないことが増えるほど動きにくくなります。

オープンチャット「AIマニアの放課後」 では、AIの変化を学びながら、自分の仕事や事業にどう使うかを考えます。

[オプチャURL]","https://utage-system.com/account/Y86og5tIw1hZ/scenario/rB1Rr3C5g2PI/step/line/NTIhWrYdF9wK/edit","NTIhWrYdF9wK"
"YouTube_さとり","REVIEW_YouTube_さとり_20260810","179","稼働中","メッセージ","16","オプチャ_初回参加案内","tqthhMdpJHMS","VSL72時間終了または無断欠席3通終了後も面談未予約・未実施。予約完了／面談済み／営業停止は除外。オプチャリンククリックで残り案内停止。","3日後 20:00","LINE","ステップ配信","OC-J03","","【LINEメッセージ 1／text】
オプチャ参加については、これで最後のご案内ですね😊

今すぐ面談やスクールを考えていなくても大丈夫ですよ🙆‍♂️
月2回のZoom勉強会から、AIを使うきっかけを作ってみてください💬","","","","","VSL72時間終了または無断欠席3通終了後も面談未予約・未実施。予約完了／面談済み／営業停止は除外。オプチャリンククリックで残り案内停止。","","配信基準=。本文N/O/PとUTAGE編集URLは後続列に保持。","","","本文内定義","","YouTube正本を独自リライトしない。ステータスが廃止対象または旧読者のみの場合は新規実装しない。","【LINEメッセージ 1／text】
オプチャ参加については、これで最後のご案内ですね😊

今すぐ面談やスクールを考えていなくても大丈夫ですよ🙆‍♂️
月2回のZoom勉強会から、AIを使うきっかけを作ってみてください💬","オプチャ参加については、これで最後のご案内ですね😊

今すぐ面談やスクールを考えていなくても大丈夫ですよ🙆‍♂️
月2回のZoom勉強会から、AIを使うきっかけを作ってみてください💬","オプチャ参加については、これで最後のご案内です。

今すぐ面談やスクールを考えていなくても大丈夫。無料勉強会から、AIを使うきっかけを作ってください。","https://utage-system.com/account/Y86og5tIw1hZ/scenario/rB1Rr3C5g2PI/step/line/tqthhMdpJHMS/edit","tqthhMdpJHMS"
"YouTube_さとり","REVIEW_YouTube_さとり_20260810","180","下書き","メッセージ","18","勉強会後ロードマップ_未クリック","qHdUnbo4wfh3","","登録直後","LINE","ステップ配信","OC-N01","","【LINEメッセージ 1／text】
%line_name%さん、本日の勉強会へのご参加、本当にありがとうございました😊🎉

今日の学びを自分の事業計画へ落とし込みたい方へ、AIひとり起業ロードマップ作成会をご案内しますね🎁

Zoom30分で、事業テーマ・商品・集客・販売の順番を一緒に整理していきます。スクールの案内も含むため、興味がある方だけ日程をご覧くださいね💬","","","","","","","配信基準=。本文N/O/PとUTAGE編集URLは後続列に保持。","","","本文内定義","","YouTube正本を独自リライトしない。ステータスが廃止対象または旧読者のみの場合は新規実装しない。","【LINEメッセージ 1／text】
%line_name%さん、本日の勉強会へのご参加、本当にありがとうございました😊🎉

今日の学びを自分の事業計画へ落とし込みたい方へ、AIひとり起業ロードマップ作成会をご案内しますね🎁

Zoom30分で、事業テーマ・商品・集客・販売の順番を一緒に整理していきます。スクールの案内も含むため、興味がある方だけ日程をご覧くださいね💬","%line_name%さん、本日の勉強会へのご参加、本当にありがとうございました😊🎉

今日の学びを自分の事業計画へ落とし込みたい方へ、AIひとり起業ロードマップ作成会をご案内しますね🎁

Zoom30分で、事業テーマ・商品・集客・販売の順番を一緒に整理していきます。スクールの案内も含むため、興味がある方だけ日程をご覧くださいね💬","次回の放課後勉強会が決まりました。

テーマ：[勉強会テーマ]
日時：[勉強会日時]
形式：Zoom

AIを知るだけでなく、自分の仕事やひとり起業へどう使うかを一緒に考えます。","https://utage-system.com/account/Y86og5tIw1hZ/scenario/YRvcJYoKf5bE/step/line/qHdUnbo4wfh3/edit","qHdUnbo4wfh3"
"YouTube_さとり","REVIEW_YouTube_さとり_20260810","181","稼働中","メッセージ","18","勉強会後ロードマップ_未クリック","Xx8BcVbTazKj","","1日後 10:00","LINE","ステップ配信","OC-N02","","【LINEメッセージ 1／text】
昨日の勉強会で見つけたヒント、そのままにしていませんか？😊

自分の場合の最初の一歩まで決めたい方は、30分のロードマップ作成会を使ってくださいね🙌","","","","","","","配信基準=。本文N/O/PとUTAGE編集URLは後続列に保持。","","","本文内定義","","YouTube正本を独自リライトしない。ステータスが廃止対象または旧読者のみの場合は新規実装しない。","【LINEメッセージ 1／text】
昨日の勉強会で見つけたヒント、そのままにしていませんか？😊

自分の場合の最初の一歩まで決めたい方は、30分のロードマップ作成会を使ってくださいね🙌","昨日の勉強会で見つけたヒント、そのままにしていませんか？😊

自分の場合の最初の一歩まで決めたい方は、30分のロードマップ作成会を使ってくださいね🙌","開催まであと3日です。

今回のテーマは [勉強会テーマ]。AI初心者でも参加できる内容です。聞くだけで終わらせず、自分ならどう使うかまで考える時間にします。

[勉強会申込URL]","https://utage-system.com/account/Y86og5tIw1hZ/scenario/YRvcJYoKf5bE/step/line/Xx8BcVbTazKj/edit","Xx8BcVbTazKj"
"YouTube_さとり","REVIEW_YouTube_さとり_20260810","182","稼働中","メッセージ","18","勉強会後ロードマップ_未クリック","DCkZURPOLdbZ","","2日後 20:00","LINE","ステップ配信","OC-N03","","【LINEメッセージ 1／text】
今回の勉強会参加者向けの作成会案内は、これで最後ですね😌

スクールに関心があって、具体的な進め方を相談したい方はこちらからご予約くださいね👇

────────────

【LINEメッセージ 2／button】
{
  ""alt_text"": ""【個別】ロードマップ作成会・最後のご案内"",
  ""react_type"": ""free"",
  ""react_press_again_text"": null,
  ""thumbnail_image_url"": null,
  ""title"": ""AIひとり起業ロードマップ作成会"",
  ""text"": ""これが最後のご案内・Zoom30分"",
  ""actions"": [
    {
      ""type"": ""url"",
      ""label"": ""日程を見て予約する"",
      ""uri"": ""https://utage-system.com/event/DkY6Co3mN1oB/register"",
      ""add_label_id"": null,
      ""del_label_id"": null
    }
  ]
}","[
  {
    ""url"": ""https://utage-system.com/event/DkY6Co3mN1oB/register"",
    ""action_id"": ""Rxpev2N4QEL3"",
    ""expiration_type"": ""none""
  }
]","[
  {
    ""url"": ""https://utage-system.com/event/DkY6Co3mN1oB/register"",
    ""action_id"": ""Rxpev2N4QEL3"",
    ""expiration_type"": ""none""
  }
]","","","","[
  {
    ""url"": ""https://utage-system.com/event/DkY6Co3mN1oB/register"",
    ""action_id"": ""Rxpev2N4QEL3"",
    ""expiration_type"": ""none""
  }
]","配信基準=。本文N/O/PとUTAGE編集URLは後続列に保持。","","","本文内定義","","YouTube正本を独自リライトしない。ステータスが廃止対象または旧読者のみの場合は新規実装しない。","【LINEメッセージ 1／text】
今回の勉強会参加者向けの作成会案内は、これで最後ですね😌

スクールに関心があって、具体的な進め方を相談したい方はこちらからご予約くださいね👇

────────────

【LINEメッセージ 2／button】
{
  ""alt_text"": ""【個別】ロードマップ作成会・最後のご案内"",
  ""react_type"": ""free"",
  ""react_press_again_text"": null,
  ""thumbnail_image_url"": null,
  ""title"": ""AIひとり起業ロードマップ作成会"",
  ""text"": ""これが最後のご案内・Zoom30分"",
  ""actions"": [
    {
      ""type"": ""url"",
      ""label"": ""日程を見て予約する"",
      ""uri"": ""https://utage-system.com/event/DkY6Co3mN1oB/register"",
      ""add_label_id"": null,
      ""del_label_id"": null
    }
  ]
}","今回の勉強会参加者向けの作成会案内は、これで最後ですね😌

スクールに関心があって、具体的な進め方を相談したい方はこちらからご予約くださいね👇","明日開催。

[勉強会テーマ]
[勉強会日時]／Zoom

参加する方は、忘れないうちに登録を済ませてください。","https://utage-system.com/account/Y86og5tIw1hZ/scenario/YRvcJYoKf5bE/step/line/DCkZURPOLdbZ/edit","DCkZURPOLdbZ"
"YouTube_さとり","REVIEW_YouTube_さとり_20260810","183","稼働中","メッセージ","19","勉強会後ロードマップ_クリック済","t5809c9etpY3","","15分 後","LINE","ステップ配信","OC-C01","","【LINEメッセージ 1／text】
%line_name%さん、作成会の日程ページを見てくださってありがとうございます😊

合う時間がなければ、少し時間を置いてもう一度確認できますよ💬","","","","","","","配信基準=。本文N/O/PとUTAGE編集URLは後続列に保持。","","","本文内定義","","YouTube正本を独自リライトしない。ステータスが廃止対象または旧読者のみの場合は新規実装しない。","【LINEメッセージ 1／text】
%line_name%さん、作成会の日程ページを見てくださってありがとうございます😊

合う時間がなければ、少し時間を置いてもう一度確認できますよ💬","%line_name%さん、作成会の日程ページを見てくださってありがとうございます😊

合う時間がなければ、少し時間を置いてもう一度確認できますよ💬","[name]さん、本日が放課後勉強会の日です。

テーマ：[勉強会テーマ]
日時：[勉強会日時]

今日扱う内容を、自分の行動に一つ持ち帰ってください。
[勉強会申込URL]","https://utage-system.com/account/Y86og5tIw1hZ/scenario/6s6n2jsuDCIe/step/line/t5809c9etpY3/edit","t5809c9etpY3"
"YouTube_さとり","REVIEW_YouTube_さとり_20260810","184","稼働中","メッセージ","19","勉強会後ロードマップ_クリック済","aJTXplcyVf6R","","2時間 後","LINE","ステップ配信","OC-C02","","【LINEメッセージ 1／text】
AIひとり起業ロードマップ作成会 はZoom30分です😊

予約は名前とメールアドレスだけでOK。勉強会で得た学びを、あなたの事業テーマと次の行動へつなげていきますね🙌","","","","","","","配信基準=。本文N/O/PとUTAGE編集URLは後続列に保持。","","","本文内定義","","YouTube正本を独自リライトしない。ステータスが廃止対象または旧読者のみの場合は新規実装しない。","【LINEメッセージ 1／text】
AIひとり起業ロードマップ作成会 はZoom30分です😊

予約は名前とメールアドレスだけでOK。勉強会で得た学びを、あなたの事業テーマと次の行動へつなげていきますね🙌","AIひとり起業ロードマップ作成会 はZoom30分です😊

予約は名前とメールアドレスだけでOK。勉強会で得た学びを、あなたの事業テーマと次の行動へつなげていきますね🙌","あと1時間で開始します。

AIマニアの放課後 Zoom勉強会
参加URL：[勉強会参加URL]

開始時刻になりましたら、こちらからお入りください。","https://utage-system.com/account/Y86og5tIw1hZ/scenario/6s6n2jsuDCIe/step/line/aJTXplcyVf6R/edit","aJTXplcyVf6R"
"YouTube_さとり","REVIEW_YouTube_さとり_20260810","185","稼働中","メッセージ","19","勉強会後ロードマップ_クリック済","drv279eSHBD2","","5時間 後","LINE","ステップ配信","OC-C03","","【LINEメッセージ 1／text】
まだテーマが固まっていなくても、まったく問題ありませんよ😌

経験・得意・興味を確認しながら、AIを使って何を形にするかを一緒に整理していきますね。スクールの説明も含みます👇

────────────

【LINEメッセージ 2／button】
{
  ""alt_text"": ""【個別】AIひとり起業ロードマップ作成会のご案内"",
  ""react_type"": ""free"",
  ""react_press_again_text"": null,
  ""thumbnail_image_url"": null,
  ""title"": ""AIひとり起業ロードマップ作成会"",
  ""text"": ""Zoom30分・名前とメールだけで予約OK"",
  ""actions"": [
    {
      ""type"": ""url"",
      ""label"": ""日程を見て予約する"",
      ""uri"": ""https://utage-system.com/event/DkY6Co3mN1oB/register"",
      ""add_label_id"": null,
      ""del_label_id"": null
    }
  ]
}","[
  {
    ""url"": ""https://utage-system.com/event/DkY6Co3mN1oB/register"",
    ""action_id"": ""Rxpev2N4QEL3"",
    ""expiration_type"": ""none""
  }
]","[
  {
    ""url"": ""https://utage-system.com/event/DkY6Co3mN1oB/register"",
    ""action_id"": ""Rxpev2N4QEL3"",
    ""expiration_type"": ""none""
  }
]","","","","[
  {
    ""url"": ""https://utage-system.com/event/DkY6Co3mN1oB/register"",
    ""action_id"": ""Rxpev2N4QEL3"",
    ""expiration_type"": ""none""
  }
]","配信基準=。本文N/O/PとUTAGE編集URLは後続列に保持。","","","本文内定義","","YouTube正本を独自リライトしない。ステータスが廃止対象または旧読者のみの場合は新規実装しない。","【LINEメッセージ 1／text】
まだテーマが固まっていなくても、まったく問題ありませんよ😌

経験・得意・興味を確認しながら、AIを使って何を形にするかを一緒に整理していきますね。スクールの説明も含みます👇

────────────

【LINEメッセージ 2／button】
{
  ""alt_text"": ""【個別】AIひとり起業ロードマップ作成会のご案内"",
  ""react_type"": ""free"",
  ""react_press_again_text"": null,
  ""thumbnail_image_url"": null,
  ""title"": ""AIひとり起業ロードマップ作成会"",
  ""text"": ""Zoom30分・名前とメールだけで予約OK"",
  ""actions"": [
    {
      ""type"": ""url"",
      ""label"": ""日程を見て予約する"",
      ""uri"": ""https://utage-system.com/event/DkY6Co3mN1oB/register"",
      ""add_label_id"": null,
      ""del_label_id"": null
    }
  ]
}","まだテーマが固まっていなくても、まったく問題ありませんよ😌

経験・得意・興味を確認しながら、AIを使って何を形にするかを一緒に整理していきますね。スクールの説明も含みます👇","[name]さん、本日の勉強会へのご参加ありがとうございました。

今日の学びを自分の事業計画へ落とし込みたい方へ、AIひとり起業ロードマップ作成会をご案内します。

Zoom30分で、事業テーマ・商品・集客・販売の順番を一緒に整理します。スクールの案内も含むため、興味がある方だけ日程をご覧ください。","https://utage-system.com/account/Y86og5tIw1hZ/scenario/6s6n2jsuDCIe/step/line/drv279eSHBD2/edit","drv279eSHBD2"
"YouTube_さとり","REVIEW_YouTube_さとり_20260810","186","稼働中","メッセージ","19","勉強会後ロードマップ_クリック済","TQAmLMmMHUwK","","10時間 後","LINE","ステップ配信","OC-C04","","【LINEメッセージ 1／text】
学んだ日の熱を、そのまま行動へ🔥

一人で考えて止まる前に、３０分で優先順位を決めちゃいましょう💬","","","","","","","配信基準=。本文N/O/PとUTAGE編集URLは後続列に保持。","","","本文内定義","","YouTube正本を独自リライトしない。ステータスが廃止対象または旧読者のみの場合は新規実装しない。","【LINEメッセージ 1／text】
学んだ日の熱を、そのまま行動へ🔥

一人で考えて止まる前に、３０分で優先順位を決めちゃいましょう💬","学んだ日の熱を、そのまま行動へ🔥

一人で考えて止まる前に、３０分で優先順位を決めちゃいましょう💬","昨日の勉強会で見つけたヒントを、そのままにしていませんか？

自分の場合の最初の一歩まで決めたい方は、30分のロードマップ作成会を使ってください。","https://utage-system.com/account/Y86og5tIw1hZ/scenario/6s6n2jsuDCIe/step/line/TQAmLMmMHUwK/edit","TQAmLMmMHUwK"
"YouTube_さとり","REVIEW_YouTube_さとり_20260810","187","稼働中","メッセージ","19","勉強会後ロードマップ_クリック済","5y0jtagXKl24","","1日 後","LINE","ステップ配信","OC-C05","","【LINEメッセージ 1／text】
%line_name%さん、ロードマップ作成会へ参加しようか迷われている方へ😌

「今の自分が最初に取り組む課題を明確にしていただけました。」
「AIで事業を作り、労働集約から卒業しようと決意しました。」
などの感想をいただいております🙌

次の開催は未定です。お早めにお申し込みください。","","","","","","","配信基準=。本文N/O/PとUTAGE編集URLは後続列に保持。","","","本文内定義","","YouTube正本を独自リライトしない。ステータスが廃止対象または旧読者のみの場合は新規実装しない。","【LINEメッセージ 1／text】
%line_name%さん、昨日ページを開いて迷っていた方へ😌

作成会では、今の自分が最初に取り組む一つを明確にしていきますね。そのうえでスクールが必要かも判断できますよ🙌","%line_name%さん、昨日ページを開いて迷っていた方へ😌

作成会では、今の自分が最初に取り組む一つを明確にしていきますね。そのうえでスクールが必要かも判断できますよ🙌","今回の勉強会参加者向けの作成会案内は、これで最後です。

スクールに関心があり、具体的な進め方を相談したい方はこちらからご予約ください。
[面談予約URL]","https://utage-system.com/account/Y86og5tIw1hZ/scenario/6s6n2jsuDCIe/step/line/5y0jtagXKl24/edit","5y0jtagXKl24"
"YouTube_さとり","REVIEW_YouTube_さとり_20260810","188","稼働中","メッセージ","19","勉強会後ロードマップ_クリック済","GcAZFq9yUYEu","","1日 4時間 後","LINE","ステップ配信","OC-C06","","【LINEメッセージ 1／text】
AIでできることが増えるほど、選択肢も増えていきますよね😊

だからこそ、何をやるべきなのか整理する時間を作ってください✨
ロードマップ作成会でお待ちしています。","","","","","","","配信基準=。本文N/O/PとUTAGE編集URLは後続列に保持。","","","本文内定義","","YouTube正本を独自リライトしない。ステータスが廃止対象または旧読者のみの場合は新規実装しない。","【LINEメッセージ 1／text】
AIでできることが増えるほど、選択肢も増えていきますよね😊

だからこそ、何をやるかだけでなく、今は何をやらないかまで整理する時間を作ってくださいね✨","AIでできることが増えるほど、選択肢も増えていきますよね😊

だからこそ、何をやるかだけでなく、今は何をやらないかまで整理する時間を作ってくださいね✨","[name]さん、ロードマップ作成会の日程ページを見てくださりありがとうございます。

合う時間がなければ、少し時間を置いてもう一度確認できます。","https://utage-system.com/account/Y86og5tIw1hZ/scenario/6s6n2jsuDCIe/step/line/GcAZFq9yUYEu/edit","GcAZFq9yUYEu"
"YouTube_さとり","REVIEW_YouTube_さとり_20260810","189","稼働中","メッセージ","19","勉強会後ロードマップ_クリック済","MxOJAWlXbEbE","","1日後 10:00","LINE","ステップ配信","OC-C07","","【LINEメッセージ 1／text】
事前準備は一切不要です😊 様々な相談の場としてご活用ください👇

────────────

【LINEメッセージ 2／button】
{
  ""alt_text"": ""【個別】ロードマップ作成会・事前課題なし/日程変更OK"",
  ""react_type"": ""free"",
  ""react_press_again_text"": null,
  ""thumbnail_image_url"": null,
  ""title"": ""AIひとり起業ロードマップ作成会"",
  ""text"": ""事前課題なし・日程変更OK"",
  ""actions"": [
    {
      ""type"": ""url"",
      ""label"": ""日程を見て予約する"",
      ""uri"": ""https://utage-system.com/event/DkY6Co3mN1oB/register"",
      ""add_label_id"": null,
      ""del_label_id"": null
    }
  ]
}","[
  {
    ""url"": ""https://utage-system.com/event/DkY6Co3mN1oB/register"",
    ""action_id"": ""Rxpev2N4QEL3"",
    ""expiration_type"": ""none""
  }
]","[
  {
    ""url"": ""https://utage-system.com/event/DkY6Co3mN1oB/register"",
    ""action_id"": ""Rxpev2N4QEL3"",
    ""expiration_type"": ""none""
  }
]","","","","[
  {
    ""url"": ""https://utage-system.com/event/DkY6Co3mN1oB/register"",
    ""action_id"": ""Rxpev2N4QEL3"",
    ""expiration_type"": ""none""
  }
]","配信基準=。本文N/O/PとUTAGE編集URLは後続列に保持。","","","本文内定義","","YouTube正本を独自リライトしない。ステータスが廃止対象または旧読者のみの場合は新規実装しない。","【LINEメッセージ 1／text】
事前課題や資料は不要ですよ😊 予約後に都合が変わっても日程変更できるので安心してくださいね👇

────────────

【LINEメッセージ 2／button】
{
  ""alt_text"": ""【個別】ロードマップ作成会・事前課題なし/日程変更OK"",
  ""react_type"": ""free"",
  ""react_press_again_text"": null,
  ""thumbnail_image_url"": null,
  ""title"": ""AIひとり起業ロードマップ作成会"",
  ""text"": ""事前課題なし・日程変更OK"",
  ""actions"": [
    {
      ""type"": ""url"",
      ""label"": ""日程を見て予約する"",
      ""uri"": ""https://utage-system.com/event/DkY6Co3mN1oB/register"",
      ""add_label_id"": null,
      ""del_label_id"": null
    }
  ]
}","事前課題や資料は不要ですよ😊 予約後に都合が変わっても日程変更できるので安心してくださいね👇","AIひとり起業ロードマップ作成会 はZoom30分です。

予約は名前とメールアドレスだけ。勉強会で得た学びを、あなたの事業テーマと次の行動へつなげます。","https://utage-system.com/account/Y86og5tIw1hZ/scenario/6s6n2jsuDCIe/step/line/MxOJAWlXbEbE/edit","MxOJAWlXbEbE"
"YouTube_さとり","REVIEW_YouTube_さとり_20260810","190","稼働中","メッセージ","19","勉強会後ロードマップ_クリック済","Qx8sfyBu5hqI","","1日後 15:00","LINE","ステップ配信","OC-C08","","【LINEメッセージ 1／text】
受付終了まで残り9時間です⏰

必要な方は、お早めに日程を確保してください🙌","","","","","","","配信基準=。本文N/O/PとUTAGE編集URLは後続列に保持。","","","本文内定義","","YouTube正本を独自リライトしない。ステータスが廃止対象または旧読者のみの場合は新規実装しない。","【LINEメッセージ 1／text】
今回の受付は残り9時間です⏰

実際の48時間受付に基づくご案内です。必要な方は、期限内に日程を確保してくださいね🙌","","まだテーマが固まっていなくても問題ありません。

経験・得意・興味を確認しながら、AIを使って何を形にするかを一緒に整理します。
[面談予約URL]","https://utage-system.com/account/Y86og5tIw1hZ/scenario/6s6n2jsuDCIe/step/line/Qx8sfyBu5hqI/edit","Qx8sfyBu5hqI"
"YouTube_さとり","REVIEW_YouTube_さとり_20260810","191","稼働中","メッセージ","19","勉強会後ロードマップ_クリック済","EbnJDJasIpid","","1日後 21:00","LINE","ステップ配信","OC-C09","","【LINEメッセージ 1／text】
受付終了まであと3時間です⏰

AIひとり起業スクールに関心があって、自分に合う進め方を直接相談したい方はこちらです👇

────────────

【LINEメッセージ 2／button】
{
  ""alt_text"": ""【個別】ロードマップ作成会・受付終了まであと3時間"",
  ""react_type"": ""free"",
  ""react_press_again_text"": null,
  ""thumbnail_image_url"": null,
  ""title"": ""AIひとり起業ロードマップ作成会"",
  ""text"": ""受付終了まであと3時間"",
  ""actions"": [
    {
      ""type"": ""url"",
      ""label"": ""日程を見て予約する"",
      ""uri"": ""https://utage-system.com/event/DkY6Co3mN1oB/register"",
      ""add_label_id"": null,
      ""del_label_id"": null
    }
  ]
}","[
  {
    ""url"": ""https://utage-system.com/event/DkY6Co3mN1oB/register"",
    ""action_id"": ""Rxpev2N4QEL3"",
    ""expiration_type"": ""none""
  }
]","[
  {
    ""url"": ""https://utage-system.com/event/DkY6Co3mN1oB/register"",
    ""action_id"": ""Rxpev2N4QEL3"",
    ""expiration_type"": ""none""
  }
]","","","","[
  {
    ""url"": ""https://utage-system.com/event/DkY6Co3mN1oB/register"",
    ""action_id"": ""Rxpev2N4QEL3"",
    ""expiration_type"": ""none""
  }
]","配信基準=。本文N/O/PとUTAGE編集URLは後続列に保持。","","","本文内定義","","YouTube正本を独自リライトしない。ステータスが廃止対象または旧読者のみの場合は新規実装しない。","【LINEメッセージ 1／text】
受付終了まであと3時間です⏰

AIひとり起業スクールに関心があって、自分に合う進め方を直接相談したい方はこちらです👇

────────────

【LINEメッセージ 2／button】
{
  ""alt_text"": ""【個別】ロードマップ作成会・受付終了まであと3時間"",
  ""react_type"": ""free"",
  ""react_press_again_text"": null,
  ""thumbnail_image_url"": null,
  ""title"": ""AIひとり起業ロードマップ作成会"",
  ""text"": ""受付終了まであと3時間"",
  ""actions"": [
    {
      ""type"": ""url"",
      ""label"": ""日程を見て予約する"",
      ""uri"": ""https://utage-system.com/event/DkY6Co3mN1oB/register"",
      ""add_label_id"": null,
      ""del_label_id"": null
    }
  ]
}","","学んだ日の熱を、行動へ。

一人で考えて止まる前に、30分で優先順位を決めましょう。","https://utage-system.com/account/Y86og5tIw1hZ/scenario/6s6n2jsuDCIe/step/line/EbnJDJasIpid/edit","EbnJDJasIpid"
"YouTube_さとり","REVIEW_YouTube_さとり_20260810","192","稼働中","メッセージ","19","勉強会後ロードマップ_クリック済","FYFbS6MjeNru","","1日後 23:00","LINE","ステップ配信","OC-C10","","【LINEメッセージ 1／text】
あと1時間で受付を終了します⏰

今回の案内はこれで最後です。参加したい方は今すぐ予約を完了してくださいね💬","","","","","","","配信基準=。本文N/O/PとUTAGE編集URLは後続列に保持。","","","本文内定義","","YouTube正本を独自リライトしない。ステータスが廃止対象または旧読者のみの場合は新規実装しない。","【LINEメッセージ 1／text】
あと1時間で受付を終了します⏰

今回の勉強会参加者向け案内はこれで最後です。参加したい方は今すぐ予約を完了してくださいね💬","","[name]さん、昨日ページを開いて迷っていた方へ。

作成会では、今の自分が最初に取り組む一つを明確にします。そのうえでスクールが必要かも判断できます。","https://utage-system.com/account/Y86og5tIw1hZ/scenario/6s6n2jsuDCIe/step/line/FYFbS6MjeNru/edit","FYFbS6MjeNru"
"YouTube_さとり","REVIEW_YouTube_さとり_20260810","193","稼働中","メッセージ","20","AIでひとり起業【個別相談会】リマインダ","70sjTO8HmghJ","","登録直後","メール","ステップ配信","申込時","【重要】%event_name%へのお申込みが完了しました","%name% 様

この度は
%event_name%
にお申込み頂きありがとうございます。

お申込み頂いたご予約について
ご案内をさせて頂きます。

■　お申込者情報
━━━━━━━━━━━━━━━━

お名前：%name%
メールアドレス：%mail%
電話番号：%phone%


■　日程・参加方法
━━━━━━━━━━━━━━━━

%event_info%


■　キャンセルについて
━━━━━━━━━━━━━━━━

キャンセルを希望される場合は事前に『必ず』ご連絡ください。


━━━━━━━━━━━━━━━━
%event_name%運営事務局
%from_mail%
━━━━━━━━━━━━━━━━","","","","","","","配信基準=。本文N/O/PとUTAGE編集URLは後続列に保持。","","","本文内定義","","YouTube正本を独自リライトしない。ステータスが廃止対象または旧読者のみの場合は新規実装しない。","%name% 様

この度は
%event_name%
にお申込み頂きありがとうございます。

お申込み頂いたご予約について
ご案内をさせて頂きます。

■　お申込者情報
━━━━━━━━━━━━━━━━

お名前：%name%
メールアドレス：%mail%
電話番号：%phone%


■　日程・参加方法
━━━━━━━━━━━━━━━━

%event_info%


■　キャンセルについて
━━━━━━━━━━━━━━━━

キャンセルを希望される場合は事前に『必ず』ご連絡ください。


━━━━━━━━━━━━━━━━
%event_name%運営事務局
%from_mail%
━━━━━━━━━━━━━━━━","","AIでできることが増えるほど、選択肢も増えます。

だからこそ、何をやるかだけでなく、今は何をやらないかまで整理する時間を作ってください。","https://utage-system.com/account/Y86og5tIw1hZ/scenario/vVqowqBT63pQ/step/70sjTO8HmghJ/edit","70sjTO8HmghJ"
"YouTube_さとり","REVIEW_YouTube_さとり_20260810","194","稼働中","メッセージ","20","AIでひとり起業【個別相談会】リマインダ","jdhZUdOrDuDa","","14日前の 8:00","メール","リマインダ配信","開催14日前","【開催14日前】%event_name%","%name% 様

この度は
%event_name%
にお申込み頂きありがとうございます。

開催14日前になりましたので
リマインドをさせて頂きます。

■　お申込者情報
━━━━━━━━━━━━━━━━

お名前：%name%
メールアドレス：%mail%
電話番号：%phone%


■　日程・参加方法
━━━━━━━━━━━━━━━━

%event_info%


■　キャンセルについて
━━━━━━━━━━━━━━━━

キャンセルを希望される場合は事前に『必ず』ご連絡ください。


━━━━━━━━━━━━━━━━
%event_name%運営事務局
%from_mail%
━━━━━━━━━━━━━━━━","","","","","","","配信基準=イベント参加日時。本文N/O/PとUTAGE編集URLは後続列に保持。","","","本文内定義","","YouTube正本を独自リライトしない。ステータスが廃止対象または旧読者のみの場合は新規実装しない。","%name% 様

この度は
%event_name%
にお申込み頂きありがとうございます。

開催14日前になりましたので
リマインドをさせて頂きます。

■　お申込者情報
━━━━━━━━━━━━━━━━

お名前：%name%
メールアドレス：%mail%
電話番号：%phone%


■　日程・参加方法
━━━━━━━━━━━━━━━━

%event_info%


■　キャンセルについて
━━━━━━━━━━━━━━━━

キャンセルを希望される場合は事前に『必ず』ご連絡ください。


━━━━━━━━━━━━━━━━
%event_name%運営事務局
%from_mail%
━━━━━━━━━━━━━━━━","","事前課題や資料は不要です。予約後に都合が変われば日程変更できます。

[面談予約URL]","https://utage-system.com/account/Y86og5tIw1hZ/scenario/vVqowqBT63pQ/reminder/jdhZUdOrDuDa/edit","jdhZUdOrDuDa"
"YouTube_さとり","REVIEW_YouTube_さとり_20260810","195","稼働中","メッセージ","20","AIでひとり起業【個別相談会】リマインダ","jK7xNyNa1cMJ","","7日前の 8:00","メール","リマインダ配信","開催7日前","【開催7日前】%event_name%","%name% 様

この度は
%event_name%
にお申込み頂きありがとうございます。

開催7日前になりましたので
リマインドをさせて頂きます。

■　お申込者情報
━━━━━━━━━━━━━━━━

お名前：%name%
メールアドレス：%mail%
電話番号：%phone%


■　日程・参加方法
━━━━━━━━━━━━━━━━

%event_info%


■　キャンセルについて
━━━━━━━━━━━━━━━━

キャンセルを希望される場合は事前に『必ず』ご連絡ください。


━━━━━━━━━━━━━━━━
%event_name%運営事務局
%from_mail%
━━━━━━━━━━━━━━━━","","","","","","","配信基準=イベント参加日時。本文N/O/PとUTAGE編集URLは後続列に保持。","","","本文内定義","","YouTube正本を独自リライトしない。ステータスが廃止対象または旧読者のみの場合は新規実装しない。","%name% 様

この度は
%event_name%
にお申込み頂きありがとうございます。

開催7日前になりましたので
リマインドをさせて頂きます。

■　お申込者情報
━━━━━━━━━━━━━━━━

お名前：%name%
メールアドレス：%mail%
電話番号：%phone%


■　日程・参加方法
━━━━━━━━━━━━━━━━

%event_info%


■　キャンセルについて
━━━━━━━━━━━━━━━━

キャンセルを希望される場合は事前に『必ず』ご連絡ください。


━━━━━━━━━━━━━━━━
%event_name%運営事務局
%from_mail%
━━━━━━━━━━━━━━━━","","今回の受付は残り9時間です。

実際の48時間受付に基づくご案内です。必要な方は、期限内に日程を確保してください。","https://utage-system.com/account/Y86og5tIw1hZ/scenario/vVqowqBT63pQ/reminder/jK7xNyNa1cMJ/edit","jK7xNyNa1cMJ"
"YouTube_さとり","REVIEW_YouTube_さとり_20260810","196","稼働中","メッセージ","20","AIでひとり起業【個別相談会】リマインダ","3Sm1nKs0whtA","","3日前の 8:00","メール","リマインダ配信","開催3日前","【開催3日前】%event_name%","%name% 様

この度は
%event_name%
にお申込み頂きありがとうございます。

開催3日前になりましたので
リマインドをさせて頂きます。

■　お申込者情報
━━━━━━━━━━━━━━━━

お名前：%name%
メールアドレス：%mail%
電話番号：%phone%


■　日程・参加方法
━━━━━━━━━━━━━━━━

%event_info%


■　キャンセルについて
━━━━━━━━━━━━━━━━

キャンセルを希望される場合は事前に『必ず』ご連絡ください。


━━━━━━━━━━━━━━━━
%event_name%運営事務局
%from_mail%
━━━━━━━━━━━━━━━━","","","","","","","配信基準=イベント参加日時。本文N/O/PとUTAGE編集URLは後続列に保持。","","","本文内定義","","YouTube正本を独自リライトしない。ステータスが廃止対象または旧読者のみの場合は新規実装しない。","%name% 様

この度は
%event_name%
にお申込み頂きありがとうございます。

開催3日前になりましたので
リマインドをさせて頂きます。

■　お申込者情報
━━━━━━━━━━━━━━━━

お名前：%name%
メールアドレス：%mail%
電話番号：%phone%


■　日程・参加方法
━━━━━━━━━━━━━━━━

%event_info%


■　キャンセルについて
━━━━━━━━━━━━━━━━

キャンセルを希望される場合は事前に『必ず』ご連絡ください。


━━━━━━━━━━━━━━━━
%event_name%運営事務局
%from_mail%
━━━━━━━━━━━━━━━━","","受付終了まであと3時間です。

AIひとり起業スクールに関心があり、自分に合う進め方を直接相談したい方はこちらです。
[面談予約URL]","https://utage-system.com/account/Y86og5tIw1hZ/scenario/vVqowqBT63pQ/reminder/3Sm1nKs0whtA/edit","3Sm1nKs0whtA"
"YouTube_さとり","REVIEW_YouTube_さとり_20260810","197","稼働中","メッセージ","20","AIでひとり起業【個別相談会】リマインダ","CGM99TaU9YO4","","1日前の 8:00","メール","リマインダ配信","開催前日","【明日開催】%event_name%","%name% 様

この度は
%event_name%
にお申込み頂きありがとうございます。

開催前日になりましたので
リマインドをさせて頂きます。

■　お申込者情報
━━━━━━━━━━━━━━━━

お名前：%name%
メールアドレス：%mail%
電話番号：%phone%


■　日程・参加方法
━━━━━━━━━━━━━━━━

%event_info%


■　キャンセルについて
━━━━━━━━━━━━━━━━

キャンセルを希望される場合は事前に『必ず』ご連絡ください。


━━━━━━━━━━━━━━━━
%event_name%運営事務局
%from_mail%
━━━━━━━━━━━━━━━━","","","","","","","配信基準=イベント参加日時。本文N/O/PとUTAGE編集URLは後続列に保持。","","","本文内定義","","YouTube正本を独自リライトしない。ステータスが廃止対象または旧読者のみの場合は新規実装しない。","%name% 様

この度は
%event_name%
にお申込み頂きありがとうございます。

開催前日になりましたので
リマインドをさせて頂きます。

■　お申込者情報
━━━━━━━━━━━━━━━━

お名前：%name%
メールアドレス：%mail%
電話番号：%phone%


■　日程・参加方法
━━━━━━━━━━━━━━━━

%event_info%


■　キャンセルについて
━━━━━━━━━━━━━━━━

キャンセルを希望される場合は事前に『必ず』ご連絡ください。


━━━━━━━━━━━━━━━━
%event_name%運営事務局
%from_mail%
━━━━━━━━━━━━━━━━","","あと1時間で受付を終了します。

今回の勉強会参加者向け案内はこれで最後です。参加したい方は今すぐ予約を完了してください。","https://utage-system.com/account/Y86og5tIw1hZ/scenario/vVqowqBT63pQ/reminder/CGM99TaU9YO4/edit","CGM99TaU9YO4"
"YouTube_さとり","REVIEW_YouTube_さとり_20260810","198","稼働中","メッセージ","20","AIでひとり起業【個別相談会】リマインダ","OkC1ak5iOy59","","当日の 8:00","メール","リマインダ配信","開催当日","【本日開催】%event_name%","%name% 様

この度は
%event_name%
にお申込み頂きありがとうございます。

開催当日になりましたので
リマインドをさせて頂きます。

■　お申込者情報
━━━━━━━━━━━━━━━━

お名前：%name%
メールアドレス：%mail%
電話番号：%phone%


■　日程・参加方法
━━━━━━━━━━━━━━━━

%event_info%


■　キャンセルについて
━━━━━━━━━━━━━━━━

キャンセルを希望される場合は事前に『必ず』ご連絡ください。


━━━━━━━━━━━━━━━━
%event_name%運営事務局
%from_mail%
━━━━━━━━━━━━━━━━","","","","","","","配信基準=イベント参加日時。本文N/O/PとUTAGE編集URLは後続列に保持。","","","本文内定義","","YouTube正本を独自リライトしない。ステータスが廃止対象または旧読者のみの場合は新規実装しない。","%name% 様

この度は
%event_name%
にお申込み頂きありがとうございます。

開催当日になりましたので
リマインドをさせて頂きます。

■　お申込者情報
━━━━━━━━━━━━━━━━

お名前：%name%
メールアドレス：%mail%
電話番号：%phone%


■　日程・参加方法
━━━━━━━━━━━━━━━━

%event_info%


■　キャンセルについて
━━━━━━━━━━━━━━━━

キャンセルを希望される場合は事前に『必ず』ご連絡ください。


━━━━━━━━━━━━━━━━
%event_name%運営事務局
%from_mail%
━━━━━━━━━━━━━━━━","","[name]さん、本日はありがとうございました。AIひとり起業スクールへのご参加手続きもありがとうございます。これ以降のご案内は、受講開始の案内に切り替わります。一緒に形にしていきましょう。","https://utage-system.com/account/Y86og5tIw1hZ/scenario/vVqowqBT63pQ/reminder/OkC1ak5iOy59/edit","OkC1ak5iOy59"
"YouTube_さとり","REVIEW_YouTube_さとり_20260810","199","稼働中","メッセージ","20","AIでひとり起業【個別相談会】リマインダ","o3RyLZEG5NES","","1時間 前","メール","リマインダ配信","開催60分前","【開催60分前】%event_name%","%name% 様

この度は
%event_name%
にお申込み頂きありがとうございます。

開催60分前になりましたので
リマインドをさせて頂きます。

■　お申込者情報
━━━━━━━━━━━━━━━━

お名前：%name%
メールアドレス：%mail%
電話番号：%phone%


■　日程・参加方法
━━━━━━━━━━━━━━━━

%event_info%


■　キャンセルについて
━━━━━━━━━━━━━━━━

キャンセルを希望される場合は事前に『必ず』ご連絡ください。


━━━━━━━━━━━━━━━━
%event_name%運営事務局
%from_mail%
━━━━━━━━━━━━━━━━","","","","","","","配信基準=イベント参加日時。本文N/O/PとUTAGE編集URLは後続列に保持。","","","本文内定義","","YouTube正本を独自リライトしない。ステータスが廃止対象または旧読者のみの場合は新規実装しない。","%name% 様

この度は
%event_name%
にお申込み頂きありがとうございます。

開催60分前になりましたので
リマインドをさせて頂きます。

■　お申込者情報
━━━━━━━━━━━━━━━━

お名前：%name%
メールアドレス：%mail%
電話番号：%phone%


■　日程・参加方法
━━━━━━━━━━━━━━━━

%event_info%


■　キャンセルについて
━━━━━━━━━━━━━━━━

キャンセルを希望される場合は事前に『必ず』ご連絡ください。


━━━━━━━━━━━━━━━━
%event_name%運営事務局
%from_mail%
━━━━━━━━━━━━━━━━","","[name]さん、本日はありがとうございました。次回は [面談日時] に、今日整理した内容の続きからお話しします。Zoomはこちらです：[ZoomURL]。変更が必要な場合は [日程変更URL] からお願いします。","https://utage-system.com/account/Y86og5tIw1hZ/scenario/vVqowqBT63pQ/reminder/o3RyLZEG5NES/edit","o3RyLZEG5NES"
"YouTube_ゆるAI","REVIEW_YouTube_ゆるAI_20260810","1","レビュー確定（要UTAGE実装）","アクション","ACTION","YT_00_ゆるAI入口","ACT-ENTRY","ゆるAI専用新規LINE登録経路のみ。2026-08-10以降の新規流入。","新規LINE登録時","LINE","アクション","ACT-ENTRY","","ゆるAI専用の新規読者としてsrc_youtube_yuruaiを付与し、キーワード受付を開始。表示用動画名は[ゆるAI動画名]。既存読者は旧ルートを完走させる。","src_youtube_yuruai付与→登録直後シナリオ開始","src_youtube_yuruai付与→登録直後シナリオ開始","","","ゆるAI専用新規LINE登録経路のみ。2026-08-10以降の新規流入。","src_youtube_yuruai付与→登録直後シナリオ開始","配信基準=状態遷移。本文N/O/PとUTAGE編集URLは後続列に保持。","","","本文内定義","","YouTube正本を独自リライトしない。ステータスが廃止対象または旧読者のみの場合は新規実装しない。","ゆるAI専用の新規読者としてsrc_youtube_yuruaiを付与し、キーワード受付を開始。表示用動画名は[ゆるAI動画名]。既存読者は旧ルートを完走させる。","ゆるAI専用の新規読者としてsrc_youtube_yuruaiを付与し、キーワード受付を開始。表示用動画名は[ゆるAI動画名]。既存読者は旧ルートを完走させる。","ゆるAI専用の新規読者としてsrc_youtube_yuruaiを付与し、キーワード受付を開始。表示用動画名は[ゆるAI動画名]。既存読者は旧ルートを完走させる。","[UTAGE実装時作成]","ACT-ENTRY"
"YouTube_ゆるAI","REVIEW_YouTube_ゆるAI_20260810","2","レビュー確定（要UTAGE実装）","アクション","ACTION","YT_05_特典配布完了","ACT-BENEFIT-DELIVERED","キーワード受信。予約完了・面談済み・成約・営業停止は除外。","キーワード受信時","LINE","アクション","ACT-BENEFIT-DELIVERED","","特典受信を成立点として、登録直後・キーワード催促を停止し、特典配布完了へ即時遷移。特典リンクのクリック有無では分岐しない。","登録直後/キーワード催促を停止→特典配布完了シナリオ開始","登録直後/キーワード催促を停止→特典配布完了シナリオ開始","","","キーワード受信。予約完了・面談済み・成約・営業停止は除外。","登録直後/キーワード催促を停止→特典配布完了シナリオ開始","配信基準=状態遷移。本文N/O/PとUTAGE編集URLは後続列に保持。","","","本文内定義","","YouTube正本を独自リライトしない。ステータスが廃止対象または旧読者のみの場合は新規実装しない。","特典受信を成立点として、登録直後・キーワード催促を停止し、特典配布完了へ即時遷移。特典リンクのクリック有無では分岐しない。","特典受信を成立点として、登録直後・キーワード催促を停止し、特典配布完了へ即時遷移。特典リンクのクリック有無では分岐しない。","特典受信を成立点として、登録直後・キーワード催促を停止し、特典配布完了へ即時遷移。特典リンクのクリック有無では分岐しない。","[UTAGE実装時作成]","ACT-BENEFIT-DELIVERED"
"YouTube_ゆるAI","REVIEW_YouTube_ゆるAI_20260810","3","レビュー確定（要UTAGE実装）","アクション","ACTION","YT_15_Zoomサポート予約完了","ACT-SUPPORT-BOOKED","Zoomサポート予約完了。予約完了が判定できる連携を使用。","予約完了時","LINE","アクション","ACT-SUPPORT-BOOKED","","Zoomサポート会の予約完了を停止点とし、Zoomサポート募集と下位オファーを停止。予約リマインドだけを配信する。","Zoomサポート募集停止→予約リマインドへ移行","Zoomサポート募集停止→予約リマインドへ移行","","","Zoomサポート予約完了。予約完了が判定できる連携を使用。","Zoomサポート募集停止→予約リマインドへ移行","配信基準=状態遷移。本文N/O/PとUTAGE編集URLは後続列に保持。","","","本文内定義","","YouTube正本を独自リライトしない。ステータスが廃止対象または旧読者のみの場合は新規実装しない。","Zoomサポート会の予約完了を停止点とし、Zoomサポート募集と下位オファーを停止。予約リマインドだけを配信する。","Zoomサポート会の予約完了を停止点とし、Zoomサポート募集と下位オファーを停止。予約リマインドだけを配信する。","Zoomサポート会の予約完了を停止点とし、Zoomサポート募集と下位オファーを停止。予約リマインドだけを配信する。","[UTAGE実装時作成]","ACT-SUPPORT-BOOKED"
"YouTube_ゆるAI","REVIEW_YouTube_ゆるAI_20260810","4","レビュー確定（要UTAGE実装）","アクション","ACTION","YT_19_Zoomサポート受付終了","ACT-SUPPORT-EXPIRE","Zoomサポート未予約者のみ。予約完了・面談済み・成約・営業停止は除外。","シナリオ流入翌日 23:59","LINE","アクション","ACT-SUPPORT-EXPIRE","","Zoomサポート会未予約者の募集を終了し、翌朝06:00からYouTube/Instagram共通セミナー募集へ移行。","Zoomサポート募集停止→翌朝06:00セミナー募集開始","Zoomサポート募集停止→翌朝06:00セミナー募集開始","","","Zoomサポート未予約者のみ。予約完了・面談済み・成約・営業停止は除外。","Zoomサポート募集停止→翌朝06:00セミナー募集開始","配信基準=状態遷移。本文N/O/PとUTAGE編集URLは後続列に保持。","","","本文内定義","","YouTube正本を独自リライトしない。ステータスが廃止対象または旧読者のみの場合は新規実装しない。","Zoomサポート会未予約者の募集を終了し、翌朝06:00からYouTube/Instagram共通セミナー募集へ移行。","Zoomサポート会未予約者の募集を終了し、翌朝06:00からYouTube/Instagram共通セミナー募集へ移行。","Zoomサポート会未予約者の募集を終了し、翌朝06:00からYouTube/Instagram共通セミナー募集へ移行。","[UTAGE実装時作成]","ACT-SUPPORT-EXPIRE"
"YouTube_ゆるAI","REVIEW_YouTube_ゆるAI_20260810","5","レビュー確定（要UTAGE実装）","アクション","ACTION","YT_25_セミナー申込完了","ACT-SEM-REG","セミナー申込完了。日程1・日程2のイベントごとに判定。","セミナー申込完了時","LINE","アクション","ACT-SEM-REG","","選択した日程のセミナー申込完了を成立点とし、未申込者向け募集を全停止。申込日程のリマインドへ移行する。","セミナー募集停止→申込日程リマインドへ移行","セミナー募集停止→申込日程リマインドへ移行","","","セミナー申込完了。日程1・日程2のイベントごとに判定。","セミナー募集停止→申込日程リマインドへ移行","配信基準=状態遷移。本文N/O/PとUTAGE編集URLは後続列に保持。","","","本文内定義","","YouTube正本を独自リライトしない。ステータスが廃止対象または旧読者のみの場合は新規実装しない。","選択した日程のセミナー申込完了を成立点とし、未申込者向け募集を全停止。申込日程のリマインドへ移行する。","選択した日程のセミナー申込完了を成立点とし、未申込者向け募集を全停止。申込日程のリマインドへ移行する。","選択した日程のセミナー申込完了を成立点とし、未申込者向け募集を全停止。申込日程のリマインドへ移行する。","[UTAGE実装時作成]","ACT-SEM-REG"
"YouTube_ゆるAI","REVIEW_YouTube_ゆるAI_20260810","6","レビュー確定（要UTAGE実装）","アクション","ACTION","YT_26_日程不可VSL即時開始","ACT-NODATE-VSL","日程不可ボタン初回クリック。既にVSL中・面談予約済み・面談済みは除外。","「どちらの日程も合わない」初回クリック時","LINE","アクション","ACT-NODATE-VSL","","セミナー募集を即時停止し、「前回企画のダイジェスト版」として72時間VSLを開始。初回クリック時刻を期限起点として固定し、再クリックで延長しない。","セミナー募集停止→72時間VSL即時開始","セミナー募集停止→72時間VSL即時開始","","","日程不可ボタン初回クリック。既にVSL中・面談予約済み・面談済みは除外。","セミナー募集停止→72時間VSL即時開始","配信基準=状態遷移。本文N/O/PとUTAGE編集URLは後続列に保持。","","","本文内定義","","YouTube正本を独自リライトしない。ステータスが廃止対象または旧読者のみの場合は新規実装しない。","セミナー募集を即時停止し、「前回企画のダイジェスト版」として72時間VSLを開始。初回クリック時刻を期限起点として固定し、再クリックで延長しない。","セミナー募集を即時停止し、「前回企画のダイジェスト版」として72時間VSLを開始。初回クリック時刻を期限起点として固定し、再クリックで延長しない。","セミナー募集を即時停止し、「前回企画のダイジェスト版」として72時間VSLを開始。初回クリック時刻を期限起点として固定し、再クリックで延長しない。","[UTAGE実装時作成]","ACT-NODATE-VSL"
"YouTube_ゆるAI","REVIEW_YouTube_ゆるAI_20260810","7","レビュー確定（要UTAGE実装）","アクション","ACTION","YT_29_第2日程終了未申込","ACT-SEM2-END-NOREG","第2日程終了時点でセミナー未申込。面談予約済み・面談済み・成約・営業停止は除外。","第2日程終了の翌朝 06:00","LINE","アクション","ACT-SEM2-END-NOREG","","2日程とも未申込だった人を確認ボタンなしで72時間VSLへ自動移行する。","セミナー募集停止→72時間VSL開始","セミナー募集停止→72時間VSL開始","","","第2日程終了時点でセミナー未申込。面談予約済み・面談済み・成約・営業停止は除外。","セミナー募集停止→72時間VSL開始","配信基準=状態遷移。本文N/O/PとUTAGE編集URLは後続列に保持。","","","本文内定義","","YouTube正本を独自リライトしない。ステータスが廃止対象または旧読者のみの場合は新規実装しない。","2日程とも未申込だった人を確認ボタンなしで72時間VSLへ自動移行する。","2日程とも未申込だった人を確認ボタンなしで72時間VSLへ自動移行する。","2日程とも未申込だった人を確認ボタンなしで72時間VSLへ自動移行する。","[UTAGE実装時作成]","ACT-SEM2-END-NOREG"
"YouTube_ゆるAI","REVIEW_YouTube_ゆるAI_20260810","8","レビュー確定（要UTAGE実装）","アクション","ACTION","YT_30_開催翌朝面談案内","ACT-POSTSEM-CONSULT","セミナー申込済みかつ面談未予約。参加/欠席は判定しない。","本人が申し込んだセミナー開催翌朝 06:00","LINE","アクション","ACT-POSTSEM-CONSULT","","セミナー申込済み・個別ロードマップ作成会未予約者へ面談案内を開始。受付は当日23:59で厳密に終了する。","セミナーリマインド停止→面談案内開始","セミナーリマインド停止→面談案内開始","","","セミナー申込済みかつ面談未予約。参加/欠席は判定しない。","セミナーリマインド停止→面談案内開始","配信基準=状態遷移。本文N/O/PとUTAGE編集URLは後続列に保持。","","","本文内定義","","YouTube正本を独自リライトしない。ステータスが廃止対象または旧読者のみの場合は新規実装しない。","セミナー申込済み・個別ロードマップ作成会未予約者へ面談案内を開始。受付は当日23:59で厳密に終了する。","セミナー申込済み・個別ロードマップ作成会未予約者へ面談案内を開始。受付は当日23:59で厳密に終了する。","セミナー申込済み・個別ロードマップ作成会未予約者へ面談案内を開始。受付は当日23:59で厳密に終了する。","[UTAGE実装時作成]","ACT-POSTSEM-CONSULT"
"YouTube_ゆるAI","REVIEW_YouTube_ゆるAI_20260810","9","レビュー確定（要UTAGE実装）","アクション","ACTION","YT_39_面談受付終了","ACT-POSTSEM-CONSULT-EXPIRE","面談未予約者のみ。受付フォームも23:59で閉鎖。","面談案内当日 23:59","LINE","アクション","ACT-POSTSEM-CONSULT-EXPIRE","","個別ロードマップ作成会の受付を実際にクローズし、未予約者を翌朝06:00から72時間VSLへ移行する。","面談案内停止→翌朝06:00に72時間VSL開始","面談案内停止→翌朝06:00に72時間VSL開始","","","面談未予約者のみ。受付フォームも23:59で閉鎖。","面談案内停止→翌朝06:00に72時間VSL開始","配信基準=状態遷移。本文N/O/PとUTAGE編集URLは後続列に保持。","","","本文内定義","","YouTube正本を独自リライトしない。ステータスが廃止対象または旧読者のみの場合は新規実装しない。","個別ロードマップ作成会の受付を実際にクローズし、未予約者を翌朝06:00から72時間VSLへ移行する。","個別ロードマップ作成会の受付を実際にクローズし、未予約者を翌朝06:00から72時間VSLへ移行する。","個別ロードマップ作成会の受付を実際にクローズし、未予約者を翌朝06:00から72時間VSLへ移行する。","[UTAGE実装時作成]","ACT-POSTSEM-CONSULT-EXPIRE"
"YouTube_ゆるAI","REVIEW_YouTube_ゆるAI_20260810","10","レビュー確定（要UTAGE実装）","アクション","ACTION","YT_45_VSL視聴開始","ACT-VSL-START","72時間VSL有効期間内。面談予約済み・面談済みは除外。","VSL視聴開始時","LINE","アクション","ACT-VSL-START","","未視聴者向け案内を即時停止し、途中視聴者向けの配信だけを有効化する。","未視聴シーケンス停止→途中視聴シーケンス開始","未視聴シーケンス停止→途中視聴シーケンス開始","","","72時間VSL有効期間内。面談予約済み・面談済みは除外。","未視聴シーケンス停止→途中視聴シーケンス開始","配信基準=状態遷移。本文N/O/PとUTAGE編集URLは後続列に保持。","","","本文内定義","","YouTube正本を独自リライトしない。ステータスが廃止対象または旧読者のみの場合は新規実装しない。","未視聴者向け案内を即時停止し、途中視聴者向けの配信だけを有効化する。","未視聴者向け案内を即時停止し、途中視聴者向けの配信だけを有効化する。","未視聴者向け案内を即時停止し、途中視聴者向けの配信だけを有効化する。","[UTAGE実装時作成]","ACT-VSL-START"
"YouTube_ゆるAI","REVIEW_YouTube_ゆるAI_20260810","11","レビュー確定（要UTAGE実装）","アクション","ACTION","YT_55_VSL視聴完了","ACT-VSL-COMPLETE","VSL視聴完了かつ面談未予約。","VSL視聴完了時","LINE","アクション","ACT-VSL-COMPLETE","","未視聴・途中視聴シーケンスを即時停止し、個別面談案内へ移行する。","VSL視聴催促停止→面談案内開始","VSL視聴催促停止→面談案内開始","","","VSL視聴完了かつ面談未予約。","VSL視聴催促停止→面談案内開始","配信基準=状態遷移。本文N/O/PとUTAGE編集URLは後続列に保持。","","","本文内定義","","YouTube正本を独自リライトしない。ステータスが廃止対象または旧読者のみの場合は新規実装しない。","未視聴・途中視聴シーケンスを即時停止し、個別面談案内へ移行する。","未視聴・途中視聴シーケンスを即時停止し、個別面談案内へ移行する。","未視聴・途中視聴シーケンスを即時停止し、個別面談案内へ移行する。","[UTAGE実装時作成]","ACT-VSL-COMPLETE"
"YouTube_ゆるAI","REVIEW_YouTube_ゆるAI_20260810","12","レビュー確定（要UTAGE実装）","アクション","ACTION","YT_65_VSL期限切れ","ACT-VSL-EXPIRE","VSL開始から72時間経過かつ面談未予約・面談未実施。","VSL起点から72時間後","LINE","アクション","ACT-VSL-EXPIRE","","VSL関連配信をすべて停止。面談未予約者をオープンチャット案内へ移行する。","VSL全配信停止→オプチャ案内開始","VSL全配信停止→オプチャ案内開始","","","VSL開始から72時間経過かつ面談未予約・面談未実施。","VSL全配信停止→オプチャ案内開始","配信基準=状態遷移。本文N/O/PとUTAGE編集URLは後続列に保持。","","","本文内定義","","YouTube正本を独自リライトしない。ステータスが廃止対象または旧読者のみの場合は新規実装しない。","VSL関連配信をすべて停止。面談未予約者をオープンチャット案内へ移行する。","VSL関連配信をすべて停止。面談未予約者をオープンチャット案内へ移行する。","VSL関連配信をすべて停止。面談未予約者をオープンチャット案内へ移行する。","[UTAGE実装時作成]","ACT-VSL-EXPIRE"
"YouTube_ゆるAI","REVIEW_YouTube_ゆるAI_20260810","13","レビュー確定（要UTAGE実装）","アクション","ACTION","YT_70_面談予約完了","ACT-RM-BOOK","予約ページクリックではなく予約完了。別LINEとの連携IDはUTAGE実装時に実値確認。","個別面談の予約完了時","LINE","アクション","ACT-RM-BOOK","","メインLINEと個別面談LINEの両方で、VSL・面談催促・期限・オプチャなど他オファーを全停止。面談リマインドだけを残す。","全オファー停止→面談リマインドのみ","全オファー停止→面談リマインドのみ","","","予約ページクリックではなく予約完了。別LINEとの連携IDはUTAGE実装時に実値確認。","全オファー停止→面談リマインドのみ","配信基準=状態遷移。本文N/O/PとUTAGE編集URLは後続列に保持。","","","本文内定義","","YouTube正本を独自リライトしない。ステータスが廃止対象または旧読者のみの場合は新規実装しない。","メインLINEと個別面談LINEの両方で、VSL・面談催促・期限・オプチャなど他オファーを全停止。面談リマインドだけを残す。","メインLINEと個別面談LINEの両方で、VSL・面談催促・期限・オプチャなど他オファーを全停止。面談リマインドだけを残す。","メインLINEと個別面談LINEの両方で、VSL・面談催促・期限・オプチャなど他オファーを全停止。面談リマインドだけを残す。","[UTAGE実装時作成]","ACT-RM-BOOK"
"YouTube_ゆるAI","REVIEW_YouTube_ゆるAI_20260810","14","レビュー確定（要UTAGE実装）","アクション","ACTION","YT_81_無断欠席","ACT-RM-NOSHOW","無断欠席者。再予約完了時は全催促を停止。","面談無断欠席判定時","LINE","アクション","ACT-RM-NOSHOW","","YouTube既存運用と同じ3通の再案内を開始。3通後も再予約がなければ見込み弱としてオプチャへ移行する。","面談再案内3通→未再予約ならオプチャ","面談再案内3通→未再予約ならオプチャ","","","無断欠席者。再予約完了時は全催促を停止。","面談再案内3通→未再予約ならオプチャ","配信基準=状態遷移。本文N/O/PとUTAGE編集URLは後続列に保持。","","","本文内定義","","YouTube正本を独自リライトしない。ステータスが廃止対象または旧読者のみの場合は新規実装しない。","YouTube既存運用と同じ3通の再案内を開始。3通後も再予約がなければ見込み弱としてオプチャへ移行する。","YouTube既存運用と同じ3通の再案内を開始。3通後も再予約がなければ見込み弱としてオプチャへ移行する。","YouTube既存運用と同じ3通の再案内を開始。3通後も再予約がなければ見込み弱としてオプチャへ移行する。","[UTAGE実装時作成]","ACT-RM-NOSHOW"
"YouTube_ゆるAI","REVIEW_YouTube_ゆるAI_20260810","15","レビュー確定（要UTAGE実装）","アクション","ACTION","YT_90_オプチャクリック","ACT-OPENCHAT-CLICK","面談未実施者のみ。面談済みは自動配信対象外。","オプチャリンク初回クリック時","LINE","アクション","ACT-OPENCHAT-CLICK","","オプチャ案内シーケンスを停止し、同じ案内の重複送信を防止する。","オプチャ案内停止","オプチャ案内停止","","","面談未実施者のみ。面談済みは自動配信対象外。","オプチャ案内停止","配信基準=状態遷移。本文N/O/PとUTAGE編集URLは後続列に保持。","","","本文内定義","","YouTube正本を独自リライトしない。ステータスが廃止対象または旧読者のみの場合は新規実装しない。","オプチャ案内シーケンスを停止し、同じ案内の重複送信を防止する。","オプチャ案内シーケンスを停止し、同じ案内の重複送信を防止する。","オプチャ案内シーケンスを停止し、同じ案内の重複送信を防止する。","[UTAGE実装時作成]","ACT-OPENCHAT-CLICK"
"YouTube_ゆるAI","REVIEW_YouTube_ゆるAI_20260810","16","レビュー確定（要UTAGE実装）","アクション","ACTION","YT_99_面談完了","ACT-MEETING-COMPLETE","面談完了者。自動オプチャ対象から除外。","面談完了を手動または連携で確定時","LINE","アクション","ACT-MEETING-COMPLETE","","面談済みをゴールとし、すべての自動営業配信から除外する。失注後のオプチャ案内は手動で切り替える。","全自動営業配信停止→ゴール","全自動営業配信停止→ゴール","","","面談完了者。自動オプチャ対象から除外。","全自動営業配信停止→ゴール","配信基準=状態遷移。本文N/O/PとUTAGE編集URLは後続列に保持。","","","本文内定義","","YouTube正本を独自リライトしない。ステータスが廃止対象または旧読者のみの場合は新規実装しない。","面談済みをゴールとし、すべての自動営業配信から除外する。失注後のオプチャ案内は手動で切り替える。","面談済みをゴールとし、すべての自動営業配信から除外する。失注後のオプチャ案内は手動で切り替える。","面談済みをゴールとし、すべての自動営業配信から除外する。失注後のオプチャ案内は手動で切り替える。","[UTAGE実装時作成]","ACT-MEETING-COMPLETE"
"YouTube_ゆるAI","REVIEW_YouTube_ゆるAI_20260810","17","稼働中","メッセージ","1","登録直後","HgjvN8CYjPDK","ゆるAI専用LINE登録経路／src_youtube_yuruaiを付与／キーワード未送信。予約完了・面談済み・成約・営業停止は除外。","登録直後","LINE","ステップ配信","","","
%line_name%さん、登録ありがとうございます！すやです😊🎉

さっそくですが、ご覧いただいた動画の特典をお渡ししますね🎁

このLINEに 👇
▶️ 動画概要欄に記載のキーワード
を、そのまま送ってください✨

確認でき次第、その場ですぐにお届けします📩🔥","","","","","ゆるAI専用LINE登録経路／src_youtube_yuruaiを付与／キーワード未送信。予約完了・面談済み・成約・営業停止は除外。","","配信基準=。本文N/O/PとUTAGE編集URLは後続列に保持。","","","本文内定義","","YouTube正本を独自リライトしない。ステータスが廃止対象または旧読者のみの場合は新規実装しない。","【LINEメッセージ 1／text】
%line_name%さん、登録ありがとうございます！すやです😊🎉

さっそくですが、ご覧いただいた動画の特典をお渡ししますね🎁

このLINEに 👇
▶️ 動画概要欄に記載のキーワード
を、そのまま送ってください✨

確認でき次第、その場ですぐにお届けします📩🔥","%line_name%さん、登録ありがとうございます！すやです😊🎉

さっそくですが、ご覧いただいた動画の特典をお渡ししますね🎁

このLINEに 👇
▶️ 動画概要欄に記載のキーワード
を、そのまま送ってください✨

確認でき次第、その場ですぐにお届けします📩🔥","[name]さん、登録ありがとうございます。すやです。

特典をお送りします。

このLINEに
動画内でお伝えしたキーワードを、そのまま送ってください。確認でき次第、すぐにお渡しします。","https://utage-system.com/account/Y86og5tIw1hZ/scenario/LtfGAaFIOBrD/step/line/HgjvN8CYjPDK/edit","HgjvN8CYjPDK"
"YouTube_ゆるAI","REVIEW_YouTube_ゆるAI_20260810","18","稼働中","メッセージ","1","登録直後","jhGqM81RS7kn","ゆるAI専用LINE登録経路／src_youtube_yuruai／キーワード未送信者のみ。キーワード受信時に登録直後シナリオを停止し、特典配布完了シナリオへ遷移。","0日後 0:10","LINE","ステップ配信","","","
%line_name%さん、キーワードの送信は大丈夫そうですか？👀

このLINEに 💬  動画概要欄に記載のキーワードを送ると、特典がその場でパッと届きます🎁✨

「あれ、どの動画だったっけ…？」ってなっちゃった方は、動画名やURLを送ってくださいね🙆‍♂️ こちらで確認します！😌","","","","","ゆるAI専用LINE登録経路／src_youtube_yuruai／キーワード未送信者のみ。キーワード受信時に登録直後シナリオを停止し、特典配布完了シナリオへ遷移。","","配信基準=。本文N/O/PとUTAGE編集URLは後続列に保持。","","","本文内定義","","YouTube正本を独自リライトしない。ステータスが廃止対象または旧読者のみの場合は新規実装しない。","【LINEメッセージ 1／text】
%line_name%さん、キーワードの送信は大丈夫そうですか？👀

このLINEに 💬 動画で案内された合言葉 を送ると、特典がその場でパッと届きます🎁✨

「あれ、どの動画だったっけ…？」ってなっちゃった方は、動画名やURLを送ってくださいね🙆‍♂️ こちらで確認します！😌","%line_name%さん、キーワードの送信は大丈夫そうですか？👀

このLINEに 💬 動画で案内された合言葉 を送ると、特典がその場でパッと届きます🎁✨

「あれ、どの動画だったっけ…？」ってなっちゃった方は、動画名やURLを送ってくださいね🙆‍♂️ こちらで確認します！😌","[name]さん、キーワードの送信は大丈夫そうですか？

このLINEに キーワードを送っていただけると、動画でご案内した特典を受け取れます。

どの動画だったか分からなくなった場合は、動画名やURLを送ってください。こちらで確認します。","https://utage-system.com/account/Y86og5tIw1hZ/scenario/LtfGAaFIOBrD/step/line/jhGqM81RS7kn/edit","jhGqM81RS7kn"
"YouTube_ゆるAI","REVIEW_YouTube_ゆるAI_20260810","19","廃止対象（UTAGEで停止）","メッセージ","2","サポート会_特典リンク未クリック","bvZVJd3EkGg5","使用禁止：特典リンクのクリック有無では分岐しない","30分 後","LINE","ステップ配信","SUP-A01","","
%line_name%さん、先ほどの「特典」、まだ開けていないみたいでした👀

忙しいと、受け取っただけで後回しになっちゃいますよね😌 まず保存だけでもしておいてくださいね。

※もう一度受け取りたい場合は、先ほどのキーワードをこのLINEに送ってくださいね💡","","","","","使用禁止：特典リンクのクリック有無では分岐しない","","配信基準=。本文N/O/PとUTAGE編集URLは後続列に保持。","","","本文内定義","","YouTube正本を独自リライトしない。ステータスが廃止対象または旧読者のみの場合は新規実装しない。","【LINEメッセージ 1／text】
%line_name%さん、先ほどの「特典」、まだ開けていないみたいでした👀

忙しいと、受け取っただけで後回しになっちゃいますよね😌 まず保存だけでもしておいてくださいね。

※もう一度受け取りたい場合は、先ほどの合言葉をこのLINEに送ってくださいね💡","%line_name%さん、先ほどの「特典」、まだ開けていないみたいでした👀

忙しいと、受け取っただけで後回しになっちゃいますよね😌 まず保存だけでもしておいてくださいね。

※もう一度受け取りたい場合は、先ほどの合言葉をこのLINEに送ってくださいね💡","送っていただきありがとうございます。

こちらで特典を特定したいので、見ていたYouTube動画のタイトルかURLを送ってもらえますか？確認でき次第、該当の特典をお送りします。","https://utage-system.com/account/Y86og5tIw1hZ/scenario/PH1yn5gcw4yb/step/line/bvZVJd3EkGg5/edit","bvZVJd3EkGg5"
"YouTube_ゆるAI","REVIEW_YouTube_ゆるAI_20260810","20","廃止対象（UTAGEで停止）","メッセージ","2","サポート会_特典リンク未クリック","CQ6G6Icjx77d","使用禁止：特典リンクのクリック有無では分岐しない","4時間 後","LINE","ステップ配信","SUP-A02","","特典🎁を受け取っていただいた方には、特典を活用していただくための30分のZoomサポート会を用意しています😊
是非この機会にご活用ください👇
https://utage-system.com/event/HKyoHqSFnPvU/register","","","","","使用禁止：特典リンクのクリック有無では分岐しない","","配信基準=。本文N/O/PとUTAGE編集URLは後続列に保持。","","","本文内定義","","YouTube正本を独自リライトしない。ステータスが廃止対象または旧読者のみの場合は新規実装しない。","【LINEメッセージ 1／text】
特典を見る前でも参加OKな、30分のZoom活用サポート会を用意していますよ😊

「自分の場合はどこから使えばいい？」を一緒に整理する場です👀 必要があれば私たちのサービスもご案内しますが、無理に決める必要はまったくありません✨","特典を見る前でも参加OKな、30分のZoom活用サポート会を用意していますよ😊

「自分の場合はどこから使えばいい？」を一緒に整理する場です👀 必要があれば私たちのサービスもご案内しますが、無理に決める必要はまったくありません✨","[name]さん、お待たせしました。

特典の 「[特典名]」 です。

これを使うと、[特典で得られること]。まずはこちらから受け取ってください。

[特典URL]

受け取ったあと、使い方で迷わないための無料サポートも案内します。","https://utage-system.com/account/Y86og5tIw1hZ/scenario/PH1yn5gcw4yb/step/line/CQ6G6Icjx77d/edit","CQ6G6Icjx77d"
"YouTube_ゆるAI","REVIEW_YouTube_ゆるAI_20260810","21","廃止対象（UTAGEで停止）","メッセージ","2","サポート会_特典リンク未クリック","ifotTltN9ImD","使用禁止：特典リンクのクリック有無では分岐しない","1日後 10:00","LINE","ステップ配信","SUP-A03","","
{
  ""original_content_url"": ""https://utagesystem.s3.ap-northeast-1.wasabisys.com/GX6OYW2fVtRD/jJ4FvI0TtE50.png""
}

────────────

【LINEメッセージ 2／text】
%line_name%さん、Zoomサポート会の申し込みはお済みでしょうか？

特典をご覧になっていなくても全く問題ございません🔥 一緒に使い方をマスターしてしまいましょう👇

────────────

【LINEメッセージ 3／button】
{
  ""alt_text"": ""【個別】ZOOMサポート会のご案内"",
  ""react_type"": ""free"",
  ""react_press_again_text"": null,
  ""thumbnail_image_url"": null,
  ""title"": ""ZOOMサポート会"",
  ""text"": ""Zoom30分・名前とメールだけで予約OK"",
  ""actions"": [
    {
      ""type"": ""url"",
      ""label"": ""ZOOMサポート会に申し込む"",
      ""uri"": ""https://utage-system.com/event/HKyoHqSFnPvU/register"",
      ""add_label_id"": null,
      ""del_label_id"": null
    }
  ]
}","[
  {
    ""url"": ""https://utage-system.com/event/HKyoHqSFnPvU/register"",
    ""action_id"": ""CuTNunOkS4Ul"",
    ""expiration_type"": ""none""
  }
]","[
  {
    ""url"": ""https://utage-system.com/event/HKyoHqSFnPvU/register"",
    ""action_id"": ""CuTNunOkS4Ul"",
    ""expiration_type"": ""none""
  }
]","","","使用禁止：特典リンクのクリック有無では分岐しない","[
  {
    ""url"": ""https://utage-system.com/event/HKyoHqSFnPvU/register"",
    ""action_id"": ""CuTNunOkS4Ul"",
    ""expiration_type"": ""none""
  }
]","配信基準=。本文N/O/PとUTAGE編集URLは後続列に保持。","https://utagesystem.s3.ap-northeast-1.wasabisys.com/GX6OYW2fVtRD/jJ4FvI0TtE50.png","","本文内定義","","YouTube正本を独自リライトしない。ステータスが廃止対象または旧読者のみの場合は新規実装しない。","【LINEメッセージ 1／image】
{
  ""original_content_url"": ""https://utagesystem.s3.ap-northeast-1.wasabisys.com/GX6OYW2fVtRD/jJ4FvI0TtE50.png""
}

────────────

【LINEメッセージ 2／text】
%line_name%さん、特典は読んでから面談に来なくても大丈夫ですよ😊

むしろ、まだ手を付けられていない状態から「最初の一歩」を決めるために使っちゃいましょう🔥 Zoomで３０分です👇

────────────

【LINEメッセージ 3／button】
{
  ""alt_text"": ""【個別】AI活用サポート会（Zoom30分）のご案内"",
  ""react_type"": ""free"",
  ""react_press_again_text"": null,
  ""thumbnail_image_url"": null,
  ""title"": ""AI個別サポート会"",
  ""text"": ""Zoom30分・名前とメールだけで予約OK"",
  ""actions"": [
    {
      ""type"": ""url"",
      ""label"": ""サポート会に申し込む"",
      ""uri"": ""https://utage-system.com/event/HKyoHqSFnPvU/register"",
      ""add_label_id"": null,
      ""del_label_id"": null
    }
  ]
}","%line_name%さん、特典は読んでから面談に来なくても大丈夫ですよ😊

むしろ、まだ手を付けられていない状態から「最初の一歩」を決めるために使っちゃいましょう🔥 Zoomで３０分です👇","[name]さん、先ほどの「[特典名]」はまだ開けていないようでした。

忙しいと、受け取っただけで後回しになりやすいですよね。まず保存だけでもしておいてください。

[特典URL]","https://utage-system.com/account/Y86og5tIw1hZ/scenario/PH1yn5gcw4yb/step/line/ifotTltN9ImD/edit","ifotTltN9ImD"
"YouTube_ゆるAI","REVIEW_YouTube_ゆるAI_20260810","22","廃止対象（UTAGEで停止）","メッセージ","2","サポート会_特典リンク未クリック","OndQwf3kv8kl","使用禁止：特典リンクのクリック有無では分岐しない","1日後 19:00","LINE","ステップ配信","SUP-A04","","
情報を集めるだけで終わらせないために😌

Zoomサポート会にぜひお越しください🎁","","","","","使用禁止：特典リンクのクリック有無では分岐しない","","配信基準=。本文N/O/PとUTAGE編集URLは後続列に保持。","","","本文内定義","","YouTube正本を独自リライトしない。ステータスが廃止対象または旧読者のみの場合は新規実装しない。","【LINEメッセージ 1／text】
情報を集めるだけで終わらせないために😌

AIで何ができるかより、自分の状況で何をやるかが決まると、ぐっと動きやすくなりますよ💪 特典の使い方を、あなた向けに整理しますね🎁","情報を集めるだけで終わらせないために😌

AIで何ができるかより、自分の状況で何をやるかが決まると、ぐっと動きやすくなりますよ💪 特典の使い方を、あなた向けに整理しますね🎁","特典を見る前でも参加できる、30分のZoom活用サポート会を用意しています。

「自分の場合はどこから使えばいい？」を一緒に整理する場です。是非ご活用ください。","https://utage-system.com/account/Y86og5tIw1hZ/scenario/PH1yn5gcw4yb/step/line/OndQwf3kv8kl/edit","OndQwf3kv8kl"
"YouTube_ゆるAI","REVIEW_YouTube_ゆるAI_20260810","23","廃止対象（UTAGEで停止）","メッセージ","2","サポート会_特典リンク未クリック","ivBKWMlrnLV6","使用禁止：特典リンクのクリック有無では分岐しない","2日後 10:00","LINE","ステップ配信","SUP-A05","","
無料のZoomサポート会をご案内できるのは、本日までとなります⏰

お早めにお申し込みください👇

────────────

【LINEメッセージ 2／button】
{
  ""alt_text"": ""【個別】ZOOMサポート会（本日まで）のご案内"",
  ""react_type"": ""free"",
  ""react_press_again_text"": null,
  ""thumbnail_image_url"": null,
  ""title"": ""ZOOMサポート会"",
  ""text"": ""無料受付は本日まで・Zoom30分"",
  ""actions"": [
    {
      ""type"": ""url"",
      ""label"": ""ZOOMサポート会に申し込む"",
      ""uri"": ""https://utage-system.com/event/HKyoHqSFnPvU/register"",
      ""add_label_id"": null,
      ""del_label_id"": null
    }
  ]
}","[
  {
    ""url"": ""https://utage-system.com/event/HKyoHqSFnPvU/register"",
    ""action_id"": ""CuTNunOkS4Ul"",
    ""expiration_type"": ""none""
  }
]","[
  {
    ""url"": ""https://utage-system.com/event/HKyoHqSFnPvU/register"",
    ""action_id"": ""CuTNunOkS4Ul"",
    ""expiration_type"": ""none""
  }
]","","","使用禁止：特典リンクのクリック有無では分岐しない","[
  {
    ""url"": ""https://utage-system.com/event/HKyoHqSFnPvU/register"",
    ""action_id"": ""CuTNunOkS4Ul"",
    ""expiration_type"": ""none""
  }
]","配信基準=。本文N/O/PとUTAGE編集URLは後続列に保持。","","","本文内定義","","YouTube正本を独自リライトしない。ステータスが廃止対象または旧読者のみの場合は新規実装しない。","【LINEメッセージ 1／text】
無料の活用サポート会をご案内できるのは、本日までなんです⏰

特典はこの後も見られますよ😊 今日までなのは、私たちが個別に整理する30分枠の受付だけです👇

────────────

【LINEメッセージ 2／button】
{
  ""alt_text"": ""【個別】AI活用サポート会（本日まで）のご案内"",
  ""react_type"": ""free"",
  ""react_press_again_text"": null,
  ""thumbnail_image_url"": null,
  ""title"": ""AI個別サポート会"",
  ""text"": ""無料受付は本日まで・Zoom30分"",
  ""actions"": [
    {
      ""type"": ""url"",
      ""label"": ""サポート会に申し込む"",
      ""uri"": ""https://utage-system.com/event/HKyoHqSFnPvU/register"",
      ""add_label_id"": null,
      ""del_label_id"": null
    }
  ]
}","無料の活用サポート会をご案内できるのは、本日までなんです⏰

特典はこの後も見られますよ😊 今日までなのは、私たちが個別に整理する30分枠の受付だけです👇","[name]さん、特典を使う前に面談に来ていただいても全く問題ありません。

むしろ、まだ手を付けられていない状態から「最初の一歩」を決めるために使ってください。

[サポート会予約URL]","https://utage-system.com/account/Y86og5tIw1hZ/scenario/PH1yn5gcw4yb/step/line/ivBKWMlrnLV6/edit","ivBKWMlrnLV6"
"YouTube_ゆるAI","REVIEW_YouTube_ゆるAI_20260810","24","廃止対象（UTAGEで停止）","メッセージ","2","サポート会_特典リンク未クリック","bnlTD8AAv6rX","使用禁止：特典リンクのクリック有無では分岐しない","2日後 20:00","LINE","ステップ配信","SUP-A06","","【LINEメッセージ 1／text】
%line_name%さん、最後のご案内です📣

特典の使い方をレクチャーする30分Zoomサポート会は、今日で受付を終了します⏰
まだ特典を見てなくても大丈夫ですよ😊
今のうちに枠だけ確保しちゃってください🙌","","","","","使用禁止：特典リンクのクリック有無では分岐しない","","配信基準=。本文N/O/PとUTAGE編集URLは後続列に保持。","","","本文内定義","","YouTube正本を独自リライトしない。ステータスが廃止対象または旧読者のみの場合は新規実装しない。","【LINEメッセージ 1／text】
%line_name%さん、最後のご案内です📣

特典を自分の行動に落とす30分Zoomは、今日で受付を終了します⏰
まだ特典を開いていなくても大丈夫ですよ😊
必要なら今のうちに枠だけ確保しちゃってくださいね🙌","%line_name%さん、最後のご案内です📣

特典を自分の行動に落とす30分Zoomは、今日で受付を終了します⏰
まだ特典を開いていなくても大丈夫ですよ😊
必要なら今のうちに枠だけ確保しちゃってくださいね🙌","情報を集めるだけで終わらせないために。

AIで何ができるかより、自分の状況で何をやるかが決まると動きやすくなります。[特典名]の使い方を、あなた向けにお伝えします。","https://utage-system.com/account/Y86og5tIw1hZ/scenario/PH1yn5gcw4yb/step/line/bnlTD8AAv6rX/edit","bnlTD8AAv6rX"
"YouTube_ゆるAI","REVIEW_YouTube_ゆるAI_20260810","25","稼働中","メッセージ","3","サポート会_特典クリック済・未予約","VSxWlsxjSOm4","キーワード受信・特典配布完了／Zoomサポート未予約／サポートシナリオ入場の翌日23:59まで／予約完了・面談済み・営業停止は除外","0日後 0:30","LINE","ステップ配信","SUP-B01","","【LINEメッセージ 1／text】
%line_name%さん、お受け取りいただきありがとうございます😊

特典🎁を受け取っていただいた方には、特典を活用していただくための30分のZoomサポート会を用意しています🙌
是非この機会にご活用ください👇
https://utage-system.com/event/HKyoHqSFnPvU/register","","","","","キーワード受信・特典配布完了／Zoomサポート未予約／サポートシナリオ入場の翌日23:59まで／予約完了・面談済み・営業停止は除外","","配信基準=。本文N/O/PとUTAGE編集URLは後続列に保持。","","","本文内定義","","YouTube正本を独自リライトしない。ステータスが廃止対象または旧読者のみの場合は新規実装しない。","【LINEメッセージ 1／text】
%line_name%さん、お受け取りいただきありがとうございます😊

読んで「自分なら何から始める？」が少しでも曖昧なら、30分の活用サポート会で一緒に整理できますよ✨","%line_name%さん、お受け取りいただきありがとうございます😊

読んで「自分なら何から始める？」が少しでも曖昧なら、30分の活用サポート会で一緒に整理できますよ✨","無料の活用サポート会をご案内できるのは、本日までです。

[サポート会予約URL]","https://utage-system.com/account/Y86og5tIw1hZ/scenario/0hGvItT6YXmd/step/line/VSxWlsxjSOm4/edit","VSxWlsxjSOm4"
"YouTube_ゆるAI","REVIEW_YouTube_ゆるAI_20260810","26","稼働中","メッセージ","3","サポート会_特典クリック済・未予約","H72dD475005l","キーワード受信・特典配布完了／Zoomサポート未予約／サポートシナリオ入場の翌日23:59まで／予約完了・面談済み・営業停止は除外","0日後 3:00","LINE","ステップ配信","SUP-B02","","【LINEメッセージ 1／text】
特典は、自分の状況に当てはめると、一気に使いやすくなります💡

今の仕事・得意なこと・AI経験を伺いながら、特典の活用法をレクチャーいたします。
Zoomで30分、無料です😊","","","","","キーワード受信・特典配布完了／Zoomサポート未予約／サポートシナリオ入場の翌日23:59まで／予約完了・面談済み・営業停止は除外","","配信基準=。本文N/O/PとUTAGE編集URLは後続列に保持。","","","本文内定義","","YouTube正本を独自リライトしない。ステータスが廃止対象または旧読者のみの場合は新規実装しない。","【LINEメッセージ 1／text】
特典は、読むだけより自分の状況に当てはめると、一気に使いやすくなるんです💡

今の仕事・得意なこと・AI経験を伺って、最初にやることを一緒に絞りますね。Zoom30分、無料です😊","特典は、読むだけより自分の状況に当てはめると、一気に使いやすくなるんです💡

今の仕事・得意なこと・AI経験を伺って、最初にやることを一緒に絞りますね。Zoom30分、無料です😊","[name]さん、最後のご案内です。

[特典名]を自分の行動に落とす30分Zoomは、今日で受付を終了します。まだ特典を開いていなくても大丈夫です。必要なら今のうちに予約だけ確保してください。","https://utage-system.com/account/Y86og5tIw1hZ/scenario/0hGvItT6YXmd/step/line/H72dD475005l/edit","H72dD475005l"
"YouTube_ゆるAI","REVIEW_YouTube_ゆるAI_20260810","27","稼働中","メッセージ","3","サポート会_特典クリック済・未予約","ISdPRuI50WC6","キーワード受信・特典配布完了／Zoomサポート未予約／サポートシナリオ入場の翌日23:59まで／予約完了・面談済み・営業停止は除外","0日後 8:00","LINE","ステップ配信","SUP-B03","","【LINEメッセージ 1／text】
「まだ特典をしっかり読んでない」と思っている方でもお申込みいただいて大丈夫です😌

お気軽に申し込んでしまってください👇

────────────

【LINEメッセージ 2／button】
{
  ""alt_text"": ""【個別】ZOOMサポート会（準備不要）のご案内"",
  ""react_type"": ""free"",
  ""react_press_again_text"": null,
  ""thumbnail_image_url"": null,
  ""title"": ""ZOOMサポート会"",
  ""text"": ""準備・資料不要・Zoom30分"",
  ""actions"": [
    {
      ""type"": ""url"",
      ""label"": ""ZOOMサポート会に申し込む"",
      ""uri"": ""https://utage-system.com/event/HKyoHqSFnPvU/register"",
      ""add_label_id"": null,
      ""del_label_id"": null
    }
  ]
}","[
  {
    ""url"": ""https://utage-system.com/event/HKyoHqSFnPvU/register"",
    ""action_id"": ""CuTNunOkS4Ul"",
    ""expiration_type"": ""none""
  }
]","[
  {
    ""url"": ""https://utage-system.com/event/HKyoHqSFnPvU/register"",
    ""action_id"": ""CuTNunOkS4Ul"",
    ""expiration_type"": ""none""
  }
]","","","キーワード受信・特典配布完了／Zoomサポート未予約／サポートシナリオ入場の翌日23:59まで／予約完了・面談済み・営業停止は除外","[
  {
    ""url"": ""https://utage-system.com/event/HKyoHqSFnPvU/register"",
    ""action_id"": ""CuTNunOkS4Ul"",
    ""expiration_type"": ""none""
  }
]","配信基準=。本文N/O/PとUTAGE編集URLは後続列に保持。","","","本文内定義","","YouTube正本を独自リライトしない。ステータスが廃止対象または旧読者のみの場合は新規実装しない。","【LINEメッセージ 1／text】
「まだ相談するほど整理できていない」と思っている方ほど大丈夫ですよ😌

整理するための会なので、準備や資料はいりません🙆‍♂️ 必要があればサービスの案内もしますが、まずは特典を使える形にすることから始めましょう👇

────────────

【LINEメッセージ 2／button】
{
  ""alt_text"": ""【個別】AI活用サポート会（準備不要）のご案内"",
  ""react_type"": ""free"",
  ""react_press_again_text"": null,
  ""thumbnail_image_url"": null,
  ""title"": ""AI個別サポート会"",
  ""text"": ""準備・資料不要・Zoom30分"",
  ""actions"": [
    {
      ""type"": ""url"",
      ""label"": ""サポート会に申し込む"",
      ""uri"": ""https://utage-system.com/event/HKyoHqSFnPvU/register"",
      ""add_label_id"": null,
      ""del_label_id"": null
    }
  ]
}","「まだ相談するほど整理できていない」と思っている方ほど大丈夫ですよ😌

整理するための会なので、準備や資料はいりません🙆‍♂️ 必要があればサービスの案内もしますが、まずは特典を使える形にすることから始めましょう👇","[name]さん、特典をお受け取りくださりありがとうございます。

読んで「自分なら何から始める？」が少しでも曖昧なら、30分の活用サポート会で一緒に整理できます。","https://utage-system.com/account/Y86og5tIw1hZ/scenario/0hGvItT6YXmd/step/line/ISdPRuI50WC6/edit","ISdPRuI50WC6"
"YouTube_ゆるAI","REVIEW_YouTube_ゆるAI_20260810","28","稼働中","メッセージ","3","サポート会_特典クリック済・未予約","KLLhgMm16H3d","キーワード受信・特典配布完了／Zoomサポート未予約／サポートシナリオ入場の翌日23:59まで／予約完了・面談済み・営業停止は除外","1日後 9:00","LINE","ステップ配信","SUP-B04","","【LINEメッセージ 1／text】
今日のうちに予約だけしておけば、面談日までにゆっくり特典を読み直せます😊

名前とメールアドレスの2項目でサクッと予約できます🙆‍♂️","","","","","キーワード受信・特典配布完了／Zoomサポート未予約／サポートシナリオ入場の翌日23:59まで／予約完了・面談済み・営業停止は除外","","配信基準=。本文N/O/PとUTAGE編集URLは後続列に保持。","","","本文内定義","","YouTube正本を独自リライトしない。ステータスが廃止対象または旧読者のみの場合は新規実装しない。","【LINEメッセージ 1／text】
知ったことを、今日の一歩へ🚀

特典の内容を、あなたの状況に合わせた行動へ一緒に落とし込みますね🙌","知ったことを、今日の一歩へ🚀

特典の内容を、あなたの状況に合わせた行動へ一緒に落とし込みますね🙌","特典は、読むだけより自分の状況に当てはめると一気に使いやすくなります。

今の仕事・得意なこと・AI経験を伺い、使い方をお伝えします。Zoom30分、無料です。","https://utage-system.com/account/Y86og5tIw1hZ/scenario/0hGvItT6YXmd/step/line/KLLhgMm16H3d/edit","KLLhgMm16H3d"
"YouTube_ゆるAI","REVIEW_YouTube_ゆるAI_20260810","29","稼働中","メッセージ","3","サポート会_特典クリック済・未予約","3GFwBEpTWkxT","キーワード受信・特典配布完了／Zoomサポート未予約／サポートシナリオ入場の翌日23:59まで／予約完了・面談済み・営業停止は除外","1日後 14:00","LINE","ステップ配信","SUP-B05","","","","","","","キーワード受信・特典配布完了／Zoomサポート未予約／サポートシナリオ入場の翌日23:59まで／予約完了・面談済み・営業停止は除外","","配信基準=。本文N/O/PとUTAGE編集URLは後続列に保持。","","","本文内定義","","YouTube正本を独自リライトしない。ステータスが廃止対象または旧読者のみの場合は新規実装しない。","【LINEメッセージ 1／text】
%line_name%さんが今つまずいているのは、AIツールの不足ではなく「何に使うか」が決まっていないからかもしれません😌

その優先順位を、30分で一緒に整理しちゃいましょう💡","%line_name%さんが今つまずいているのは、AIツールの不足ではなく「何に使うか」が決まっていないからかもしれません😌

その優先順位を、30分で一緒に整理しちゃいましょう💡","「まだ相談するほど整理できていない」と思っている方でも大丈夫です。

準備や資料は不要です。お気軽にお越しください
[サポート会予約URL]","https://utage-system.com/account/Y86og5tIw1hZ/scenario/0hGvItT6YXmd/step/line/3GFwBEpTWkxT/edit","3GFwBEpTWkxT"
"YouTube_ゆるAI","REVIEW_YouTube_ゆるAI_20260810","30","稼働中","メッセージ","3","サポート会_特典クリック済・未予約","zlqvHGMvQu6k","キーワード受信・特典配布完了／Zoomサポート未予約／サポートシナリオ入場の翌日23:59まで／予約完了・面談済み・営業停止は除外","1日後 20:00","LINE","ステップ配信","SUP-B06","","【LINEメッセージ 1／text】
「まだ相談するほど特典を読み込んでいない」と思っている方でも大丈夫です🙆‍♂️

準備は不要です。お気軽にお越しください💡
https://utage-system.com/event/HKyoHqSFnPvU/register","","","","","キーワード受信・特典配布完了／Zoomサポート未予約／サポートシナリオ入場の翌日23:59まで／予約完了・面談済み・営業停止は除外","","配信基準=。本文N/O/PとUTAGE編集URLは後続列に保持。","","","本文内定義","","YouTube正本を独自リライトしない。ステータスが廃止対象または旧読者のみの場合は新規実装しない。","【LINEメッセージ 1／text】
今日のうちに予約だけ取っておけば、面談日までにゆっくり特典を読み直せますよ😊

名前とメールアドレスの2項目でサクッと予約できます🙆‍♂️","今日のうちに予約だけ取っておけば、面談日までにゆっくり特典を読み直せますよ😊

名前とメールアドレスの2項目でサクッと予約できます🙆‍♂️","知ったことを、今日の一歩へ。

[特典名]の内容を、あなたの状況に合わせた行動へ落とし込みます。","https://utage-system.com/account/Y86og5tIw1hZ/scenario/0hGvItT6YXmd/step/line/zlqvHGMvQu6k/edit","zlqvHGMvQu6k"
"YouTube_ゆるAI","REVIEW_YouTube_ゆるAI_20260810","31","稼働中","メッセージ","3","サポート会_特典クリック済・未予約","dgt0YyCgh5YJ","キーワード受信・特典配布完了／Zoomサポート未予約／受付終了前／予約完了・面談済み・営業停止は除外","1日後 22:00","LINE","ステップ配信","SUP-B07","","【LINEメッセージ 1／text】
ZOOMサポート会の無料受付は、本日までとなります⏰

一緒に特典を触ってみる機会が必要なら、今日中に日程を押さえておいてくださいね👇

────────────

【LINEメッセージ 2／button】
{
  ""alt_text"": ""【個別】ZOOMサポート会（本日まで）のご案内"",
  ""react_type"": ""free"",
  ""react_press_again_text"": null,
  ""thumbnail_image_url"": null,
  ""title"": ""ZOOMサポート会"",
  ""text"": ""無料受付は本日まで・Zoom30分"",
  ""actions"": [
    {
      ""type"": ""url"",
      ""label"": ""ZOOMサポート会に申し込む"",
      ""uri"": ""https://utage-system.com/event/HKyoHqSFnPvU/register"",
      ""add_label_id"": null,
      ""del_label_id"": null
    }
  ]
}","[
  {
    ""url"": ""https://utage-system.com/event/HKyoHqSFnPvU/register"",
    ""action_id"": ""CuTNunOkS4Ul"",
    ""expiration_type"": ""none""
  }
]","[
  {
    ""url"": ""https://utage-system.com/event/HKyoHqSFnPvU/register"",
    ""action_id"": ""CuTNunOkS4Ul"",
    ""expiration_type"": ""none""
  }
]","","","キーワード受信・特典配布完了／Zoomサポート未予約／受付終了前／予約完了・面談済み・営業停止は除外","[
  {
    ""url"": ""https://utage-system.com/event/HKyoHqSFnPvU/register"",
    ""action_id"": ""CuTNunOkS4Ul"",
    ""expiration_type"": ""none""
  }
]","配信基準=。本文N/O/PとUTAGE編集URLは後続列に保持。","","","本文内定義","","YouTube正本を独自リライトしない。ステータスが廃止対象または旧読者のみの場合は新規実装しない。","【LINEメッセージ 1／text】
活用サポート会の無料受付は、本日までなんです⏰

特典は引き続き使えますが、個別に一緒に整理する機会が必要なら、今日中に日程を押さえておいてくださいね👇

────────────

【LINEメッセージ 2／button】
{
  ""alt_text"": ""【個別】AI活用サポート会（本日まで）のご案内"",
  ""react_type"": ""free"",
  ""react_press_again_text"": null,
  ""thumbnail_image_url"": null,
  ""title"": ""AI個別サポート会"",
  ""text"": ""無料受付は本日まで・Zoom30分"",
  ""actions"": [
    {
      ""type"": ""url"",
      ""label"": ""サポート会に申し込む"",
      ""uri"": ""https://utage-system.com/event/HKyoHqSFnPvU/register"",
      ""add_label_id"": null,
      ""del_label_id"": null
    }
  ]
}","活用サポート会の無料受付は、本日までなんです⏰

特典は引き続き使えますが、個別に一緒に整理する機会が必要なら、今日中に日程を押さえておいてくださいね👇","[name]さんが今つまずいているのは、AIツールの不足ではなく「何に使うか」が決まっていないからかもしれません。

その優先順位を30分で一緒に整理します。","https://utage-system.com/account/Y86og5tIw1hZ/scenario/0hGvItT6YXmd/step/line/dgt0YyCgh5YJ/edit","dgt0YyCgh5YJ"
"YouTube_ゆるAI","REVIEW_YouTube_ゆるAI_20260810","32","稼働中","メッセージ","3","サポート会_特典クリック済・未予約","4QUV65MbV9mp","キーワード受信・特典配布完了／Zoomサポート未予約／23:59で締切／予約完了・面談済み・営業停止は除外","1日後 23:30","LINE","ステップ配信","SUP-B08","","【LINEメッセージ 1／text】
本日で受付終了です⏰

特典を「いつか使う情報」で終わらせず、自分の行動へ変えたい方は、是非予約してくださいね🎁","","","","","キーワード受信・特典配布完了／Zoomサポート未予約／23:59で締切／予約完了・面談済み・営業停止は除外","","配信基準=。本文N/O/PとUTAGE編集URLは後続列に保持。","","","本文内定義","","YouTube正本を独自リライトしない。ステータスが廃止対象または旧読者のみの場合は新規実装しない。","【LINEメッセージ 1／text】
本日で受付終了です⏰

特典を「いつか使う情報」で終わらせず、自分の行動へ変えたい方は、最後にこちらから予約してくださいね🎁","本日で受付終了です⏰

特典を「いつか使う情報」で終わらせず、自分の行動へ変えたい方は、最後にこちらから予約してくださいね🎁","今日のうちに予約だけ取っておけば、面談日までに特典を読み直せます。

名前とメールアドレスの2項目だけで予約できます。","https://utage-system.com/account/Y86og5tIw1hZ/scenario/0hGvItT6YXmd/step/line/4QUV65MbV9mp/edit","4QUV65MbV9mp"
"YouTube_ゆるAI","REVIEW_YouTube_ゆるAI_20260810","33","稼働中","メッセージ","4","サポート会_予約ページ済・未予約","yLTL5md6OpN4","Zoomサポート予約ページクリック済み・未予約／サポートシナリオ入場の翌日23:59まで／予約完了・面談済み・営業停止は除外","15分 後","LINE","ステップ配信","SUP-C01","","【LINEメッセージ 1／text】
%line_name%さん、合う時間が見つからなかったでしょうか？枠は随時変わるので、もう一度のぞいてみてください😊","","","","","Zoomサポート予約ページクリック済み・未予約／サポートシナリオ入場の翌日23:59まで／予約完了・面談済み・営業停止は除外","","配信基準=。本文N/O/PとUTAGE編集URLは後続列に保持。","","","本文内定義","","YouTube正本を独自リライトしない。ステータスが廃止対象または旧読者のみの場合は新規実装しない。","【LINEメッセージ 1／text】
%line_name%さん、日程ページまで見てくださったんですね👀

合う時間が見つからなかったでしょうか？枠は随時変わるので、もう一度のぞいてみてくださいね😊","%line_name%さん、日程ページまで見てくださったんですね👀

合う時間が見つからなかったでしょうか？枠は随時変わるので、もう一度のぞいてみてくださいね😊","活用サポート会の無料受付は本日までです。

特典は引き続き使えますが、個別に一緒に整理する機会が必要なら、今日中に日程を押さえてください。

[サポート会予約URL]","https://utage-system.com/account/Y86og5tIw1hZ/scenario/GFocMBuu6yEe/step/line/yLTL5md6OpN4/edit","yLTL5md6OpN4"
"YouTube_ゆるAI","REVIEW_YouTube_ゆるAI_20260810","34","稼働中","メッセージ","4","サポート会_予約ページ済・未予約","f8HFyXBreGR1","Zoomサポート予約ページクリック済み・未予約／サポートシナリオ入場の翌日23:59まで／予約完了・面談済み・営業停止は除外","2時間 後","LINE","ステップ配信","SUP-C02","","【LINEメッセージ 1／text】
予約は名前とメールアドレスだけでサクッと完了します🙆‍♂️ 事前課題も準備もありません。

30分で「特典をどう使うか」「今どこから動くか」を一緒に整理しますね💡","","","","","Zoomサポート予約ページクリック済み・未予約／サポートシナリオ入場の翌日23:59まで／予約完了・面談済み・営業停止は除外","","配信基準=。本文N/O/PとUTAGE編集URLは後続列に保持。","","","本文内定義","","YouTube正本を独自リライトしない。ステータスが廃止対象または旧読者のみの場合は新規実装しない。","【LINEメッセージ 1／text】
予約は名前とメールアドレスだけでサクッと完了します🙆‍♂️ 事前課題も資料準備もありません。

30分で「特典をどう使うか」「今どこから動くか」を一緒に整理しますね💡","予約は名前とメールアドレスだけでサクッと完了します🙆‍♂️ 事前課題も資料準備もありません。

30分で「特典をどう使うか」「今どこから動くか」を一緒に整理しますね💡","本日で受付終了です。

[特典名]を「いつか使う情報」で終わらせず、自分の行動へ変えたい方は、こちらから予約してください。","https://utage-system.com/account/Y86og5tIw1hZ/scenario/GFocMBuu6yEe/step/line/f8HFyXBreGR1/edit","f8HFyXBreGR1"
"YouTube_ゆるAI","REVIEW_YouTube_ゆるAI_20260810","35","稼働中","メッセージ","4","サポート会_予約ページ済・未予約","m50niGYgjnil","Zoomサポート予約ページクリック済み・未予約／サポートシナリオ入場の翌日23:59まで／予約完了・面談済み・営業停止は除外","5時間 後","LINE","ステップ配信","SUP-C03","","【LINEメッセージ 1／text】
面談では、今の状況を聞いたうえで、特典の使い方を１on１でレクチャーいたします😊
AI活用でほかにも気になることがあれば、なんでも相談可能です
👇

────────────

【LINEメッセージ 2／button】
{
  ""alt_text"": ""【個別】ZOOMサポート会（Zoom30分）のご案内"",
  ""react_type"": ""free"",
  ""react_press_again_text"": null,
  ""thumbnail_image_url"": null,
  ""title"": ""ZOOMサポート会"",
  ""text"": ""ZOOM30分・その場で決断不要"",
  ""actions"": [
    {
      ""type"": ""url"",
      ""label"": ""ZOOMサポート会に申し込む"",
      ""uri"": ""https://utage-system.com/event/HKyoHqSFnPvU/register"",
      ""add_label_id"": null,
      ""del_label_id"": null
    }
  ]
}","[
  {
    ""url"": ""https://utage-system.com/event/HKyoHqSFnPvU/register"",
    ""action_id"": ""CuTNunOkS4Ul"",
    ""expiration_type"": ""none""
  }
]","[
  {
    ""url"": ""https://utage-system.com/event/HKyoHqSFnPvU/register"",
    ""action_id"": ""CuTNunOkS4Ul"",
    ""expiration_type"": ""none""
  }
]","","","Zoomサポート予約ページクリック済み・未予約／サポートシナリオ入場の翌日23:59まで／予約完了・面談済み・営業停止は除外","[
  {
    ""url"": ""https://utage-system.com/event/HKyoHqSFnPvU/register"",
    ""action_id"": ""CuTNunOkS4Ul"",
    ""expiration_type"": ""none""
  }
]","配信基準=。本文N/O/PとUTAGE編集URLは後続列に保持。","","","本文内定義","","YouTube正本を独自リライトしない。ステータスが廃止対象または旧読者のみの場合は新規実装しない。","【LINEメッセージ 1／text】
面談では、今の状況を聞いたうえで、具体的な次の一歩を一緒に作っていきます😊

必要に応じてAIひとり起業スクールもご案内しますが、その場で決断する必要はまったくありません👇

────────────

【LINEメッセージ 2／button】
{
  ""alt_text"": ""【個別】AI活用サポート会（Zoom30分）のご案内"",
  ""react_type"": ""free"",
  ""react_press_again_text"": null,
  ""thumbnail_image_url"": null,
  ""title"": ""AI個別サポート会"",
  ""text"": ""Zoom30分・その場で決断不要"",
  ""actions"": [
    {
      ""type"": ""url"",
      ""label"": ""サポート会に申し込む"",
      ""uri"": ""https://utage-system.com/event/HKyoHqSFnPvU/register"",
      ""add_label_id"": null,
      ""del_label_id"": null
    }
  ]
}","面談では、今の状況を聞いたうえで、具体的な次の一歩を一緒に作っていきます😊

必要に応じてAIひとり起業スクールもご案内しますが、その場で決断する必要はまったくありません👇","[name]さん、
予約可能日時は随時変わるので、もう一度確認してみてください。","https://utage-system.com/account/Y86og5tIw1hZ/scenario/GFocMBuu6yEe/step/line/m50niGYgjnil/edit","m50niGYgjnil"
"YouTube_ゆるAI","REVIEW_YouTube_ゆるAI_20260810","36","稼働中","メッセージ","4","サポート会_予約ページ済・未予約","JQUNV2nGfz4h","Zoomサポート予約ページクリック済み・未予約／サポートシナリオ入場の翌日23:59まで／予約完了・面談済み・営業停止は除外","1日後 9:00","LINE","ステップ配信","SUP-C04","","【LINEメッセージ 1／text】
もし、迷われているようでしたら、予約しちゃいましょう🙌

まだ方向性が決まっていなくても、そこから一緒に整理できますよ😊","","","","","Zoomサポート予約ページクリック済み・未予約／サポートシナリオ入場の翌日23:59まで／予約完了・面談済み・営業停止は除外","","配信基準=。本文N/O/PとUTAGE編集URLは後続列に保持。","","","本文内定義","","YouTube正本を独自リライトしない。ステータスが廃止対象または旧読者のみの場合は新規実装しない。","【LINEメッセージ 1／text】
迷っているうちに、まず30分だけ確保しちゃいましょう🙌

まだ方向性が決まっていなくても、そこから一緒に整理できますよ😊","迷っているうちに、まず30分だけ確保しちゃいましょう🙌

まだ方向性が決まっていなくても、そこから一緒に整理できますよ😊","予約は名前とメールアドレスだけで完了します。事前課題も資料準備もありません。

30分で「特典をどう使うか」をマスターできます。","https://utage-system.com/account/Y86og5tIw1hZ/scenario/GFocMBuu6yEe/step/line/JQUNV2nGfz4h/edit","JQUNV2nGfz4h"
"YouTube_ゆるAI","REVIEW_YouTube_ゆるAI_20260810","37","稼働中","メッセージ","4","サポート会_予約ページ済・未予約","h29JrXdkVU6w","Zoomサポート予約ページクリック済み・未予約／サポートシナリオ入場の翌日23:59まで／予約完了・面談済み・営業停止は除外","1日後 12:00","LINE","ステップ配信","SUP-C05","","【LINEメッセージ 1／text】
「自分のレベルで申し込んで大丈夫かな？」という心配は不要です😌

AI初心者でも大丈夫です🙆‍♂️ ０から使い方を教えますのでご安心ください🎁","","","","","Zoomサポート予約ページクリック済み・未予約／サポートシナリオ入場の翌日23:59まで／予約完了・面談済み・営業停止は除外","","配信基準=。本文N/O/PとUTAGE編集URLは後続列に保持。","","","本文内定義","","YouTube正本を独自リライトしない。ステータスが廃止対象または旧読者のみの場合は新規実装しない。","【LINEメッセージ 1／text】
「自分に相談していい内容かな？」という心配はいりませんよ😌

AI初心者でも、まだ商品がなくても大丈夫です🙆‍♂️ 特典を入口に、現状に合う使い方を一緒に考えますね🎁","「自分に相談していい内容かな？」という心配はいりませんよ😌

AI初心者でも、まだ商品がなくても大丈夫です🙆‍♂️ 特典を入口に、現状に合う使い方を一緒に考えますね🎁","面談では、今の状況を聞いたうえで具体的な次の一歩を一緒に作ります。


[サポート会予約URL]","https://utage-system.com/account/Y86og5tIw1hZ/scenario/GFocMBuu6yEe/step/line/h29JrXdkVU6w/edit","h29JrXdkVU6w"
"YouTube_ゆるAI","REVIEW_YouTube_ゆるAI_20260810","38","稼働中","メッセージ","4","サポート会_予約ページ済・未予約","2HI0abxePPzX","Zoomサポート予約ページクリック済み・未予約／サポートシナリオ入場の翌日23:59まで／予約完了・面談済み・営業停止は除外","1日後 18:00","LINE","ステップ配信","SUP-C06","","【LINEメッセージ 1／text】
日程ページを開いたまま予約を忘れちゃう方が多いので、念のためリマインドしますね😊

都合が変わった場合は、予約後の日程変更も可能です🙌","","","","","Zoomサポート予約ページクリック済み・未予約／サポートシナリオ入場の翌日23:59まで／予約完了・面談済み・営業停止は除外","","配信基準=。本文N/O/PとUTAGE編集URLは後続列に保持。","","","本文内定義","","YouTube正本を独自リライトしない。ステータスが廃止対象または旧読者のみの場合は新規実装しない。","【LINEメッセージ 1／text】
日程ページを開いたまま予約を忘れちゃう方が多いので、念のためお送りしますね😊

都合が変わった場合は、予約後の日程変更もできますよ🙌","日程ページを開いたまま予約を忘れちゃう方が多いので、念のためお送りしますね😊

都合が変わった場合は、予約後の日程変更もできますよ🙌","迷っているうちに、まず30分だけ確保してみてください。

まだ方向性が決まっていなくても、問題ございません。","https://utage-system.com/account/Y86og5tIw1hZ/scenario/GFocMBuu6yEe/step/line/2HI0abxePPzX/edit","2HI0abxePPzX"
"YouTube_ゆるAI","REVIEW_YouTube_ゆるAI_20260810","39","稼働中","メッセージ","4","サポート会_予約ページ済・未予約","CMf64P6WngBD","Zoomサポート予約ページクリック済み・未予約／サポートシナリオ入場の翌日23:59まで／予約完了・面談済み・営業停止は除外","1日後 21:00","LINE","ステップ配信","SUP-C07","","【LINEメッセージ 1／text】
特典の内容、せっかくだから手を動かしてみたいんだけど・・・👀
と思われている方こそ、 ZOOMサポート会にお申し込みください。
一緒にAIを触りましょう👇

────────────

【LINEメッセージ 2／button】
{
  ""alt_text"": ""【個別】ZOOMサポート会（まず30分）のご案内"",
  ""react_type"": ""free"",
  ""react_press_again_text"": null,
  ""thumbnail_image_url"": null,
  ""title"": ""ZOOMサポート会"",
  ""text"": ""まず30分で道筋を明確に"",
  ""actions"": [
    {
      ""type"": ""url"",
      ""label"": ""ZOOMサポート会に申し込む"",
      ""uri"": ""https://utage-system.com/event/HKyoHqSFnPvU/register"",
      ""add_label_id"": null,
      ""del_label_id"": null
    }
  ]
}","[
  {
    ""url"": ""https://utage-system.com/event/HKyoHqSFnPvU/register"",
    ""action_id"": ""CuTNunOkS4Ul"",
    ""expiration_type"": ""none""
  }
]","[
  {
    ""url"": ""https://utage-system.com/event/HKyoHqSFnPvU/register"",
    ""action_id"": ""CuTNunOkS4Ul"",
    ""expiration_type"": ""none""
  }
]","","","Zoomサポート予約ページクリック済み・未予約／サポートシナリオ入場の翌日23:59まで／予約完了・面談済み・営業停止は除外","[
  {
    ""url"": ""https://utage-system.com/event/HKyoHqSFnPvU/register"",
    ""action_id"": ""CuTNunOkS4Ul"",
    ""expiration_type"": ""none""
  }
]","配信基準=。本文N/O/PとUTAGE編集URLは後続列に保持。","","","本文内定義","","YouTube正本を独自リライトしない。ステータスが廃止対象または旧読者のみの場合は新規実装しない。","【LINEメッセージ 1／text】
今日決めるのは、スクールへの参加ではありませんよ😌

まず30分話して、今の自分に必要な道筋を明らかにするかどうかです👀 必要ならこちらから枠を選んでくださいね👇

────────────

【LINEメッセージ 2／button】
{
  ""alt_text"": ""【個別】AI活用サポート会（まず30分）のご案内"",
  ""react_type"": ""free"",
  ""react_press_again_text"": null,
  ""thumbnail_image_url"": null,
  ""title"": ""AI個別サポート会"",
  ""text"": ""まず30分で道筋を明確に"",
  ""actions"": [
    {
      ""type"": ""url"",
      ""label"": ""サポート会に申し込む"",
      ""uri"": ""https://utage-system.com/event/HKyoHqSFnPvU/register"",
      ""add_label_id"": null,
      ""del_label_id"": null
    }
  ]
}","今日決めるのは、スクールへの参加ではありませんよ😌

まず30分話して、今の自分に必要な道筋を明らかにするかどうかです👀 必要ならこちらから枠を選んでくださいね👇","「自分が相談していい内容かな？」という心配は不要です。

AI初心者でも、まだビジネスを始めてなくても大丈夫。[特典名]を入口に、現状に合う使い方を考えます。","https://utage-system.com/account/Y86og5tIw1hZ/scenario/GFocMBuu6yEe/step/line/CMf64P6WngBD/edit","CMf64P6WngBD"
"YouTube_ゆるAI","REVIEW_YouTube_ゆるAI_20260810","40","稼働中","メッセージ","4","サポート会_予約ページ済・未予約","3vvFFE2QRybT","Zoomサポート予約ページクリック済み・未予約／23:59で締切／予約完了・面談済み・営業停止は除外","1日後 22:00","LINE","ステップ配信","SUP-C08","","【LINEメッセージ 1／text】
Zoomサポート会の受付は本日までです⏰
","","","","","Zoomサポート予約ページクリック済み・未予約／23:59で締切／予約完了・面談済み・営業停止は除外","","配信基準=。本文N/O/PとUTAGE編集URLは後続列に保持。","","","本文内定義","","YouTube正本を独自リライトしない。ステータスが廃止対象または旧読者のみの場合は新規実装しない。","【LINEメッセージ 1／text】
無料受付は本日までです⏰

ページまで見て迷っていた方へ😊 準備なし・Zoom30分で参加できますよ✨","無料受付は本日までです⏰

ページまで見て迷っていた方へ😊 準備なし・Zoom30分で参加できますよ✨","日程ページを開いたまま予約を忘れてしまう方が多いので、念のためお送りします。

都合が変わった場合は、予約後の日程変更も可能です。","https://utage-system.com/account/Y86og5tIw1hZ/scenario/GFocMBuu6yEe/step/line/3vvFFE2QRybT/edit","3vvFFE2QRybT"
"YouTube_ゆるAI","REVIEW_YouTube_ゆるAI_20260810","41","稼働中","メッセージ","4","サポート会_予約ページ済・未予約","cAhwPE8tVflF","Zoomサポート予約ページクリック済み・未予約／23:59で締切／予約完了・面談済み・営業停止は除外","1日後 23:00","LINE","ステップ配信","SUP-C09","","【LINEメッセージ 1／text】
%line_name%さん、受付終了が近づいてきました⏰

Zoomサポート会の無料枠は今日までです。合う時間があるかだけでも、のぞいてみてくださいね😊

https://utage-system.com/event/HKyoHqSFnPvU/register","","","","","Zoomサポート予約ページクリック済み・未予約／23:59で締切／予約完了・面談済み・営業停止は除外","","配信基準=。本文N/O/PとUTAGE編集URLは後続列に保持。","","","本文内定義","","YouTube正本を独自リライトしない。ステータスが廃止対象または旧読者のみの場合は新規実装しない。","【LINEメッセージ 1／text】
%line_name%さん、受付終了が近づいてきました⏰

特典は残りますが、個別に活用方法を整理する無料枠は今日までなんです。合う時間があるかだけでも、のぞいてみてくださいね😊","%line_name%さん、受付終了が近づいてきました⏰

特典は残りますが、個別に活用方法を整理する無料枠は今日までなんです。合う時間があるかだけでも、のぞいてみてくださいね😊","AIをまだ触ったことがない人こそ、まず30分話してみてください。こちらから予約枠を選んでください。

[サポート会予約URL]","https://utage-system.com/account/Y86og5tIw1hZ/scenario/GFocMBuu6yEe/step/line/cAhwPE8tVflF/edit","cAhwPE8tVflF"
"YouTube_ゆるAI","REVIEW_YouTube_ゆるAI_20260810","42","稼働中","メッセージ","4","サポート会_予約ページ済・未予約","tltNdpSYF83z","Zoomサポート予約ページクリック済み・未予約／23:59で締切／予約完了・面談済み・営業停止は除外","1日後 23:30","LINE","ステップ配信","SUP-C10","","【LINEメッセージ 1／text】
これで最後のご案内です📣

特典をきっかけに、AIを自分の仕事や事業へどうつなげるかを一緒に整理したい方は、受付終了前に予約を完了しておいてくださいね🙌","","","","","Zoomサポート予約ページクリック済み・未予約／23:59で締切／予約完了・面談済み・営業停止は除外","","配信基準=。本文N/O/PとUTAGE編集URLは後続列に保持。","","","本文内定義","","YouTube正本を独自リライトしない。ステータスが廃止対象または旧読者のみの場合は新規実装しない。","【LINEメッセージ 1／text】
これで最後のご案内です📣

特典をきっかけに、AIを自分の仕事や事業へどうつなげるかを一緒に整理したい方は、受付終了前に予約を完了しておいてくださいね🙌","これで最後のご案内です📣

特典をきっかけに、AIを自分の仕事や事業へどうつなげるかを一緒に整理したい方は、受付終了前に予約を完了しておいてくださいね🙌","無料受付は本日まで。

ページまで見て迷っていた方へ。準備なし・Zoomで参加できます。顔出しも不要です。","https://utage-system.com/account/Y86og5tIw1hZ/scenario/GFocMBuu6yEe/step/line/tltNdpSYF83z/edit","tltNdpSYF83z"
"YouTube_ゆるAI","REVIEW_YouTube_ゆるAI_20260810","43","稼働中","メッセージ","5","AI個別サポートセッションリマインダ","hcFlzVdtklq8","Zoomサポート予約完了者のみ。予約完了時点でセミナー・VSL・オプチャを停止し、この予約リマインドだけ配信。","登録直後","メール","ステップ配信","申込時","【重要】%event_name%へのお申込みが完了しました","%name% 様

この度はお申込み頂き、本当にありがとうございます😊

お申込み頂いたご予約について
ご案内をお送りしますね📩


■　日程・参加方法
━━━━━━━━━━━━━━━━

%event_info%



当日は楽しみにしておりますのでよろしくお願いいたします🙌","","","","","Zoomサポート予約完了者のみ。予約完了時点でセミナー・VSL・オプチャを停止し、この予約リマインドだけ配信。","","配信基準=。本文N/O/PとUTAGE編集URLは後続列に保持。","","","本文内定義","","YouTube正本を独自リライトしない。ステータスが廃止対象または旧読者のみの場合は新規実装しない。","%name% 様

この度は
%event_name%
にお申込み頂き、本当にありがとうございます😊

お申込み頂いたご予約について
ご案内をお送りしますね📩

■　お申込者情報
━━━━━━━━━━━━━━━━

お名前：%name%
メールアドレス：%mail%
電話番号：%phone%


■　日程・参加方法
━━━━━━━━━━━━━━━━

%event_info%


■　キャンセルについて
━━━━━━━━━━━━━━━━

キャンセルを希望される場合は事前に『必ず』ご連絡ください。


━━━━━━━━━━━━━━━━
%event_name%運営事務局
%from_mail%
━━━━━━━━━━━━━━━━","","[name]さん、受付終了が近づいています。

個別に活用方法を整理する無料枠は今日までです。合う時間があるかだけでも確認してみてください。","https://utage-system.com/account/Y86og5tIw1hZ/scenario/UFibyE5xmPyh/step/hcFlzVdtklq8/edit","hcFlzVdtklq8"
"YouTube_ゆるAI","REVIEW_YouTube_ゆるAI_20260810","44","稼働中","メッセージ","5","AI個別サポートセッションリマインダ","ms9KNzEau9gB","Zoomサポート予約完了者のみ。予約完了時点でセミナー・VSL・オプチャを停止し、この予約リマインドだけ配信。","14日前の 8:00","メール","リマインダ配信","開催14日前","【開催14日前】%event_name%","%name% 様

この度はお申込み頂き、本当にありがとうございます😊

開催14日前になりましたので
リマインドをお送りしますね📩

■　日程・参加方法
━━━━━━━━━━━━━━━━

%event_info%



","","","","","Zoomサポート予約完了者のみ。予約完了時点でセミナー・VSL・オプチャを停止し、この予約リマインドだけ配信。","","配信基準=イベント参加日時。本文N/O/PとUTAGE編集URLは後続列に保持。","","","本文内定義","","YouTube正本を独自リライトしない。ステータスが廃止対象または旧読者のみの場合は新規実装しない。","%name% 様

この度は
%event_name%
にお申込み頂き、本当にありがとうございます😊

開催14日前になりましたので
リマインドをお送りしますね📩

■　お申込者情報
━━━━━━━━━━━━━━━━

お名前：%name%
メールアドレス：%mail%
電話番号：%phone%


■　日程・参加方法
━━━━━━━━━━━━━━━━

%event_info%


■　キャンセルについて
━━━━━━━━━━━━━━━━

キャンセルを希望される場合は事前に『必ず』ご連絡ください。


━━━━━━━━━━━━━━━━
%event_name%運営事務局
%from_mail%
━━━━━━━━━━━━━━━━","","これで最後のご案内です。

[特典名]をきっかけに、AIを自分の仕事や事業へどうつなげるかを一緒に整理したい方は、受付終了前に予約を完了してください。","https://utage-system.com/account/Y86og5tIw1hZ/scenario/UFibyE5xmPyh/reminder/ms9KNzEau9gB/edit","ms9KNzEau9gB"
"YouTube_ゆるAI","REVIEW_YouTube_ゆるAI_20260810","45","稼働中","メッセージ","5","AI個別サポートセッションリマインダ","swzxfS6n0w9k","Zoomサポート予約完了者のみ。予約完了時点でセミナー・VSL・オプチャを停止し、この予約リマインドだけ配信。","7日前の 8:00","メール","リマインダ配信","開催7日前","【開催7日前】%event_name%","%name% 様


開催7日前になりましたので
リマインドをお送りしますね📩

■　日程・参加方法
━━━━━━━━━━━━━━━━

%event_info%


それでは来週、よろしくお願いいたします🙌","","","","","Zoomサポート予約完了者のみ。予約完了時点でセミナー・VSL・オプチャを停止し、この予約リマインドだけ配信。","","配信基準=イベント参加日時。本文N/O/PとUTAGE編集URLは後続列に保持。","","","本文内定義","","YouTube正本を独自リライトしない。ステータスが廃止対象または旧読者のみの場合は新規実装しない。","%name% 様

この度は
%event_name%
にお申込み頂き、本当にありがとうございます😊

開催7日前になりましたので
リマインドをお送りしますね📩

■　お申込者情報
━━━━━━━━━━━━━━━━

お名前：%name%
メールアドレス：%mail%
電話番号：%phone%


■　日程・参加方法
━━━━━━━━━━━━━━━━

%event_info%


■　キャンセルについて
━━━━━━━━━━━━━━━━

キャンセルを希望される場合は事前に『必ず』ご連絡ください。


━━━━━━━━━━━━━━━━
%event_name%運営事務局
%from_mail%
━━━━━━━━━━━━━━━━","","[name]さん、ご予約ありがとうございます。

日時： [面談日時]
形式： Zoom（30分）
参加URL： [ZoomURL]

当日は、今の状況と目指したいことを伺いながら、次の一歩を一緒に整理します。楽しみにしておりますのでよろしくお願いいたします。

日程変更はこちら：[日程変更URL]","https://utage-system.com/account/Y86og5tIw1hZ/scenario/UFibyE5xmPyh/reminder/swzxfS6n0w9k/edit","swzxfS6n0w9k"
"YouTube_ゆるAI","REVIEW_YouTube_ゆるAI_20260810","46","稼働中","メッセージ","5","AI個別サポートセッションリマインダ","oxqv6hQ7XQCs","Zoomサポート予約完了者のみ。予約完了時点でセミナー・VSL・オプチャを停止し、この予約リマインドだけ配信。","3日前の 8:00","メール","リマインダ配信","開催3日前","【開催3日前】%event_name%","%name% 様



開催3日前になりましたので
リマインドをお送りしますね📩

■　日程・参加方法
━━━━━━━━━━━━━━━━

%event_info%


当日は何卒よろしくお願いいたします🙌","","","","","Zoomサポート予約完了者のみ。予約完了時点でセミナー・VSL・オプチャを停止し、この予約リマインドだけ配信。","","配信基準=イベント参加日時。本文N/O/PとUTAGE編集URLは後続列に保持。","","","本文内定義","","YouTube正本を独自リライトしない。ステータスが廃止対象または旧読者のみの場合は新規実装しない。","%name% 様

この度は
%event_name%
にお申込み頂き、本当にありがとうございます😊

開催3日前になりましたので
リマインドをお送りしますね📩

■　お申込者情報
━━━━━━━━━━━━━━━━

お名前：%name%
メールアドレス：%mail%
電話番号：%phone%


■　日程・参加方法
━━━━━━━━━━━━━━━━

%event_info%


■　キャンセルについて
━━━━━━━━━━━━━━━━

キャンセルを希望される場合は事前に『必ず』ご連絡ください。


━━━━━━━━━━━━━━━━
%event_name%運営事務局
%from_mail%
━━━━━━━━━━━━━━━━","","明日の面談の確認です。

[面談日時]／Zoom30分
[ZoomURL]

準備物はありません。都合が変わった場合は、こちらから変更してください。
[日程変更URL]","https://utage-system.com/account/Y86og5tIw1hZ/scenario/UFibyE5xmPyh/reminder/oxqv6hQ7XQCs/edit","oxqv6hQ7XQCs"
"YouTube_ゆるAI","REVIEW_YouTube_ゆるAI_20260810","47","稼働中","メッセージ","5","AI個別サポートセッションリマインダ","9SKShpBczhHZ","Zoomサポート予約完了者のみ。予約完了時点でセミナー・VSL・オプチャを停止し、この予約リマインドだけ配信。","1日前の 8:00","メール","リマインダ配信","開催前日","【明日開催】%event_name%","%name% 様

この度はお申込み頂き、本当にありがとうございます😊

開催前日になりましたので
リマインドをお送りしますね📩

■　日程・参加方法
━━━━━━━━━━━━━━━━

%event_info%


明日は楽しみにしております👀","","","","","Zoomサポート予約完了者のみ。予約完了時点でセミナー・VSL・オプチャを停止し、この予約リマインドだけ配信。","","配信基準=イベント参加日時。本文N/O/PとUTAGE編集URLは後続列に保持。","","","本文内定義","","YouTube正本を独自リライトしない。ステータスが廃止対象または旧読者のみの場合は新規実装しない。","%name% 様

この度は
%event_name%
にお申込み頂き、本当にありがとうございます😊

開催前日になりましたので
リマインドをお送りしますね📩

■　お申込者情報
━━━━━━━━━━━━━━━━

お名前：%name%
メールアドレス：%mail%
電話番号：%phone%


■　日程・参加方法
━━━━━━━━━━━━━━━━

%event_info%


■　キャンセルについて
━━━━━━━━━━━━━━━━

キャンセルを希望される場合は事前に『必ず』ご連絡ください。


━━━━━━━━━━━━━━━━
%event_name%運営事務局
%from_mail%
━━━━━━━━━━━━━━━━","","[name]さん、本日が面談日です。

開始時刻になりましたら、こちらからZoomへお入りください。
[ZoomURL]

お話しできるのを楽しみにしています。","https://utage-system.com/account/Y86og5tIw1hZ/scenario/UFibyE5xmPyh/reminder/9SKShpBczhHZ/edit","9SKShpBczhHZ"
"YouTube_ゆるAI","REVIEW_YouTube_ゆるAI_20260810","48","稼働中","メッセージ","5","AI個別サポートセッションリマインダ","IZEHgwvzE4jz","Zoomサポート予約完了者のみ。予約完了時点でセミナー・VSL・オプチャを停止し、この予約リマインドだけ配信。","当日の 8:00","メール","リマインダ配信","開催当日","【本日開催】%event_name%","%name% 様

開催当日になりましたので
リマインドをお送りしますね📩
■　日程・参加方法
━━━━━━━━━━━━━━━━

%event_info%

本日はよろしくお願いいたします🙌","","","","","Zoomサポート予約完了者のみ。予約完了時点でセミナー・VSL・オプチャを停止し、この予約リマインドだけ配信。","","配信基準=イベント参加日時。本文N/O/PとUTAGE編集URLは後続列に保持。","","","本文内定義","","YouTube正本を独自リライトしない。ステータスが廃止対象または旧読者のみの場合は新規実装しない。","%name% 様

この度は
%event_name%
にお申込み頂き、本当にありがとうございます😊

開催当日になりましたので
リマインドをお送りしますね📩

■　お申込者情報
━━━━━━━━━━━━━━━━

お名前：%name%
メールアドレス：%mail%
電話番号：%phone%


■　日程・参加方法
━━━━━━━━━━━━━━━━

%event_info%


■　キャンセルについて
━━━━━━━━━━━━━━━━

キャンセルを希望される場合は事前に『必ず』ご連絡ください。


━━━━━━━━━━━━━━━━
%event_name%運営事務局
%from_mail%
━━━━━━━━━━━━━━━━","","面談まであと3時間です。

[面談日時]
[ZoomURL]","https://utage-system.com/account/Y86og5tIw1hZ/scenario/UFibyE5xmPyh/reminder/IZEHgwvzE4jz/edit","IZEHgwvzE4jz"
"YouTube_ゆるAI","REVIEW_YouTube_ゆるAI_20260810","49","稼働中","メッセージ","5","AI個別サポートセッションリマインダ","NjefxiR7t9tg","Zoomサポート予約完了者のみ。予約完了時点でセミナー・VSL・オプチャを停止し、この予約リマインドだけ配信。","1時間 前","メール","リマインダ配信","開催60分前","【開催30分前】%event_name%","%name% 様

この度はお申込み頂き、本当にありがとうございます😊

開催30分前になりましたので
リマインドをお送りしますね📩

■　日程・参加方法
━━━━━━━━━━━━━━━━

%event_info%



後程よろしくお願いいたします🙌","","","","","Zoomサポート予約完了者のみ。予約完了時点でセミナー・VSL・オプチャを停止し、この予約リマインドだけ配信。","","配信基準=イベント参加日時。本文N/O/PとUTAGE編集URLは後続列に保持。","","","本文内定義","","YouTube正本を独自リライトしない。ステータスが廃止対象または旧読者のみの場合は新規実装しない。","%name% 様

この度は
%event_name%
にお申込み頂き、本当にありがとうございます😊

開催60分前になりましたので
リマインドをお送りしますね📩

■　お申込者情報
━━━━━━━━━━━━━━━━

お名前：%name%
メールアドレス：%mail%
電話番号：%phone%


■　日程・参加方法
━━━━━━━━━━━━━━━━

%event_info%


■　キャンセルについて
━━━━━━━━━━━━━━━━

キャンセルを希望される場合は事前に『必ず』ご連絡ください。


━━━━━━━━━━━━━━━━
%event_name%運営事務局
%from_mail%
━━━━━━━━━━━━━━━━","","あと30分で開始します。

こちらのZoomでお待ちしています。
[ZoomURL]

それでは後ほど、よろしくお願いします。","https://utage-system.com/account/Y86og5tIw1hZ/scenario/UFibyE5xmPyh/reminder/NjefxiR7t9tg/edit","NjefxiR7t9tg"
"YouTube_ゆるAI","REVIEW_YouTube_ゆるAI_20260810","50","稼働中","メッセージ","6","無断欠席→再予約","RxuU4dWHGqhI","Zoomサポート無断欠席者／再予約未完了。3通終了後も未再予約ならオプチャ。","登録直後","LINE","ステップ配信","NS-01","","【LINEメッセージ 1／text】
%line_name%さん、本日のZoomでお会いできなかったので、ご連絡しました😊

急な予定や接続トラブルもあると思います。
改めて参加したい場合は、こちらから都合のよい日時をお取り直しください。

%event_schedule_change_url%","","","","","Zoomサポート無断欠席者／再予約未完了。3通終了後も未再予約ならオプチャ。","","配信基準=。本文N/O/PとUTAGE編集URLは後続列に保持。","","","本文内定義","","YouTube正本を独自リライトしない。ステータスが廃止対象または旧読者のみの場合は新規実装しない。","【LINEメッセージ 1／text】
%line_name%さん、本日のZoomでお会いできなかったので、ご連絡しました😊

急な予定や接続トラブルもありますよね。改めて参加したい場合は、こちらから都合のよい日時を取り直してくださいね👇
%event_schedule_change_url%","%line_name%さん、本日のZoomでお会いできなかったので、ご連絡しました😊

急な予定や接続トラブルもありますよね。改めて参加したい場合は、こちらから都合のよい日時を取り直してくださいね👇
%event_schedule_change_url%","[name]さん、本日のZoomでお会いできなかったのでご連絡しました。

急な予定や接続トラブルもあると思います。改めて参加したい場合は、こちらから都合のよい日時を取り直してください。
[日程変更URL]","https://utage-system.com/account/Y86og5tIw1hZ/scenario/6s37CibWJW8f/step/line/RxuU4dWHGqhI/edit","RxuU4dWHGqhI"
"YouTube_ゆるAI","REVIEW_YouTube_ゆるAI_20260810","51","稼働中","メッセージ","6","無断欠席→再予約","IRA85CJbLCRs","Zoomサポート無断欠席者／再予約未完了。3通終了後も未再予約ならオプチャ。","1日後 10:00","LINE","ステップ配信","NS-02","","【LINEメッセージ 1／text】
昨日の面談について、再予約を受け付けています😊

事前準備はいりません。AIを使って何を形にするか、今の状況から一緒に整理していきましょう🙏","","","","","Zoomサポート無断欠席者／再予約未完了。3通終了後も未再予約ならオプチャ。","","配信基準=。本文N/O/PとUTAGE編集URLは後続列に保持。","","","本文内定義","","YouTube正本を独自リライトしない。ステータスが廃止対象または旧読者のみの場合は新規実装しない。","【LINEメッセージ 1／text】
昨日の面談について、再予約を受け付けていますよ😊

事前準備はいりません。AIを使って何を形にするか、今の状況から一緒に整理していきましょう🙏","昨日の面談について、再予約を受け付けていますよ😊

事前準備はいりません。AIを使って何を形にするか、今の状況から一緒に整理していきましょう🙏","昨日の面談について、再予約を受け付けています。

事前準備は不要です。AIを使って何を形にするか、今の状況から一緒に整理できます。","https://utage-system.com/account/Y86og5tIw1hZ/scenario/6s37CibWJW8f/step/line/IRA85CJbLCRs/edit","IRA85CJbLCRs"
"YouTube_ゆるAI","REVIEW_YouTube_ゆるAI_20260810","52","稼働中","メッセージ","6","無断欠席→再予約","UnzMydkQizNO","Zoomサポート無断欠席者／再予約未完了。3通終了後も未再予約ならオプチャ。","1日後 20:00","LINE","ステップ配信","NS-03","","【LINEメッセージ 1／text】
再予約については、これでいったん最後のご案内です😌

こちらから好きな日時を選んでください😊
%event_schedule_change_url%","","","","","Zoomサポート無断欠席者／再予約未完了。3通終了後も未再予約ならオプチャ。","","配信基準=。本文N/O/PとUTAGE編集URLは後続列に保持。","","","本文内定義","","YouTube正本を独自リライトしない。ステータスが廃止対象または旧読者のみの場合は新規実装しない。","【LINEメッセージ 1／text】
再予約については、これでいったん最後のご案内ですね😌

もう一度話したい場合は、こちらから好きな日時を選んでください😊
今すぐは難しければ、今後のセミナー案内から参加しても大丈夫ですよ👇
%event_schedule_change_url%","再予約については、これでいったん最後のご案内ですね😌

もう一度話したい場合は、こちらから好きな日時を選んでください😊
今すぐは難しければ、今後のセミナー案内から参加しても大丈夫ですよ👇
%event_schedule_change_url%","再予約については、これでいったん最後のご案内です。

こちらから好きな日時を選んでください。
[日程変更URL]","https://utage-system.com/account/Y86og5tIw1hZ/scenario/6s37CibWJW8f/step/line/UnzMydkQizNO/edit","UnzMydkQizNO"
"YouTube_ゆるAI","REVIEW_YouTube_ゆるAI_20260810","53","レビュー中","メッセージ","20260810新規","セミナー募集_2日程提示","NEW-YT-SEM-CHOICE","Zoomサポート未予約・セミナー未申込・面談未予約。日程不可／VSL中／予約完了／面談済み／営業停止は除外","サポートシナリオ終了後の翌朝06:00","LINE","ステップ配信","YT-SEM-CHOICE","","%line_name%さん、次回のZoomライブセミナーが決まりました😊

AIでひとり起業攻略法
📅 日程①：[第1日程]
📅 日程②：[第2日程]

AIを触るだけで終わらず、自分に合う事業テーマを見つけ、商品・集客・販売へつなげる考え方をお伝えします。

ご都合の合う日程を選択してください👇","日程①：[第1日程申込URL]／日程②：[第2日程申込URL]／どちらの日程も合わない：[ACT-NODATE-VSL]","日程①：[第1日程申込URL]／日程②：[第2日程申込URL]／どちらの日程も合わない：[ACT-NODATE-VSL]","","","Zoomサポート未予約・セミナー未申込・面談未予約。日程不可／VSL中／予約完了／面談済み／営業停止は除外","日程①：[第1日程申込URL]／日程②：[第2日程申込URL]／どちらの日程も合わない：[ACT-NODATE-VSL]","配信基準=サポート会受付終了。本文N/O/PとUTAGE編集URLは後続列に保持。","","","本文内定義","","YouTube正本を独自リライトしない。ステータスが廃止対象または旧読者のみの場合は新規実装しない。","%line_name%さん、次回のZoomライブセミナーが決まりました😊

AIでひとり起業攻略法
📅 日程①：[第1日程]
📅 日程②：[第2日程]

AIを触るだけで終わらず、自分に合う事業テーマを見つけ、商品・集客・販売へつなげる考え方をお伝えします。

ご都合の合う日程を選択してください👇","%line_name%さん、次回のZoomライブセミナーが決まりました😊

AIでひとり起業攻略法
📅 日程①：[第1日程]
📅 日程②：[第2日程]

AIを触るだけで終わらず、自分に合う事業テーマを見つけ、商品・集客・販売へつなげる考え方をお伝えします。

ご都合の合う日程を選択してください👇","%line_name%さん、次回のZoomライブセミナーが決まりました😊

AIでひとり起業攻略法
📅 日程①：[第1日程]
📅 日程②：[第2日程]

AIを触るだけで終わらず、自分に合う事業テーマを見つけ、商品・集客・販売へつなげる考え方をお伝えします。

ご都合の合う日程を選択してください👇","[UTAGE実装時作成]","NEW-YT-SEM-CHOICE"
"YouTube_ゆるAI","REVIEW_YouTube_ゆるAI_20260810","54","レビュー中","メッセージ","20260810新規","セミナー募集_第1日程","NEW-YT-D1-01","セミナー未申込・面談未予約・日程不可未選択。申込ページクリック済み／VSL中／予約完了／面談済み／営業停止は除外","第1日程 14日前10:00（未経過時のみ）","LINE","ステップ配信","YT-D1-SEM-A01（開催14日前10:00）","","【LINEメッセージ 1／text】
特典①〜④をご覧になって、
「自分なら、何から始めればいいんだろう？🤔」
と感じた方へ。

先ほど、そのモヤモヤをすっきり解消する
【特典⑤：セミナー招待券】をお送りしました！🎟️🚀
質疑応答の時間もたくさんご用意しているので、まずは現状を変えるための一歩としてご参加していただければと思います☺️
ぜひチェックしてください✨","[第1日程申込URL] / 画像：https://drive.usercontent.google.com/download?id=1hDHYwE25L5n73r3M4u7dnhZP935HQ8-5&export=view&confirm=t","[第1日程申込URL] / 画像：https://drive.usercontent.google.com/download?id=1hDHYwE25L5n73r3M4u7dnhZP935HQ8-5&export=view&confirm=t","","","セミナー未申込・面談未予約・日程不可未選択。申込ページクリック済み／VSL中／予約完了／面談済み／営業停止は除外","[第1日程申込URL] / 画像：https://drive.usercontent.google.com/download?id=1hDHYwE25L5n73r3M4u7dnhZP935HQ8-5&export=view&confirm=t","配信基準=イベント参加日。本文N/O/PとUTAGE編集URLは後続列に保持。","","","本文内定義","","YouTube正本を独自リライトしない。ステータスが廃止対象または旧読者のみの場合は新規実装しない。","【LINEメッセージ 1／text】
特典①〜④をご覧になって、
「自分なら、何から始めればいいんだろう？🤔」
と感じた方へ。

先ほど、そのモヤモヤをすっきり解消する
【特典⑤：セミナー招待券】をお送りしました！🎟️🚀
質疑応答の時間もたくさんご用意しているので、まずは現状を変えるための一歩としてご参加していただければと思います☺️
ぜひチェックしてください✨","【LINEメッセージ 1／text】
特典①〜④をご覧になって、
「自分なら、何から始めればいいんだろう？🤔」
と感じた方へ。

先ほど、そのモヤモヤをすっきり解消する
【特典⑤：セミナー招待券】をお送りしました！🎟️🚀
質疑応答の時間もたくさんご用意しているので、まずは現状を変えるための一歩としてご参加していただければと思います☺️
ぜひチェックしてください✨","【LINEメッセージ 1／text】
特典①〜④をご覧になって、
「自分なら、何から始めればいいんだろう？🤔」
と感じた方へ。

先ほど、そのモヤモヤをすっきり解消する
【特典⑤：セミナー招待券】をお送りしました！🎟️🚀
質疑応答の時間もたくさんご用意しているので、まずは現状を変えるための一歩としてご参加していただければと思います☺️
ぜひチェックしてください✨","[UTAGE実装時作成]","NEW-YT-D1-01"
"YouTube_ゆるAI","REVIEW_YouTube_ゆるAI_20260810","55","レビュー中","メッセージ","20260810新規","セミナー募集_第1日程","NEW-YT-D1-02","セミナー未申込・面談未予約・日程不可未選択。申込ページクリック済み／VSL中／予約完了／面談済み／営業停止は除外","第1日程 12日前19:00（未経過時のみ）","LINE","ステップ配信","YT-D1-SEM-A02（開催12日前19:00）","","【LINEメッセージ 1／text】
先ほどお送りした「セミナー招待状」は
確認できましたか？😊

残りの5大特典（⑥〜⑩）は、
特に有料級の内容となっているため、
セミナーの最後に【参加者限定】でお渡しします🎁

予定が合う方は、忘れないうちに
先に席だけ確保しておいてくださいね👇
[第1日程申込URL]","[第1日程申込URL] / 画像：https://drive.usercontent.google.com/download?id=1N4ce4deT64SE9bn9-tsgLF3B-K6o4coO&export=view&confirm=t","[第1日程申込URL] / 画像：https://drive.usercontent.google.com/download?id=1N4ce4deT64SE9bn9-tsgLF3B-K6o4coO&export=view&confirm=t","","","セミナー未申込・面談未予約・日程不可未選択。申込ページクリック済み／VSL中／予約完了／面談済み／営業停止は除外","[第1日程申込URL] / 画像：https://drive.usercontent.google.com/download?id=1N4ce4deT64SE9bn9-tsgLF3B-K6o4coO&export=view&confirm=t","配信基準=イベント参加日。本文N/O/PとUTAGE編集URLは後続列に保持。","","","本文内定義","","YouTube正本を独自リライトしない。ステータスが廃止対象または旧読者のみの場合は新規実装しない。","【LINEメッセージ 1／text】
先ほどお送りした「セミナー招待状」は
確認できましたか？😊

残りの5大特典（⑥〜⑩）は、
特に有料級の内容となっているため、
セミナーの最後に【参加者限定】でお渡しします🎁

予定が合う方は、忘れないうちに
先に席だけ確保しておいてくださいね👇
[第1日程申込URL]","【LINEメッセージ 1／text】
先ほどお送りした「セミナー招待状」は
確認できましたか？😊

残りの5大特典（⑥〜⑩）は、
特に有料級の内容となっているため、
セミナーの最後に【参加者限定】でお渡しします🎁

予定が合う方は、忘れないうちに
先に席だけ確保しておいてくださいね👇
[第1日程申込URL]","【LINEメッセージ 1／text】
先ほどお送りした「セミナー招待状」は
確認できましたか？😊

残りの5大特典（⑥〜⑩）は、
特に有料級の内容となっているため、
セミナーの最後に【参加者限定】でお渡しします🎁

予定が合う方は、忘れないうちに
先に席だけ確保しておいてくださいね👇
[第1日程申込URL]","[UTAGE実装時作成]","NEW-YT-D1-02"
"YouTube_ゆるAI","REVIEW_YouTube_ゆるAI_20260810","56","レビュー中","メッセージ","20260810新規","セミナー募集_第1日程","NEW-YT-D1-03","セミナー未申込・面談未予約・日程不可未選択。申込ページクリック済み／VSL中／予約完了／面談済み／営業停止は除外","第1日程 10日前10:00（未経過時のみ）","LINE","ステップ配信","YT-D1-SEM-A03（開催10日前10:00）","","【LINEメッセージ 1／text】
セミナーの最後にお渡しする
【限定特典⑥〜⑩】について少しご紹介します✨

内容は、【AIで動画制作法】や、【AIを使ったホームページ制作法】など、
セミナーの理解をさらに深めて「次の一歩」へすぐ踏み出せるような、
超・実践的なお役立ち資料にしています！💡

ぜひ楽しみにしていてくださいね😊
▼セミナーのお申し込みはこちら
[第1日程申込URL]","[第1日程申込URL]","[第1日程申込URL]","","","セミナー未申込・面談未予約・日程不可未選択。申込ページクリック済み／VSL中／予約完了／面談済み／営業停止は除外","[第1日程申込URL]","配信基準=イベント参加日。本文N/O/PとUTAGE編集URLは後続列に保持。","","","本文内定義","","YouTube正本を独自リライトしない。ステータスが廃止対象または旧読者のみの場合は新規実装しない。","【LINEメッセージ 1／text】
セミナーの最後にお渡しする
【限定特典⑥〜⑩】について少しご紹介します✨

内容は、【AIで動画制作法】や、【AIを使ったホームページ制作法】など、
セミナーの理解をさらに深めて「次の一歩」へすぐ踏み出せるような、
超・実践的なお役立ち資料にしています！💡

ぜひ楽しみにしていてくださいね😊
▼セミナーのお申し込みはこちら
[第1日程申込URL]","【LINEメッセージ 1／text】
セミナーの最後にお渡しする
【限定特典⑥〜⑩】について少しご紹介します✨

内容は、【AIで動画制作法】や、【AIを使ったホームページ制作法】など、
セミナーの理解をさらに深めて「次の一歩」へすぐ踏み出せるような、
超・実践的なお役立ち資料にしています！💡

ぜひ楽しみにしていてくださいね😊
▼セミナーのお申し込みはこちら
[第1日程申込URL]","【LINEメッセージ 1／text】
セミナーの最後にお渡しする
【限定特典⑥〜⑩】について少しご紹介します✨

内容は、【AIで動画制作法】や、【AIを使ったホームページ制作法】など、
セミナーの理解をさらに深めて「次の一歩」へすぐ踏み出せるような、
超・実践的なお役立ち資料にしています！💡

ぜひ楽しみにしていてくださいね😊
▼セミナーのお申し込みはこちら
[第1日程申込URL]","[UTAGE実装時作成]","NEW-YT-D1-03"
"YouTube_ゆるAI","REVIEW_YouTube_ゆるAI_20260810","57","レビュー中","メッセージ","20260810新規","セミナー募集_第1日程","NEW-YT-D1-04","セミナー未申込・面談未予約・日程不可未選択。申込ページクリック済み／VSL中／予約完了／面談済み／営業停止は除外","第1日程 8日前19:00（未経過時のみ）","LINE","ステップ配信","YT-D1-SEM-A04（開催8日前19:00）","","【LINEメッセージ 1／text】
今回のセミナーでは、単にAIの知識を
増やすだけではなく、以下の3点を
あなたのペースに合わせて整理していきます🌱✨

１．今のあなたに実践できること🚀
２．あなたの生活・仕事で「AIを活かせる場面」🤖
３．今日からスタートできる「最初の一歩」💪

▼お席の確保はこちらからどうぞ👇😊
[第1日程申込URL]","[第1日程申込URL]","[第1日程申込URL]","","","セミナー未申込・面談未予約・日程不可未選択。申込ページクリック済み／VSL中／予約完了／面談済み／営業停止は除外","[第1日程申込URL]","配信基準=イベント参加日。本文N/O/PとUTAGE編集URLは後続列に保持。","","","本文内定義","","YouTube正本を独自リライトしない。ステータスが廃止対象または旧読者のみの場合は新規実装しない。","【LINEメッセージ 1／text】
今回のセミナーでは、単にAIの知識を
増やすだけではなく、以下の3点を
あなたのペースに合わせて整理していきます🌱✨

１．今のあなたに実践できること🚀
２．あなたの生活・仕事で「AIを活かせる場面」🤖
３．今日からスタートできる「最初の一歩」💪

▼お席の確保はこちらからどうぞ👇😊
[第1日程申込URL]","【LINEメッセージ 1／text】
今回のセミナーでは、単にAIの知識を
増やすだけではなく、以下の3点を
あなたのペースに合わせて整理していきます🌱✨

１．今のあなたに実践できること🚀
２．あなたの生活・仕事で「AIを活かせる場面」🤖
３．今日からスタートできる「最初の一歩」💪

▼お席の確保はこちらからどうぞ👇😊
[第1日程申込URL]","【LINEメッセージ 1／text】
今回のセミナーでは、単にAIの知識を
増やすだけではなく、以下の3点を
あなたのペースに合わせて整理していきます🌱✨

１．今のあなたに実践できること🚀
２．あなたの生活・仕事で「AIを活かせる場面」🤖
３．今日からスタートできる「最初の一歩」💪

▼お席の確保はこちらからどうぞ👇😊
[第1日程申込URL]","[UTAGE実装時作成]","NEW-YT-D1-04"
"YouTube_ゆるAI","REVIEW_YouTube_ゆるAI_20260810","58","レビュー中","メッセージ","20260810新規","セミナー募集_第1日程","NEW-YT-D1-05","セミナー未申込・面談未予約・日程不可未選択。申込ページクリック済み／VSL中／予約完了／面談済み／営業停止は除外","第1日程 7日前10:00（未経過時のみ）","LINE","ステップ配信","YT-D1-SEM-D7-01（開催7日前10:00）","","【LINEメッセージ 1／text】
セミナー開催まで【あと1週間】です！🗓️✨


▼お席の確保はこちらからどうぞ👇😊
[第1日程申込URL]","[第1日程申込URL]","[第1日程申込URL]","","","セミナー未申込・面談未予約・日程不可未選択。申込ページクリック済み／VSL中／予約完了／面談済み／営業停止は除外","[第1日程申込URL]","配信基準=イベント参加日。本文N/O/PとUTAGE編集URLは後続列に保持。","","","本文内定義","","YouTube正本を独自リライトしない。ステータスが廃止対象または旧読者のみの場合は新規実装しない。","【LINEメッセージ 1／text】
セミナー開催まで【あと1週間】です！🗓️✨


▼お席の確保はこちらからどうぞ👇😊
[第1日程申込URL]","【LINEメッセージ 1／text】
セミナー開催まで【あと1週間】です！🗓️✨


▼お席の確保はこちらからどうぞ👇😊
[第1日程申込URL]","【LINEメッセージ 1／text】
セミナー開催まで【あと1週間】です！🗓️✨


▼お席の確保はこちらからどうぞ👇😊
[第1日程申込URL]","[UTAGE実装時作成]","NEW-YT-D1-05"
"YouTube_ゆるAI","REVIEW_YouTube_ゆるAI_20260810","59","レビュー中","メッセージ","20260810新規","セミナー募集_第1日程","NEW-YT-D1-06","セミナー未申込・面談未予約・日程不可未選択。申込ページクリック済み／VSL中／予約完了／面談済み／営業停止は除外","第1日程 7日前20:00（未経過時のみ）","LINE","ステップ配信","YT-D1-SEM-D7-02（開催7日前20:00）","","【LINEメッセージ 1／text】
セミナー開催まで【あと1週間】です！🗓️✨

セミナーのお申し込みは、お名前と
メールアドレスを入力するだけで完了します📝✨

ご登録後、参加URLをLINEとメールの
両方へお送りします。

まずは開催日時が合うかだけでも確認してみてくださいね👇😊
[第1日程申込URL]","[第1日程申込URL]","[第1日程申込URL]","","","セミナー未申込・面談未予約・日程不可未選択。申込ページクリック済み／VSL中／予約完了／面談済み／営業停止は除外","[第1日程申込URL]","配信基準=イベント参加日。本文N/O/PとUTAGE編集URLは後続列に保持。","","","本文内定義","","YouTube正本を独自リライトしない。ステータスが廃止対象または旧読者のみの場合は新規実装しない。","【LINEメッセージ 1／text】
セミナー開催まで【あと1週間】です！🗓️✨

セミナーのお申し込みは、お名前と
メールアドレスを入力するだけで完了します📝✨

ご登録後、参加URLをLINEとメールの
両方へお送りします。

まずは開催日時が合うかだけでも確認してみてくださいね👇😊
[第1日程申込URL]","【LINEメッセージ 1／text】
セミナー開催まで【あと1週間】です！🗓️✨

セミナーのお申し込みは、お名前と
メールアドレスを入力するだけで完了します📝✨

ご登録後、参加URLをLINEとメールの
両方へお送りします。

まずは開催日時が合うかだけでも確認してみてくださいね👇😊
[第1日程申込URL]","【LINEメッセージ 1／text】
セミナー開催まで【あと1週間】です！🗓️✨

セミナーのお申し込みは、お名前と
メールアドレスを入力するだけで完了します📝✨

ご登録後、参加URLをLINEとメールの
両方へお送りします。

まずは開催日時が合うかだけでも確認してみてくださいね👇😊
[第1日程申込URL]","[UTAGE実装時作成]","NEW-YT-D1-06"
"YouTube_ゆるAI","REVIEW_YouTube_ゆるAI_20260810","60","レビュー中","メッセージ","20260810新規","セミナー募集_第1日程","NEW-YT-D1-07","セミナー未申込・面談未予約・日程不可未選択。申込ページクリック済み／VSL中／予約完了／面談済み／営業停止は除外","第1日程 6日前10:00（未経過時のみ）","LINE","ステップ配信","YT-D1-SEM-A05（開催6日前10:00）","","【LINEメッセージ 1／text】
今回のセミナーは、単に「AIの知識を増やす」
だけのものではありません💡

このセミナーで1番多い声は
「AIを学んだけど成果が出ない理由がすっきり解決した！」✨
「これまでYouTubeで学んできたけど、自分にあったAIの活かし方がようやくわかった！」💡
「今の私が次にやるべきアクションが明確になりました！」🚀

実はAIの知識だけ増やしても、ビジネスへの活かし方に繋がりません。
「AIを自分の仕事やキャリアにどう活かすか」
を整理し、聞いた後に【具体的に何をすればいいか】
まで、一緒に考えられる内容になっています！🚀

▼席の確保はこちらからどうぞ👇
[第1日程申込URL]","[第1日程申込URL]","[第1日程申込URL]","","","セミナー未申込・面談未予約・日程不可未選択。申込ページクリック済み／VSL中／予約完了／面談済み／営業停止は除外","[第1日程申込URL]","配信基準=イベント参加日。本文N/O/PとUTAGE編集URLは後続列に保持。","","","本文内定義","","YouTube正本を独自リライトしない。ステータスが廃止対象または旧読者のみの場合は新規実装しない。","【LINEメッセージ 1／text】
今回のセミナーは、単に「AIの知識を増やす」
だけのものではありません💡

このセミナーで1番多い声は
「AIを学んだけど成果が出ない理由がすっきり解決した！」✨
「これまでYouTubeで学んできたけど、自分にあったAIの活かし方がようやくわかった！」💡
「今の私が次にやるべきアクションが明確になりました！」🚀

実はAIの知識だけ増やしても、ビジネスへの活かし方に繋がりません。
「AIを自分の仕事やキャリアにどう活かすか」
を整理し、聞いた後に【具体的に何をすればいいか】
まで、一緒に考えられる内容になっています！🚀

▼席の確保はこちらからどうぞ👇
[第1日程申込URL]","【LINEメッセージ 1／text】
今回のセミナーは、単に「AIの知識を増やす」
だけのものではありません💡

このセミナーで1番多い声は
「AIを学んだけど成果が出ない理由がすっきり解決した！」✨
「これまでYouTubeで学んできたけど、自分にあったAIの活かし方がようやくわかった！」💡
「今の私が次にやるべきアクションが明確になりました！」🚀

実はAIの知識だけ増やしても、ビジネスへの活かし方に繋がりません。
「AIを自分の仕事やキャリアにどう活かすか」
を整理し、聞いた後に【具体的に何をすればいいか】
まで、一緒に考えられる内容になっています！🚀

▼席の確保はこちらからどうぞ👇
[第1日程申込URL]","【LINEメッセージ 1／text】
今回のセミナーは、単に「AIの知識を増やす」
だけのものではありません💡

このセミナーで1番多い声は
「AIを学んだけど成果が出ない理由がすっきり解決した！」✨
「これまでYouTubeで学んできたけど、自分にあったAIの活かし方がようやくわかった！」💡
「今の私が次にやるべきアクションが明確になりました！」🚀

実はAIの知識だけ増やしても、ビジネスへの活かし方に繋がりません。
「AIを自分の仕事やキャリアにどう活かすか」
を整理し、聞いた後に【具体的に何をすればいいか】
まで、一緒に考えられる内容になっています！🚀

▼席の確保はこちらからどうぞ👇
[第1日程申込URL]","[UTAGE実装時作成]","NEW-YT-D1-07"
"YouTube_ゆるAI","REVIEW_YouTube_ゆるAI_20260810","61","レビュー中","メッセージ","20260810新規","セミナー募集_第1日程","NEW-YT-D1-08","セミナー未申込・面談未予約・日程不可未選択。申込ページクリック済み／VSL中／予約完了／面談済み／営業停止は除外","第1日程 5日前19:00（未経過時のみ）","LINE","ステップ配信","YT-D1-SEM-A06（開催5日前19:00）","","【LINEメッセージ 1／text】
「AI初心者ですが、参加しても大丈夫ですか...？」
というご質問をよくいただきましたが、
全く問題ありませんのでご安心ください！😊

むしろAIは初心者だからこその着眼点がかなり重要なんです！
初心者だからこその、新しい発想や発見がある...!!😳

過去のセミナーの様子や、
参加者の方々のリアルな感想は、
こちらからご確認いただけます👇✨
https://seminar-voices.netlify.app/","[第1日程申込URL]","[第1日程申込URL]","","","セミナー未申込・面談未予約・日程不可未選択。申込ページクリック済み／VSL中／予約完了／面談済み／営業停止は除外","[第1日程申込URL]","配信基準=イベント参加日。本文N/O/PとUTAGE編集URLは後続列に保持。","","","本文内定義","","YouTube正本を独自リライトしない。ステータスが廃止対象または旧読者のみの場合は新規実装しない。","【LINEメッセージ 1／text】
「AI初心者ですが、参加しても大丈夫ですか...？」
というご質問をよくいただきましたが、
全く問題ありませんのでご安心ください！😊

むしろAIは初心者だからこその着眼点がかなり重要なんです！
初心者だからこその、新しい発想や発見がある...!!😳

過去のセミナーの様子や、
参加者の方々のリアルな感想は、
こちらからご確認いただけます👇✨
https://seminar-voices.netlify.app/","【LINEメッセージ 1／text】
「AI初心者ですが、参加しても大丈夫ですか...？」
というご質問をよくいただきましたが、
全く問題ありませんのでご安心ください！😊

むしろAIは初心者だからこその着眼点がかなり重要なんです！
初心者だからこその、新しい発想や発見がある...!!😳

過去のセミナーの様子や、
参加者の方々のリアルな感想は、
こちらからご確認いただけます👇✨
https://seminar-voices.netlify.app/","【LINEメッセージ 1／text】
「AI初心者ですが、参加しても大丈夫ですか...？」
というご質問をよくいただきましたが、
全く問題ありませんのでご安心ください！😊

むしろAIは初心者だからこその着眼点がかなり重要なんです！
初心者だからこその、新しい発想や発見がある...!!😳

過去のセミナーの様子や、
参加者の方々のリアルな感想は、
こちらからご確認いただけます👇✨
https://seminar-voices.netlify.app/","[UTAGE実装時作成]","NEW-YT-D1-08"
"YouTube_ゆるAI","REVIEW_YouTube_ゆるAI_20260810","62","レビュー中","メッセージ","20260810新規","セミナー募集_第1日程","NEW-YT-D1-09","セミナー未申込・面談未予約・日程不可未選択。申込ページクリック済み／VSL中／予約完了／面談済み／営業停止は除外","第1日程 4日前20:00（未経過時のみ）","LINE","ステップ配信","YT-D1-SEM-A07（開催4日前20:00）","","【LINEメッセージ 1／text】
セミナーのお申し込みは、お名前と
メールアドレスを入力するだけで完了します📝✨

ご登録後、参加URLをLINEとメールの
両方へお送りします。👍😊

「当日にLINEのトークからURLを探すのが大変…💦」
という時も、メールに情報が残っているので
スムーズに参加できて安心です
👇😊
[第1日程申込URL]","[第1日程申込URL]","[第1日程申込URL]","","","セミナー未申込・面談未予約・日程不可未選択。申込ページクリック済み／VSL中／予約完了／面談済み／営業停止は除外","[第1日程申込URL]","配信基準=イベント参加日。本文N/O/PとUTAGE編集URLは後続列に保持。","","","本文内定義","","YouTube正本を独自リライトしない。ステータスが廃止対象または旧読者のみの場合は新規実装しない。","【LINEメッセージ 1／text】
セミナーのお申し込みは、お名前と
メールアドレスを入力するだけで完了します📝✨

ご登録後、参加URLをLINEとメールの
両方へお送りします。👍😊

「当日にLINEのトークからURLを探すのが大変…💦」
という時も、メールに情報が残っているので
スムーズに参加できて安心です
👇😊
[第1日程申込URL]","【LINEメッセージ 1／text】
セミナーのお申し込みは、お名前と
メールアドレスを入力するだけで完了します📝✨

ご登録後、参加URLをLINEとメールの
両方へお送りします。👍😊

「当日にLINEのトークからURLを探すのが大変…💦」
という時も、メールに情報が残っているので
スムーズに参加できて安心です
👇😊
[第1日程申込URL]","【LINEメッセージ 1／text】
セミナーのお申し込みは、お名前と
メールアドレスを入力するだけで完了します📝✨

ご登録後、参加URLをLINEとメールの
両方へお送りします。👍😊

「当日にLINEのトークからURLを探すのが大変…💦」
という時も、メールに情報が残っているので
スムーズに参加できて安心です
👇😊
[第1日程申込URL]","[UTAGE実装時作成]","NEW-YT-D1-09"
"YouTube_ゆるAI","REVIEW_YouTube_ゆるAI_20260810","63","レビュー中","メッセージ","20260810新規","セミナー募集_第1日程","NEW-YT-D1-10","セミナー未申込・面談未予約・日程不可未選択。申込ページクリック済み／VSL中／予約完了／面談済み／営業停止は除外","第1日程 3日前10:00（未経過時のみ）","LINE","ステップ配信","YT-D1-SEM-B01（開催3日前10:00）","","【LINEメッセージ 1／text】
セミナー開催まで【あと3日】となりました！⏰


このセミナーでは「AIの深い知識」ではなく、
「AIをどうビジネスに繋げるか」を体系的に学べる時間になっています☺️✨

""AIでホームページが作れる""、""AIで動画制作ができる""、
ではその後は...？😥

AIを学ぶだけではビジネスは出来ません💦
その知識を発展させるための時間になっています🚀

少しでもご興味ある方は、ぜひお早めにお申し込みください！✨

📅 日時：[第1日程]
💻 形式：オンライン（Zoomなど）

参加用のURLは、お申し込み後に
LINEとメールでお送りいたします。

▼席の確保はお早めにどうぞ👇😊
[第1日程申込URL]","[第1日程申込URL]","[第1日程申込URL]","","","セミナー未申込・面談未予約・日程不可未選択。申込ページクリック済み／VSL中／予約完了／面談済み／営業停止は除外","[第1日程申込URL]","配信基準=イベント参加日。本文N/O/PとUTAGE編集URLは後続列に保持。","","","本文内定義","","YouTube正本を独自リライトしない。ステータスが廃止対象または旧読者のみの場合は新規実装しない。","【LINEメッセージ 1／text】
セミナー開催まで【あと3日】となりました！⏰


このセミナーでは「AIの深い知識」ではなく、
「AIをどうビジネスに繋げるか」を体系的に学べる時間になっています☺️✨

""AIでホームページが作れる""、""AIで動画制作ができる""、
ではその後は...？😥

AIを学ぶだけではビジネスは出来ません💦
その知識を発展させるための時間になっています🚀

少しでもご興味ある方は、ぜひお早めにお申し込みください！✨

📅 日時：[第1日程]
💻 形式：オンライン（Zoomなど）

参加用のURLは、お申し込み後に
LINEとメールでお送りいたします。

▼席の確保はお早めにどうぞ👇😊
[第1日程申込URL]","【LINEメッセージ 1／text】
セミナー開催まで【あと3日】となりました！⏰


このセミナーでは「AIの深い知識」ではなく、
「AIをどうビジネスに繋げるか」を体系的に学べる時間になっています☺️✨

""AIでホームページが作れる""、""AIで動画制作ができる""、
ではその後は...？😥

AIを学ぶだけではビジネスは出来ません💦
その知識を発展させるための時間になっています🚀

少しでもご興味ある方は、ぜひお早めにお申し込みください！✨

📅 日時：[第1日程]
💻 形式：オンライン（Zoomなど）

参加用のURLは、お申し込み後に
LINEとメールでお送りいたします。

▼席の確保はお早めにどうぞ👇😊
[第1日程申込URL]","【LINEメッセージ 1／text】
セミナー開催まで【あと3日】となりました！⏰


このセミナーでは「AIの深い知識」ではなく、
「AIをどうビジネスに繋げるか」を体系的に学べる時間になっています☺️✨

""AIでホームページが作れる""、""AIで動画制作ができる""、
ではその後は...？😥

AIを学ぶだけではビジネスは出来ません💦
その知識を発展させるための時間になっています🚀

少しでもご興味ある方は、ぜひお早めにお申し込みください！✨

📅 日時：[第1日程]
💻 形式：オンライン（Zoomなど）

参加用のURLは、お申し込み後に
LINEとメールでお送りいたします。

▼席の確保はお早めにどうぞ👇😊
[第1日程申込URL]","[UTAGE実装時作成]","NEW-YT-D1-10"
"YouTube_ゆるAI","REVIEW_YouTube_ゆるAI_20260810","64","レビュー中","メッセージ","20260810新規","セミナー募集_第1日程","NEW-YT-D1-11","セミナー未申込・面談未予約・日程不可未選択。申込ページクリック済み／VSL中／予約完了／面談済み／営業停止は除外","第1日程 3日前20:00（未経過時のみ）","LINE","ステップ配信","YT-D1-SEM-B02（開催3日前20:00）","","【LINEメッセージ 1／text】
「まだAIを触り始めたばかり…」
という方でも、どうぞご安心ください😊

むしろAIビジネスは触り始めた方の方が有利に働くことが多いです！
その実態をセミナーでお伝えいたします🚀🔥

あなたのこれまでの経験や、得意なことを
振り返りながら、「自分にぴったりのAI活用法」
を見つけるところから優しく進めていきます🌱

▼詳細・お申し込みはこちらから👇
[第1日程申込URL]","[第1日程申込URL]","[第1日程申込URL]","","","セミナー未申込・面談未予約・日程不可未選択。申込ページクリック済み／VSL中／予約完了／面談済み／営業停止は除外","[第1日程申込URL]","配信基準=イベント参加日。本文N/O/PとUTAGE編集URLは後続列に保持。","","","本文内定義","","YouTube正本を独自リライトしない。ステータスが廃止対象または旧読者のみの場合は新規実装しない。","【LINEメッセージ 1／text】
「まだAIを触り始めたばかり…」
という方でも、どうぞご安心ください😊

むしろAIビジネスは触り始めた方の方が有利に働くことが多いです！
その実態をセミナーでお伝えいたします🚀🔥

あなたのこれまでの経験や、得意なことを
振り返りながら、「自分にぴったりのAI活用法」
を見つけるところから優しく進めていきます🌱

▼詳細・お申し込みはこちらから👇
[第1日程申込URL]","【LINEメッセージ 1／text】
「まだAIを触り始めたばかり…」
という方でも、どうぞご安心ください😊

むしろAIビジネスは触り始めた方の方が有利に働くことが多いです！
その実態をセミナーでお伝えいたします🚀🔥

あなたのこれまでの経験や、得意なことを
振り返りながら、「自分にぴったりのAI活用法」
を見つけるところから優しく進めていきます🌱

▼詳細・お申し込みはこちらから👇
[第1日程申込URL]","【LINEメッセージ 1／text】
「まだAIを触り始めたばかり…」
という方でも、どうぞご安心ください😊

むしろAIビジネスは触り始めた方の方が有利に働くことが多いです！
その実態をセミナーでお伝えいたします🚀🔥

あなたのこれまでの経験や、得意なことを
振り返りながら、「自分にぴったりのAI活用法」
を見つけるところから優しく進めていきます🌱

▼詳細・お申し込みはこちらから👇
[第1日程申込URL]","[UTAGE実装時作成]","NEW-YT-D1-11"
"YouTube_ゆるAI","REVIEW_YouTube_ゆるAI_20260810","65","レビュー中","メッセージ","20260810新規","セミナー募集_第1日程","NEW-YT-D1-12","セミナー未申込・面談未予約・日程不可未選択。申込ページクリック済み／VSL中／予約完了／面談済み／営業停止は除外","第1日程 2日前10:00（未経過時のみ）","LINE","ステップ配信","YT-D1-SEM-B03（開催2日前10:00）","","【LINEメッセージ 1／text】
今回のセミナーは、
特にこんな方におすすめです！💡

🌟 AIを自分の仕事に活かしたい
🌟 学ぶ順番をスッキリ整理したい
🌟 自分の「強み」とAIを掛け合わせたい
🌟 今日からできる具体的な一歩を決めたい

1つでも当てはまる方は、
ここが分岐点になると思います...!!
一歩踏み出すか、足踏みをするか。
少しでもご自身にプラスの影響を与えたい方はぜひ👇😊
[第1日程申込URL]","[第1日程申込URL]","[第1日程申込URL]","","","セミナー未申込・面談未予約・日程不可未選択。申込ページクリック済み／VSL中／予約完了／面談済み／営業停止は除外","[第1日程申込URL]","配信基準=イベント参加日。本文N/O/PとUTAGE編集URLは後続列に保持。","","","本文内定義","","YouTube正本を独自リライトしない。ステータスが廃止対象または旧読者のみの場合は新規実装しない。","【LINEメッセージ 1／text】
今回のセミナーは、
特にこんな方におすすめです！💡

🌟 AIを自分の仕事に活かしたい
🌟 学ぶ順番をスッキリ整理したい
🌟 自分の「強み」とAIを掛け合わせたい
🌟 今日からできる具体的な一歩を決めたい

1つでも当てはまる方は、
ここが分岐点になると思います...!!
一歩踏み出すか、足踏みをするか。
少しでもご自身にプラスの影響を与えたい方はぜひ👇😊
[第1日程申込URL]","【LINEメッセージ 1／text】
今回のセミナーは、
特にこんな方におすすめです！💡

🌟 AIを自分の仕事に活かしたい
🌟 学ぶ順番をスッキリ整理したい
🌟 自分の「強み」とAIを掛け合わせたい
🌟 今日からできる具体的な一歩を決めたい

1つでも当てはまる方は、
ここが分岐点になると思います...!!
一歩踏み出すか、足踏みをするか。
少しでもご自身にプラスの影響を与えたい方はぜひ👇😊
[第1日程申込URL]","【LINEメッセージ 1／text】
今回のセミナーは、
特にこんな方におすすめです！💡

🌟 AIを自分の仕事に活かしたい
🌟 学ぶ順番をスッキリ整理したい
🌟 自分の「強み」とAIを掛け合わせたい
🌟 今日からできる具体的な一歩を決めたい

1つでも当てはまる方は、
ここが分岐点になると思います...!!
一歩踏み出すか、足踏みをするか。
少しでもご自身にプラスの影響を与えたい方はぜひ👇😊
[第1日程申込URL]","[UTAGE実装時作成]","NEW-YT-D1-12"
"YouTube_ゆるAI","REVIEW_YouTube_ゆるAI_20260810","66","レビュー中","メッセージ","20260810新規","セミナー募集_第1日程","NEW-YT-D1-13","セミナー未申込・面談未予約・日程不可未選択。申込ページクリック済み／VSL中／予約完了／面談済み／営業停止は除外","第1日程 2日前20:00（未経過時のみ）","LINE","ステップ配信","YT-D1-SEM-B04（開催2日前20:00）","","【LINEメッセージ 1／text】
限定特典⑥〜⑩をお受け取りいただけるのは、
セミナーを最後までご視聴いただいた方のみとなります🎁

もし「途中までは参加できるけど、最後までは時間的に...」
という方は、個別にメールからご連絡ください！
ご参加いただけたことを確認できましたら、特典の方をお礼にお渡しいたします！

「あとで予定を確認しよう」と思っていると
満席になってしまうこともあるので、
忘れないうちに席を確保しておいてくださいね👇✨
[第1日程申込URL]","[第1日程申込URL]","[第1日程申込URL]","","","セミナー未申込・面談未予約・日程不可未選択。申込ページクリック済み／VSL中／予約完了／面談済み／営業停止は除外","[第1日程申込URL]","配信基準=イベント参加日。本文N/O/PとUTAGE編集URLは後続列に保持。","","","本文内定義","","YouTube正本を独自リライトしない。ステータスが廃止対象または旧読者のみの場合は新規実装しない。","【LINEメッセージ 1／text】
限定特典⑥〜⑩をお受け取りいただけるのは、
セミナーを最後までご視聴いただいた方のみとなります🎁

もし「途中までは参加できるけど、最後までは時間的に...」
という方は、個別にメールからご連絡ください！
ご参加いただけたことを確認できましたら、特典の方をお礼にお渡しいたします！

「あとで予定を確認しよう」と思っていると
満席になってしまうこともあるので、
忘れないうちに席を確保しておいてくださいね👇✨
[第1日程申込URL]","【LINEメッセージ 1／text】
限定特典⑥〜⑩をお受け取りいただけるのは、
セミナーを最後までご視聴いただいた方のみとなります🎁

もし「途中までは参加できるけど、最後までは時間的に...」
という方は、個別にメールからご連絡ください！
ご参加いただけたことを確認できましたら、特典の方をお礼にお渡しいたします！

「あとで予定を確認しよう」と思っていると
満席になってしまうこともあるので、
忘れないうちに席を確保しておいてくださいね👇✨
[第1日程申込URL]","【LINEメッセージ 1／text】
限定特典⑥〜⑩をお受け取りいただけるのは、
セミナーを最後までご視聴いただいた方のみとなります🎁

もし「途中までは参加できるけど、最後までは時間的に...」
という方は、個別にメールからご連絡ください！
ご参加いただけたことを確認できましたら、特典の方をお礼にお渡しいたします！

「あとで予定を確認しよう」と思っていると
満席になってしまうこともあるので、
忘れないうちに席を確保しておいてくださいね👇✨
[第1日程申込URL]","[UTAGE実装時作成]","NEW-YT-D1-13"
"YouTube_ゆるAI","REVIEW_YouTube_ゆるAI_20260810","67","レビュー中","メッセージ","20260810新規","セミナー募集_第1日程","NEW-YT-D1-14","セミナー未申込・面談未予約・日程不可未選択。申込ページクリック済み／VSL中／予約完了／面談済み／営業停止は除外","第1日程 前日09:00","LINE","ステップ配信","YT-D1-SEM-B05（開催前日09:00）","","【LINEメッセージ 1／text】
いよいよ【明日開催】となりました！✨

「自分に合う内容かな…？🔰」
と迷われている方へ。

AIを使ったことがない初心者の方でも、
まだやりたい方向が決まっていなくても大丈夫！
あなたの「今の状態」から一緒に整理していくセミナーです😊🌱

むしろ""AI界隈は初心者が有利""だと確信しています！
その理由はセミナーで語っていますので、ぜひ覗いてみてください

📢 セミナー：AIでひとり起業攻略法
📅 日時：[第1日程]

参加を迷われている方、迷われているだけでも半歩先に進んでいる状態です。
もう半歩踏み出すきっかけにしていただけると嬉しいです☺️
忘れないうちにお申し込みを済ませてくださいね👇😊
[第1日程申込URL]","[第1日程申込URL]","[第1日程申込URL]","","","セミナー未申込・面談未予約・日程不可未選択。申込ページクリック済み／VSL中／予約完了／面談済み／営業停止は除外","[第1日程申込URL]","配信基準=イベント参加日。本文N/O/PとUTAGE編集URLは後続列に保持。","","","本文内定義","","YouTube正本を独自リライトしない。ステータスが廃止対象または旧読者のみの場合は新規実装しない。","【LINEメッセージ 1／text】
いよいよ【明日開催】となりました！✨

「自分に合う内容かな…？🔰」
と迷われている方へ。

AIを使ったことがない初心者の方でも、
まだやりたい方向が決まっていなくても大丈夫！
あなたの「今の状態」から一緒に整理していくセミナーです😊🌱

むしろ""AI界隈は初心者が有利""だと確信しています！
その理由はセミナーで語っていますので、ぜひ覗いてみてください

📢 セミナー：AIでひとり起業攻略法
📅 日時：[第1日程]

参加を迷われている方、迷われているだけでも半歩先に進んでいる状態です。
もう半歩踏み出すきっかけにしていただけると嬉しいです☺️
忘れないうちにお申し込みを済ませてくださいね👇😊
[第1日程申込URL]","【LINEメッセージ 1／text】
いよいよ【明日開催】となりました！✨

「自分に合う内容かな…？🔰」
と迷われている方へ。

AIを使ったことがない初心者の方でも、
まだやりたい方向が決まっていなくても大丈夫！
あなたの「今の状態」から一緒に整理していくセミナーです😊🌱

むしろ""AI界隈は初心者が有利""だと確信しています！
その理由はセミナーで語っていますので、ぜひ覗いてみてください

📢 セミナー：AIでひとり起業攻略法
📅 日時：[第1日程]

参加を迷われている方、迷われているだけでも半歩先に進んでいる状態です。
もう半歩踏み出すきっかけにしていただけると嬉しいです☺️
忘れないうちにお申し込みを済ませてくださいね👇😊
[第1日程申込URL]","【LINEメッセージ 1／text】
いよいよ【明日開催】となりました！✨

「自分に合う内容かな…？🔰」
と迷われている方へ。

AIを使ったことがない初心者の方でも、
まだやりたい方向が決まっていなくても大丈夫！
あなたの「今の状態」から一緒に整理していくセミナーです😊🌱

むしろ""AI界隈は初心者が有利""だと確信しています！
その理由はセミナーで語っていますので、ぜひ覗いてみてください

📢 セミナー：AIでひとり起業攻略法
📅 日時：[第1日程]

参加を迷われている方、迷われているだけでも半歩先に進んでいる状態です。
もう半歩踏み出すきっかけにしていただけると嬉しいです☺️
忘れないうちにお申し込みを済ませてくださいね👇😊
[第1日程申込URL]","[UTAGE実装時作成]","NEW-YT-D1-14"
"YouTube_ゆるAI","REVIEW_YouTube_ゆるAI_20260810","68","レビュー中","メッセージ","20260810新規","セミナー募集_第1日程","NEW-YT-D1-15","セミナー未申込・面談未予約・日程不可未選択。申込ページクリック済み／VSL中／予約完了／面談済み／営業停止は除外","第1日程 前日15:00","LINE","ステップ配信","YT-D1-SEM-B06（開催前日15:00）","","【LINEメッセージ 1／text】
【重要なご連絡】
「セミナーに必要な知識はありますか？」
と聞かれますが、知識は不要です！

ほんの少しのAIへの興味と、
ビジネスにしたいという気持ちがあれば十分すぎるぐらいです☺️

あとはリラックスして視聴できる場所と、
メモ用の筆記用具があれば準備はバッチリです👍

顔出し声出しは不要ですので、お気軽にご参加ください🤲
こちらからご確認くださいね👇","[第1日程申込URL]","[第1日程申込URL]","","","セミナー未申込・面談未予約・日程不可未選択。申込ページクリック済み／VSL中／予約完了／面談済み／営業停止は除外","[第1日程申込URL]","配信基準=イベント参加日。本文N/O/PとUTAGE編集URLは後続列に保持。","","","本文内定義","","YouTube正本を独自リライトしない。ステータスが廃止対象または旧読者のみの場合は新規実装しない。","【LINEメッセージ 1／text】
【重要なご連絡】
「セミナーに必要な知識はありますか？」
と聞かれますが、知識は不要です！

ほんの少しのAIへの興味と、
ビジネスにしたいという気持ちがあれば十分すぎるぐらいです☺️

あとはリラックスして視聴できる場所と、
メモ用の筆記用具があれば準備はバッチリです👍

顔出し声出しは不要ですので、お気軽にご参加ください🤲
こちらからご確認くださいね👇","【LINEメッセージ 1／text】
【重要なご連絡】
「セミナーに必要な知識はありますか？」
と聞かれますが、知識は不要です！

ほんの少しのAIへの興味と、
ビジネスにしたいという気持ちがあれば十分すぎるぐらいです☺️

あとはリラックスして視聴できる場所と、
メモ用の筆記用具があれば準備はバッチリです👍

顔出し声出しは不要ですので、お気軽にご参加ください🤲
こちらからご確認くださいね👇","【LINEメッセージ 1／text】
【重要なご連絡】
「セミナーに必要な知識はありますか？」
と聞かれますが、知識は不要です！

ほんの少しのAIへの興味と、
ビジネスにしたいという気持ちがあれば十分すぎるぐらいです☺️

あとはリラックスして視聴できる場所と、
メモ用の筆記用具があれば準備はバッチリです👍

顔出し声出しは不要ですので、お気軽にご参加ください🤲
こちらからご確認くださいね👇","[UTAGE実装時作成]","NEW-YT-D1-15"
"YouTube_ゆるAI","REVIEW_YouTube_ゆるAI_20260810","69","レビュー中","メッセージ","20260810新規","セミナー募集_第1日程","NEW-YT-D1-16","セミナー未申込・面談未予約・日程不可未選択。申込ページクリック済み／VSL中／予約完了／面談済み／営業停止は除外","第1日程 前日21:00","LINE","ステップ配信","YT-D1-SEM-B07（開催前日21:00）","","【LINEメッセージ 1／text】
【大変申し訳ございません】
物凄く現実的で残酷なことをお伝えします。

それは、
""AIは学ぶだけでは、一生成功しません""

これは別に大袈裟にいっているわけではありません。
AIに限ったことではないですが、道具の使い方が分かっても、
実践する場所や、活かす機会がないと意味がないんです。

今回のセミナーでは、
そういった状況から一気に抜け出せる内容となっています。

ご参加いただける場合は、
今夜のうちにお名前とメールアドレスを登録して、
参加用URLを受け取っておいてくださいね👇✨
[第1日程申込URL]","[第1日程申込URL]","[第1日程申込URL]","","","セミナー未申込・面談未予約・日程不可未選択。申込ページクリック済み／VSL中／予約完了／面談済み／営業停止は除外","[第1日程申込URL]","配信基準=イベント参加日。本文N/O/PとUTAGE編集URLは後続列に保持。","","","本文内定義","","YouTube正本を独自リライトしない。ステータスが廃止対象または旧読者のみの場合は新規実装しない。","【LINEメッセージ 1／text】
【大変申し訳ございません】
物凄く現実的で残酷なことをお伝えします。

それは、
""AIは学ぶだけでは、一生成功しません""

これは別に大袈裟にいっているわけではありません。
AIに限ったことではないですが、道具の使い方が分かっても、
実践する場所や、活かす機会がないと意味がないんです。

今回のセミナーでは、
そういった状況から一気に抜け出せる内容となっています。

ご参加いただける場合は、
今夜のうちにお名前とメールアドレスを登録して、
参加用URLを受け取っておいてくださいね👇✨
[第1日程申込URL]","【LINEメッセージ 1／text】
【大変申し訳ございません】
物凄く現実的で残酷なことをお伝えします。

それは、
""AIは学ぶだけでは、一生成功しません""

これは別に大袈裟にいっているわけではありません。
AIに限ったことではないですが、道具の使い方が分かっても、
実践する場所や、活かす機会がないと意味がないんです。

今回のセミナーでは、
そういった状況から一気に抜け出せる内容となっています。

ご参加いただける場合は、
今夜のうちにお名前とメールアドレスを登録して、
参加用URLを受け取っておいてくださいね👇✨
[第1日程申込URL]","【LINEメッセージ 1／text】
【大変申し訳ございません】
物凄く現実的で残酷なことをお伝えします。

それは、
""AIは学ぶだけでは、一生成功しません""

これは別に大袈裟にいっているわけではありません。
AIに限ったことではないですが、道具の使い方が分かっても、
実践する場所や、活かす機会がないと意味がないんです。

今回のセミナーでは、
そういった状況から一気に抜け出せる内容となっています。

ご参加いただける場合は、
今夜のうちにお名前とメールアドレスを登録して、
参加用URLを受け取っておいてくださいね👇✨
[第1日程申込URL]","[UTAGE実装時作成]","NEW-YT-D1-16"
"YouTube_ゆるAI","REVIEW_YouTube_ゆるAI_20260810","70","レビュー中","メッセージ","20260810新規","セミナー募集_第1日程","NEW-YT-D1-17","セミナー未申込・面談未予約・日程不可未選択。申込ページクリック済み／VSL中／予約完了／面談済み／営業停止は除外","第1日程 当日09:00","LINE","ステップ配信","YT-D1-SEM-B08（開催当日09:00）","","【LINEメッセージ 1／text】
＼ いよいよ本日開催です！🎉 ／

📢 AIでひとり起業攻略法
📅 [第1日程]

まだ今からでもお申し込み可能です！

最後までご参加いただいた方には、
実践で使える超有料級の【特典⑥〜⑩】も
プレゼントいたします！🎁

お席が埋まる前に、ぜひご確認くだいね👇✨

▼お申し込みはこちらから👇😊
[第1日程申込URL]","[第1日程申込URL]","[第1日程申込URL]","","","セミナー未申込・面談未予約・日程不可未選択。申込ページクリック済み／VSL中／予約完了／面談済み／営業停止は除外","[第1日程申込URL]","配信基準=イベント参加日。本文N/O/PとUTAGE編集URLは後続列に保持。","","","本文内定義","","YouTube正本を独自リライトしない。ステータスが廃止対象または旧読者のみの場合は新規実装しない。","【LINEメッセージ 1／text】
＼ いよいよ本日開催です！🎉 ／

📢 AIでひとり起業攻略法
📅 [第1日程]

まだ今からでもお申し込み可能です！

最後までご参加いただいた方には、
実践で使える超有料級の【特典⑥〜⑩】も
プレゼントいたします！🎁

お席が埋まる前に、ぜひご確認くだいね👇✨

▼お申し込みはこちらから👇😊
[第1日程申込URL]","【LINEメッセージ 1／text】
＼ いよいよ本日開催です！🎉 ／

📢 AIでひとり起業攻略法
📅 [第1日程]

まだ今からでもお申し込み可能です！

最後までご参加いただいた方には、
実践で使える超有料級の【特典⑥〜⑩】も
プレゼントいたします！🎁

お席が埋まる前に、ぜひご確認くだいね👇✨

▼お申し込みはこちらから👇😊
[第1日程申込URL]","【LINEメッセージ 1／text】
＼ いよいよ本日開催です！🎉 ／

📢 AIでひとり起業攻略法
📅 [第1日程]

まだ今からでもお申し込み可能です！

最後までご参加いただいた方には、
実践で使える超有料級の【特典⑥〜⑩】も
プレゼントいたします！🎁

お席が埋まる前に、ぜひご確認くだいね👇✨

▼お申し込みはこちらから👇😊
[第1日程申込URL]","[UTAGE実装時作成]","NEW-YT-D1-17"
"YouTube_ゆるAI","REVIEW_YouTube_ゆるAI_20260810","71","レビュー中","メッセージ","20260810新規","セミナー募集_第1日程","NEW-YT-D1-18","セミナー未申込・面談未予約・日程不可未選択。申込ページクリック済み／VSL中／予約完了／面談済み／営業停止は除外","第1日程 開始3時間前","LINE","ステップ配信","YT-D1-SEM-B09（開始3時間前）","","【LINEメッセージ 1／text】
セミナー開始まで【あと3時間】となりました！⏰

今からの駆け込みお申し込みも大歓迎です！👍
ご登録後、すぐに参加用URLをお送りします。

事前準備は不要です。
顔出しや声出しも不要です☺️
好きな飲み物を片手にリラックスしてご参加ください😌

昨日の連絡を見て、
「最後まで見るのは時間的に厳しくて...」
というお声がありましたので、セミナーにご参加いただけたのがわかった場合、
後からメールにてご連絡いただければ、特典の方をお送りいたしますのでご安心ください！

ぜひご参加お待ちしております☺️

▼こちらから席を確保してくださいね👇✨
[第1日程申込URL]","[第1日程申込URL]","[第1日程申込URL]","","","セミナー未申込・面談未予約・日程不可未選択。申込ページクリック済み／VSL中／予約完了／面談済み／営業停止は除外","[第1日程申込URL]","配信基準=イベント参加日。本文N/O/PとUTAGE編集URLは後続列に保持。","","","本文内定義","","YouTube正本を独自リライトしない。ステータスが廃止対象または旧読者のみの場合は新規実装しない。","【LINEメッセージ 1／text】
セミナー開始まで【あと3時間】となりました！⏰

今からの駆け込みお申し込みも大歓迎です！👍
ご登録後、すぐに参加用URLをお送りします。

事前準備は不要です。
顔出しや声出しも不要です☺️
好きな飲み物を片手にリラックスしてご参加ください😌

昨日の連絡を見て、
「最後まで見るのは時間的に厳しくて...」
というお声がありましたので、セミナーにご参加いただけたのがわかった場合、
後からメールにてご連絡いただければ、特典の方をお送りいたしますのでご安心ください！

ぜひご参加お待ちしております☺️

▼こちらから席を確保してくださいね👇✨
[第1日程申込URL]","【LINEメッセージ 1／text】
セミナー開始まで【あと3時間】となりました！⏰

今からの駆け込みお申し込みも大歓迎です！👍
ご登録後、すぐに参加用URLをお送りします。

事前準備は不要です。
顔出しや声出しも不要です☺️
好きな飲み物を片手にリラックスしてご参加ください😌

昨日の連絡を見て、
「最後まで見るのは時間的に厳しくて...」
というお声がありましたので、セミナーにご参加いただけたのがわかった場合、
後からメールにてご連絡いただければ、特典の方をお送りいたしますのでご安心ください！

ぜひご参加お待ちしております☺️

▼こちらから席を確保してくださいね👇✨
[第1日程申込URL]","【LINEメッセージ 1／text】
セミナー開始まで【あと3時間】となりました！⏰

今からの駆け込みお申し込みも大歓迎です！👍
ご登録後、すぐに参加用URLをお送りします。

事前準備は不要です。
顔出しや声出しも不要です☺️
好きな飲み物を片手にリラックスしてご参加ください😌

昨日の連絡を見て、
「最後まで見るのは時間的に厳しくて...」
というお声がありましたので、セミナーにご参加いただけたのがわかった場合、
後からメールにてご連絡いただければ、特典の方をお送りいたしますのでご安心ください！

ぜひご参加お待ちしております☺️

▼こちらから席を確保してくださいね👇✨
[第1日程申込URL]","[UTAGE実装時作成]","NEW-YT-D1-18"
"YouTube_ゆるAI","REVIEW_YouTube_ゆるAI_20260810","72","レビュー中","メッセージ","20260810新規","セミナー募集_第1日程","NEW-YT-D1-19","セミナー未申込・面談未予約・日程不可未選択。申込ページクリック済み／VSL中／予約完了／面談済み／営業停止は除外","第1日程 開始30分前","LINE","ステップ配信","YT-D1-SEM-B10（開始30分前）","","【LINEメッセージ 1／text】
あと30分でセミナーが開始します！⏳✨

あと30分でセミナーが始まります！⏳🔥

申込ページを見て迷っていた方への、
これが【最後のご案内】となります。

まだ申し込みが来ているため、時間延長いたしました💦
こちらから滑り込みでのお申し込みをお待ちしております！👇😊
[第1日程申込URL]","[第1日程申込URL]","[第1日程申込URL]","","","セミナー未申込・面談未予約・日程不可未選択。申込ページクリック済み／VSL中／予約完了／面談済み／営業停止は除外","[第1日程申込URL]","配信基準=イベント参加日。本文N/O/PとUTAGE編集URLは後続列に保持。","","","本文内定義","","YouTube正本を独自リライトしない。ステータスが廃止対象または旧読者のみの場合は新規実装しない。","【LINEメッセージ 1／text】
あと30分でセミナーが開始します！⏳✨

あと30分でセミナーが始まります！⏳🔥

申込ページを見て迷っていた方への、
これが【最後のご案内】となります。

まだ申し込みが来ているため、時間延長いたしました💦
こちらから滑り込みでのお申し込みをお待ちしております！👇😊
[第1日程申込URL]","【LINEメッセージ 1／text】
あと30分でセミナーが開始します！⏳✨

あと30分でセミナーが始まります！⏳🔥

申込ページを見て迷っていた方への、
これが【最後のご案内】となります。

まだ申し込みが来ているため、時間延長いたしました💦
こちらから滑り込みでのお申し込みをお待ちしております！👇😊
[第1日程申込URL]","【LINEメッセージ 1／text】
あと30分でセミナーが開始します！⏳✨

あと30分でセミナーが始まります！⏳🔥

申込ページを見て迷っていた方への、
これが【最後のご案内】となります。

まだ申し込みが来ているため、時間延長いたしました💦
こちらから滑り込みでのお申し込みをお待ちしております！👇😊
[第1日程申込URL]","[UTAGE実装時作成]","NEW-YT-D1-19"
"YouTube_ゆるAI","REVIEW_YouTube_ゆるAI_20260810","73","レビュー中","メッセージ","20260810新規","セミナー募集_第1日程","NEW-YT-D1-20","セミナー未申込・面談未予約・日程不可未選択。申込ページクリック済み／VSL中／予約完了／面談済み／営業停止は除外","第1日程 開始10分前","LINE","ステップ配信","YT-D1-SEM-B11（開始10分前）","","【LINEメッセージ 1／text】
まもなくセミナーを開始します！📢

こちらが今回のセミナーお申し込みの
【最後のご案内】となります。

正直ながら見するだけでも、
今回の内容は十分皆さんの分岐点になると確信しています。
AIをビジネスに発展させるのに必要なのは、""知識""ではなく""きっかけ""です。

まだ受付中ですので、こちらから
今すぐ参加登録を完了してくださいね👇✨

【LINEメッセージ 2／button】
{
  ""seq"": 1,
  ""type"": ""button"",
  ""alt_text"": ""【無料セミナー】AIでひとり起業攻略法"",
  ""react_type"": ""free"",
  ""react_press_again_text"": null,
  ""thumbnail_image_url"": null,
  ""title"": ""AIでひとり起業攻略法"",
  ""text"": ""Zoomライブ・最新日程は申込ページへ"",
  ""actions"": [
    {
      ""type"": ""url"",
      ""label"": ""セミナーに申し込む"",
      ""uri"": ""[第1日程申込URL]"",
      ""add_label_id"": null,
      ""del_label_id"": null
    }
  ]
}","[第1日程申込URL]","[第1日程申込URL]","","","セミナー未申込・面談未予約・日程不可未選択。申込ページクリック済み／VSL中／予約完了／面談済み／営業停止は除外","[第1日程申込URL]","配信基準=イベント参加日。本文N/O/PとUTAGE編集URLは後続列に保持。","","","本文内定義","","YouTube正本を独自リライトしない。ステータスが廃止対象または旧読者のみの場合は新規実装しない。","【LINEメッセージ 1／text】
まもなくセミナーを開始します！📢

こちらが今回のセミナーお申し込みの
【最後のご案内】となります。

正直ながら見するだけでも、
今回の内容は十分皆さんの分岐点になると確信しています。
AIをビジネスに発展させるのに必要なのは、""知識""ではなく""きっかけ""です。

まだ受付中ですので、こちらから
今すぐ参加登録を完了してくださいね👇✨

【LINEメッセージ 2／button】
{
  ""seq"": 1,
  ""type"": ""button"",
  ""alt_text"": ""【無料セミナー】AIでひとり起業攻略法"",
  ""react_type"": ""free"",
  ""react_press_again_text"": null,
  ""thumbnail_image_url"": null,
  ""title"": ""AIでひとり起業攻略法"",
  ""text"": ""Zoomライブ・最新日程は申込ページへ"",
  ""actions"": [
    {
      ""type"": ""url"",
      ""label"": ""セミナーに申し込む"",
      ""uri"": ""[第1日程申込URL]"",
      ""add_label_id"": null,
      ""del_label_id"": null
    }
  ]
}","【LINEメッセージ 1／text】
まもなくセミナーを開始します！📢

こちらが今回のセミナーお申し込みの
【最後のご案内】となります。

正直ながら見するだけでも、
今回の内容は十分皆さんの分岐点になると確信しています。
AIをビジネスに発展させるのに必要なのは、""知識""ではなく""きっかけ""です。

まだ受付中ですので、こちらから
今すぐ参加登録を完了してくださいね👇✨

【LINEメッセージ 2／button】
{
  ""seq"": 1,
  ""type"": ""button"",
  ""alt_text"": ""【無料セミナー】AIでひとり起業攻略法"",
  ""react_type"": ""free"",
  ""react_press_again_text"": null,
  ""thumbnail_image_url"": null,
  ""title"": ""AIでひとり起業攻略法"",
  ""text"": ""Zoomライブ・最新日程は申込ページへ"",
  ""actions"": [
    {
      ""type"": ""url"",
      ""label"": ""セミナーに申し込む"",
      ""uri"": ""[第1日程申込URL]"",
      ""add_label_id"": null,
      ""del_label_id"": null
    }
  ]
}","【LINEメッセージ 1／text】
まもなくセミナーを開始します！📢

こちらが今回のセミナーお申し込みの
【最後のご案内】となります。

正直ながら見するだけでも、
今回の内容は十分皆さんの分岐点になると確信しています。
AIをビジネスに発展させるのに必要なのは、""知識""ではなく""きっかけ""です。

まだ受付中ですので、こちらから
今すぐ参加登録を完了してくださいね👇✨

【LINEメッセージ 2／button】
{
  ""seq"": 1,
  ""type"": ""button"",
  ""alt_text"": ""【無料セミナー】AIでひとり起業攻略法"",
  ""react_type"": ""free"",
  ""react_press_again_text"": null,
  ""thumbnail_image_url"": null,
  ""title"": ""AIでひとり起業攻略法"",
  ""text"": ""Zoomライブ・最新日程は申込ページへ"",
  ""actions"": [
    {
      ""type"": ""url"",
      ""label"": ""セミナーに申し込む"",
      ""uri"": ""[第1日程申込URL]"",
      ""add_label_id"": null,
      ""del_label_id"": null
    }
  ]
}","[UTAGE実装時作成]","NEW-YT-D1-20"
"YouTube_ゆるAI","REVIEW_YouTube_ゆるAI_20260810","74","レビュー中","メッセージ","20260810新規","セミナー募集_次が最後","NEW-YT-SEM-LAST","セミナー未申込・日程不可未選択・面談未予約。予約完了／面談済み／営業停止は除外","第1日程終了後（第2日程の募集開始時刻）","LINE","ステップ配信","YT-SEM-LAST-DATE","","【LINEメッセージ 1／text】
第1日程は終了しました。
次が最後の日程です！📢

📅 [第2日程]

まだお申し込みでない方は、こちらから参加枠をご確認ください👇","[第2日程申込URL]","[第2日程申込URL]","","","セミナー未申込・日程不可未選択・面談未予約。予約完了／面談済み／営業停止は除外","[第2日程申込URL]","配信基準=第1日程終了。本文N/O/PとUTAGE編集URLは後続列に保持。","","","本文内定義","","YouTube正本を独自リライトしない。ステータスが廃止対象または旧読者のみの場合は新規実装しない。","【LINEメッセージ 1／text】
第1日程は終了しました。
次が最後の日程です！📢

📅 [第2日程]

まだお申し込みでない方は、こちらから参加枠をご確認ください👇","【LINEメッセージ 1／text】
第1日程は終了しました。
次が最後の日程です！📢

📅 [第2日程]

まだお申し込みでない方は、こちらから参加枠をご確認ください👇","【LINEメッセージ 1／text】
第1日程は終了しました。
次が最後の日程です！📢

📅 [第2日程]

まだお申し込みでない方は、こちらから参加枠をご確認ください👇","[UTAGE実装時作成]","NEW-YT-SEM-LAST"
"YouTube_ゆるAI","REVIEW_YouTube_ゆるAI_20260810","75","レビュー中","メッセージ","20260810新規","セミナー募集_第2日程","NEW-YT-D2-01","セミナー未申込・面談未予約・日程不可未選択。申込ページクリック済み／VSL中／予約完了／面談済み／営業停止は除外","第2日程 14日前10:00（未経過時のみ）","LINE","ステップ配信","YT-D2-SEM-A01（開催14日前10:00）","","【LINEメッセージ 1／text】
特典①〜④をご覧になって、
「自分なら、何から始めればいいんだろう？🤔」
と感じた方へ。

先ほど、そのモヤモヤをすっきり解消する
【特典⑤：セミナー招待券】をお送りしました！🎟️🚀
質疑応答の時間もたくさんご用意しているので、まずは現状を変えるための一歩としてご参加していただければと思います☺️
ぜひチェックしてください✨","[第2日程申込URL] / 画像：https://drive.usercontent.google.com/download?id=1hDHYwE25L5n73r3M4u7dnhZP935HQ8-5&export=view&confirm=t","[第2日程申込URL] / 画像：https://drive.usercontent.google.com/download?id=1hDHYwE25L5n73r3M4u7dnhZP935HQ8-5&export=view&confirm=t","","","セミナー未申込・面談未予約・日程不可未選択。申込ページクリック済み／VSL中／予約完了／面談済み／営業停止は除外","[第2日程申込URL] / 画像：https://drive.usercontent.google.com/download?id=1hDHYwE25L5n73r3M4u7dnhZP935HQ8-5&export=view&confirm=t","配信基準=イベント参加日。本文N/O/PとUTAGE編集URLは後続列に保持。","","","本文内定義","","YouTube正本を独自リライトしない。ステータスが廃止対象または旧読者のみの場合は新規実装しない。","【LINEメッセージ 1／text】
特典①〜④をご覧になって、
「自分なら、何から始めればいいんだろう？🤔」
と感じた方へ。

先ほど、そのモヤモヤをすっきり解消する
【特典⑤：セミナー招待券】をお送りしました！🎟️🚀
質疑応答の時間もたくさんご用意しているので、まずは現状を変えるための一歩としてご参加していただければと思います☺️
ぜひチェックしてください✨","【LINEメッセージ 1／text】
特典①〜④をご覧になって、
「自分なら、何から始めればいいんだろう？🤔」
と感じた方へ。

先ほど、そのモヤモヤをすっきり解消する
【特典⑤：セミナー招待券】をお送りしました！🎟️🚀
質疑応答の時間もたくさんご用意しているので、まずは現状を変えるための一歩としてご参加していただければと思います☺️
ぜひチェックしてください✨","【LINEメッセージ 1／text】
特典①〜④をご覧になって、
「自分なら、何から始めればいいんだろう？🤔」
と感じた方へ。

先ほど、そのモヤモヤをすっきり解消する
【特典⑤：セミナー招待券】をお送りしました！🎟️🚀
質疑応答の時間もたくさんご用意しているので、まずは現状を変えるための一歩としてご参加していただければと思います☺️
ぜひチェックしてください✨","[UTAGE実装時作成]","NEW-YT-D2-01"
"YouTube_ゆるAI","REVIEW_YouTube_ゆるAI_20260810","76","レビュー中","メッセージ","20260810新規","セミナー募集_第2日程","NEW-YT-D2-02","セミナー未申込・面談未予約・日程不可未選択。申込ページクリック済み／VSL中／予約完了／面談済み／営業停止は除外","第2日程 12日前19:00（未経過時のみ）","LINE","ステップ配信","YT-D2-SEM-A02（開催12日前19:00）","","【LINEメッセージ 1／text】
先ほどお送りした「セミナー招待状」は
確認できましたか？😊

残りの5大特典（⑥〜⑩）は、
特に有料級の内容となっているため、
セミナーの最後に【参加者限定】でお渡しします🎁

予定が合う方は、忘れないうちに
先に席だけ確保しておいてくださいね👇
[第2日程申込URL]","[第2日程申込URL] / 画像：https://drive.usercontent.google.com/download?id=1N4ce4deT64SE9bn9-tsgLF3B-K6o4coO&export=view&confirm=t","[第2日程申込URL] / 画像：https://drive.usercontent.google.com/download?id=1N4ce4deT64SE9bn9-tsgLF3B-K6o4coO&export=view&confirm=t","","","セミナー未申込・面談未予約・日程不可未選択。申込ページクリック済み／VSL中／予約完了／面談済み／営業停止は除外","[第2日程申込URL] / 画像：https://drive.usercontent.google.com/download?id=1N4ce4deT64SE9bn9-tsgLF3B-K6o4coO&export=view&confirm=t","配信基準=イベント参加日。本文N/O/PとUTAGE編集URLは後続列に保持。","","","本文内定義","","YouTube正本を独自リライトしない。ステータスが廃止対象または旧読者のみの場合は新規実装しない。","【LINEメッセージ 1／text】
先ほどお送りした「セミナー招待状」は
確認できましたか？😊

残りの5大特典（⑥〜⑩）は、
特に有料級の内容となっているため、
セミナーの最後に【参加者限定】でお渡しします🎁

予定が合う方は、忘れないうちに
先に席だけ確保しておいてくださいね👇
[第2日程申込URL]","【LINEメッセージ 1／text】
先ほどお送りした「セミナー招待状」は
確認できましたか？😊

残りの5大特典（⑥〜⑩）は、
特に有料級の内容となっているため、
セミナーの最後に【参加者限定】でお渡しします🎁

予定が合う方は、忘れないうちに
先に席だけ確保しておいてくださいね👇
[第2日程申込URL]","【LINEメッセージ 1／text】
先ほどお送りした「セミナー招待状」は
確認できましたか？😊

残りの5大特典（⑥〜⑩）は、
特に有料級の内容となっているため、
セミナーの最後に【参加者限定】でお渡しします🎁

予定が合う方は、忘れないうちに
先に席だけ確保しておいてくださいね👇
[第2日程申込URL]","[UTAGE実装時作成]","NEW-YT-D2-02"
"YouTube_ゆるAI","REVIEW_YouTube_ゆるAI_20260810","77","レビュー中","メッセージ","20260810新規","セミナー募集_第2日程","NEW-YT-D2-03","セミナー未申込・面談未予約・日程不可未選択。申込ページクリック済み／VSL中／予約完了／面談済み／営業停止は除外","第2日程 10日前10:00（未経過時のみ）","LINE","ステップ配信","YT-D2-SEM-A03（開催10日前10:00）","","【LINEメッセージ 1／text】
セミナーの最後にお渡しする
【限定特典⑥〜⑩】について少しご紹介します✨

内容は、【AIで動画制作法】や、【AIを使ったホームページ制作法】など、
セミナーの理解をさらに深めて「次の一歩」へすぐ踏み出せるような、
超・実践的なお役立ち資料にしています！💡

ぜひ楽しみにしていてくださいね😊
▼セミナーのお申し込みはこちら
[第2日程申込URL]","[第2日程申込URL]","[第2日程申込URL]","","","セミナー未申込・面談未予約・日程不可未選択。申込ページクリック済み／VSL中／予約完了／面談済み／営業停止は除外","[第2日程申込URL]","配信基準=イベント参加日。本文N/O/PとUTAGE編集URLは後続列に保持。","","","本文内定義","","YouTube正本を独自リライトしない。ステータスが廃止対象または旧読者のみの場合は新規実装しない。","【LINEメッセージ 1／text】
セミナーの最後にお渡しする
【限定特典⑥〜⑩】について少しご紹介します✨

内容は、【AIで動画制作法】や、【AIを使ったホームページ制作法】など、
セミナーの理解をさらに深めて「次の一歩」へすぐ踏み出せるような、
超・実践的なお役立ち資料にしています！💡

ぜひ楽しみにしていてくださいね😊
▼セミナーのお申し込みはこちら
[第2日程申込URL]","【LINEメッセージ 1／text】
セミナーの最後にお渡しする
【限定特典⑥〜⑩】について少しご紹介します✨

内容は、【AIで動画制作法】や、【AIを使ったホームページ制作法】など、
セミナーの理解をさらに深めて「次の一歩」へすぐ踏み出せるような、
超・実践的なお役立ち資料にしています！💡

ぜひ楽しみにしていてくださいね😊
▼セミナーのお申し込みはこちら
[第2日程申込URL]","【LINEメッセージ 1／text】
セミナーの最後にお渡しする
【限定特典⑥〜⑩】について少しご紹介します✨

内容は、【AIで動画制作法】や、【AIを使ったホームページ制作法】など、
セミナーの理解をさらに深めて「次の一歩」へすぐ踏み出せるような、
超・実践的なお役立ち資料にしています！💡

ぜひ楽しみにしていてくださいね😊
▼セミナーのお申し込みはこちら
[第2日程申込URL]","[UTAGE実装時作成]","NEW-YT-D2-03"
"YouTube_ゆるAI","REVIEW_YouTube_ゆるAI_20260810","78","レビュー中","メッセージ","20260810新規","セミナー募集_第2日程","NEW-YT-D2-04","セミナー未申込・面談未予約・日程不可未選択。申込ページクリック済み／VSL中／予約完了／面談済み／営業停止は除外","第2日程 8日前19:00（未経過時のみ）","LINE","ステップ配信","YT-D2-SEM-A04（開催8日前19:00）","","【LINEメッセージ 1／text】
今回のセミナーでは、単にAIの知識を
増やすだけではなく、以下の3点を
あなたのペースに合わせて整理していきます🌱✨

１．今のあなたに実践できること🚀
２．あなたの生活・仕事で「AIを活かせる場面」🤖
３．今日からスタートできる「最初の一歩」💪

▼お席の確保はこちらからどうぞ👇😊
[第2日程申込URL]","[第2日程申込URL]","[第2日程申込URL]","","","セミナー未申込・面談未予約・日程不可未選択。申込ページクリック済み／VSL中／予約完了／面談済み／営業停止は除外","[第2日程申込URL]","配信基準=イベント参加日。本文N/O/PとUTAGE編集URLは後続列に保持。","","","本文内定義","","YouTube正本を独自リライトしない。ステータスが廃止対象または旧読者のみの場合は新規実装しない。","【LINEメッセージ 1／text】
今回のセミナーでは、単にAIの知識を
増やすだけではなく、以下の3点を
あなたのペースに合わせて整理していきます🌱✨

１．今のあなたに実践できること🚀
２．あなたの生活・仕事で「AIを活かせる場面」🤖
３．今日からスタートできる「最初の一歩」💪

▼お席の確保はこちらからどうぞ👇😊
[第2日程申込URL]","【LINEメッセージ 1／text】
今回のセミナーでは、単にAIの知識を
増やすだけではなく、以下の3点を
あなたのペースに合わせて整理していきます🌱✨

１．今のあなたに実践できること🚀
２．あなたの生活・仕事で「AIを活かせる場面」🤖
３．今日からスタートできる「最初の一歩」💪

▼お席の確保はこちらからどうぞ👇😊
[第2日程申込URL]","【LINEメッセージ 1／text】
今回のセミナーでは、単にAIの知識を
増やすだけではなく、以下の3点を
あなたのペースに合わせて整理していきます🌱✨

１．今のあなたに実践できること🚀
２．あなたの生活・仕事で「AIを活かせる場面」🤖
３．今日からスタートできる「最初の一歩」💪

▼お席の確保はこちらからどうぞ👇😊
[第2日程申込URL]","[UTAGE実装時作成]","NEW-YT-D2-04"
"YouTube_ゆるAI","REVIEW_YouTube_ゆるAI_20260810","79","レビュー中","メッセージ","20260810新規","セミナー募集_第2日程","NEW-YT-D2-05","セミナー未申込・面談未予約・日程不可未選択。申込ページクリック済み／VSL中／予約完了／面談済み／営業停止は除外","第2日程 7日前10:00（未経過時のみ）","LINE","ステップ配信","YT-D2-SEM-D7-01（開催7日前10:00）","","【LINEメッセージ 1／text】
セミナー開催まで【あと1週間】です！🗓️✨


▼お席の確保はこちらからどうぞ👇😊
[第2日程申込URL]","[第2日程申込URL]","[第2日程申込URL]","","","セミナー未申込・面談未予約・日程不可未選択。申込ページクリック済み／VSL中／予約完了／面談済み／営業停止は除外","[第2日程申込URL]","配信基準=イベント参加日。本文N/O/PとUTAGE編集URLは後続列に保持。","","","本文内定義","","YouTube正本を独自リライトしない。ステータスが廃止対象または旧読者のみの場合は新規実装しない。","【LINEメッセージ 1／text】
セミナー開催まで【あと1週間】です！🗓️✨


▼お席の確保はこちらからどうぞ👇😊
[第2日程申込URL]","【LINEメッセージ 1／text】
セミナー開催まで【あと1週間】です！🗓️✨


▼お席の確保はこちらからどうぞ👇😊
[第2日程申込URL]","【LINEメッセージ 1／text】
セミナー開催まで【あと1週間】です！🗓️✨


▼お席の確保はこちらからどうぞ👇😊
[第2日程申込URL]","[UTAGE実装時作成]","NEW-YT-D2-05"
"YouTube_ゆるAI","REVIEW_YouTube_ゆるAI_20260810","80","レビュー中","メッセージ","20260810新規","セミナー募集_第2日程","NEW-YT-D2-06","セミナー未申込・面談未予約・日程不可未選択。申込ページクリック済み／VSL中／予約完了／面談済み／営業停止は除外","第2日程 7日前20:00（未経過時のみ）","LINE","ステップ配信","YT-D2-SEM-D7-02（開催7日前20:00）","","【LINEメッセージ 1／text】
セミナー開催まで【あと1週間】です！🗓️✨

セミナーのお申し込みは、お名前と
メールアドレスを入力するだけで完了します📝✨

ご登録後、参加URLをLINEとメールの
両方へお送りします。

まずは開催日時が合うかだけでも確認してみてくださいね👇😊
[第2日程申込URL]","[第2日程申込URL]","[第2日程申込URL]","","","セミナー未申込・面談未予約・日程不可未選択。申込ページクリック済み／VSL中／予約完了／面談済み／営業停止は除外","[第2日程申込URL]","配信基準=イベント参加日。本文N/O/PとUTAGE編集URLは後続列に保持。","","","本文内定義","","YouTube正本を独自リライトしない。ステータスが廃止対象または旧読者のみの場合は新規実装しない。","【LINEメッセージ 1／text】
セミナー開催まで【あと1週間】です！🗓️✨

セミナーのお申し込みは、お名前と
メールアドレスを入力するだけで完了します📝✨

ご登録後、参加URLをLINEとメールの
両方へお送りします。

まずは開催日時が合うかだけでも確認してみてくださいね👇😊
[第2日程申込URL]","【LINEメッセージ 1／text】
セミナー開催まで【あと1週間】です！🗓️✨

セミナーのお申し込みは、お名前と
メールアドレスを入力するだけで完了します📝✨

ご登録後、参加URLをLINEとメールの
両方へお送りします。

まずは開催日時が合うかだけでも確認してみてくださいね👇😊
[第2日程申込URL]","【LINEメッセージ 1／text】
セミナー開催まで【あと1週間】です！🗓️✨

セミナーのお申し込みは、お名前と
メールアドレスを入力するだけで完了します📝✨

ご登録後、参加URLをLINEとメールの
両方へお送りします。

まずは開催日時が合うかだけでも確認してみてくださいね👇😊
[第2日程申込URL]","[UTAGE実装時作成]","NEW-YT-D2-06"
"YouTube_ゆるAI","REVIEW_YouTube_ゆるAI_20260810","81","レビュー中","メッセージ","20260810新規","セミナー募集_第2日程","NEW-YT-D2-07","セミナー未申込・面談未予約・日程不可未選択。申込ページクリック済み／VSL中／予約完了／面談済み／営業停止は除外","第2日程 6日前10:00（未経過時のみ）","LINE","ステップ配信","YT-D2-SEM-A05（開催6日前10:00）","","【LINEメッセージ 1／text】
今回のセミナーは、単に「AIの知識を増やす」
だけのものではありません💡

このセミナーで1番多い声は
「AIを学んだけど成果が出ない理由がすっきり解決した！」✨
「これまでYouTubeで学んできたけど、自分にあったAIの活かし方がようやくわかった！」💡
「今の私が次にやるべきアクションが明確になりました！」🚀

実はAIの知識だけ増やしても、ビジネスへの活かし方に繋がりません。
「AIを自分の仕事やキャリアにどう活かすか」
を整理し、聞いた後に【具体的に何をすればいいか】
まで、一緒に考えられる内容になっています！🚀

▼席の確保はこちらからどうぞ👇
[第2日程申込URL]","[第2日程申込URL]","[第2日程申込URL]","","","セミナー未申込・面談未予約・日程不可未選択。申込ページクリック済み／VSL中／予約完了／面談済み／営業停止は除外","[第2日程申込URL]","配信基準=イベント参加日。本文N/O/PとUTAGE編集URLは後続列に保持。","","","本文内定義","","YouTube正本を独自リライトしない。ステータスが廃止対象または旧読者のみの場合は新規実装しない。","【LINEメッセージ 1／text】
今回のセミナーは、単に「AIの知識を増やす」
だけのものではありません💡

このセミナーで1番多い声は
「AIを学んだけど成果が出ない理由がすっきり解決した！」✨
「これまでYouTubeで学んできたけど、自分にあったAIの活かし方がようやくわかった！」💡
「今の私が次にやるべきアクションが明確になりました！」🚀

実はAIの知識だけ増やしても、ビジネスへの活かし方に繋がりません。
「AIを自分の仕事やキャリアにどう活かすか」
を整理し、聞いた後に【具体的に何をすればいいか】
まで、一緒に考えられる内容になっています！🚀

▼席の確保はこちらからどうぞ👇
[第2日程申込URL]","【LINEメッセージ 1／text】
今回のセミナーは、単に「AIの知識を増やす」
だけのものではありません💡

このセミナーで1番多い声は
「AIを学んだけど成果が出ない理由がすっきり解決した！」✨
「これまでYouTubeで学んできたけど、自分にあったAIの活かし方がようやくわかった！」💡
「今の私が次にやるべきアクションが明確になりました！」🚀

実はAIの知識だけ増やしても、ビジネスへの活かし方に繋がりません。
「AIを自分の仕事やキャリアにどう活かすか」
を整理し、聞いた後に【具体的に何をすればいいか】
まで、一緒に考えられる内容になっています！🚀

▼席の確保はこちらからどうぞ👇
[第2日程申込URL]","【LINEメッセージ 1／text】
今回のセミナーは、単に「AIの知識を増やす」
だけのものではありません💡

このセミナーで1番多い声は
「AIを学んだけど成果が出ない理由がすっきり解決した！」✨
「これまでYouTubeで学んできたけど、自分にあったAIの活かし方がようやくわかった！」💡
「今の私が次にやるべきアクションが明確になりました！」🚀

実はAIの知識だけ増やしても、ビジネスへの活かし方に繋がりません。
「AIを自分の仕事やキャリアにどう活かすか」
を整理し、聞いた後に【具体的に何をすればいいか】
まで、一緒に考えられる内容になっています！🚀

▼席の確保はこちらからどうぞ👇
[第2日程申込URL]","[UTAGE実装時作成]","NEW-YT-D2-07"
"YouTube_ゆるAI","REVIEW_YouTube_ゆるAI_20260810","82","レビュー中","メッセージ","20260810新規","セミナー募集_第2日程","NEW-YT-D2-08","セミナー未申込・面談未予約・日程不可未選択。申込ページクリック済み／VSL中／予約完了／面談済み／営業停止は除外","第2日程 5日前19:00（未経過時のみ）","LINE","ステップ配信","YT-D2-SEM-A06（開催5日前19:00）","","【LINEメッセージ 1／text】
「AI初心者ですが、参加しても大丈夫ですか...？」
というご質問をよくいただきましたが、
全く問題ありませんのでご安心ください！😊

むしろAIは初心者だからこその着眼点がかなり重要なんです！
初心者だからこその、新しい発想や発見がある...!!😳

過去のセミナーの様子や、
参加者の方々のリアルな感想は、
こちらからご確認いただけます👇✨
https://seminar-voices.netlify.app/","[第2日程申込URL]","[第2日程申込URL]","","","セミナー未申込・面談未予約・日程不可未選択。申込ページクリック済み／VSL中／予約完了／面談済み／営業停止は除外","[第2日程申込URL]","配信基準=イベント参加日。本文N/O/PとUTAGE編集URLは後続列に保持。","","","本文内定義","","YouTube正本を独自リライトしない。ステータスが廃止対象または旧読者のみの場合は新規実装しない。","【LINEメッセージ 1／text】
「AI初心者ですが、参加しても大丈夫ですか...？」
というご質問をよくいただきましたが、
全く問題ありませんのでご安心ください！😊

むしろAIは初心者だからこその着眼点がかなり重要なんです！
初心者だからこその、新しい発想や発見がある...!!😳

過去のセミナーの様子や、
参加者の方々のリアルな感想は、
こちらからご確認いただけます👇✨
https://seminar-voices.netlify.app/","【LINEメッセージ 1／text】
「AI初心者ですが、参加しても大丈夫ですか...？」
というご質問をよくいただきましたが、
全く問題ありませんのでご安心ください！😊

むしろAIは初心者だからこその着眼点がかなり重要なんです！
初心者だからこその、新しい発想や発見がある...!!😳

過去のセミナーの様子や、
参加者の方々のリアルな感想は、
こちらからご確認いただけます👇✨
https://seminar-voices.netlify.app/","【LINEメッセージ 1／text】
「AI初心者ですが、参加しても大丈夫ですか...？」
というご質問をよくいただきましたが、
全く問題ありませんのでご安心ください！😊

むしろAIは初心者だからこその着眼点がかなり重要なんです！
初心者だからこその、新しい発想や発見がある...!!😳

過去のセミナーの様子や、
参加者の方々のリアルな感想は、
こちらからご確認いただけます👇✨
https://seminar-voices.netlify.app/","[UTAGE実装時作成]","NEW-YT-D2-08"
"YouTube_ゆるAI","REVIEW_YouTube_ゆるAI_20260810","83","レビュー中","メッセージ","20260810新規","セミナー募集_第2日程","NEW-YT-D2-09","セミナー未申込・面談未予約・日程不可未選択。申込ページクリック済み／VSL中／予約完了／面談済み／営業停止は除外","第2日程 4日前20:00（未経過時のみ）","LINE","ステップ配信","YT-D2-SEM-A07（開催4日前20:00）","","【LINEメッセージ 1／text】
セミナーのお申し込みは、お名前と
メールアドレスを入力するだけで完了します📝✨

ご登録後、参加URLをLINEとメールの
両方へお送りします。👍😊

「当日にLINEのトークからURLを探すのが大変…💦」
という時も、メールに情報が残っているので
スムーズに参加できて安心です
👇😊
[第2日程申込URL]","[第2日程申込URL]","[第2日程申込URL]","","","セミナー未申込・面談未予約・日程不可未選択。申込ページクリック済み／VSL中／予約完了／面談済み／営業停止は除外","[第2日程申込URL]","配信基準=イベント参加日。本文N/O/PとUTAGE編集URLは後続列に保持。","","","本文内定義","","YouTube正本を独自リライトしない。ステータスが廃止対象または旧読者のみの場合は新規実装しない。","【LINEメッセージ 1／text】
セミナーのお申し込みは、お名前と
メールアドレスを入力するだけで完了します📝✨

ご登録後、参加URLをLINEとメールの
両方へお送りします。👍😊

「当日にLINEのトークからURLを探すのが大変…💦」
という時も、メールに情報が残っているので
スムーズに参加できて安心です
👇😊
[第2日程申込URL]","【LINEメッセージ 1／text】
セミナーのお申し込みは、お名前と
メールアドレスを入力するだけで完了します📝✨

ご登録後、参加URLをLINEとメールの
両方へお送りします。👍😊

「当日にLINEのトークからURLを探すのが大変…💦」
という時も、メールに情報が残っているので
スムーズに参加できて安心です
👇😊
[第2日程申込URL]","【LINEメッセージ 1／text】
セミナーのお申し込みは、お名前と
メールアドレスを入力するだけで完了します📝✨

ご登録後、参加URLをLINEとメールの
両方へお送りします。👍😊

「当日にLINEのトークからURLを探すのが大変…💦」
という時も、メールに情報が残っているので
スムーズに参加できて安心です
👇😊
[第2日程申込URL]","[UTAGE実装時作成]","NEW-YT-D2-09"
"YouTube_ゆるAI","REVIEW_YouTube_ゆるAI_20260810","84","レビュー中","メッセージ","20260810新規","セミナー募集_第2日程","NEW-YT-D2-10","セミナー未申込・面談未予約・日程不可未選択。申込ページクリック済み／VSL中／予約完了／面談済み／営業停止は除外","第2日程 3日前10:00（未経過時のみ）","LINE","ステップ配信","YT-D2-SEM-B01（開催3日前10:00）","","【LINEメッセージ 1／text】
セミナー開催まで【あと3日】となりました！⏰


このセミナーでは「AIの深い知識」ではなく、
「AIをどうビジネスに繋げるか」を体系的に学べる時間になっています☺️✨

""AIでホームページが作れる""、""AIで動画制作ができる""、
ではその後は...？😥

AIを学ぶだけではビジネスは出来ません💦
その知識を発展させるための時間になっています🚀

少しでもご興味ある方は、ぜひお早めにお申し込みください！✨

📅 日時：[第2日程]
💻 形式：オンライン（Zoomなど）

参加用のURLは、お申し込み後に
LINEとメールでお送りいたします。

▼席の確保はお早めにどうぞ👇😊
[第2日程申込URL]","[第2日程申込URL]","[第2日程申込URL]","","","セミナー未申込・面談未予約・日程不可未選択。申込ページクリック済み／VSL中／予約完了／面談済み／営業停止は除外","[第2日程申込URL]","配信基準=イベント参加日。本文N/O/PとUTAGE編集URLは後続列に保持。","","","本文内定義","","YouTube正本を独自リライトしない。ステータスが廃止対象または旧読者のみの場合は新規実装しない。","【LINEメッセージ 1／text】
セミナー開催まで【あと3日】となりました！⏰


このセミナーでは「AIの深い知識」ではなく、
「AIをどうビジネスに繋げるか」を体系的に学べる時間になっています☺️✨

""AIでホームページが作れる""、""AIで動画制作ができる""、
ではその後は...？😥

AIを学ぶだけではビジネスは出来ません💦
その知識を発展させるための時間になっています🚀

少しでもご興味ある方は、ぜひお早めにお申し込みください！✨

📅 日時：[第2日程]
💻 形式：オンライン（Zoomなど）

参加用のURLは、お申し込み後に
LINEとメールでお送りいたします。

▼席の確保はお早めにどうぞ👇😊
[第2日程申込URL]","【LINEメッセージ 1／text】
セミナー開催まで【あと3日】となりました！⏰


このセミナーでは「AIの深い知識」ではなく、
「AIをどうビジネスに繋げるか」を体系的に学べる時間になっています☺️✨

""AIでホームページが作れる""、""AIで動画制作ができる""、
ではその後は...？😥

AIを学ぶだけではビジネスは出来ません💦
その知識を発展させるための時間になっています🚀

少しでもご興味ある方は、ぜひお早めにお申し込みください！✨

📅 日時：[第2日程]
💻 形式：オンライン（Zoomなど）

参加用のURLは、お申し込み後に
LINEとメールでお送りいたします。

▼席の確保はお早めにどうぞ👇😊
[第2日程申込URL]","【LINEメッセージ 1／text】
セミナー開催まで【あと3日】となりました！⏰


このセミナーでは「AIの深い知識」ではなく、
「AIをどうビジネスに繋げるか」を体系的に学べる時間になっています☺️✨

""AIでホームページが作れる""、""AIで動画制作ができる""、
ではその後は...？😥

AIを学ぶだけではビジネスは出来ません💦
その知識を発展させるための時間になっています🚀

少しでもご興味ある方は、ぜひお早めにお申し込みください！✨

📅 日時：[第2日程]
💻 形式：オンライン（Zoomなど）

参加用のURLは、お申し込み後に
LINEとメールでお送りいたします。

▼席の確保はお早めにどうぞ👇😊
[第2日程申込URL]","[UTAGE実装時作成]","NEW-YT-D2-10"
"YouTube_ゆるAI","REVIEW_YouTube_ゆるAI_20260810","85","レビュー中","メッセージ","20260810新規","セミナー募集_第2日程","NEW-YT-D2-11","セミナー未申込・面談未予約・日程不可未選択。申込ページクリック済み／VSL中／予約完了／面談済み／営業停止は除外","第2日程 3日前20:00（未経過時のみ）","LINE","ステップ配信","YT-D2-SEM-B02（開催3日前20:00）","","【LINEメッセージ 1／text】
「まだAIを触り始めたばかり…」
という方でも、どうぞご安心ください😊

むしろAIビジネスは触り始めた方の方が有利に働くことが多いです！
その実態をセミナーでお伝えいたします🚀🔥

あなたのこれまでの経験や、得意なことを
振り返りながら、「自分にぴったりのAI活用法」
を見つけるところから優しく進めていきます🌱

▼詳細・お申し込みはこちらから👇
[第2日程申込URL]","[第2日程申込URL]","[第2日程申込URL]","","","セミナー未申込・面談未予約・日程不可未選択。申込ページクリック済み／VSL中／予約完了／面談済み／営業停止は除外","[第2日程申込URL]","配信基準=イベント参加日。本文N/O/PとUTAGE編集URLは後続列に保持。","","","本文内定義","","YouTube正本を独自リライトしない。ステータスが廃止対象または旧読者のみの場合は新規実装しない。","【LINEメッセージ 1／text】
「まだAIを触り始めたばかり…」
という方でも、どうぞご安心ください😊

むしろAIビジネスは触り始めた方の方が有利に働くことが多いです！
その実態をセミナーでお伝えいたします🚀🔥

あなたのこれまでの経験や、得意なことを
振り返りながら、「自分にぴったりのAI活用法」
を見つけるところから優しく進めていきます🌱

▼詳細・お申し込みはこちらから👇
[第2日程申込URL]","【LINEメッセージ 1／text】
「まだAIを触り始めたばかり…」
という方でも、どうぞご安心ください😊

むしろAIビジネスは触り始めた方の方が有利に働くことが多いです！
その実態をセミナーでお伝えいたします🚀🔥

あなたのこれまでの経験や、得意なことを
振り返りながら、「自分にぴったりのAI活用法」
を見つけるところから優しく進めていきます🌱

▼詳細・お申し込みはこちらから👇
[第2日程申込URL]","【LINEメッセージ 1／text】
「まだAIを触り始めたばかり…」
という方でも、どうぞご安心ください😊

むしろAIビジネスは触り始めた方の方が有利に働くことが多いです！
その実態をセミナーでお伝えいたします🚀🔥

あなたのこれまでの経験や、得意なことを
振り返りながら、「自分にぴったりのAI活用法」
を見つけるところから優しく進めていきます🌱

▼詳細・お申し込みはこちらから👇
[第2日程申込URL]","[UTAGE実装時作成]","NEW-YT-D2-11"
"YouTube_ゆるAI","REVIEW_YouTube_ゆるAI_20260810","86","レビュー中","メッセージ","20260810新規","セミナー募集_第2日程","NEW-YT-D2-12","セミナー未申込・面談未予約・日程不可未選択。申込ページクリック済み／VSL中／予約完了／面談済み／営業停止は除外","第2日程 2日前10:00（未経過時のみ）","LINE","ステップ配信","YT-D2-SEM-B03（開催2日前10:00）","","【LINEメッセージ 1／text】
今回のセミナーは、
特にこんな方におすすめです！💡

🌟 AIを自分の仕事に活かしたい
🌟 学ぶ順番をスッキリ整理したい
🌟 自分の「強み」とAIを掛け合わせたい
🌟 今日からできる具体的な一歩を決めたい

1つでも当てはまる方は、
ここが分岐点になると思います...!!
一歩踏み出すか、足踏みをするか。
少しでもご自身にプラスの影響を与えたい方はぜひ👇😊
[第2日程申込URL]","[第2日程申込URL]","[第2日程申込URL]","","","セミナー未申込・面談未予約・日程不可未選択。申込ページクリック済み／VSL中／予約完了／面談済み／営業停止は除外","[第2日程申込URL]","配信基準=イベント参加日。本文N/O/PとUTAGE編集URLは後続列に保持。","","","本文内定義","","YouTube正本を独自リライトしない。ステータスが廃止対象または旧読者のみの場合は新規実装しない。","【LINEメッセージ 1／text】
今回のセミナーは、
特にこんな方におすすめです！💡

🌟 AIを自分の仕事に活かしたい
🌟 学ぶ順番をスッキリ整理したい
🌟 自分の「強み」とAIを掛け合わせたい
🌟 今日からできる具体的な一歩を決めたい

1つでも当てはまる方は、
ここが分岐点になると思います...!!
一歩踏み出すか、足踏みをするか。
少しでもご自身にプラスの影響を与えたい方はぜひ👇😊
[第2日程申込URL]","【LINEメッセージ 1／text】
今回のセミナーは、
特にこんな方におすすめです！💡

🌟 AIを自分の仕事に活かしたい
🌟 学ぶ順番をスッキリ整理したい
🌟 自分の「強み」とAIを掛け合わせたい
🌟 今日からできる具体的な一歩を決めたい

1つでも当てはまる方は、
ここが分岐点になると思います...!!
一歩踏み出すか、足踏みをするか。
少しでもご自身にプラスの影響を与えたい方はぜひ👇😊
[第2日程申込URL]","【LINEメッセージ 1／text】
今回のセミナーは、
特にこんな方におすすめです！💡

🌟 AIを自分の仕事に活かしたい
🌟 学ぶ順番をスッキリ整理したい
🌟 自分の「強み」とAIを掛け合わせたい
🌟 今日からできる具体的な一歩を決めたい

1つでも当てはまる方は、
ここが分岐点になると思います...!!
一歩踏み出すか、足踏みをするか。
少しでもご自身にプラスの影響を与えたい方はぜひ👇😊
[第2日程申込URL]","[UTAGE実装時作成]","NEW-YT-D2-12"
"YouTube_ゆるAI","REVIEW_YouTube_ゆるAI_20260810","87","レビュー中","メッセージ","20260810新規","セミナー募集_第2日程","NEW-YT-D2-13","セミナー未申込・面談未予約・日程不可未選択。申込ページクリック済み／VSL中／予約完了／面談済み／営業停止は除外","第2日程 2日前20:00（未経過時のみ）","LINE","ステップ配信","YT-D2-SEM-B04（開催2日前20:00）","","【LINEメッセージ 1／text】
限定特典⑥〜⑩をお受け取りいただけるのは、
セミナーを最後までご視聴いただいた方のみとなります🎁

もし「途中までは参加できるけど、最後までは時間的に...」
という方は、個別にメールからご連絡ください！
ご参加いただけたことを確認できましたら、特典の方をお礼にお渡しいたします！

「あとで予定を確認しよう」と思っていると
満席になってしまうこともあるので、
忘れないうちに席を確保しておいてくださいね👇✨
[第2日程申込URL]","[第2日程申込URL]","[第2日程申込URL]","","","セミナー未申込・面談未予約・日程不可未選択。申込ページクリック済み／VSL中／予約完了／面談済み／営業停止は除外","[第2日程申込URL]","配信基準=イベント参加日。本文N/O/PとUTAGE編集URLは後続列に保持。","","","本文内定義","","YouTube正本を独自リライトしない。ステータスが廃止対象または旧読者のみの場合は新規実装しない。","【LINEメッセージ 1／text】
限定特典⑥〜⑩をお受け取りいただけるのは、
セミナーを最後までご視聴いただいた方のみとなります🎁

もし「途中までは参加できるけど、最後までは時間的に...」
という方は、個別にメールからご連絡ください！
ご参加いただけたことを確認できましたら、特典の方をお礼にお渡しいたします！

「あとで予定を確認しよう」と思っていると
満席になってしまうこともあるので、
忘れないうちに席を確保しておいてくださいね👇✨
[第2日程申込URL]","【LINEメッセージ 1／text】
限定特典⑥〜⑩をお受け取りいただけるのは、
セミナーを最後までご視聴いただいた方のみとなります🎁

もし「途中までは参加できるけど、最後までは時間的に...」
という方は、個別にメールからご連絡ください！
ご参加いただけたことを確認できましたら、特典の方をお礼にお渡しいたします！

「あとで予定を確認しよう」と思っていると
満席になってしまうこともあるので、
忘れないうちに席を確保しておいてくださいね👇✨
[第2日程申込URL]","【LINEメッセージ 1／text】
限定特典⑥〜⑩をお受け取りいただけるのは、
セミナーを最後までご視聴いただいた方のみとなります🎁

もし「途中までは参加できるけど、最後までは時間的に...」
という方は、個別にメールからご連絡ください！
ご参加いただけたことを確認できましたら、特典の方をお礼にお渡しいたします！

「あとで予定を確認しよう」と思っていると
満席になってしまうこともあるので、
忘れないうちに席を確保しておいてくださいね👇✨
[第2日程申込URL]","[UTAGE実装時作成]","NEW-YT-D2-13"
"YouTube_ゆるAI","REVIEW_YouTube_ゆるAI_20260810","88","レビュー中","メッセージ","20260810新規","セミナー募集_第2日程","NEW-YT-D2-14","セミナー未申込・面談未予約・日程不可未選択。申込ページクリック済み／VSL中／予約完了／面談済み／営業停止は除外","第2日程 前日09:00","LINE","ステップ配信","YT-D2-SEM-B05（開催前日09:00）","","【LINEメッセージ 1／text】
いよいよ【明日開催】となりました！✨

「自分に合う内容かな…？🔰」
と迷われている方へ。

AIを使ったことがない初心者の方でも、
まだやりたい方向が決まっていなくても大丈夫！
あなたの「今の状態」から一緒に整理していくセミナーです😊🌱

むしろ""AI界隈は初心者が有利""だと確信しています！
その理由はセミナーで語っていますので、ぜひ覗いてみてください

📢 セミナー：AIでひとり起業攻略法
📅 日時：[第2日程]

参加を迷われている方、迷われているだけでも半歩先に進んでいる状態です。
もう半歩踏み出すきっかけにしていただけると嬉しいです☺️
忘れないうちにお申し込みを済ませてくださいね👇😊
[第2日程申込URL]","[第2日程申込URL]","[第2日程申込URL]","","","セミナー未申込・面談未予約・日程不可未選択。申込ページクリック済み／VSL中／予約完了／面談済み／営業停止は除外","[第2日程申込URL]","配信基準=イベント参加日。本文N/O/PとUTAGE編集URLは後続列に保持。","","","本文内定義","","YouTube正本を独自リライトしない。ステータスが廃止対象または旧読者のみの場合は新規実装しない。","【LINEメッセージ 1／text】
いよいよ【明日開催】となりました！✨

「自分に合う内容かな…？🔰」
と迷われている方へ。

AIを使ったことがない初心者の方でも、
まだやりたい方向が決まっていなくても大丈夫！
あなたの「今の状態」から一緒に整理していくセミナーです😊🌱

むしろ""AI界隈は初心者が有利""だと確信しています！
その理由はセミナーで語っていますので、ぜひ覗いてみてください

📢 セミナー：AIでひとり起業攻略法
📅 日時：[第2日程]

参加を迷われている方、迷われているだけでも半歩先に進んでいる状態です。
もう半歩踏み出すきっかけにしていただけると嬉しいです☺️
忘れないうちにお申し込みを済ませてくださいね👇😊
[第2日程申込URL]","【LINEメッセージ 1／text】
いよいよ【明日開催】となりました！✨

「自分に合う内容かな…？🔰」
と迷われている方へ。

AIを使ったことがない初心者の方でも、
まだやりたい方向が決まっていなくても大丈夫！
あなたの「今の状態」から一緒に整理していくセミナーです😊🌱

むしろ""AI界隈は初心者が有利""だと確信しています！
その理由はセミナーで語っていますので、ぜひ覗いてみてください

📢 セミナー：AIでひとり起業攻略法
📅 日時：[第2日程]

参加を迷われている方、迷われているだけでも半歩先に進んでいる状態です。
もう半歩踏み出すきっかけにしていただけると嬉しいです☺️
忘れないうちにお申し込みを済ませてくださいね👇😊
[第2日程申込URL]","【LINEメッセージ 1／text】
いよいよ【明日開催】となりました！✨

「自分に合う内容かな…？🔰」
と迷われている方へ。

AIを使ったことがない初心者の方でも、
まだやりたい方向が決まっていなくても大丈夫！
あなたの「今の状態」から一緒に整理していくセミナーです😊🌱

むしろ""AI界隈は初心者が有利""だと確信しています！
その理由はセミナーで語っていますので、ぜひ覗いてみてください

📢 セミナー：AIでひとり起業攻略法
📅 日時：[第2日程]

参加を迷われている方、迷われているだけでも半歩先に進んでいる状態です。
もう半歩踏み出すきっかけにしていただけると嬉しいです☺️
忘れないうちにお申し込みを済ませてくださいね👇😊
[第2日程申込URL]","[UTAGE実装時作成]","NEW-YT-D2-14"
"YouTube_ゆるAI","REVIEW_YouTube_ゆるAI_20260810","89","レビュー中","メッセージ","20260810新規","セミナー募集_第2日程","NEW-YT-D2-15","セミナー未申込・面談未予約・日程不可未選択。申込ページクリック済み／VSL中／予約完了／面談済み／営業停止は除外","第2日程 前日15:00","LINE","ステップ配信","YT-D2-SEM-B06（開催前日15:00）","","【LINEメッセージ 1／text】
【重要なご連絡】
「セミナーに必要な知識はありますか？」
と聞かれますが、知識は不要です！

ほんの少しのAIへの興味と、
ビジネスにしたいという気持ちがあれば十分すぎるぐらいです☺️

あとはリラックスして視聴できる場所と、
メモ用の筆記用具があれば準備はバッチリです👍

顔出し声出しは不要ですので、お気軽にご参加ください🤲
こちらからご確認くださいね👇","[第2日程申込URL]","[第2日程申込URL]","","","セミナー未申込・面談未予約・日程不可未選択。申込ページクリック済み／VSL中／予約完了／面談済み／営業停止は除外","[第2日程申込URL]","配信基準=イベント参加日。本文N/O/PとUTAGE編集URLは後続列に保持。","","","本文内定義","","YouTube正本を独自リライトしない。ステータスが廃止対象または旧読者のみの場合は新規実装しない。","【LINEメッセージ 1／text】
【重要なご連絡】
「セミナーに必要な知識はありますか？」
と聞かれますが、知識は不要です！

ほんの少しのAIへの興味と、
ビジネスにしたいという気持ちがあれば十分すぎるぐらいです☺️

あとはリラックスして視聴できる場所と、
メモ用の筆記用具があれば準備はバッチリです👍

顔出し声出しは不要ですので、お気軽にご参加ください🤲
こちらからご確認くださいね👇","【LINEメッセージ 1／text】
【重要なご連絡】
「セミナーに必要な知識はありますか？」
と聞かれますが、知識は不要です！

ほんの少しのAIへの興味と、
ビジネスにしたいという気持ちがあれば十分すぎるぐらいです☺️

あとはリラックスして視聴できる場所と、
メモ用の筆記用具があれば準備はバッチリです👍

顔出し声出しは不要ですので、お気軽にご参加ください🤲
こちらからご確認くださいね👇","【LINEメッセージ 1／text】
【重要なご連絡】
「セミナーに必要な知識はありますか？」
と聞かれますが、知識は不要です！

ほんの少しのAIへの興味と、
ビジネスにしたいという気持ちがあれば十分すぎるぐらいです☺️

あとはリラックスして視聴できる場所と、
メモ用の筆記用具があれば準備はバッチリです👍

顔出し声出しは不要ですので、お気軽にご参加ください🤲
こちらからご確認くださいね👇","[UTAGE実装時作成]","NEW-YT-D2-15"
"YouTube_ゆるAI","REVIEW_YouTube_ゆるAI_20260810","90","レビュー中","メッセージ","20260810新規","セミナー募集_第2日程","NEW-YT-D2-16","セミナー未申込・面談未予約・日程不可未選択。申込ページクリック済み／VSL中／予約完了／面談済み／営業停止は除外","第2日程 前日21:00","LINE","ステップ配信","YT-D2-SEM-B07（開催前日21:00）","","【LINEメッセージ 1／text】
【大変申し訳ございません】
物凄く現実的で残酷なことをお伝えします。

それは、
""AIは学ぶだけでは、一生成功しません""

これは別に大袈裟にいっているわけではありません。
AIに限ったことではないですが、道具の使い方が分かっても、
実践する場所や、活かす機会がないと意味がないんです。

今回のセミナーでは、
そういった状況から一気に抜け出せる内容となっています。

ご参加いただける場合は、
今夜のうちにお名前とメールアドレスを登録して、
参加用URLを受け取っておいてくださいね👇✨
[第2日程申込URL]","[第2日程申込URL]","[第2日程申込URL]","","","セミナー未申込・面談未予約・日程不可未選択。申込ページクリック済み／VSL中／予約完了／面談済み／営業停止は除外","[第2日程申込URL]","配信基準=イベント参加日。本文N/O/PとUTAGE編集URLは後続列に保持。","","","本文内定義","","YouTube正本を独自リライトしない。ステータスが廃止対象または旧読者のみの場合は新規実装しない。","【LINEメッセージ 1／text】
【大変申し訳ございません】
物凄く現実的で残酷なことをお伝えします。

それは、
""AIは学ぶだけでは、一生成功しません""

これは別に大袈裟にいっているわけではありません。
AIに限ったことではないですが、道具の使い方が分かっても、
実践する場所や、活かす機会がないと意味がないんです。

今回のセミナーでは、
そういった状況から一気に抜け出せる内容となっています。

ご参加いただける場合は、
今夜のうちにお名前とメールアドレスを登録して、
参加用URLを受け取っておいてくださいね👇✨
[第2日程申込URL]","【LINEメッセージ 1／text】
【大変申し訳ございません】
物凄く現実的で残酷なことをお伝えします。

それは、
""AIは学ぶだけでは、一生成功しません""

これは別に大袈裟にいっているわけではありません。
AIに限ったことではないですが、道具の使い方が分かっても、
実践する場所や、活かす機会がないと意味がないんです。

今回のセミナーでは、
そういった状況から一気に抜け出せる内容となっています。

ご参加いただける場合は、
今夜のうちにお名前とメールアドレスを登録して、
参加用URLを受け取っておいてくださいね👇✨
[第2日程申込URL]","【LINEメッセージ 1／text】
【大変申し訳ございません】
物凄く現実的で残酷なことをお伝えします。

それは、
""AIは学ぶだけでは、一生成功しません""

これは別に大袈裟にいっているわけではありません。
AIに限ったことではないですが、道具の使い方が分かっても、
実践する場所や、活かす機会がないと意味がないんです。

今回のセミナーでは、
そういった状況から一気に抜け出せる内容となっています。

ご参加いただける場合は、
今夜のうちにお名前とメールアドレスを登録して、
参加用URLを受け取っておいてくださいね👇✨
[第2日程申込URL]","[UTAGE実装時作成]","NEW-YT-D2-16"
"YouTube_ゆるAI","REVIEW_YouTube_ゆるAI_20260810","91","レビュー中","メッセージ","20260810新規","セミナー募集_第2日程","NEW-YT-D2-17","セミナー未申込・面談未予約・日程不可未選択。申込ページクリック済み／VSL中／予約完了／面談済み／営業停止は除外","第2日程 当日09:00","LINE","ステップ配信","YT-D2-SEM-B08（開催当日09:00）","","【LINEメッセージ 1／text】
＼ いよいよ本日開催です！🎉 ／

📢 AIでひとり起業攻略法
📅 [第2日程]

まだ今からでもお申し込み可能です！

最後までご参加いただいた方には、
実践で使える超有料級の【特典⑥〜⑩】も
プレゼントいたします！🎁

お席が埋まる前に、ぜひご確認くだいね👇✨

▼お申し込みはこちらから👇😊
[第2日程申込URL]","[第2日程申込URL]","[第2日程申込URL]","","","セミナー未申込・面談未予約・日程不可未選択。申込ページクリック済み／VSL中／予約完了／面談済み／営業停止は除外","[第2日程申込URL]","配信基準=イベント参加日。本文N/O/PとUTAGE編集URLは後続列に保持。","","","本文内定義","","YouTube正本を独自リライトしない。ステータスが廃止対象または旧読者のみの場合は新規実装しない。","【LINEメッセージ 1／text】
＼ いよいよ本日開催です！🎉 ／

📢 AIでひとり起業攻略法
📅 [第2日程]

まだ今からでもお申し込み可能です！

最後までご参加いただいた方には、
実践で使える超有料級の【特典⑥〜⑩】も
プレゼントいたします！🎁

お席が埋まる前に、ぜひご確認くだいね👇✨

▼お申し込みはこちらから👇😊
[第2日程申込URL]","【LINEメッセージ 1／text】
＼ いよいよ本日開催です！🎉 ／

📢 AIでひとり起業攻略法
📅 [第2日程]

まだ今からでもお申し込み可能です！

最後までご参加いただいた方には、
実践で使える超有料級の【特典⑥〜⑩】も
プレゼントいたします！🎁

お席が埋まる前に、ぜひご確認くだいね👇✨

▼お申し込みはこちらから👇😊
[第2日程申込URL]","【LINEメッセージ 1／text】
＼ いよいよ本日開催です！🎉 ／

📢 AIでひとり起業攻略法
📅 [第2日程]

まだ今からでもお申し込み可能です！

最後までご参加いただいた方には、
実践で使える超有料級の【特典⑥〜⑩】も
プレゼントいたします！🎁

お席が埋まる前に、ぜひご確認くだいね👇✨

▼お申し込みはこちらから👇😊
[第2日程申込URL]","[UTAGE実装時作成]","NEW-YT-D2-17"
"YouTube_ゆるAI","REVIEW_YouTube_ゆるAI_20260810","92","レビュー中","メッセージ","20260810新規","セミナー募集_第2日程","NEW-YT-D2-18","セミナー未申込・面談未予約・日程不可未選択。申込ページクリック済み／VSL中／予約完了／面談済み／営業停止は除外","第2日程 開始3時間前","LINE","ステップ配信","YT-D2-SEM-B09（開始3時間前）","","【LINEメッセージ 1／text】
セミナー開始まで【あと3時間】となりました！⏰

今からの駆け込みお申し込みも大歓迎です！👍
ご登録後、すぐに参加用URLをお送りします。

事前準備は不要です。
顔出しや声出しも不要です☺️
好きな飲み物を片手にリラックスしてご参加ください😌

昨日の連絡を見て、
「最後まで見るのは時間的に厳しくて...」
というお声がありましたので、セミナーにご参加いただけたのがわかった場合、
後からメールにてご連絡いただければ、特典の方をお送りいたしますのでご安心ください！

ぜひご参加お待ちしております☺️

▼こちらから席を確保してくださいね👇✨
[第2日程申込URL]","[第2日程申込URL]","[第2日程申込URL]","","","セミナー未申込・面談未予約・日程不可未選択。申込ページクリック済み／VSL中／予約完了／面談済み／営業停止は除外","[第2日程申込URL]","配信基準=イベント参加日。本文N/O/PとUTAGE編集URLは後続列に保持。","","","本文内定義","","YouTube正本を独自リライトしない。ステータスが廃止対象または旧読者のみの場合は新規実装しない。","【LINEメッセージ 1／text】
セミナー開始まで【あと3時間】となりました！⏰

今からの駆け込みお申し込みも大歓迎です！👍
ご登録後、すぐに参加用URLをお送りします。

事前準備は不要です。
顔出しや声出しも不要です☺️
好きな飲み物を片手にリラックスしてご参加ください😌

昨日の連絡を見て、
「最後まで見るのは時間的に厳しくて...」
というお声がありましたので、セミナーにご参加いただけたのがわかった場合、
後からメールにてご連絡いただければ、特典の方をお送りいたしますのでご安心ください！

ぜひご参加お待ちしております☺️

▼こちらから席を確保してくださいね👇✨
[第2日程申込URL]","【LINEメッセージ 1／text】
セミナー開始まで【あと3時間】となりました！⏰

今からの駆け込みお申し込みも大歓迎です！👍
ご登録後、すぐに参加用URLをお送りします。

事前準備は不要です。
顔出しや声出しも不要です☺️
好きな飲み物を片手にリラックスしてご参加ください😌

昨日の連絡を見て、
「最後まで見るのは時間的に厳しくて...」
というお声がありましたので、セミナーにご参加いただけたのがわかった場合、
後からメールにてご連絡いただければ、特典の方をお送りいたしますのでご安心ください！

ぜひご参加お待ちしております☺️

▼こちらから席を確保してくださいね👇✨
[第2日程申込URL]","【LINEメッセージ 1／text】
セミナー開始まで【あと3時間】となりました！⏰

今からの駆け込みお申し込みも大歓迎です！👍
ご登録後、すぐに参加用URLをお送りします。

事前準備は不要です。
顔出しや声出しも不要です☺️
好きな飲み物を片手にリラックスしてご参加ください😌

昨日の連絡を見て、
「最後まで見るのは時間的に厳しくて...」
というお声がありましたので、セミナーにご参加いただけたのがわかった場合、
後からメールにてご連絡いただければ、特典の方をお送りいたしますのでご安心ください！

ぜひご参加お待ちしております☺️

▼こちらから席を確保してくださいね👇✨
[第2日程申込URL]","[UTAGE実装時作成]","NEW-YT-D2-18"
"YouTube_ゆるAI","REVIEW_YouTube_ゆるAI_20260810","93","レビュー中","メッセージ","20260810新規","セミナー募集_第2日程","NEW-YT-D2-19","セミナー未申込・面談未予約・日程不可未選択。申込ページクリック済み／VSL中／予約完了／面談済み／営業停止は除外","第2日程 開始30分前","LINE","ステップ配信","YT-D2-SEM-B10（開始30分前）","","【LINEメッセージ 1／text】
あと30分でセミナーが開始します！⏳✨

あと30分でセミナーが始まります！⏳🔥

申込ページを見て迷っていた方への、
これが【最後のご案内】となります。

まだ申し込みが来ているため、時間延長いたしました💦
こちらから滑り込みでのお申し込みをお待ちしております！👇😊
[第2日程申込URL]","[第2日程申込URL]","[第2日程申込URL]","","","セミナー未申込・面談未予約・日程不可未選択。申込ページクリック済み／VSL中／予約完了／面談済み／営業停止は除外","[第2日程申込URL]","配信基準=イベント参加日。本文N/O/PとUTAGE編集URLは後続列に保持。","","","本文内定義","","YouTube正本を独自リライトしない。ステータスが廃止対象または旧読者のみの場合は新規実装しない。","【LINEメッセージ 1／text】
あと30分でセミナーが開始します！⏳✨

あと30分でセミナーが始まります！⏳🔥

申込ページを見て迷っていた方への、
これが【最後のご案内】となります。

まだ申し込みが来ているため、時間延長いたしました💦
こちらから滑り込みでのお申し込みをお待ちしております！👇😊
[第2日程申込URL]","【LINEメッセージ 1／text】
あと30分でセミナーが開始します！⏳✨

あと30分でセミナーが始まります！⏳🔥

申込ページを見て迷っていた方への、
これが【最後のご案内】となります。

まだ申し込みが来ているため、時間延長いたしました💦
こちらから滑り込みでのお申し込みをお待ちしております！👇😊
[第2日程申込URL]","【LINEメッセージ 1／text】
あと30分でセミナーが開始します！⏳✨

あと30分でセミナーが始まります！⏳🔥

申込ページを見て迷っていた方への、
これが【最後のご案内】となります。

まだ申し込みが来ているため、時間延長いたしました💦
こちらから滑り込みでのお申し込みをお待ちしております！👇😊
[第2日程申込URL]","[UTAGE実装時作成]","NEW-YT-D2-19"
"YouTube_ゆるAI","REVIEW_YouTube_ゆるAI_20260810","94","レビュー中","メッセージ","20260810新規","セミナー募集_第2日程","NEW-YT-D2-20","セミナー未申込・面談未予約・日程不可未選択。申込ページクリック済み／VSL中／予約完了／面談済み／営業停止は除外","第2日程 開始10分前","LINE","ステップ配信","YT-D2-SEM-B11（開始10分前）","","【LINEメッセージ 1／text】
まもなくセミナーを開始します！📢

こちらが今回のセミナーお申し込みの
【最後のご案内】となります。

正直ながら見するだけでも、
今回の内容は十分皆さんの分岐点になると確信しています。
AIをビジネスに発展させるのに必要なのは、""知識""ではなく""きっかけ""です。

まだ受付中ですので、こちらから
今すぐ参加登録を完了してくださいね👇✨

【LINEメッセージ 2／button】
{
  ""seq"": 1,
  ""type"": ""button"",
  ""alt_text"": ""【無料セミナー】AIでひとり起業攻略法"",
  ""react_type"": ""free"",
  ""react_press_again_text"": null,
  ""thumbnail_image_url"": null,
  ""title"": ""AIでひとり起業攻略法"",
  ""text"": ""Zoomライブ・最新日程は申込ページへ"",
  ""actions"": [
    {
      ""type"": ""url"",
      ""label"": ""セミナーに申し込む"",
      ""uri"": ""[第2日程申込URL]"",
      ""add_label_id"": null,
      ""del_label_id"": null
    }
  ]
}","[第2日程申込URL]","[第2日程申込URL]","","","セミナー未申込・面談未予約・日程不可未選択。申込ページクリック済み／VSL中／予約完了／面談済み／営業停止は除外","[第2日程申込URL]","配信基準=イベント参加日。本文N/O/PとUTAGE編集URLは後続列に保持。","","","本文内定義","","YouTube正本を独自リライトしない。ステータスが廃止対象または旧読者のみの場合は新規実装しない。","【LINEメッセージ 1／text】
まもなくセミナーを開始します！📢

こちらが今回のセミナーお申し込みの
【最後のご案内】となります。

正直ながら見するだけでも、
今回の内容は十分皆さんの分岐点になると確信しています。
AIをビジネスに発展させるのに必要なのは、""知識""ではなく""きっかけ""です。

まだ受付中ですので、こちらから
今すぐ参加登録を完了してくださいね👇✨

【LINEメッセージ 2／button】
{
  ""seq"": 1,
  ""type"": ""button"",
  ""alt_text"": ""【無料セミナー】AIでひとり起業攻略法"",
  ""react_type"": ""free"",
  ""react_press_again_text"": null,
  ""thumbnail_image_url"": null,
  ""title"": ""AIでひとり起業攻略法"",
  ""text"": ""Zoomライブ・最新日程は申込ページへ"",
  ""actions"": [
    {
      ""type"": ""url"",
      ""label"": ""セミナーに申し込む"",
      ""uri"": ""[第2日程申込URL]"",
      ""add_label_id"": null,
      ""del_label_id"": null
    }
  ]
}","【LINEメッセージ 1／text】
まもなくセミナーを開始します！📢

こちらが今回のセミナーお申し込みの
【最後のご案内】となります。

正直ながら見するだけでも、
今回の内容は十分皆さんの分岐点になると確信しています。
AIをビジネスに発展させるのに必要なのは、""知識""ではなく""きっかけ""です。

まだ受付中ですので、こちらから
今すぐ参加登録を完了してくださいね👇✨

【LINEメッセージ 2／button】
{
  ""seq"": 1,
  ""type"": ""button"",
  ""alt_text"": ""【無料セミナー】AIでひとり起業攻略法"",
  ""react_type"": ""free"",
  ""react_press_again_text"": null,
  ""thumbnail_image_url"": null,
  ""title"": ""AIでひとり起業攻略法"",
  ""text"": ""Zoomライブ・最新日程は申込ページへ"",
  ""actions"": [
    {
      ""type"": ""url"",
      ""label"": ""セミナーに申し込む"",
      ""uri"": ""[第2日程申込URL]"",
      ""add_label_id"": null,
      ""del_label_id"": null
    }
  ]
}","【LINEメッセージ 1／text】
まもなくセミナーを開始します！📢

こちらが今回のセミナーお申し込みの
【最後のご案内】となります。

正直ながら見するだけでも、
今回の内容は十分皆さんの分岐点になると確信しています。
AIをビジネスに発展させるのに必要なのは、""知識""ではなく""きっかけ""です。

まだ受付中ですので、こちらから
今すぐ参加登録を完了してくださいね👇✨

【LINEメッセージ 2／button】
{
  ""seq"": 1,
  ""type"": ""button"",
  ""alt_text"": ""【無料セミナー】AIでひとり起業攻略法"",
  ""react_type"": ""free"",
  ""react_press_again_text"": null,
  ""thumbnail_image_url"": null,
  ""title"": ""AIでひとり起業攻略法"",
  ""text"": ""Zoomライブ・最新日程は申込ページへ"",
  ""actions"": [
    {
      ""type"": ""url"",
      ""label"": ""セミナーに申し込む"",
      ""uri"": ""[第2日程申込URL]"",
      ""add_label_id"": null,
      ""del_label_id"": null
    }
  ]
}","[UTAGE実装時作成]","NEW-YT-D2-20"
"YouTube_ゆるAI","REVIEW_YouTube_ゆるAI_20260810","95","稼働中","メッセージ","8","AIでひとり起業リマインダ（選択した日程基準）","Q78Z15SlfHME","第1または第2日程の申込完了者。選択した開催日時を基準に配信。面談予約完了／面談済み／営業停止は除外。","登録直後","メール","ステップ配信","申込時","【重要】%event_name%へのお申込みが完了しました","%name% 様

この度はお申込み頂きありがとうございます。

お申込み頂いたイベントについて
ご案内をさせて頂きます。

■　日程・参加方法
━━━━━━━━━━━━━━━━

%event_info%","","","","","第1または第2日程の申込完了者。選択した開催日時を基準に配信。面談予約完了／面談済み／営業停止は除外。","","配信基準=。本文N/O/PとUTAGE編集URLは後続列に保持。","","","本文内定義","","YouTube正本を独自リライトしない。ステータスが廃止対象または旧読者のみの場合は新規実装しない。","%name% 様

この度は
%event_name%
にお申込み頂きありがとうございます。

お申込み頂いたイベントについて
ご案内をさせて頂きます。

■　お申込者情報
━━━━━━━━━━━━━━━━

お名前：%name%
メールアドレス：%mail%
電話番号：%phone%


■　開催日時・会場
━━━━━━━━━━━━━━━━

%event_info%


■　キャンセルについて
━━━━━━━━━━━━━━━━

キャンセルを希望される場合は事前に『必ず』ご連絡ください。


━━━━━━━━━━━━━━━━
%event_name%運営事務局
%from_mail%
━━━━━━━━━━━━━━━━","","開催まであと4日です。

AIでひとり起業攻略法
[セミナー日時]

「AIで何ができるか」から、「AIを使って自分は何を事業にするか」へ進みたい方へ。明日から開催直前の案内に入ります。","https://utage-system.com/account/Y86og5tIw1hZ/scenario/k6xTtx6rInVq/step/Q78Z15SlfHME/edit","Q78Z15SlfHME"
"YouTube_ゆるAI","REVIEW_YouTube_ゆるAI_20260810","96","稼働中","メッセージ","8","AIでひとり起業リマインダ（選択した日程基準）","bncjtTMsscfK","第1または第2日程の申込完了者。選択した開催日時を基準に配信。面談予約完了／面談済み／営業停止は除外。","14日前の 8:00","メール","リマインダ配信","開催14日前","【開催14日前】%event_name%","%name% 様

この度はお申込み頂きありがとうございます。

開催14日前になりましたので
リマインドをさせて頂きます。

■　日程・参加方法
━━━━━━━━━━━━━━━━

%event_info%","","","","","第1または第2日程の申込完了者。選択した開催日時を基準に配信。面談予約完了／面談済み／営業停止は除外。","","配信基準=イベント参加日時。本文N/O/PとUTAGE編集URLは後続列に保持。","","","本文内定義","","YouTube正本を独自リライトしない。ステータスが廃止対象または旧読者のみの場合は新規実装しない。","%name% 様

この度は
%event_name%
にお申込み頂きありがとうございます。

開催14日前になりましたので
リマインドをさせて頂きます。

■　お申込者情報
━━━━━━━━━━━━━━━━

お名前：%name%
メールアドレス：%mail%
電話番号：%phone%


■　開催日時・会場
━━━━━━━━━━━━━━━━

%event_info%


■　キャンセルについて
━━━━━━━━━━━━━━━━

キャンセルを希望される場合は事前に『必ず』ご連絡ください。


━━━━━━━━━━━━━━━━
%event_name%運営事務局
%from_mail%
━━━━━━━━━━━━━━━━","","開催まで3日。

AIを学ぶだけでなく、自分の商品・集客・販売につなげる全体像を、Zoomライブでお伝えします。

日時：[セミナー日時]","https://utage-system.com/account/Y86og5tIw1hZ/scenario/k6xTtx6rInVq/reminder/bncjtTMsscfK/edit","bncjtTMsscfK"
"YouTube_ゆるAI","REVIEW_YouTube_ゆるAI_20260810","97","稼働中","メッセージ","8","AIでひとり起業リマインダ（選択した日程基準）","s8IGVv7QrLqd","第1または第2日程の申込完了者。選択した開催日時を基準に配信。面談予約完了／面談済み／営業停止は除外。","14日前の 10:00","LINE","リマインダ配信","SEM-A01（開催14日前10:00）","","【LINEメッセージ 1／image】
{
  ""original_content_url"": ""https://utagesystem.s3.ap-northeast-1.wasabisys.com/GX6OYW2fVtRD/Bhq9uf1WWavu.png""
}

────────────

【LINEメッセージ 2／text】
%line_name%さん、次回のZoomライブセミナーが決まりました〜！✨

AIでひとり起業攻略法
日時：7月30日(木) 20:00〜

AIを触るだけで終わらず、自分に合う事業テーマを見つけて、商品・集客・販売へつなげる考え方をお伝えしますね😊🎥","","","","","第1または第2日程の申込完了者。選択した開催日時を基準に配信。面談予約完了／面談済み／営業停止は除外。","","配信基準=イベント参加日時。本文N/O/PとUTAGE編集URLは後続列に保持。","https://utagesystem.s3.ap-northeast-1.wasabisys.com/GX6OYW2fVtRD/Bhq9uf1WWavu.png","","本文内定義","","YouTube正本を独自リライトしない。ステータスが廃止対象または旧読者のみの場合は新規実装しない。","【LINEメッセージ 1／image】
{
  ""original_content_url"": ""https://utagesystem.s3.ap-northeast-1.wasabisys.com/GX6OYW2fVtRD/Bhq9uf1WWavu.png""
}

────────────

【LINEメッセージ 2／text】
%line_name%さん、次回のZoomライブセミナーが決まりました〜！✨

AIでひとり起業攻略法
日時：7月30日(木) 20:00〜

AIを触るだけで終わらず、自分に合う事業テーマを見つけて、商品・集客・販売へつなげる考え方をお伝えしますね😊🎥","%line_name%さん、次回のZoomライブセミナーが決まりました〜！✨

AIでひとり起業攻略法
日時：7月30日(木) 20:00〜

AIを触るだけで終わらず、自分に合う事業テーマを見つけて、商品・集客・販売へつなげる考え方をお伝えしますね😊🎥","「自分には売れるものがない」と感じていても、最初から完成した答えを持つ必要はありません。

経験・得意・興味をAIと一緒に掘り下げ、事業テーマの候補を作るところから始められます。

[申込URL]","https://utage-system.com/account/Y86og5tIw1hZ/scenario/k6xTtx6rInVq/reminder/line/s8IGVv7QrLqd/edit","s8IGVv7QrLqd"
"YouTube_ゆるAI","REVIEW_YouTube_ゆるAI_20260810","98","稼働中","メッセージ","8","AIでひとり起業リマインダ（選択した日程基準）","GgATKBKS6nJh","第1または第2日程の申込完了者。選択した開催日時を基準に配信。面談予約完了／面談済み／営業停止は除外。","12日前の 19:00","LINE","リマインダ配信","SEM-A02（開催12日前19:00）","","【LINEメッセージ 1／text】
AIの情報は増えているのに、「自分は何をすればいいか」が決まらない…。そんなふうに感じること、ありませんか？😌

そこから抜け出すには、ツールを増やすより“事業にする順番”を知ることが大事なんですよ。Zoomライブで、その全体像を一緒に整理していきますね😊👇

────────────

【LINEメッセージ 2／button】
{
  ""alt_text"": ""【無料セミナー】AIでひとり起業攻略法のご案内"",
  ""react_type"": ""free"",
  ""react_press_again_text"": null,
  ""thumbnail_image_url"": null,
  ""title"": ""AIでひとり起業攻略法"",
  ""text"": ""7/30(木)20:00〜・Zoomライブ"",
  ""actions"": [
    {
      ""type"": ""url"",
      ""label"": ""セミナーに申し込む"",
      ""uri"": ""https://utage-system.com/event/uxPuWYWcc1DD/register"",
      ""add_label_id"": null,
      ""del_label_id"": null
    }
  ]
}","","","","","第1または第2日程の申込完了者。選択した開催日時を基準に配信。面談予約完了／面談済み／営業停止は除外。","","配信基準=イベント参加日時。本文N/O/PとUTAGE編集URLは後続列に保持。","","","本文内定義","","YouTube正本を独自リライトしない。ステータスが廃止対象または旧読者のみの場合は新規実装しない。","【LINEメッセージ 1／text】
AIの情報は増えているのに、「自分は何をすればいいか」が決まらない…。そんなふうに感じること、ありませんか？😌

そこから抜け出すには、ツールを増やすより“事業にする順番”を知ることが大事なんですよ。Zoomライブで、その全体像を一緒に整理していきますね😊👇

────────────

【LINEメッセージ 2／button】
{
  ""alt_text"": ""【無料セミナー】AIでひとり起業攻略法のご案内"",
  ""react_type"": ""free"",
  ""react_press_again_text"": null,
  ""thumbnail_image_url"": null,
  ""title"": ""AIでひとり起業攻略法"",
  ""text"": ""7/30(木)20:00〜・Zoomライブ"",
  ""actions"": [
    {
      ""type"": ""url"",
      ""label"": ""セミナーに申し込む"",
      ""uri"": ""https://utage-system.com/event/uxPuWYWcc1DD/register"",
      ""add_label_id"": null,
      ""del_label_id"": null
    }
  ]
}","AIの情報は増えているのに、「自分は何をすればいいか」が決まらない…。そんなふうに感じること、ありませんか？😌

そこから抜け出すには、ツールを増やすより“事業にする順番”を知ることが大事なんですよ。Zoomライブで、その全体像を一緒に整理していきますね😊👇","あと2日です。

こんな方に向いています。
・AIを仕事や副業につなげたい
・自分の商品を作りたい
・発信しても何を売ればいいか分からない
・一人で会社を回せる仕組みを作りたい","https://utage-system.com/account/Y86og5tIw1hZ/scenario/k6xTtx6rInVq/reminder/line/GgATKBKS6nJh/edit","GgATKBKS6nJh"
"YouTube_ゆるAI","REVIEW_YouTube_ゆるAI_20260810","99","稼働中","メッセージ","8","AIでひとり起業リマインダ（選択した日程基準）","T8nDAcUFnUbQ","第1または第2日程の申込完了者。選択した開催日時を基準に配信。面談予約完了／面談済み／営業停止は除外。","10日前の 10:00","LINE","リマインダ配信","SEM-A03（開催10日前10:00）","","【LINEメッセージ 1／text】
ひとり起業って、全部を一人で抱えて頑張ることじゃないんですよ😊

AIに任せることで不要な人間関係のストレスを受けず、のびのびと事業を始められます🙆‍♂️ 「AIでひとり起業攻略法」で具体的に解説しますね📣","","","","","第1または第2日程の申込完了者。選択した開催日時を基準に配信。面談予約完了／面談済み／営業停止は除外。","","配信基準=イベント参加日時。本文N/O/PとUTAGE編集URLは後続列に保持。","","","本文内定義","","YouTube正本を独自リライトしない。ステータスが廃止対象または旧読者のみの場合は新規実装しない。","【LINEメッセージ 1／text】
ひとり起業って、全部を一人で抱えて頑張ることじゃないんですよ😊

AIに任せる部分と、自分が判断する部分を分けると、商品づくり・発信・販売を小さく回し始められます🙆‍♂️ AIでひとり起業攻略法 で具体的に解説しますね📣","ひとり起業って、全部を一人で抱えて頑張ることじゃないんですよ😊

AIに任せる部分と、自分が判断する部分を分けると、商品づくり・発信・販売を小さく回し始められます🙆‍♂️ AIでひとり起業攻略法 で具体的に解説しますね📣","知識より、順番。

事業テーマ、商品、集客、販売。この順番がバラバラだと、AIを使っても動きは止まります。セミナーで一本のロードマップとして整理してください。","https://utage-system.com/account/Y86og5tIw1hZ/scenario/k6xTtx6rInVq/reminder/line/T8nDAcUFnUbQ/edit","T8nDAcUFnUbQ"
"YouTube_ゆるAI","REVIEW_YouTube_ゆるAI_20260810","100","稼働中","メッセージ","8","AIでひとり起業リマインダ（選択した日程基準）","epA6GY8KUGwU","第1または第2日程の申込完了者。選択した開催日時を基準に配信。面談予約完了／面談済み／営業停止は除外。","8日前の 19:00","LINE","リマインダ配信","SEM-A04（開催8日前19:00）","","【LINEメッセージ 1／text】
AI初心者の方でも大丈夫、安心して参加してくださいね😊

まだ商品がない、自分の強みが分からない、方向性も決まっていない。そんな状態の人こそおすすめです💡

日時：7月30日(木) 20:00〜✨","","","","","第1または第2日程の申込完了者。選択した開催日時を基準に配信。面談予約完了／面談済み／営業停止は除外。","","配信基準=イベント参加日時。本文N/O/PとUTAGE編集URLは後続列に保持。","","","本文内定義","","YouTube正本を独自リライトしない。ステータスが廃止対象または旧読者のみの場合は新規実装しない。","【LINEメッセージ 1／text】
AI初心者の方でも大丈夫、安心して参加してくださいね😊

まだ商品がない、強みが分からない、副業の方向性も決まっていない。そんな状態から「誰に何を届けるか」を一緒に考えるライブですよ💡

日時：7月30日(木) 20:00〜✨","AI初心者の方でも大丈夫、安心して参加してくださいね😊

まだ商品がない、強みが分からない、副業の方向性も決まっていない。そんな状態から「誰に何を届けるか」を一緒に考えるライブですよ💡

日時：7月30日(木) 20:00〜✨","明日開催です。

AIでひとり起業攻略法
[セミナー日時]／Zoomライブ

申込は名前とメールアドレスの2項目だけで完了します。
[申込URL]","https://utage-system.com/account/Y86og5tIw1hZ/scenario/k6xTtx6rInVq/reminder/line/epA6GY8KUGwU/edit","epA6GY8KUGwU"
"YouTube_ゆるAI","REVIEW_YouTube_ゆるAI_20260810","101","稼働中","メッセージ","8","AIでひとり起業リマインダ（選択した日程基準）","bMcMfO7emtsh","第1または第2日程の申込完了者。選択した開催日時を基準に配信。面談予約完了／面談済み／営業停止は除外。","7日前の 8:00","メール","リマインダ配信","開催7日前","【開催7日前】%event_name%","%name% 様

この度は
%event_name%
にお申込み頂きありがとうございます。

開催7日前になりましたので
リマインドをさせて頂きます。

■　お申込者情報
━━━━━━━━━━━━━━━━

お名前：%name%
メールアドレス：%mail%
電話番号：%phone%


■　開催日時・会場
━━━━━━━━━━━━━━━━

%event_info%


■　キャンセルについて
━━━━━━━━━━━━━━━━

キャンセルを希望される場合は事前に『必ず』ご連絡ください。


━━━━━━━━━━━━━━━━
%event_name%運営事務局
%from_mail%
━━━━━━━━━━━━━━━━","","","","","第1または第2日程の申込完了者。選択した開催日時を基準に配信。面談予約完了／面談済み／営業停止は除外。","","配信基準=イベント参加日時。本文N/O/PとUTAGE編集URLは後続列に保持。","","","本文内定義","","YouTube正本を独自リライトしない。ステータスが廃止対象または旧読者のみの場合は新規実装しない。","%name% 様

この度は
%event_name%
にお申込み頂きありがとうございます。

開催7日前になりましたので
リマインドをさせて頂きます。

■　お申込者情報
━━━━━━━━━━━━━━━━

お名前：%name%
メールアドレス：%mail%
電話番号：%phone%


■　開催日時・会場
━━━━━━━━━━━━━━━━

%event_info%


■　キャンセルについて
━━━━━━━━━━━━━━━━

キャンセルを希望される場合は事前に『必ず』ご連絡ください。


━━━━━━━━━━━━━━━━
%event_name%運営事務局
%from_mail%
━━━━━━━━━━━━━━━━","","AIを使えば、作業時間は短くできます。

ただし、誰に何を届けるかという判断まで曖昧なままでは、作業が速くなっても事業にはなりません。明日は、その設計部分を中心にお話しします。

[申込URL]","https://utage-system.com/account/Y86og5tIw1hZ/scenario/k6xTtx6rInVq/reminder/bMcMfO7emtsh/edit","bMcMfO7emtsh"
"YouTube_ゆるAI","REVIEW_YouTube_ゆるAI_20260810","102","稼働中","メッセージ","8","AIでひとり起業リマインダ（選択した日程基準）","3E6E25mtftpc","第1または第2日程の申込完了者。選択した開催日時を基準に配信。面談予約完了／面談済み／営業停止は除外。","6日前の 10:00","LINE","リマインダ配信","SEM-A05（開催6日前10:00）","","【LINEメッセージ 1／text】
AIツールの使い方だけ学んでも、事業はできあがらないんですよね😌

大事なのは、テーマ選びから商品化・集客・販売までを一つの流れとして設計すること。今回のセミナーで、そのつながりをまるっとお見せします😊👇

────────────

【LINEメッセージ 2／button】
{
  ""alt_text"": ""【無料セミナー】AIでひとり起業攻略法のご案内"",
  ""react_type"": ""free"",
  ""react_press_again_text"": null,
  ""thumbnail_image_url"": null,
  ""title"": ""AIでひとり起業攻略法"",
  ""text"": ""7/30(木)20:00〜・Zoomライブ"",
  ""actions"": [
    {
      ""type"": ""url"",
      ""label"": ""セミナーに申し込む"",
      ""uri"": ""https://utage-system.com/event/uxPuWYWcc1DD/register"",
      ""add_label_id"": null,
      ""del_label_id"": null
    }
  ]
}","","","","","第1または第2日程の申込完了者。選択した開催日時を基準に配信。面談予約完了／面談済み／営業停止は除外。","","配信基準=イベント参加日時。本文N/O/PとUTAGE編集URLは後続列に保持。","","","本文内定義","","YouTube正本を独自リライトしない。ステータスが廃止対象または旧読者のみの場合は新規実装しない。","【LINEメッセージ 1／text】
AIツールの使い方だけ学んでも、売上までの道筋って自動ではできないんですよね😌

大事なのは、テーマ選びから商品化・集客・販売までを一つの流れとして設計すること。今回のセミナーで、そのつながりをまるっとお見せしますね😊👇

────────────

【LINEメッセージ 2／button】
{
  ""alt_text"": ""【無料セミナー】AIでひとり起業攻略法のご案内"",
  ""react_type"": ""free"",
  ""react_press_again_text"": null,
  ""thumbnail_image_url"": null,
  ""title"": ""AIでひとり起業攻略法"",
  ""text"": ""7/30(木)20:00〜・Zoomライブ"",
  ""actions"": [
    {
      ""type"": ""url"",
      ""label"": ""セミナーに申し込む"",
      ""uri"": ""https://utage-system.com/event/uxPuWYWcc1DD/register"",
      ""add_label_id"": null,
      ""del_label_id"": null
    }
  ]
}","AIツールの使い方だけ学んでも、売上までの道筋って自動ではできないんですよね😌

大事なのは、テーマ選びから商品化・集客・販売までを一つの流れとして設計すること。今回のセミナーで、そのつながりをまるっとお見せしますね😊👇","[name]さん、明日の予定は空けられそうですか？

ライブで受けるからこそ、その場で自分の現状と照らし合わせられます。参加する場合は、今夜のうちに登録を済ませてください。
[申込URL]","https://utage-system.com/account/Y86og5tIw1hZ/scenario/k6xTtx6rInVq/reminder/line/3E6E25mtftpc/edit","3E6E25mtftpc"
"YouTube_ゆるAI","REVIEW_YouTube_ゆるAI_20260810","103","稼働中","メッセージ","8","AIでひとり起業リマインダ（選択した日程基準）","siAvg0yTDFhf","第1または第2日程の申込完了者。選択した開催日時を基準に配信。面談予約完了／面談済み／営業停止は除外。","5日前の 19:00","LINE","リマインダ配信","SEM-A06（開催5日前19:00）","","【LINEメッセージ 1／text】
今回は録画教材ではなく、Zoomライブでの開催です🎥

同じ内容でも、開催日に時間を取って、その場で自分の課題として考えると理解がぐっと変わりますよ😊
毎回質疑の応答も盛り上がります。

参加できる方は、今のうちに予定を確保しておいてくださいね🔥","","","","","第1または第2日程の申込完了者。選択した開催日時を基準に配信。面談予約完了／面談済み／営業停止は除外。","","配信基準=イベント参加日時。本文N/O/PとUTAGE編集URLは後続列に保持。","","","本文内定義","","YouTube正本を独自リライトしない。ステータスが廃止対象または旧読者のみの場合は新規実装しない。","【LINEメッセージ 1／text】
今回は録画教材ではなく、Zoomライブでの開催です🎥

同じ内容でも、開催日に時間を取って、その場で自分の課題として考えると理解がぐっと変わりますよ😊 参加できる方は、今のうちに予定を確保しておいてくださいね🔥","今回は録画教材ではなく、Zoomライブでの開催です🎥

同じ内容でも、開催日に時間を取って、その場で自分の課題として考えると理解がぐっと変わりますよ😊 参加できる方は、今のうちに予定を確保しておいてくださいね🔥","本日開催。

AIでひとり起業攻略法
[セミナー日時]／Zoom

AIを自分の事業へつなぐ道筋を、今日のライブで整理します。
[申込URL]","https://utage-system.com/account/Y86og5tIw1hZ/scenario/k6xTtx6rInVq/reminder/line/siAvg0yTDFhf/edit","siAvg0yTDFhf"
"YouTube_ゆるAI","REVIEW_YouTube_ゆるAI_20260810","104","稼働中","メッセージ","8","AIでひとり起業リマインダ（選択した日程基準）","PWaav3ryRLrd","第1または第2日程の申込完了者。選択した開催日時を基準に配信。面談予約完了／面談済み／営業停止は除外。","4日前の 20:00","LINE","リマインダ配信","SEM-A07（開催4日前20:00）","","【LINEメッセージ 1／text】
開催まであと4日です⏰

AIでひとり起業攻略法
7月30日(木) 20:00〜

「AIで何ができるか」から、「AIを使って仕組みを作る」へ進みたい方へ😊 明日から開催直前のご案内に入りますね📣","","","","","第1または第2日程の申込完了者。選択した開催日時を基準に配信。面談予約完了／面談済み／営業停止は除外。","","配信基準=イベント参加日時。本文N/O/PとUTAGE編集URLは後続列に保持。","","","本文内定義","","YouTube正本を独自リライトしない。ステータスが廃止対象または旧読者のみの場合は新規実装しない。","【LINEメッセージ 1／text】
開催まであと4日です⏰

AIでひとり起業攻略法
7月30日(木) 20:00〜

「AIで何ができるか」から、「AIを使って自分は何を事業にするか」へ進みたい方へ😊 明日から開催直前のご案内に入りますね📣","開催まであと4日です⏰

AIでひとり起業攻略法
7月30日(木) 20:00〜

「AIで何ができるか」から、「AIを使って自分は何を事業にするか」へ進みたい方へ😊 明日から開催直前のご案内に入りますね📣","開始まであと3時間です。

まだ申込は間に合います。名前とメールアドレスを入力すると、参加用Zoom URLが届きます。

[申込URL]","https://utage-system.com/account/Y86og5tIw1hZ/scenario/k6xTtx6rInVq/reminder/line/PWaav3ryRLrd/edit","PWaav3ryRLrd"
"YouTube_ゆるAI","REVIEW_YouTube_ゆるAI_20260810","105","稼働中","メッセージ","8","AIでひとり起業リマインダ（選択した日程基準）","Dn4tac7u9S6t","第1または第2日程の申込完了者。選択した開催日時を基準に配信。面談予約完了／面談済み／営業停止は除外。","3日前の 8:00","メール","リマインダ配信","開催3日前","【開催3日前】%event_name%","%name% 様

この度は
%event_name%
にお申込み頂きありがとうございます。

開催3日前になりましたので
リマインドをさせて頂きます。

■　お申込者情報
━━━━━━━━━━━━━━━━

お名前：%name%
メールアドレス：%mail%
電話番号：%phone%


■　開催日時・会場
━━━━━━━━━━━━━━━━

%event_info%


■　キャンセルについて
━━━━━━━━━━━━━━━━

キャンセルを希望される場合は事前に『必ず』ご連絡ください。


━━━━━━━━━━━━━━━━
%event_name%運営事務局
%from_mail%
━━━━━━━━━━━━━━━━","","","","","第1または第2日程の申込完了者。選択した開催日時を基準に配信。面談予約完了／面談済み／営業停止は除外。","","配信基準=イベント参加日時。本文N/O/PとUTAGE編集URLは後続列に保持。","","","本文内定義","","YouTube正本を独自リライトしない。ステータスが廃止対象または旧読者のみの場合は新規実装しない。","%name% 様

この度は
%event_name%
にお申込み頂きありがとうございます。

開催3日前になりましたので
リマインドをさせて頂きます。

■　お申込者情報
━━━━━━━━━━━━━━━━

お名前：%name%
メールアドレス：%mail%
電話番号：%phone%


■　開催日時・会場
━━━━━━━━━━━━━━━━

%event_info%


■　キャンセルについて
━━━━━━━━━━━━━━━━

キャンセルを希望される場合は事前に『必ず』ご連絡ください。


━━━━━━━━━━━━━━━━
%event_name%運営事務局
%from_mail%
━━━━━━━━━━━━━━━━","","あと30分で開始します。

今日ここで、AIの情報収集から「自分の事業を作る側」へ進みたい方はご参加ください。
[申込URL]","https://utage-system.com/account/Y86og5tIw1hZ/scenario/k6xTtx6rInVq/reminder/Dn4tac7u9S6t/edit","Dn4tac7u9S6t"
"YouTube_ゆるAI","REVIEW_YouTube_ゆるAI_20260810","106","稼働中","メッセージ","8","AIでひとり起業リマインダ（選択した日程基準）","OWXIVcHMLYKo","第1または第2日程の申込完了者。選択した開催日時を基準に配信。面談予約完了／面談済み／営業停止は除外。","3日前の 10:00","LINE","リマインダ配信","SEM-B01（開催3日前10:00）","","【LINEメッセージ 1／text】
開催まであと3日です😊

AIを学ぶだけでなく、自分の商品・集客・販売につなげる全体像を、Zoomライブでお伝えしますね🙌

日時：7月30日(木) 20:00〜✨","","","","","第1または第2日程の申込完了者。選択した開催日時を基準に配信。面談予約完了／面談済み／営業停止は除外。","","配信基準=イベント参加日時。本文N/O/PとUTAGE編集URLは後続列に保持。","","","本文内定義","","YouTube正本を独自リライトしない。ステータスが廃止対象または旧読者のみの場合は新規実装しない。","【LINEメッセージ 1／text】
開催まであと3日です😊

AIを学ぶだけでなく、自分の商品・集客・販売につなげる全体像を、Zoomライブでお伝えしますね🙌

日時：7月30日(木) 20:00〜✨","開催まであと3日です😊

AIを学ぶだけでなく、自分の商品・集客・販売につなげる全体像を、Zoomライブでお伝えしますね🙌

日時：7月30日(木) 20:00〜✨","まもなく開始します。申込受付は開始3分前までです。

迷っていた方は、こちらが最後のご案内です。
[申込URL]","https://utage-system.com/account/Y86og5tIw1hZ/scenario/k6xTtx6rInVq/reminder/line/OWXIVcHMLYKo/edit","OWXIVcHMLYKo"
"YouTube_ゆるAI","REVIEW_YouTube_ゆるAI_20260810","107","稼働中","メッセージ","8","AIでひとり起業リマインダ（選択した日程基準）","9sihvptXzwte","第1または第2日程の申込完了者。選択した開催日時を基準に配信。面談予約完了／面談済み／営業停止は除外。","3日前の 20:00","LINE","リマインダ配信","SEM-B02（開催3日前20:00）","","【LINEメッセージ 1／text】
「自分には売れるものがない」と感じていても、大丈夫。最初から完成した答えを持っている必要はないんですよ😌

経験・得意・興味をAIと一緒に掘り下げて、事業テーマの候補を作るところから始められます😊👇

────────────

【LINEメッセージ 2／button】
{
  ""alt_text"": ""【無料セミナー】AIでひとり起業攻略法のご案内"",
  ""react_type"": ""free"",
  ""react_press_again_text"": null,
  ""thumbnail_image_url"": null,
  ""title"": ""AIでひとり起業攻略法"",
  ""text"": ""7/30(木)20:00〜・Zoomライブ"",
  ""actions"": [
    {
      ""type"": ""url"",
      ""label"": ""セミナーに申し込む"",
      ""uri"": ""https://utage-system.com/event/uxPuWYWcc1DD/register"",
      ""add_label_id"": null,
      ""del_label_id"": null
    }
  ]
}","","","","","第1または第2日程の申込完了者。選択した開催日時を基準に配信。面談予約完了／面談済み／営業停止は除外。","","配信基準=イベント参加日時。本文N/O/PとUTAGE編集URLは後続列に保持。","","","本文内定義","","YouTube正本を独自リライトしない。ステータスが廃止対象または旧読者のみの場合は新規実装しない。","【LINEメッセージ 1／text】
「自分には売れるものがない」と感じていても、大丈夫。最初から完成した答えを持っている必要はないんですよ😌

経験・得意・興味をAIと一緒に掘り下げて、事業テーマの候補を作るところから始められます😊👇

────────────

【LINEメッセージ 2／button】
{
  ""alt_text"": ""【無料セミナー】AIでひとり起業攻略法のご案内"",
  ""react_type"": ""free"",
  ""react_press_again_text"": null,
  ""thumbnail_image_url"": null,
  ""title"": ""AIでひとり起業攻略法"",
  ""text"": ""7/30(木)20:00〜・Zoomライブ"",
  ""actions"": [
    {
      ""type"": ""url"",
      ""label"": ""セミナーに申し込む"",
      ""uri"": ""https://utage-system.com/event/uxPuWYWcc1DD/register"",
      ""add_label_id"": null,
      ""del_label_id"": null
    }
  ]
}","「自分には売れるものがない」と感じていても、大丈夫。最初から完成した答えを持っている必要はないんですよ😌

経験・得意・興味をAIと一緒に掘り下げて、事業テーマの候補を作るところから始められます😊👇","[name]さん、お申し込みありがとうございます。

AIでひとり起業攻略法
日時：[セミナー日時]
形式：Zoomライブ
参加URL：[参加URL]

当日は開始３分前からお入りください。","https://utage-system.com/account/Y86og5tIw1hZ/scenario/k6xTtx6rInVq/reminder/line/9sihvptXzwte/edit","9sihvptXzwte"
"YouTube_ゆるAI","REVIEW_YouTube_ゆるAI_20260810","108","稼働中","メッセージ","8","AIでひとり起業リマインダ（選択した日程基準）","7GLrzdEk8FbV","第1または第2日程の申込完了者。選択した開催日時を基準に配信。面談予約完了／面談済み／営業停止は除外。","2日前の 10:00","LINE","リマインダ配信","SEM-B03（開催2日前10:00）","","【LINEメッセージ 1／text】
開催まであと2日です⏰

こんな方にぴったりですよ😊
・AIを仕事や副業につなげたい
・自分の商品を作りたい
・発信しても何を売ればいいか分からない
・一人で回せる仕組みを作りたい🔥","","","","","第1または第2日程の申込完了者。選択した開催日時を基準に配信。面談予約完了／面談済み／営業停止は除外。","","配信基準=イベント参加日時。本文N/O/PとUTAGE編集URLは後続列に保持。","","","本文内定義","","YouTube正本を独自リライトしない。ステータスが廃止対象または旧読者のみの場合は新規実装しない。","【LINEメッセージ 1／text】
開催まであと2日です⏰

こんな方にぴったりですよ😊
・AIを仕事や副業につなげたい
・自分の商品を作りたい
・発信しても何を売ればいいか分からない
・一人で回せる仕組みを作りたい🔥","開催まであと2日です⏰

こんな方にぴったりですよ😊
・AIを仕事や副業につなげたい
・自分の商品を作りたい
・発信しても何を売ればいいか分からない
・一人で回せる仕組みを作りたい🔥","開催1週間前になりました。

AIで何を学ぶかだけでなく、自分は何を事業にするかを考える時間にします。カレンダーに予定が入っているかご確認ください。

[参加URL]","https://utage-system.com/account/Y86og5tIw1hZ/scenario/k6xTtx6rInVq/reminder/line/7GLrzdEk8FbV/edit","7GLrzdEk8FbV"
"YouTube_ゆるAI","REVIEW_YouTube_ゆるAI_20260810","109","稼働中","メッセージ","8","AIでひとり起業リマインダ（選択した日程基準）","SxUMQUpRWqbO","第1または第2日程の申込完了者。選択した開催日時を基準に配信。面談予約完了／面談済み／営業停止は除外。","2日前の 20:00","LINE","リマインダ配信","SEM-B04（開催2日前20:00）","","【LINEメッセージ 1／text】
知識より、順番なんです💡

事業テーマ、商品、集客、販売。この順番がバラバラだと、AIを使っても動きは止まっちゃうんですよね😌 セミナーで、一本のロードマップとして一緒に整理していきましょう😊📣","","","","","第1または第2日程の申込完了者。選択した開催日時を基準に配信。面談予約完了／面談済み／営業停止は除外。","","配信基準=イベント参加日時。本文N/O/PとUTAGE編集URLは後続列に保持。","","","本文内定義","","YouTube正本を独自リライトしない。ステータスが廃止対象または旧読者のみの場合は新規実装しない。","【LINEメッセージ 1／text】
知識より、順番なんです💡

事業テーマ、商品、集客、販売。この順番がバラバラだと、AIを使っても動きは止まっちゃうんですよね😌 セミナーで、一本のロードマップとして一緒に整理していきましょう😊📣","知識より、順番なんです💡

事業テーマ、商品、集客、販売。この順番がバラバラだと、AIを使っても動きは止まっちゃうんですよね😌 セミナーで、一本のロードマップとして一緒に整理していきましょう😊📣","あと3日です。

当日は、今の仕事・得意なこと・興味を自分なりに思い浮かべておくと、内容をより自分事にできます。資料の準備は不要です。","https://utage-system.com/account/Y86og5tIw1hZ/scenario/k6xTtx6rInVq/reminder/line/SxUMQUpRWqbO/edit","SxUMQUpRWqbO"
"YouTube_ゆるAI","REVIEW_YouTube_ゆるAI_20260810","110","稼働中","メッセージ","8","AIでひとり起業リマインダ（選択した日程基準）","Ml3G0kXISlpu","第1または第2日程の申込完了者。選択した開催日時を基準に配信。面談予約完了／面談済み／営業停止は除外。","1日前の 8:00","メール","リマインダ配信","開催前日","【明日開催】%event_name%","%name% 様

この度は
%event_name%
にお申込み頂きありがとうございます。

開催前日になりましたので
リマインドをさせて頂きます。

■　お申込者情報
━━━━━━━━━━━━━━━━

お名前：%name%
メールアドレス：%mail%
電話番号：%phone%


■　開催日時・会場
━━━━━━━━━━━━━━━━

%event_info%


■　キャンセルについて
━━━━━━━━━━━━━━━━

キャンセルを希望される場合は事前に『必ず』ご連絡ください。


━━━━━━━━━━━━━━━━
%event_name%運営事務局
%from_mail%
━━━━━━━━━━━━━━━━","","","","","第1または第2日程の申込完了者。選択した開催日時を基準に配信。面談予約完了／面談済み／営業停止は除外。","","配信基準=イベント参加日時。本文N/O/PとUTAGE編集URLは後続列に保持。","","","本文内定義","","YouTube正本を独自リライトしない。ステータスが廃止対象または旧読者のみの場合は新規実装しない。","%name% 様

この度は
%event_name%
にお申込み頂きありがとうございます。

開催前日になりましたので
リマインドをさせて頂きます。

■　お申込者情報
━━━━━━━━━━━━━━━━

お名前：%name%
メールアドレス：%mail%
電話番号：%phone%


■　開催日時・会場
━━━━━━━━━━━━━━━━

%event_info%


■　キャンセルについて
━━━━━━━━━━━━━━━━

キャンセルを希望される場合は事前に『必ず』ご連絡ください。


━━━━━━━━━━━━━━━━
%event_name%運営事務局
%from_mail%
━━━━━━━━━━━━━━━━","","明日開催

AIでひとり起業攻略法
[セミナー日時]

参加URL：[参加URL]
ライブでお会いできるのを楽しみにしています。","https://utage-system.com/account/Y86og5tIw1hZ/scenario/k6xTtx6rInVq/reminder/Ml3G0kXISlpu/edit","Ml3G0kXISlpu"
"YouTube_ゆるAI","REVIEW_YouTube_ゆるAI_20260810","111","稼働中","メッセージ","8","AIでひとり起業リマインダ（選択した日程基準）","P3YNIZDP42tl","第1または第2日程の申込完了者。選択した開催日時を基準に配信。面談予約完了／面談済み／営業停止は除外。","1日前の 9:00","LINE","リマインダ配信","SEM-B05（開催前日09:00）","","【LINEメッセージ 1／text】
いよいよ明日開催です🎉

AIでひとり起業攻略法
7月30日(木) 20:00〜／Zoomライブ

申込は名前とメールアドレスの2項目だけでサクッと完了しますよ😊✨","","","","","第1または第2日程の申込完了者。選択した開催日時を基準に配信。面談予約完了／面談済み／営業停止は除外。","","配信基準=イベント参加日時。本文N/O/PとUTAGE編集URLは後続列に保持。","","","本文内定義","","YouTube正本を独自リライトしない。ステータスが廃止対象または旧読者のみの場合は新規実装しない。","【LINEメッセージ 1／text】
いよいよ明日開催です🎉

AIでひとり起業攻略法
7月30日(木) 20:00〜／Zoomライブ

申込は名前とメールアドレスの2項目だけでサクッと完了しますよ😊✨","いよいよ明日開催です🎉

AIでひとり起業攻略法
7月30日(木) 20:00〜／Zoomライブ

申込は名前とメールアドレスの2項目だけでサクッと完了しますよ😊✨","[name]さん、本日開催です。

開始時刻になりましたら、こちらからZoomへお入りください。
[参加URL]

落ち着いて参加できる場所と、メモをご用意ください。","https://utage-system.com/account/Y86og5tIw1hZ/scenario/k6xTtx6rInVq/reminder/line/P3YNIZDP42tl/edit","P3YNIZDP42tl"
"YouTube_ゆるAI","REVIEW_YouTube_ゆるAI_20260810","112","稼働中","メッセージ","8","AIでひとり起業リマインダ（選択した日程基準）","NLOMhG84Ci6Q","第1または第2日程の申込完了者。選択した開催日時を基準に配信。面談予約完了／面談済み／営業停止は除外。","1日前の 15:00","LINE","リマインダ配信","SEM-B06（開催前日15:00）","","【LINEメッセージ 1／text】
AIを使えば、作業時間はぐっと短くできます🚀

ただ、「誰に何を届けるか」という判断が曖昧なままだと、作業が速くなっても事業にはならないんですよね😌 明日は、その設計部分を中心にお話ししますね😊👇

────────────

【LINEメッセージ 2／button】
{
  ""alt_text"": ""【無料セミナー】明日開催・AIでひとり起業攻略法"",
  ""react_type"": ""free"",
  ""react_press_again_text"": null,
  ""thumbnail_image_url"": null,
  ""title"": ""AIでひとり起業攻略法"",
  ""text"": ""7/30(木)20:00〜・Zoomライブ"",
  ""actions"": [
    {
      ""type"": ""url"",
      ""label"": ""セミナーに申し込む"",
      ""uri"": ""https://utage-system.com/event/uxPuWYWcc1DD/register"",
      ""add_label_id"": null,
      ""del_label_id"": null
    }
  ]
}","","","","","第1または第2日程の申込完了者。選択した開催日時を基準に配信。面談予約完了／面談済み／営業停止は除外。","","配信基準=イベント参加日時。本文N/O/PとUTAGE編集URLは後続列に保持。","","","本文内定義","","YouTube正本を独自リライトしない。ステータスが廃止対象または旧読者のみの場合は新規実装しない。","【LINEメッセージ 1／text】
AIを使えば、作業時間はぐっと短くできます🚀

ただ、「誰に何を届けるか」という判断が曖昧なままだと、作業が速くなっても事業にはならないんですよね😌 明日は、その設計部分を中心にお話ししますね😊👇

────────────

【LINEメッセージ 2／button】
{
  ""alt_text"": ""【無料セミナー】明日開催・AIでひとり起業攻略法"",
  ""react_type"": ""free"",
  ""react_press_again_text"": null,
  ""thumbnail_image_url"": null,
  ""title"": ""AIでひとり起業攻略法"",
  ""text"": ""7/30(木)20:00〜・Zoomライブ"",
  ""actions"": [
    {
      ""type"": ""url"",
      ""label"": ""セミナーに申し込む"",
      ""uri"": ""https://utage-system.com/event/uxPuWYWcc1DD/register"",
      ""add_label_id"": null,
      ""del_label_id"": null
    }
  ]
}","AIを使えば、作業時間はぐっと短くできます🚀

ただ、「誰に何を届けるか」という判断が曖昧なままだと、作業が速くなっても事業にはならないんですよね😌 明日は、その設計部分を中心にお話ししますね😊👇","開始まであと3時間です。

[セミナー日時]
Zoom：[参加URL]

参加URLを今のうちに開けるか確認しておくと安心です。","https://utage-system.com/account/Y86og5tIw1hZ/scenario/k6xTtx6rInVq/reminder/line/NLOMhG84Ci6Q/edit","NLOMhG84Ci6Q"
"YouTube_ゆるAI","REVIEW_YouTube_ゆるAI_20260810","113","稼働中","メッセージ","8","AIでひとり起業リマインダ（選択した日程基準）","J4IfqonkEI86","第1または第2日程の申込完了者。選択した開催日時を基準に配信。面談予約完了／面談済み／営業停止は除外。","1日前の 21:00","LINE","リマインダ配信","SEM-B07（開催前日21:00）","","【LINEメッセージ 1／text】
%line_name%さん、明日の予定は空けられそうですか？😊

ライブで受けるからこそ、その場で自分の現状と照らし合わせられますよ💬 参加される方は、今夜のうちに登録を済ませておいてくださいね🔥","","","","","第1または第2日程の申込完了者。選択した開催日時を基準に配信。面談予約完了／面談済み／営業停止は除外。","","配信基準=イベント参加日時。本文N/O/PとUTAGE編集URLは後続列に保持。","","","本文内定義","","YouTube正本を独自リライトしない。ステータスが廃止対象または旧読者のみの場合は新規実装しない。","【LINEメッセージ 1／text】
%line_name%さん、明日の予定は空けられそうですか？😊

ライブで受けるからこそ、その場で自分の現状と照らし合わせられますよ💬 参加される方は、今夜のうちに登録を済ませておいてくださいね🔥","%line_name%さん、明日の予定は空けられそうですか？😊

ライブで受けるからこそ、その場で自分の現状と照らし合わせられますよ💬 参加される方は、今夜のうちに登録を済ませておいてくださいね🔥","あと30分で開始します。

こちらのZoomからご参加ください。
[参加URL]

開始３分前を目安にお入りください。","https://utage-system.com/account/Y86og5tIw1hZ/scenario/k6xTtx6rInVq/reminder/line/J4IfqonkEI86/edit","J4IfqonkEI86"
"YouTube_ゆるAI","REVIEW_YouTube_ゆるAI_20260810","114","稼働中","メッセージ","8","AIでひとり起業リマインダ（選択した日程基準）","eBdgYPhuuHDS","第1または第2日程の申込完了者。選択した開催日時を基準に配信。面談予約完了／面談済み／営業停止は除外。","当日の 8:00","メール","リマインダ配信","開催当日","【本日開催】%event_name%","%name% 様

この度は
%event_name%
にお申込み頂きありがとうございます。

開催当日になりましたので
リマインドをさせて頂きます。

■　お申込者情報
━━━━━━━━━━━━━━━━

お名前：%name%
メールアドレス：%mail%
電話番号：%phone%


■　開催日時・会場
━━━━━━━━━━━━━━━━

%event_info%


■　キャンセルについて
━━━━━━━━━━━━━━━━

キャンセルを希望される場合は事前に『必ず』ご連絡ください。


━━━━━━━━━━━━━━━━
%event_name%運営事務局
%from_mail%
━━━━━━━━━━━━━━━━","","","","","第1または第2日程の申込完了者。選択した開催日時を基準に配信。面談予約完了／面談済み／営業停止は除外。","","配信基準=イベント参加日時。本文N/O/PとUTAGE編集URLは後続列に保持。","","","本文内定義","","YouTube正本を独自リライトしない。ステータスが廃止対象または旧読者のみの場合は新規実装しない。","%name% 様

この度は
%event_name%
にお申込み頂きありがとうございます。

開催当日になりましたので
リマインドをさせて頂きます。

■　お申込者情報
━━━━━━━━━━━━━━━━

お名前：%name%
メールアドレス：%mail%
電話番号：%phone%


■　開催日時・会場
━━━━━━━━━━━━━━━━

%event_info%


■　キャンセルについて
━━━━━━━━━━━━━━━━

キャンセルを希望される場合は事前に『必ず』ご連絡ください。


━━━━━━━━━━━━━━━━
%event_name%運営事務局
%from_mail%
━━━━━━━━━━━━━━━━","","ただいま開始しました。

まだ間に合います。こちらからZoomへお入りください。
[参加URL]","https://utage-system.com/account/Y86og5tIw1hZ/scenario/k6xTtx6rInVq/reminder/eBdgYPhuuHDS/edit","eBdgYPhuuHDS"
"YouTube_ゆるAI","REVIEW_YouTube_ゆるAI_20260810","115","稼働中","メッセージ","8","AIでひとり起業リマインダ（選択した日程基準）","1t46K2YxFytZ","第1または第2日程の申込完了者。選択した開催日時を基準に配信。面談予約完了／面談済み／営業停止は除外。","当日の 9:00","LINE","リマインダ配信","SEM-B08（開催当日09:00）","","【LINEメッセージ 1／text】
いよいよ本日開催です🎉

AIでひとり起業攻略法
7月30日(木) 20:00〜／Zoom

AIを自分の事業へつなぐ道筋を、今日のライブで一緒に整理していきましょう😊📣","","","","","第1または第2日程の申込完了者。選択した開催日時を基準に配信。面談予約完了／面談済み／営業停止は除外。","","配信基準=イベント参加日時。本文N/O/PとUTAGE編集URLは後続列に保持。","","","本文内定義","","YouTube正本を独自リライトしない。ステータスが廃止対象または旧読者のみの場合は新規実装しない。","【LINEメッセージ 1／text】
いよいよ本日開催です🎉

AIでひとり起業攻略法
7月30日(木) 20:00〜／Zoom

AIを自分の事業へつなぐ道筋を、今日のライブで一緒に整理していきましょう😊📣","いよいよ本日開催です🎉

AIでひとり起業攻略法
7月30日(木) 20:00〜／Zoom

AIを自分の事業へつなぐ道筋を、今日のライブで一緒に整理していきましょう😊📣","[name]さん

すやです。
AIでひとり起業攻略法 へお申し込みいただき、ありがとうございます。

【開催日時】[セミナー日時]
【形式】Zoomライブ
【参加URL】[参加URL]

当日は開始３分前を目安にZoomへお入りください。AIを使って自分に合う事業テーマを見つけ、商品づくり・集客・販売までをどうつなぐか、全体像をお伝えします。

このメールは当日まで保存してください。

すや","https://utage-system.com/account/Y86og5tIw1hZ/scenario/k6xTtx6rInVq/reminder/line/1t46K2YxFytZ/edit","1t46K2YxFytZ"
"YouTube_ゆるAI","REVIEW_YouTube_ゆるAI_20260810","116","稼働中","メッセージ","8","AIでひとり起業リマインダ（選択した日程基準）","eEW6iUHnTRoG","第1または第2日程の申込完了者。選択した開催日時を基準に配信。面談予約完了／面談済み／営業停止は除外。","3時間 前","LINE","リマインダ配信","SEM-B09（開始3時間前）","","【LINEメッセージ 1／text】
開始まであと3時間です⏰

まだ申込は間に合いますよ😊 名前とメールアドレスを入力すると、参加用のZoom URLが届きます👇

────────────

【LINEメッセージ 2／button】
{
  ""alt_text"": ""【無料セミナー】本日20:00〜・申込受付中"",
  ""react_type"": ""free"",
  ""react_press_again_text"": null,
  ""thumbnail_image_url"": null,
  ""title"": ""AIでひとり起業攻略法"",
  ""text"": ""本日20:00〜・Zoomライブ"",
  ""actions"": [
    {
      ""type"": ""url"",
      ""label"": ""セミナーに申し込む"",
      ""uri"": ""https://utage-system.com/event/uxPuWYWcc1DD/register"",
      ""add_label_id"": null,
      ""del_label_id"": null
    }
  ]
}","","","","","第1または第2日程の申込完了者。選択した開催日時を基準に配信。面談予約完了／面談済み／営業停止は除外。","","配信基準=イベント参加日時。本文N/O/PとUTAGE編集URLは後続列に保持。","","","本文内定義","","YouTube正本を独自リライトしない。ステータスが廃止対象または旧読者のみの場合は新規実装しない。","【LINEメッセージ 1／text】
開始まであと3時間です⏰

まだ申込は間に合いますよ😊 名前とメールアドレスを入力すると、参加用のZoom URLが届きます👇

────────────

【LINEメッセージ 2／button】
{
  ""alt_text"": ""【無料セミナー】本日20:00〜・申込受付中"",
  ""react_type"": ""free"",
  ""react_press_again_text"": null,
  ""thumbnail_image_url"": null,
  ""title"": ""AIでひとり起業攻略法"",
  ""text"": ""本日20:00〜・Zoomライブ"",
  ""actions"": [
    {
      ""type"": ""url"",
      ""label"": ""セミナーに申し込む"",
      ""uri"": ""https://utage-system.com/event/uxPuWYWcc1DD/register"",
      ""add_label_id"": null,
      ""del_label_id"": null
    }
  ]
}","開始まであと3時間です⏰

まだ申込は間に合いますよ😊 名前とメールアドレスを入力すると、参加用のZoom URLが届きます👇","[name]さん

すやです。明日はいよいよ AIでひとり起業攻略法 の開催日です。

【開催日時】[セミナー日時]
【参加URL】[参加URL]

事前課題はありません。今の仕事、得意なこと、これから作ってみたいものを少し思い浮かべておくと、内容を自分に当てはめやすくなります。

Zoomでお会いできるのを楽しみにしています。

すや","https://utage-system.com/account/Y86og5tIw1hZ/scenario/k6xTtx6rInVq/reminder/line/eEW6iUHnTRoG/edit","eEW6iUHnTRoG"
"YouTube_ゆるAI","REVIEW_YouTube_ゆるAI_20260810","117","稼働中","メッセージ","8","AIでひとり起業リマインダ（選択した日程基準）","hRspe99qRdRB","第1または第2日程の申込完了者。選択した開催日時を基準に配信。面談予約完了／面談済み／営業停止は除外。","1時間 前","メール","リマインダ配信","開催60分前","【開催60分前】%event_name%","%name% 様

この度は
%event_name%
にお申込み頂きありがとうございます。

開催60分前になりましたので
リマインドをさせて頂きます。

■　お申込者情報
━━━━━━━━━━━━━━━━

お名前：%name%
メールアドレス：%mail%
電話番号：%phone%


■　開催日時・会場
━━━━━━━━━━━━━━━━

%event_info%


■　キャンセルについて
━━━━━━━━━━━━━━━━

キャンセルを希望される場合は事前に『必ず』ご連絡ください。


━━━━━━━━━━━━━━━━
%event_name%運営事務局
%from_mail%
━━━━━━━━━━━━━━━━","","","","","第1または第2日程の申込完了者。選択した開催日時を基準に配信。面談予約完了／面談済み／営業停止は除外。","","配信基準=イベント参加日時。本文N/O/PとUTAGE編集URLは後続列に保持。","","","本文内定義","","YouTube正本を独自リライトしない。ステータスが廃止対象または旧読者のみの場合は新規実装しない。","%name% 様

この度は
%event_name%
にお申込み頂きありがとうございます。

開催60分前になりましたので
リマインドをさせて頂きます。

■　お申込者情報
━━━━━━━━━━━━━━━━

お名前：%name%
メールアドレス：%mail%
電話番号：%phone%


■　開催日時・会場
━━━━━━━━━━━━━━━━

%event_info%


■　キャンセルについて
━━━━━━━━━━━━━━━━

キャンセルを希望される場合は事前に『必ず』ご連絡ください。


━━━━━━━━━━━━━━━━
%event_name%運営事務局
%from_mail%
━━━━━━━━━━━━━━━━","","[name]さん

すやです。AIでひとり起業攻略法 は1時間後に開始します。

【日時】[セミナー日時]
【Zoom】[参加URL]

開始３分前を目安にお入りください。接続が不安な場合は、今のうちにURLが開くか確認しておくと安心です。

それでは後ほどお会いしましょう。

すや","https://utage-system.com/account/Y86og5tIw1hZ/scenario/k6xTtx6rInVq/reminder/hRspe99qRdRB/edit","hRspe99qRdRB"
"YouTube_ゆるAI","REVIEW_YouTube_ゆるAI_20260810","118","稼働中","メッセージ","8","AIでひとり起業リマインダ（選択した日程基準）","siHNqgx45bVs","第1または第2日程の申込完了者。選択した開催日時を基準に配信。面談予約完了／面談済み／営業停止は除外。","30分 前","LINE","リマインダ配信","SEM-B10（開始30分前）","","【LINEメッセージ 1／text】
あと３０分で開始します⏰

今日ここで、AIの情報収集から「自分の事業を作る側」へ進みたい方は、ぜひご参加くださいね😊🎥","","","","","第1または第2日程の申込完了者。選択した開催日時を基準に配信。面談予約完了／面談済み／営業停止は除外。","","配信基準=イベント参加日時。本文N/O/PとUTAGE編集URLは後続列に保持。","","","本文内定義","","YouTube正本を独自リライトしない。ステータスが廃止対象または旧読者のみの場合は新規実装しない。","【LINEメッセージ 1／text】
あと３０分で開始します⏰

今日ここで、AIの情報収集から「自分の事業を作る側」へ進みたい方は、ぜひご参加くださいね😊🎥","あと３０分で開始します⏰

今日ここで、AIの情報収集から「自分の事業を作る側」へ進みたい方は、ぜひご参加くださいね😊🎥","[name]さん

すやです。昨日の AIでひとり起業攻略法 について、見逃した方・もう一度確認したい方向けに、内容を3日間だけ公開します。

【視聴ページ】[VSLURL]
【公開終了】[VSL終了日時]

AIを使ったテーマ選びから商品・集客・販売まで、途中で止めずに一本の流れとして確認してください。視聴後、スクールに興味がある方は AIひとり起業ロードマップ作成会 を予約できます。

すや","https://utage-system.com/account/Y86og5tIw1hZ/scenario/k6xTtx6rInVq/reminder/line/siHNqgx45bVs/edit","siHNqgx45bVs"
"YouTube_ゆるAI","REVIEW_YouTube_ゆるAI_20260810","119","稼働中","メッセージ","8","AIでひとり起業リマインダ（選択した日程基準）","V2eXqcNB22PM","第1または第2日程の申込完了者。選択した開催日時を基準に配信。面談予約完了／面談済み／営業停止は除外。","10分 前","LINE","リマインダ配信","SEM-B11（開始10分前）","","【LINEメッセージ 1／text】
まもなく開始します🎬 申込受付は開始3分前までです。

迷っていた方へ、こちらが最後のご案内ですよ😊👇

────────────

【LINEメッセージ 2／button】
{
  ""alt_text"": ""【無料セミナー】まもなく開始・最後の受付"",
  ""react_type"": ""free"",
  ""react_press_again_text"": null,
  ""thumbnail_image_url"": null,
  ""title"": ""AIでひとり起業攻略法"",
  ""text"": ""まもなく開始・受付は開始3分前まで"",
  ""actions"": [
    {
      ""type"": ""url"",
      ""label"": ""セミナーに申し込む"",
      ""uri"": ""https://utage-system.com/event/uxPuWYWcc1DD/register"",
      ""add_label_id"": null,
      ""del_label_id"": null
    }
  ]
}","","","","","第1または第2日程の申込完了者。選択した開催日時を基準に配信。面談予約完了／面談済み／営業停止は除外。","","配信基準=イベント参加日時。本文N/O/PとUTAGE編集URLは後続列に保持。","","","本文内定義","","YouTube正本を独自リライトしない。ステータスが廃止対象または旧読者のみの場合は新規実装しない。","【LINEメッセージ 1／text】
まもなく開始します🎬 申込受付は開始3分前までです。

迷っていた方へ、こちらが最後のご案内ですよ😊👇

────────────

【LINEメッセージ 2／button】
{
  ""alt_text"": ""【無料セミナー】まもなく開始・最後の受付"",
  ""react_type"": ""free"",
  ""react_press_again_text"": null,
  ""thumbnail_image_url"": null,
  ""title"": ""AIでひとり起業攻略法"",
  ""text"": ""まもなく開始・受付は開始3分前まで"",
  ""actions"": [
    {
      ""type"": ""url"",
      ""label"": ""セミナーに申し込む"",
      ""uri"": ""https://utage-system.com/event/uxPuWYWcc1DD/register"",
      ""add_label_id"": null,
      ""del_label_id"": null
    }
  ]
}","まもなく開始します🎬 申込受付は開始3分前までです。

迷っていた方へ、こちらが最後のご案内ですよ😊👇","[name]さん、本日はご参加ありがとうございました。

参加特典の 「[参加特典名]」 はこちらです。
[参加特典URL]

今日の内容を自分の場合に落とし込み、AIで何を事業にするか、商品・集客・販売をどの順番で作るかを一緒に整理したい方へ。AIひとり起業ロードマップ作成会を用意しました。Zoom30分です。スクールの案内も含みますので、興味がある方だけ日程をご覧ください。","https://utage-system.com/account/Y86og5tIw1hZ/scenario/k6xTtx6rInVq/reminder/line/V2eXqcNB22PM/edit","V2eXqcNB22PM"
"YouTube_ゆるAI","REVIEW_YouTube_ゆるAI_20260810","120","稼働中","メッセージ","9","ロードマップ案内_未クリック","cO2LU7CnUnkj","セミナー申込済み・面談未予約。参加／欠席は判定しない。受付は当日23:59で実際に終了。予約完了／面談済み／営業停止は除外。","申込したセミナー開催日の翌朝06:00","LINE","ステップ配信","ATT-N02","","【LINEメッセージ 1／text】
昨日のセミナー内容を「分かった」で終わらせず、自分の計画に変えたい方へ😊

AIひとり起業ロードマップ作成会 では、今の経験や得意なことをもとに、最初の商品と集客までの順番を30分で整理していきますね🎁","","","","","セミナー申込済み・面談未予約。参加／欠席は判定しない。受付は当日23:59で実際に終了。予約完了／面談済み／営業停止は除外。","","配信基準=。本文N/O/PとUTAGE編集URLは後続列に保持。","","","本文内定義","","YouTube正本を独自リライトしない。ステータスが廃止対象または旧読者のみの場合は新規実装しない。","【LINEメッセージ 1／text】
昨日のセミナー内容を「分かった」で終わらせず、自分の計画に変えたい方へ😊

AIひとり起業ロードマップ作成会 では、今の経験や得意なことをもとに、最初の商品と集客までの順番を30分で整理していきますね🎁","昨日のセミナー内容を「分かった」で終わらせず、自分の計画に変えたい方へ😊

AIひとり起業ロードマップ作成会 では、今の経験や得意なことをもとに、最初の商品と集客までの順番を30分で整理していきますね🎁","昨日のセミナー内容を「分かった」で終わらせず、自分の計画に変えたい方へ。

AIひとり起業ロードマップ作成会 では、今の経験や得意なことをもとに、最初の商品と集客までの順番を30分で整理します。","https://utage-system.com/account/Y86og5tIw1hZ/scenario/9uJfawAYUqeR/step/line/cO2LU7CnUnkj/edit","cO2LU7CnUnkj"
"YouTube_ゆるAI","REVIEW_YouTube_ゆるAI_20260810","121","稼働中","メッセージ","9","ロードマップ案内_未クリック","xbw9oHnCwN8w","セミナー申込済み・面談未予約。参加／欠席は判定しない。受付は当日23:59で実際に終了。予約完了／面談済み／営業停止は除外。","同日20:00","LINE","ステップ配信","ATT-N03","","【LINEメッセージ 1／text】
参加者向けのロードマップ作成会については、これで最後のご案内ですね😌

スクールに興味があって、自分の場合の進め方を直接相談したい方だけご予約くださいね。名前とメールアドレスで予約できますよ👇

────────────

【LINEメッセージ 2／button】
{
  ""alt_text"": ""【個別】ロードマップ作成会・最後のご案内"",
  ""react_type"": ""free"",
  ""react_press_again_text"": null,
  ""thumbnail_image_url"": null,
  ""title"": ""AIひとり起業ロードマップ作成会"",
  ""text"": ""これが最後のご案内・Zoom30分"",
  ""actions"": [
    {
      ""type"": ""url"",
      ""label"": ""日程を見て予約する"",
      ""uri"": ""https://utage-system.com/event/DkY6Co3mN1oB/register"",
      ""add_label_id"": null,
      ""del_label_id"": null
    }
  ]
}","[
  {
    ""url"": ""https://utage-system.com/event/DkY6Co3mN1oB/register"",
    ""action_id"": ""lMxbsrSPWV9W"",
    ""expiration_type"": ""none""
  }
]","[
  {
    ""url"": ""https://utage-system.com/event/DkY6Co3mN1oB/register"",
    ""action_id"": ""lMxbsrSPWV9W"",
    ""expiration_type"": ""none""
  }
]","","","セミナー申込済み・面談未予約。参加／欠席は判定しない。受付は当日23:59で実際に終了。予約完了／面談済み／営業停止は除外。","[
  {
    ""url"": ""https://utage-system.com/event/DkY6Co3mN1oB/register"",
    ""action_id"": ""lMxbsrSPWV9W"",
    ""expiration_type"": ""none""
  }
]","配信基準=。本文N/O/PとUTAGE編集URLは後続列に保持。","","","本文内定義","","YouTube正本を独自リライトしない。ステータスが廃止対象または旧読者のみの場合は新規実装しない。","【LINEメッセージ 1／text】
参加者向けのロードマップ作成会については、これで最後のご案内ですね😌

スクールに興味があって、自分の場合の進め方を直接相談したい方だけご予約くださいね。名前とメールアドレスで予約できますよ👇

────────────

【LINEメッセージ 2／button】
{
  ""alt_text"": ""【個別】ロードマップ作成会・最後のご案内"",
  ""react_type"": ""free"",
  ""react_press_again_text"": null,
  ""thumbnail_image_url"": null,
  ""title"": ""AIひとり起業ロードマップ作成会"",
  ""text"": ""これが最後のご案内・Zoom30分"",
  ""actions"": [
    {
      ""type"": ""url"",
      ""label"": ""日程を見て予約する"",
      ""uri"": ""https://utage-system.com/event/DkY6Co3mN1oB/register"",
      ""add_label_id"": null,
      ""del_label_id"": null
    }
  ]
}","参加者向けのロードマップ作成会については、これで最後のご案内ですね😌

スクールに興味があって、自分の場合の進め方を直接相談したい方だけご予約くださいね。名前とメールアドレスで予約できますよ👇","参加者向けのロードマップ作成会については、これで最後のご案内です。

自分の場合の進め方を直接相談したい方はぜひご予約ください。名前とメールアドレスで予約できます。

[面談予約URL]","https://utage-system.com/account/Y86og5tIw1hZ/scenario/9uJfawAYUqeR/step/line/xbw9oHnCwN8w/edit","xbw9oHnCwN8w"
"YouTube_ゆるAI","REVIEW_YouTube_ゆるAI_20260810","122","稼働中","メッセージ","10","ロードマップ案内_クリック済","SYNF1KACwEzd","セミナー申込済み・面談未予約。参加／欠席は判定しない。受付は当日23:59で実際に終了。予約完了／面談済み／営業停止は除外。","ページクリック15分後（同日23:59まで）","LINE","ステップ配信","ATT-C01","","【LINEメッセージ 1／text】
%line_name%さん、ロードマップ作成会の日程ページまで見てくださってありがとうございます😊

合う枠が見つからなかった場合も、時間を置くと空き状況が変わることがありますよ。もう一度こちらから確認できます(^^)","","","","","セミナー申込済み・面談未予約。参加／欠席は判定しない。受付は当日23:59で実際に終了。予約完了／面談済み／営業停止は除外。","","配信基準=。本文N/O/PとUTAGE編集URLは後続列に保持。","","","本文内定義","","YouTube正本を独自リライトしない。ステータスが廃止対象または旧読者のみの場合は新規実装しない。","【LINEメッセージ 1／text】
%line_name%さん、ロードマップ作成会の日程ページまで見てくださってありがとうございます😊

合う枠が見つからなかった場合も、時間を置くと空き状況が変わることがありますよ。もう一度こちらから確認できます(^^)","%line_name%さん、ロードマップ作成会の日程ページまで見てくださってありがとうございます😊

合う枠が見つからなかった場合も、時間を置くと空き状況が変わることがありますよ。もう一度こちらから確認できます(^^)","[name]さん、ロードマップ作成会の日程ページまでありがとうございます。

合う枠が見つからなかった場合は、時間を置くと空き状況が変わることがあります。もう一度こちらから確認できます。","https://utage-system.com/account/Y86og5tIw1hZ/scenario/WaWrM4BWtUx3/step/line/SYNF1KACwEzd/edit","SYNF1KACwEzd"
"YouTube_ゆるAI","REVIEW_YouTube_ゆるAI_20260810","123","稼働中","メッセージ","10","ロードマップ案内_クリック済","do913Up1Agmm","セミナー申込済み・面談未予約。参加／欠席は判定しない。受付は当日23:59で実際に終了。予約完了／面談済み／営業停止は除外。","ページクリック2時間後（同日23:59まで）","LINE","ステップ配信","ATT-C02","","【LINEメッセージ 1／text】
作成会はZoom30分です😊 事前課題はなく、予約は名前とメールアドレスだけでOKですよ。

セミナーで学んだ全体像を、あなたの経験・時間・目標に合わせて具体化していきますね✨","","","","","セミナー申込済み・面談未予約。参加／欠席は判定しない。受付は当日23:59で実際に終了。予約完了／面談済み／営業停止は除外。","","配信基準=。本文N/O/PとUTAGE編集URLは後続列に保持。","","","本文内定義","","YouTube正本を独自リライトしない。ステータスが廃止対象または旧読者のみの場合は新規実装しない。","【LINEメッセージ 1／text】
作成会はZoom30分です😊 事前課題はなく、予約は名前とメールアドレスだけでOKですよ。

セミナーで学んだ全体像を、あなたの経験・時間・目標に合わせて具体化していきますね✨","作成会はZoom30分です😊 事前課題はなく、予約は名前とメールアドレスだけでOKですよ。

セミナーで学んだ全体像を、あなたの経験・時間・目標に合わせて具体化していきますね✨","ロードマップ作成会はZoom30分です。事前課題はなく、予約は名前とメールアドレスだけ。

セミナーで学んだ全体像を、あなたの経験・時間・目標に合わせて具体化します。","https://utage-system.com/account/Y86og5tIw1hZ/scenario/WaWrM4BWtUx3/step/line/do913Up1Agmm/edit","do913Up1Agmm"
"YouTube_ゆるAI","REVIEW_YouTube_ゆるAI_20260810","124","稼働中","メッセージ","10","ロードマップ案内_クリック済","UQK3EIApCLhQ","セミナー申込済み・面談未予約。参加／欠席は判定しない。受付は当日23:59で実際に終了。予約完了／面談済み／営業停止は除外。","ページクリック5時間後（同日23:59まで）","LINE","ステップ配信","ATT-C03","","【LINEメッセージ 1／text】
「まだ商品も発信テーマも決まっていない」という状態でも大丈夫ですよ😌

何を作るかを決めるところからロードマップにしていきますね。スクールの説明も行うので、受講に関心がある方に向いた会です👇

────────────

【LINEメッセージ 2／button】
{
  ""alt_text"": ""【個別】AIひとり起業ロードマップ作成会のご案内"",
  ""react_type"": ""free"",
  ""react_press_again_text"": null,
  ""thumbnail_image_url"": null,
  ""title"": ""AIひとり起業ロードマップ作成会"",
  ""text"": ""Zoom30分・名前とメールだけで予約OK"",
  ""actions"": [
    {
      ""type"": ""url"",
      ""label"": ""日程を見て予約する"",
      ""uri"": ""https://utage-system.com/event/DkY6Co3mN1oB/register"",
      ""add_label_id"": null,
      ""del_label_id"": null
    }
  ]
}","[
  {
    ""url"": ""https://utage-system.com/event/DkY6Co3mN1oB/register"",
    ""action_id"": ""lMxbsrSPWV9W"",
    ""expiration_type"": ""none""
  }
]","[
  {
    ""url"": ""https://utage-system.com/event/DkY6Co3mN1oB/register"",
    ""action_id"": ""lMxbsrSPWV9W"",
    ""expiration_type"": ""none""
  }
]","","","セミナー申込済み・面談未予約。参加／欠席は判定しない。受付は当日23:59で実際に終了。予約完了／面談済み／営業停止は除外。","[
  {
    ""url"": ""https://utage-system.com/event/DkY6Co3mN1oB/register"",
    ""action_id"": ""lMxbsrSPWV9W"",
    ""expiration_type"": ""none""
  }
]","配信基準=。本文N/O/PとUTAGE編集URLは後続列に保持。","","","本文内定義","","YouTube正本を独自リライトしない。ステータスが廃止対象または旧読者のみの場合は新規実装しない。","【LINEメッセージ 1／text】
「まだ商品も発信テーマも決まっていない」という状態でも大丈夫ですよ😌

何を作るかを決めるところからロードマップにしていきますね。スクールの説明も行うので、受講に関心がある方に向いた会です👇

────────────

【LINEメッセージ 2／button】
{
  ""alt_text"": ""【個別】AIひとり起業ロードマップ作成会のご案内"",
  ""react_type"": ""free"",
  ""react_press_again_text"": null,
  ""thumbnail_image_url"": null,
  ""title"": ""AIひとり起業ロードマップ作成会"",
  ""text"": ""Zoom30分・名前とメールだけで予約OK"",
  ""actions"": [
    {
      ""type"": ""url"",
      ""label"": ""日程を見て予約する"",
      ""uri"": ""https://utage-system.com/event/DkY6Co3mN1oB/register"",
      ""add_label_id"": null,
      ""del_label_id"": null
    }
  ]
}","「まだ商品も発信テーマも決まっていない」という状態でも大丈夫ですよ😌

何を作るかを決めるところからロードマップにしていきますね。スクールの説明も行うので、受講に関心がある方に向いた会です👇","「まだ商品も発信テーマも決まっていない」という状態で大丈夫です。

何を作るかを決めるところからロードマップにします。AI未経験者、初心者でも全く問題ございません。
[面談予約URL]","https://utage-system.com/account/Y86og5tIw1hZ/scenario/WaWrM4BWtUx3/step/line/UQK3EIApCLhQ/edit","UQK3EIApCLhQ"
"YouTube_ゆるAI","REVIEW_YouTube_ゆるAI_20260810","125","稼働中","メッセージ","10","ロードマップ案内_クリック済","DqIbgdnGuXWJ","セミナー申込済み・面談未予約。参加／欠席は判定しない。受付は当日23:59で実際に終了。予約完了／面談済み／営業停止は除外。","ページクリック10時間後（同日23:59まで）","LINE","ステップ配信","ATT-C04","","【LINEメッセージ 1／text】
セミナーの熱があるうちに、次の一歩を決めちゃいましょう😊

一人で考えて止まりそうなら、30分で優先順位を整理しましょうね(^^)","","","","","セミナー申込済み・面談未予約。参加／欠席は判定しない。受付は当日23:59で実際に終了。予約完了／面談済み／営業停止は除外。","","配信基準=。本文N/O/PとUTAGE編集URLは後続列に保持。","","","本文内定義","","YouTube正本を独自リライトしない。ステータスが廃止対象または旧読者のみの場合は新規実装しない。","【LINEメッセージ 1／text】
セミナーの熱があるうちに、次の一歩を決めちゃいましょう😊

一人で考えて止まりそうなら、30分で優先順位を整理しましょうね(^^)","セミナーの熱があるうちに、次の一歩を決めちゃいましょう😊

一人で考えて止まりそうなら、30分で優先順位を整理しましょうね(^^)","セミナーの熱があるうちに、次の一歩を決める。

一人で考えて止まりそうなら、30分で優先順位を整理しましょう。","https://utage-system.com/account/Y86og5tIw1hZ/scenario/WaWrM4BWtUx3/step/line/DqIbgdnGuXWJ/edit","DqIbgdnGuXWJ"
"YouTube_ゆるAI","REVIEW_YouTube_ゆるAI_20260810","126","稼働中","メッセージ","10","ロードマップ案内_クリック済","R6S0f0lJiip5","セミナー申込済み・面談未予約。参加／欠席は判定しない。受付は当日23:59で実際に終了。予約完了／面談済み／営業停止は除外。","同日12:00（未経過時のみ）","LINE","ステップ配信","ATT-C05","","【LINEメッセージ 1／text】
%line_name%さん、昨日ページを見て迷っていた方へ😌

作成会で決めるのは、いきなり受講するかどうかだけではないんです。まず「自分に合う事業テーマと進め方」を一緒に確認していきますね🙌","","","","","セミナー申込済み・面談未予約。参加／欠席は判定しない。受付は当日23:59で実際に終了。予約完了／面談済み／営業停止は除外。","","配信基準=。本文N/O/PとUTAGE編集URLは後続列に保持。","","","本文内定義","","YouTube正本を独自リライトしない。ステータスが廃止対象または旧読者のみの場合は新規実装しない。","【LINEメッセージ 1／text】
%line_name%さん、昨日ページを見て迷っていた方へ😌

作成会で決めるのは、いきなり受講するかどうかだけではないんです。まず「自分に合う事業テーマと進め方」を一緒に確認していきますね🙌","%line_name%さん、昨日ページを見て迷っていた方へ😌

作成会で決めるのは、いきなり受講するかどうかだけではないんです。まず「自分に合う事業テーマと進め方」を一緒に確認していきますね🙌","[name]さん、昨日ページを見て迷っていた方へ。

作成会で決めるのは、いきなり受講するかどうかだけではありません。まず「自分に合う事業テーマと進め方」を一緒に確認します。","https://utage-system.com/account/Y86og5tIw1hZ/scenario/WaWrM4BWtUx3/step/line/R6S0f0lJiip5/edit","R6S0f0lJiip5"
"YouTube_ゆるAI","REVIEW_YouTube_ゆるAI_20260810","127","稼働中","メッセージ","10","ロードマップ案内_クリック済","nHv86RZEKktF","セミナー申込済み・面談未予約。参加／欠席は判定しない。受付は当日23:59で実際に終了。予約完了／面談済み／営業停止は除外。","同日15:00（未経過時のみ）","LINE","ステップ配信","ATT-C06","","【LINEメッセージ 1／text】
AIを使ったひとり起業では、やることを増やすより、何をやらないかまで決めることが大切なんですよ😊

今の状況から、最短の順番を一緒に組み立てていきますね💡","","","","","セミナー申込済み・面談未予約。参加／欠席は判定しない。受付は当日23:59で実際に終了。予約完了／面談済み／営業停止は除外。","","配信基準=。本文N/O/PとUTAGE編集URLは後続列に保持。","","","本文内定義","","YouTube正本を独自リライトしない。ステータスが廃止対象または旧読者のみの場合は新規実装しない。","【LINEメッセージ 1／text】
AIを使ったひとり起業では、やることを増やすより、何をやらないかまで決めることが大切なんですよ😊

今の状況から、最短の順番を一緒に組み立てていきますね💡","AIを使ったひとり起業では、やることを増やすより、何をやらないかまで決めることが大切なんですよ😊

今の状況から、最短の順番を一緒に組み立てていきますね💡","AIを使ったひとり起業では、やることを増やすより、何をやらないかまで決めることが重要です。

今の状況から、最短の順番を組み立てます。","https://utage-system.com/account/Y86og5tIw1hZ/scenario/WaWrM4BWtUx3/step/line/nHv86RZEKktF/edit","nHv86RZEKktF"
"YouTube_ゆるAI","REVIEW_YouTube_ゆるAI_20260810","128","稼働中","メッセージ","10","ロードマップ案内_クリック済","IHNRxZag2dSb","セミナー申込済み・面談未予約。参加／欠席は判定しない。受付は当日23:59で実際に終了。予約完了／面談済み／営業停止は除外。","同日18:00（未経過時のみ）","LINE","ステップ配信","ATT-C07","","【LINEメッセージ 1／text】
予約後に都合が変わった場合も、日程変更できるので安心してくださいね😊

時間が合うかだけでも、こちらから気軽に確認してください👇

────────────

【LINEメッセージ 2／button】
{
  ""alt_text"": ""【個別】ロードマップ作成会・予約後も日程変更OK"",
  ""react_type"": ""free"",
  ""react_press_again_text"": null,
  ""thumbnail_image_url"": null,
  ""title"": ""AIひとり起業ロードマップ作成会"",
  ""text"": ""予約後の日程変更OK・Zoom30分"",
  ""actions"": [
    {
      ""type"": ""url"",
      ""label"": ""日程を見て予約する"",
      ""uri"": ""https://utage-system.com/event/DkY6Co3mN1oB/register"",
      ""add_label_id"": null,
      ""del_label_id"": null
    }
  ]
}","[
  {
    ""url"": ""https://utage-system.com/event/DkY6Co3mN1oB/register"",
    ""action_id"": ""lMxbsrSPWV9W"",
    ""expiration_type"": ""none""
  }
]","[
  {
    ""url"": ""https://utage-system.com/event/DkY6Co3mN1oB/register"",
    ""action_id"": ""lMxbsrSPWV9W"",
    ""expiration_type"": ""none""
  }
]","","","セミナー申込済み・面談未予約。参加／欠席は判定しない。受付は当日23:59で実際に終了。予約完了／面談済み／営業停止は除外。","[
  {
    ""url"": ""https://utage-system.com/event/DkY6Co3mN1oB/register"",
    ""action_id"": ""lMxbsrSPWV9W"",
    ""expiration_type"": ""none""
  }
]","配信基準=。本文N/O/PとUTAGE編集URLは後続列に保持。","","","本文内定義","","YouTube正本を独自リライトしない。ステータスが廃止対象または旧読者のみの場合は新規実装しない。","【LINEメッセージ 1／text】
予約後に都合が変わった場合も、日程変更できるので安心してくださいね😊

時間が合うかだけでも、こちらから気軽に確認してください👇

────────────

【LINEメッセージ 2／button】
{
  ""alt_text"": ""【個別】ロードマップ作成会・予約後も日程変更OK"",
  ""react_type"": ""free"",
  ""react_press_again_text"": null,
  ""thumbnail_image_url"": null,
  ""title"": ""AIひとり起業ロードマップ作成会"",
  ""text"": ""予約後の日程変更OK・Zoom30分"",
  ""actions"": [
    {
      ""type"": ""url"",
      ""label"": ""日程を見て予約する"",
      ""uri"": ""https://utage-system.com/event/DkY6Co3mN1oB/register"",
      ""add_label_id"": null,
      ""del_label_id"": null
    }
  ]
}","予約後に都合が変わった場合も、日程変更できるので安心してくださいね😊

時間が合うかだけでも、こちらから気軽に確認してください👇","予約後に都合が変わった場合は、日程変更できます。

時間が合うかだけでも、こちらから確認してください。
[面談予約URL]","https://utage-system.com/account/Y86og5tIw1hZ/scenario/WaWrM4BWtUx3/step/line/IHNRxZag2dSb/edit","IHNRxZag2dSb"
"YouTube_ゆるAI","REVIEW_YouTube_ゆるAI_20260810","129","稼働中","メッセージ","10","ロードマップ案内_クリック済","hIwrgVWlkj7R","セミナー申込済み・面談未予約。参加／欠席は判定しない。受付は当日23:59で実際に終了。予約完了／面談済み／営業停止は除外。","同日20:00（未経過時のみ）","LINE","ステップ配信","ATT-C08","","【LINEメッセージ 1／text】
受付は残りわずかな時間です⏰

これは実際の受付期限に基づくご案内です。スクールの内容も聞いたうえで、自分に必要かを判断したい方はご予約くださいね😊","","","","","セミナー申込済み・面談未予約。参加／欠席は判定しない。受付は当日23:59で実際に終了。予約完了／面談済み／営業停止は除外。","","配信基準=。本文N/O/PとUTAGE編集URLは後続列に保持。","","","本文内定義","","YouTube正本を独自リライトしない。ステータスが廃止対象または旧読者のみの場合は新規実装しない。","【LINEメッセージ 1／text】
受付は残りわずかな時間です⏰

これは実際の受付期限に基づくご案内です。スクールの内容も聞いたうえで、自分に必要かを判断したい方はご予約くださいね😊","受付は残りわずかな時間です⏰

これは実際の受付期限に基づくご案内です。スクールの内容も聞いたうえで、自分に必要かを判断したい方はご予約くださいね😊","受付は残りわずかな時間です。

これは実際の受付期限に基づくご案内です。スクールの内容も聞いたうえで、自分に必要かを判断したい方はご予約ください。
[面談予約URL]","https://utage-system.com/account/Y86og5tIw1hZ/scenario/WaWrM4BWtUx3/step/line/hIwrgVWlkj7R/edit","hIwrgVWlkj7R"
"YouTube_ゆるAI","REVIEW_YouTube_ゆるAI_20260810","130","稼働中","メッセージ","10","ロードマップ案内_クリック済","vjWTxNc4SzJR","セミナー申込済み・面談未予約。参加／欠席は判定しない。受付は当日23:59で実際に終了。予約完了／面談済み／営業停止は除外。","同日22:00（未経過時のみ）","LINE","ステップ配信","ATT-C09","","【LINEメッセージ 1／text】
あと数時間で、今回の参加者向け案内を終了しますね⏰

考え続けるより、一度話して方向を明確にしたい方はこちらです👇

────────────

【LINEメッセージ 2／button】
{
  ""alt_text"": ""【個別】ロードマップ作成会・まもなく受付終了"",
  ""react_type"": ""free"",
  ""react_press_again_text"": null,
  ""thumbnail_image_url"": null,
  ""title"": ""AIひとり起業ロードマップ作成会"",
  ""text"": ""今回の案内はまもなく終了"",
  ""actions"": [
    {
      ""type"": ""url"",
      ""label"": ""日程を見て予約する"",
      ""uri"": ""https://utage-system.com/event/DkY6Co3mN1oB/register"",
      ""add_label_id"": null,
      ""del_label_id"": null
    }
  ]
}","[
  {
    ""url"": ""https://utage-system.com/event/DkY6Co3mN1oB/register"",
    ""action_id"": ""lMxbsrSPWV9W"",
    ""expiration_type"": ""none""
  }
]","[
  {
    ""url"": ""https://utage-system.com/event/DkY6Co3mN1oB/register"",
    ""action_id"": ""lMxbsrSPWV9W"",
    ""expiration_type"": ""none""
  }
]","","","セミナー申込済み・面談未予約。参加／欠席は判定しない。受付は当日23:59で実際に終了。予約完了／面談済み／営業停止は除外。","[
  {
    ""url"": ""https://utage-system.com/event/DkY6Co3mN1oB/register"",
    ""action_id"": ""lMxbsrSPWV9W"",
    ""expiration_type"": ""none""
  }
]","配信基準=。本文N/O/PとUTAGE編集URLは後続列に保持。","","","本文内定義","","YouTube正本を独自リライトしない。ステータスが廃止対象または旧読者のみの場合は新規実装しない。","【LINEメッセージ 1／text】
あと数時間で、今回の参加者向け案内を終了しますね⏰

考え続けるより、一度話して方向を明確にしたい方はこちらです👇

────────────

【LINEメッセージ 2／button】
{
  ""alt_text"": ""【個別】ロードマップ作成会・まもなく受付終了"",
  ""react_type"": ""free"",
  ""react_press_again_text"": null,
  ""thumbnail_image_url"": null,
  ""title"": ""AIひとり起業ロードマップ作成会"",
  ""text"": ""今回の案内はまもなく終了"",
  ""actions"": [
    {
      ""type"": ""url"",
      ""label"": ""日程を見て予約する"",
      ""uri"": ""https://utage-system.com/event/DkY6Co3mN1oB/register"",
      ""add_label_id"": null,
      ""del_label_id"": null
    }
  ]
}","あと数時間で、今回の参加者向け案内を終了しますね⏰

考え続けるより、一度話して方向を明確にしたい方はこちらです👇","あと数時間で、今回の参加者向け案内を終了します。

考え続けるより、一度話して方向を明確にしたい方はこちらです。
[面談予約URL]","https://utage-system.com/account/Y86og5tIw1hZ/scenario/WaWrM4BWtUx3/step/line/vjWTxNc4SzJR/edit","vjWTxNc4SzJR"
"YouTube_ゆるAI","REVIEW_YouTube_ゆるAI_20260810","131","稼働中","メッセージ","10","ロードマップ案内_クリック済","qjo7yaI34Vo1","セミナー申込済み・面談未予約。参加／欠席は判定しない。受付は当日23:59で実際に終了。予約完了／面談済み／営業停止は除外。","同日23:00（最終）","LINE","ステップ配信","ATT-C10","","【LINEメッセージ 1／text】
これで最後です🔥

AIひとり起業ロードマップ作成会 の受付をまもなく終了します。参加したい方は、今のうちに予約を完了してくださいね(^^)","","","","","セミナー申込済み・面談未予約。参加／欠席は判定しない。受付は当日23:59で実際に終了。予約完了／面談済み／営業停止は除外。","","配信基準=。本文N/O/PとUTAGE編集URLは後続列に保持。","","","本文内定義","","YouTube正本を独自リライトしない。ステータスが廃止対象または旧読者のみの場合は新規実装しない。","【LINEメッセージ 1／text】
これで最後です🔥

AIひとり起業ロードマップ作成会 の受付をまもなく終了します。参加したい方は、今のうちに予約を完了してくださいね(^^)","これで最後です🔥

AIひとり起業ロードマップ作成会 の受付をまもなく終了します。参加したい方は、今のうちに予約を完了してくださいね(^^)","これで最後です。

AIひとり起業ロードマップ作成会 の受付をまもなく終了します。参加したい方は、今のうちに予約を完了してください。","https://utage-system.com/account/Y86og5tIw1hZ/scenario/WaWrM4BWtUx3/step/line/qjo7yaI34Vo1/edit","qjo7yaI34Vo1"
"YouTube_ゆるAI","REVIEW_YouTube_ゆるAI_20260810","132","稼働中","メッセージ","11","VSL_未開封","erP64nKaKQfs","VSL未視聴・面談未予約。視聴開始で未視聴を停止、視聴完了で未視聴・途中を停止。予約完了／面談済み／営業停止は除外。VSL初回開始から72時間。","0日後 10:00","LINE","ステップ配信","VSL-U01","","【LINEメッセージ 1／image】
{
  ""original_content_url"": ""https://utagesystem.s3.ap-northeast-1.wasabisys.com/GX6OYW2fVtRD/BP6jdJufvGaM.png""
}

────────────

【LINEメッセージ 2／text】
欠席・参加不明の方：見逃した方・復習したい方へ😊
未申込の方：日程が合わなかった方向けの特別公開です✨

AIでひとり起業攻略法 の内容を、本日から3日間だけ視聴できちゃいます🎁
公開終了：8月2日(土)23:59👇

────────────

【LINEメッセージ 3／button】
{
  ""alt_text"": ""【動画】期間限定・無料公開のご案内"",
  ""react_type"": ""free"",
  ""react_press_again_text"": null,
  ""thumbnail_image_url"": null,
  ""title"": ""LINE友だち限定 プレミアム無料動画"",
  ""text"": ""無料公開は登録から3日間・スマホ視聴OK"",
  ""actions"": [
    {
      ""type"": ""url"",
      ""label"": ""動画を見る"",
      ""uri"": ""https://utage-system.com/p/m6COEDrJH2BP"",
      ""add_label_id"": null,
      ""del_label_id"": null
    }
  ]
}","[
  {
    ""url"": ""https://utage-system.com/p/m6COEDrJH2BP"",
    ""action_id"": ""mjNKfwKZJRag"",
    ""expiration_type"": ""none""
  }
]","[
  {
    ""url"": ""https://utage-system.com/p/m6COEDrJH2BP"",
    ""action_id"": ""mjNKfwKZJRag"",
    ""expiration_type"": ""none""
  }
]","","","VSL未視聴・面談未予約。視聴開始で未視聴を停止、視聴完了で未視聴・途中を停止。予約完了／面談済み／営業停止は除外。VSL初回開始から72時間。","[
  {
    ""url"": ""https://utage-system.com/p/m6COEDrJH2BP"",
    ""action_id"": ""mjNKfwKZJRag"",
    ""expiration_type"": ""none""
  }
]","配信基準=。本文N/O/PとUTAGE編集URLは後続列に保持。","https://utagesystem.s3.ap-northeast-1.wasabisys.com/GX6OYW2fVtRD/BP6jdJufvGaM.png","","本文内定義","","YouTube正本を独自リライトしない。ステータスが廃止対象または旧読者のみの場合は新規実装しない。","【LINEメッセージ 1／image】
{
  ""original_content_url"": ""https://utagesystem.s3.ap-northeast-1.wasabisys.com/GX6OYW2fVtRD/BP6jdJufvGaM.png""
}

────────────

【LINEメッセージ 2／text】
欠席・参加不明の方：見逃した方・復習したい方へ😊
未申込の方：日程が合わなかった方向けの特別公開です✨

AIでひとり起業攻略法 の内容を、本日から3日間だけ視聴できちゃいます🎁
公開終了：8月2日(土)23:59👇

────────────

【LINEメッセージ 3／button】
{
  ""alt_text"": ""【動画】期間限定・無料公開のご案内"",
  ""react_type"": ""free"",
  ""react_press_again_text"": null,
  ""thumbnail_image_url"": null,
  ""title"": ""LINE友だち限定 プレミアム無料動画"",
  ""text"": ""無料公開は登録から3日間・スマホ視聴OK"",
  ""actions"": [
    {
      ""type"": ""url"",
      ""label"": ""動画を見る"",
      ""uri"": ""https://utage-system.com/p/m6COEDrJH2BP"",
      ""add_label_id"": null,
      ""del_label_id"": null
    }
  ]
}","欠席・参加不明の方：見逃した方・復習したい方へ😊
未申込の方：日程が合わなかった方向けの特別公開です✨

AIでひとり起業攻略法 の内容を、本日から3日間だけ視聴できちゃいます🎁
公開終了：8月2日(土)23:59👇","欠席・参加不明の方：見逃した方・復習したい方へ。
未申込の方：日程が合わなかった方向けの特別公開です。

AIでひとり起業攻略法 の内容を、本日から3日間だけ視聴できます。
公開終了：[VSL終了日時]

[VSLURL]","https://utage-system.com/account/Y86og5tIw1hZ/scenario/6vW01x7mDumA/step/line/erP64nKaKQfs/edit","erP64nKaKQfs"
"YouTube_ゆるAI","REVIEW_YouTube_ゆるAI_20260810","133","稼働中","メッセージ","11","VSL_未開封","t0CViMJ6jbZk","VSL未視聴・面談未予約。視聴開始で未視聴を停止、視聴完了で未視聴・途中を停止。予約完了／面談済み／営業停止は除外。VSL初回開始から72時間。","0日後 13:00","LINE","ステップ配信","VSL-U02","","【LINEメッセージ 1／text】
先ほど期間限定の動画を公開しましたよ〜🎥

AIツールの紹介だけじゃなくて、自分に合う事業テーマをどう見つけて、商品・集客・販売へつなげるかを順番に解説しています😊👇

────────────

【LINEメッセージ 2／button】
{
  ""alt_text"": ""【動画】期間限定・無料公開のご案内"",
  ""react_type"": ""free"",
  ""react_press_again_text"": null,
  ""thumbnail_image_url"": null,
  ""title"": ""LINE友だち限定 プレミアム無料動画"",
  ""text"": ""無料公開は登録から3日間・スマホ視聴OK"",
  ""actions"": [
    {
      ""type"": ""url"",
      ""label"": ""動画を見る"",
      ""uri"": ""https://utage-system.com/p/m6COEDrJH2BP"",
      ""add_label_id"": null,
      ""del_label_id"": null
    }
  ]
}","[
  {
    ""url"": ""https://utage-system.com/p/m6COEDrJH2BP"",
    ""action_id"": ""mjNKfwKZJRag"",
    ""expiration_type"": ""none""
  }
]","[
  {
    ""url"": ""https://utage-system.com/p/m6COEDrJH2BP"",
    ""action_id"": ""mjNKfwKZJRag"",
    ""expiration_type"": ""none""
  }
]","","","VSL未視聴・面談未予約。視聴開始で未視聴を停止、視聴完了で未視聴・途中を停止。予約完了／面談済み／営業停止は除外。VSL初回開始から72時間。","[
  {
    ""url"": ""https://utage-system.com/p/m6COEDrJH2BP"",
    ""action_id"": ""mjNKfwKZJRag"",
    ""expiration_type"": ""none""
  }
]","配信基準=。本文N/O/PとUTAGE編集URLは後続列に保持。","","","本文内定義","","YouTube正本を独自リライトしない。ステータスが廃止対象または旧読者のみの場合は新規実装しない。","【LINEメッセージ 1／text】
先ほど期間限定の動画を公開しましたよ〜🎥

AIツールの紹介だけじゃなくて、自分に合う事業テーマをどう見つけて、商品・集客・販売へつなげるかを順番に解説しています😊👇

────────────

【LINEメッセージ 2／button】
{
  ""alt_text"": ""【動画】期間限定・無料公開のご案内"",
  ""react_type"": ""free"",
  ""react_press_again_text"": null,
  ""thumbnail_image_url"": null,
  ""title"": ""LINE友だち限定 プレミアム無料動画"",
  ""text"": ""無料公開は登録から3日間・スマホ視聴OK"",
  ""actions"": [
    {
      ""type"": ""url"",
      ""label"": ""動画を見る"",
      ""uri"": ""https://utage-system.com/p/m6COEDrJH2BP"",
      ""add_label_id"": null,
      ""del_label_id"": null
    }
  ]
}","先ほど期間限定の動画を公開しましたよ〜🎥

AIツールの紹介だけじゃなくて、自分に合う事業テーマをどう見つけて、商品・集客・販売へつなげるかを順番に解説しています😊👇","先ほど期間限定動画を公開しました。

AIツールの紹介だけではなく、自分に合う事業テーマをどう見つけ、商品・集客・販売へつなげるかを順番に解説しています。

[VSLURL]","https://utage-system.com/account/Y86og5tIw1hZ/scenario/6vW01x7mDumA/step/line/t0CViMJ6jbZk/edit","t0CViMJ6jbZk"
"YouTube_ゆるAI","REVIEW_YouTube_ゆるAI_20260810","134","稼働中","メッセージ","11","VSL_未開封","WrAkXMAcgVcn","VSL未視聴・面談未予約。視聴開始で未視聴を停止、視聴完了で未視聴・途中を停止。予約完了／面談済み／営業停止は除外。VSL初回開始から72時間。","0日後 18:00","LINE","ステップ配信","VSL-U03","","【LINEメッセージ 1／text】
%line_name%さん、まだ動画を開いていないみたいでした👀

まとまった時間がなくても大丈夫なので、まずはページを開いて視聴できる状態だけ確認しておいてくださいね😊 公開は3日間です🔥","","","","","VSL未視聴・面談未予約。視聴開始で未視聴を停止、視聴完了で未視聴・途中を停止。予約完了／面談済み／営業停止は除外。VSL初回開始から72時間。","","配信基準=。本文N/O/PとUTAGE編集URLは後続列に保持。","","","本文内定義","","YouTube正本を独自リライトしない。ステータスが廃止対象または旧読者のみの場合は新規実装しない。","【LINEメッセージ 1／text】
%line_name%さん、まだ動画を開いていないみたいでした👀

まとまった時間がなくても大丈夫なので、まずはページを開いて視聴できる状態だけ確認しておいてくださいね😊 公開は3日間です🔥","%line_name%さん、まだ動画を開いていないみたいでした👀

まとまった時間がなくても大丈夫なので、まずはページを開いて視聴できる状態だけ確認しておいてくださいね😊 公開は3日間です🔥","[name]さん、まだ動画を開いていないようでしたら、

まとまった時間がなくても、まずページを開いて視聴できる状態だけ確認しておいてください。公開は3日間限定です。","https://utage-system.com/account/Y86og5tIw1hZ/scenario/6vW01x7mDumA/step/line/WrAkXMAcgVcn/edit","WrAkXMAcgVcn"
"YouTube_ゆるAI","REVIEW_YouTube_ゆるAI_20260810","135","稼働中","メッセージ","11","VSL_未開封","mbbRaBAoA64G","VSL未視聴・面談未予約。視聴開始で未視聴を停止、視聴完了で未視聴・途中を停止。予約完了／面談済み／営業停止は除外。VSL初回開始から72時間。","0日後 21:00","LINE","ステップ配信","VSL-U04","","【LINEメッセージ 1／text】
AIについて学んでも行動に移せないときって、能力よりも進める順番が曖昧なことが多いんです💡

動画では、ひとりで事業を形にする全体の流れをまるっとお伝えしていますよ😊👇

────────────

【LINEメッセージ 2／button】
{
  ""alt_text"": ""【動画】期間限定・無料公開のご案内"",
  ""react_type"": ""free"",
  ""react_press_again_text"": null,
  ""thumbnail_image_url"": null,
  ""title"": ""LINE友だち限定 プレミアム無料動画"",
  ""text"": ""無料公開は登録から3日間・スマホ視聴OK"",
  ""actions"": [
    {
      ""type"": ""url"",
      ""label"": ""動画を見る"",
      ""uri"": ""https://utage-system.com/p/m6COEDrJH2BP"",
      ""add_label_id"": null,
      ""del_label_id"": null
    }
  ]
}","[
  {
    ""url"": ""https://utage-system.com/p/m6COEDrJH2BP"",
    ""action_id"": ""mjNKfwKZJRag"",
    ""expiration_type"": ""none""
  }
]","[
  {
    ""url"": ""https://utage-system.com/p/m6COEDrJH2BP"",
    ""action_id"": ""mjNKfwKZJRag"",
    ""expiration_type"": ""none""
  }
]","","","VSL未視聴・面談未予約。視聴開始で未視聴を停止、視聴完了で未視聴・途中を停止。予約完了／面談済み／営業停止は除外。VSL初回開始から72時間。","[
  {
    ""url"": ""https://utage-system.com/p/m6COEDrJH2BP"",
    ""action_id"": ""mjNKfwKZJRag"",
    ""expiration_type"": ""none""
  }
]","配信基準=。本文N/O/PとUTAGE編集URLは後続列に保持。","","","本文内定義","","YouTube正本を独自リライトしない。ステータスが廃止対象または旧読者のみの場合は新規実装しない。","【LINEメッセージ 1／text】
AIについて学んでも行動に移せないときって、能力よりも進める順番が曖昧なことが多いんです💡

動画では、ひとりで事業を形にする全体の流れをまるっとお伝えしていますよ😊👇

────────────

【LINEメッセージ 2／button】
{
  ""alt_text"": ""【動画】期間限定・無料公開のご案内"",
  ""react_type"": ""free"",
  ""react_press_again_text"": null,
  ""thumbnail_image_url"": null,
  ""title"": ""LINE友だち限定 プレミアム無料動画"",
  ""text"": ""無料公開は登録から3日間・スマホ視聴OK"",
  ""actions"": [
    {
      ""type"": ""url"",
      ""label"": ""動画を見る"",
      ""uri"": ""https://utage-system.com/p/m6COEDrJH2BP"",
      ""add_label_id"": null,
      ""del_label_id"": null
    }
  ]
}","AIについて学んでも行動に移せないときって、能力よりも進める順番が曖昧なことが多いんです💡

動画では、ひとりで事業を形にする全体の流れをまるっとお伝えしていますよ😊👇","AIについて学んでも行動に移せないときは、能力よりも進める順番が曖昧なことが多いです。

動画では、ひとりで事業を形にする全体の流れをお伝えしています。
[VSLURL]","https://utage-system.com/account/Y86og5tIw1hZ/scenario/6vW01x7mDumA/step/line/mbbRaBAoA64G/edit","mbbRaBAoA64G"
"YouTube_ゆるAI","REVIEW_YouTube_ゆるAI_20260810","136","稼働中","メッセージ","11","VSL_未開封","lhRYYqfY3Z65","VSL未視聴・面談未予約。視聴開始で未視聴を停止、視聴完了で未視聴・途中を停止。予約完了／面談済み／営業停止は除外。VSL初回開始から72時間。","1日後 9:00","LINE","ステップ配信","VSL-U05","","【LINEメッセージ 1／text】
公開2日目です😊

まだ視聴を始めていない方へ。自分の商品がない状態からでも考えられる内容になっていますよ✨","","","","","VSL未視聴・面談未予約。視聴開始で未視聴を停止、視聴完了で未視聴・途中を停止。予約完了／面談済み／営業停止は除外。VSL初回開始から72時間。","","配信基準=。本文N/O/PとUTAGE編集URLは後続列に保持。","","","本文内定義","","YouTube正本を独自リライトしない。ステータスが廃止対象または旧読者のみの場合は新規実装しない。","【LINEメッセージ 1／text】
公開2日目です😊

まだ視聴を始めていない方へ。自分の商品がない状態からでも考えられる内容になっていますよ✨","公開2日目です😊

まだ視聴を始めていない方へ。自分の商品がない状態からでも考えられる内容になっていますよ✨","公開2日目。

多くの感想をいただきありがとうございます。
AIで会社経営する未来が現実的になったなどの声をたくさんいただいております。","https://utage-system.com/account/Y86og5tIw1hZ/scenario/6vW01x7mDumA/step/line/lhRYYqfY3Z65/edit","lhRYYqfY3Z65"
"YouTube_ゆるAI","REVIEW_YouTube_ゆるAI_20260810","137","稼働中","メッセージ","11","VSL_未開封","40JbjOH3V041","VSL未視聴・面談未予約。視聴開始で未視聴を停止、視聴完了で未視聴・途中を停止。予約完了／面談済み／営業停止は除外。VSL初回開始から72時間。","1日後 13:00","LINE","ステップ配信","VSL-U06","","【LINEメッセージ 1／text】
「AIを使えるようになってから事業を考える」必要は、実はないんです😌

何を作りたいかを考えながら、必要なAIの使い方を身につけていく方法もありますよ💡 動画でその考え方をぜひ確認してみてくださいね👇

────────────

【LINEメッセージ 2／button】
{
  ""alt_text"": ""【動画】期間限定・無料公開のご案内"",
  ""react_type"": ""free"",
  ""react_press_again_text"": null,
  ""thumbnail_image_url"": null,
  ""title"": ""LINE友だち限定 プレミアム無料動画"",
  ""text"": ""無料公開は登録から3日間・スマホ視聴OK"",
  ""actions"": [
    {
      ""type"": ""url"",
      ""label"": ""動画を見る"",
      ""uri"": ""https://utage-system.com/p/m6COEDrJH2BP"",
      ""add_label_id"": null,
      ""del_label_id"": null
    }
  ]
}","[
  {
    ""url"": ""https://utage-system.com/p/m6COEDrJH2BP"",
    ""action_id"": ""mjNKfwKZJRag"",
    ""expiration_type"": ""none""
  }
]","[
  {
    ""url"": ""https://utage-system.com/p/m6COEDrJH2BP"",
    ""action_id"": ""mjNKfwKZJRag"",
    ""expiration_type"": ""none""
  }
]","","","VSL未視聴・面談未予約。視聴開始で未視聴を停止、視聴完了で未視聴・途中を停止。予約完了／面談済み／営業停止は除外。VSL初回開始から72時間。","[
  {
    ""url"": ""https://utage-system.com/p/m6COEDrJH2BP"",
    ""action_id"": ""mjNKfwKZJRag"",
    ""expiration_type"": ""none""
  }
]","配信基準=。本文N/O/PとUTAGE編集URLは後続列に保持。","","","本文内定義","","YouTube正本を独自リライトしない。ステータスが廃止対象または旧読者のみの場合は新規実装しない。","【LINEメッセージ 1／text】
「AIを使えるようになってから事業を考える」必要は、実はないんです😌

何を作りたいかを考えながら、必要なAIの使い方を身につけていく方法もありますよ💡 動画でその考え方をぜひ確認してみてくださいね👇

────────────

【LINEメッセージ 2／button】
{
  ""alt_text"": ""【動画】期間限定・無料公開のご案内"",
  ""react_type"": ""free"",
  ""react_press_again_text"": null,
  ""thumbnail_image_url"": null,
  ""title"": ""LINE友だち限定 プレミアム無料動画"",
  ""text"": ""無料公開は登録から3日間・スマホ視聴OK"",
  ""actions"": [
    {
      ""type"": ""url"",
      ""label"": ""動画を見る"",
      ""uri"": ""https://utage-system.com/p/m6COEDrJH2BP"",
      ""add_label_id"": null,
      ""del_label_id"": null
    }
  ]
}","「AIを使えるようになってから事業を考える」必要は、実はないんです😌

何を作りたいかを考えながら、必要なAIの使い方を身につけていく方法もありますよ💡 動画でその考え方をぜひ確認してみてくださいね👇","「AIを使えるようになってから事業を考える」必要はありません。

何を作りたいかを考えながら、必要なAIの使い方を身につける方法もあります。動画でその考え方を確認してください。
[VSLURL]","https://utage-system.com/account/Y86og5tIw1hZ/scenario/6vW01x7mDumA/step/line/40JbjOH3V041/edit","40JbjOH3V041"
"YouTube_ゆるAI","REVIEW_YouTube_ゆるAI_20260810","138","稼働中","メッセージ","11","VSL_未開封","pl8XyFNAsg3R","VSL未視聴・面談未予約。視聴開始で未視聴を停止、視聴完了で未視聴・途中を停止。予約完了／面談済み／営業停止は除外。VSL初回開始から72時間。","1日後 18:00","LINE","ステップ配信","VSL-U07","","【LINEメッセージ 1／text】
%line_name%さん、公開期間は明日までですよ⏰

視聴後、スクールに興味がある方は AIひとり起業ロードマップ作成会 へ進めます😊 まずは内容を見て、自分に必要かどうか判断してみてくださいね🔥","","","","","VSL未視聴・面談未予約。視聴開始で未視聴を停止、視聴完了で未視聴・途中を停止。予約完了／面談済み／営業停止は除外。VSL初回開始から72時間。","","配信基準=。本文N/O/PとUTAGE編集URLは後続列に保持。","","","本文内定義","","YouTube正本を独自リライトしない。ステータスが廃止対象または旧読者のみの場合は新規実装しない。","【LINEメッセージ 1／text】
%line_name%さん、公開期間は明日までですよ⏰

視聴後、スクールに興味がある方は AIひとり起業ロードマップ作成会 へ進めます😊 まずは内容を見て、自分に必要かどうか判断してみてくださいね🔥","%line_name%さん、公開期間は明日までですよ⏰

視聴後、スクールに興味がある方は AIひとり起業ロードマップ作成会 へ進めます😊 まずは内容を見て、自分に必要かどうか判断してみてくださいね🔥","[name]さん、公開期間は明日までです。

視聴後、スクールに興味がある方は AIひとり起業ロードマップ作成会 へ進めます。まずは内容を見て、自分に必要か判断してください。","https://utage-system.com/account/Y86og5tIw1hZ/scenario/6vW01x7mDumA/step/line/pl8XyFNAsg3R/edit","pl8XyFNAsg3R"
"YouTube_ゆるAI","REVIEW_YouTube_ゆるAI_20260810","139","稼働中","メッセージ","11","VSL_未開封","eLjR3vW1Po0s","VSL未視聴・面談未予約。視聴開始で未視聴を停止、視聴完了で未視聴・途中を停止。予約完了／面談済み／営業停止は除外。VSL初回開始から72時間。","1日後 21:00","LINE","ステップ配信","VSL-U08","","【LINEメッセージ 1／text】
今日のうちに見始めておくと、明日は必要な箇所をじっくり見直す時間に使えますよ😊

終了：8月2日(土)23:59📣

────────────

【LINEメッセージ 2／button】
{
  ""alt_text"": ""【動画】期間限定・無料公開のご案内"",
  ""react_type"": ""free"",
  ""react_press_again_text"": null,
  ""thumbnail_image_url"": null,
  ""title"": ""LINE友だち限定 プレミアム無料動画"",
  ""text"": ""無料公開は登録から3日間・スマホ視聴OK"",
  ""actions"": [
    {
      ""type"": ""url"",
      ""label"": ""動画を見る"",
      ""uri"": ""https://utage-system.com/p/m6COEDrJH2BP"",
      ""add_label_id"": null,
      ""del_label_id"": null
    }
  ]
}","[
  {
    ""url"": ""https://utage-system.com/p/m6COEDrJH2BP"",
    ""action_id"": ""mjNKfwKZJRag"",
    ""expiration_type"": ""none""
  }
]","[
  {
    ""url"": ""https://utage-system.com/p/m6COEDrJH2BP"",
    ""action_id"": ""mjNKfwKZJRag"",
    ""expiration_type"": ""none""
  }
]","","","VSL未視聴・面談未予約。視聴開始で未視聴を停止、視聴完了で未視聴・途中を停止。予約完了／面談済み／営業停止は除外。VSL初回開始から72時間。","[
  {
    ""url"": ""https://utage-system.com/p/m6COEDrJH2BP"",
    ""action_id"": ""mjNKfwKZJRag"",
    ""expiration_type"": ""none""
  }
]","配信基準=。本文N/O/PとUTAGE編集URLは後続列に保持。","","","本文内定義","","YouTube正本を独自リライトしない。ステータスが廃止対象または旧読者のみの場合は新規実装しない。","【LINEメッセージ 1／text】
今日のうちに見始めておくと、明日は必要な箇所をじっくり見直す時間に使えますよ😊

終了：8月2日(土)23:59📣

────────────

【LINEメッセージ 2／button】
{
  ""alt_text"": ""【動画】期間限定・無料公開のご案内"",
  ""react_type"": ""free"",
  ""react_press_again_text"": null,
  ""thumbnail_image_url"": null,
  ""title"": ""LINE友だち限定 プレミアム無料動画"",
  ""text"": ""無料公開は登録から3日間・スマホ視聴OK"",
  ""actions"": [
    {
      ""type"": ""url"",
      ""label"": ""動画を見る"",
      ""uri"": ""https://utage-system.com/p/m6COEDrJH2BP"",
      ""add_label_id"": null,
      ""del_label_id"": null
    }
  ]
}","今日のうちに見始めておくと、明日は必要な箇所をじっくり見直す時間に使えますよ😊

終了：8月2日(土)23:59📣","今日のうちに見始めておくと、明日は必要な箇所を見直す時間に使えます。

視聴ページ：[VSLURL]
終了：[VSL終了日時]","https://utage-system.com/account/Y86og5tIw1hZ/scenario/6vW01x7mDumA/step/line/eLjR3vW1Po0s/edit","eLjR3vW1Po0s"
"YouTube_ゆるAI","REVIEW_YouTube_ゆるAI_20260810","140","稼働中","メッセージ","11","VSL_未開封","pNiEq3QAw7li","VSL未視聴・面談未予約。視聴開始で未視聴を停止、視聴完了で未視聴・途中を停止。予約完了／面談済み／営業停止は除外。VSL初回開始から72時間。","2日後 8:00","LINE","ステップ配信","VSL-U09","","【LINEメッセージ 1／text】
本日23:59で公開終了です⏰

日程が合わずライブに参加できなかった方も、今日中ならまだ内容を確認できますよ😊✨","","","","","VSL未視聴・面談未予約。視聴開始で未視聴を停止、視聴完了で未視聴・途中を停止。予約完了／面談済み／営業停止は除外。VSL初回開始から72時間。","","配信基準=。本文N/O/PとUTAGE編集URLは後続列に保持。","","","本文内定義","","YouTube正本を独自リライトしない。ステータスが廃止対象または旧読者のみの場合は新規実装しない。","【LINEメッセージ 1／text】
本日23:59で公開終了です⏰

日程が合わずライブに参加できなかった方も、今日中ならまだ内容を確認できますよ😊✨","本日23:59で公開終了です⏰

日程が合わずライブに参加できなかった方も、今日中ならまだ内容を確認できますよ😊✨","本日23:59で公開終了です。

日程が合わずライブに参加できなかった方も、今日中なら内容を確認できます。","https://utage-system.com/account/Y86og5tIw1hZ/scenario/6vW01x7mDumA/step/line/pNiEq3QAw7li/edit","pNiEq3QAw7li"
"YouTube_ゆるAI","REVIEW_YouTube_ゆるAI_20260810","141","稼働中","メッセージ","11","VSL_未開封","rshejwulCzb8","VSL未視聴・面談未予約。視聴開始で未視聴を停止、視聴完了で未視聴・途中を停止。予約完了／面談済み／営業停止は除外。VSL初回開始から72時間。","2日後 10:00","LINE","ステップ配信","VSL-U10","","【LINEメッセージ 1／text】
いよいよ公開最終日になりました🔥

AIでひとり起業するために、テーマ・商品・集客・販売をどうつなぐのか。まだ見ていない方は、今日の予定にぜひ視聴時間を入れてくださいね😊👇

────────────

【LINEメッセージ 2／button】
{
  ""alt_text"": ""【動画】本日が公開最終日です"",
  ""react_type"": ""free"",
  ""react_press_again_text"": null,
  ""thumbnail_image_url"": null,
  ""title"": ""LINE友だち限定 プレミアム無料動画"",
  ""text"": ""公開は本日まで・スマホ視聴OK"",
  ""actions"": [
    {
      ""type"": ""url"",
      ""label"": ""動画を見る"",
      ""uri"": ""https://utage-system.com/p/m6COEDrJH2BP"",
      ""add_label_id"": null,
      ""del_label_id"": null
    }
  ]
}","[
  {
    ""url"": ""https://utage-system.com/p/m6COEDrJH2BP"",
    ""action_id"": ""mjNKfwKZJRag"",
    ""expiration_type"": ""none""
  }
]","[
  {
    ""url"": ""https://utage-system.com/p/m6COEDrJH2BP"",
    ""action_id"": ""mjNKfwKZJRag"",
    ""expiration_type"": ""none""
  }
]","","","VSL未視聴・面談未予約。視聴開始で未視聴を停止、視聴完了で未視聴・途中を停止。予約完了／面談済み／営業停止は除外。VSL初回開始から72時間。","[
  {
    ""url"": ""https://utage-system.com/p/m6COEDrJH2BP"",
    ""action_id"": ""mjNKfwKZJRag"",
    ""expiration_type"": ""none""
  }
]","配信基準=。本文N/O/PとUTAGE編集URLは後続列に保持。","","","本文内定義","","YouTube正本を独自リライトしない。ステータスが廃止対象または旧読者のみの場合は新規実装しない。","【LINEメッセージ 1／text】
いよいよ公開最終日になりました🔥

AIでひとり起業するために、テーマ・商品・集客・販売をどうつなぐのか。まだ見ていない方は、今日の予定にぜひ視聴時間を入れてくださいね😊👇

────────────

【LINEメッセージ 2／button】
{
  ""alt_text"": ""【動画】本日が公開最終日です"",
  ""react_type"": ""free"",
  ""react_press_again_text"": null,
  ""thumbnail_image_url"": null,
  ""title"": ""LINE友だち限定 プレミアム無料動画"",
  ""text"": ""公開は本日まで・スマホ視聴OK"",
  ""actions"": [
    {
      ""type"": ""url"",
      ""label"": ""動画を見る"",
      ""uri"": ""https://utage-system.com/p/m6COEDrJH2BP"",
      ""add_label_id"": null,
      ""del_label_id"": null
    }
  ]
}","いよいよ公開最終日になりました🔥

AIでひとり起業するために、テーマ・商品・集客・販売をどうつなぐのか。まだ見ていない方は、今日の予定にぜひ視聴時間を入れてくださいね😊👇","公開最終日になりました。

AIでひとり起業するために、テーマ・商品・集客・販売をどうつなぐのか。まだ見ていない方は、今日の予定に視聴時間を入れてください。
[VSLURL]","https://utage-system.com/account/Y86og5tIw1hZ/scenario/6vW01x7mDumA/step/line/rshejwulCzb8/edit","rshejwulCzb8"
"YouTube_ゆるAI","REVIEW_YouTube_ゆるAI_20260810","142","稼働中","メッセージ","11","VSL_未開封","rSdX9Ug0LLj1","VSL未視聴・面談未予約。視聴開始で未視聴を停止、視聴完了で未視聴・途中を停止。予約完了／面談済み／営業停止は除外。VSL初回開始から72時間。","2日後 12:00","LINE","ステップ配信","VSL-U11","","【LINEメッセージ 1／text】
あと半日ほどで終了しちゃいます⏰

ページを開いていないまま期限を迎えると、今回の動画は見られなくなります。必要なら今のうちにぜひご覧くださいね🔥","","","","","VSL未視聴・面談未予約。視聴開始で未視聴を停止、視聴完了で未視聴・途中を停止。予約完了／面談済み／営業停止は除外。VSL初回開始から72時間。","","配信基準=。本文N/O/PとUTAGE編集URLは後続列に保持。","","","本文内定義","","YouTube正本を独自リライトしない。ステータスが廃止対象または旧読者のみの場合は新規実装しない。","【LINEメッセージ 1／text】
あと半日ほどで終了しちゃいます⏰

ページを開いていないまま期限を迎えると、今回の動画は見られなくなります。必要なら今のうちにぜひご覧くださいね🔥","あと半日ほどで終了しちゃいます⏰

ページを開いていないまま期限を迎えると、今回の動画は見られなくなります。必要なら今のうちにぜひご覧くださいね🔥","あと半日ほどで終了します。

ページを開いていないまま期限を迎えると、今回の動画は見られなくなります。必要なら今のうちにご覧ください。","https://utage-system.com/account/Y86og5tIw1hZ/scenario/6vW01x7mDumA/step/line/rSdX9Ug0LLj1/edit","rSdX9Ug0LLj1"
"YouTube_ゆるAI","REVIEW_YouTube_ゆるAI_20260810","143","稼働中","メッセージ","11","VSL_未開封","5LCZMUE4Si6x","VSL未視聴・面談未予約。視聴開始で未視聴を停止、視聴完了で未視聴・途中を停止。予約完了／面談済み／営業停止は除外。VSL初回開始から72時間。","2日後 15:00","LINE","ステップ配信","VSL-U12","","【LINEメッセージ 1／text】
%line_name%さん、まだ間に合いますよ😊

完璧に理解しようとせず、まずは全体像をざっと通して見るのがおすすめです✨ 公開は本日23:59までです👇

────────────

【LINEメッセージ 2／button】
{
  ""alt_text"": ""【動画】公開は本日23:59まで"",
  ""react_type"": ""free"",
  ""react_press_again_text"": null,
  ""thumbnail_image_url"": null,
  ""title"": ""LINE友だち限定 プレミアム無料動画"",
  ""text"": ""公開は本日23:59まで"",
  ""actions"": [
    {
      ""type"": ""url"",
      ""label"": ""動画を見る"",
      ""uri"": ""https://utage-system.com/p/m6COEDrJH2BP"",
      ""add_label_id"": null,
      ""del_label_id"": null
    }
  ]
}","[
  {
    ""url"": ""https://utage-system.com/p/m6COEDrJH2BP"",
    ""action_id"": ""mjNKfwKZJRag"",
    ""expiration_type"": ""none""
  }
]","[
  {
    ""url"": ""https://utage-system.com/p/m6COEDrJH2BP"",
    ""action_id"": ""mjNKfwKZJRag"",
    ""expiration_type"": ""none""
  }
]","","","VSL未視聴・面談未予約。視聴開始で未視聴を停止、視聴完了で未視聴・途中を停止。予約完了／面談済み／営業停止は除外。VSL初回開始から72時間。","[
  {
    ""url"": ""https://utage-system.com/p/m6COEDrJH2BP"",
    ""action_id"": ""mjNKfwKZJRag"",
    ""expiration_type"": ""none""
  }
]","配信基準=。本文N/O/PとUTAGE編集URLは後続列に保持。","","","本文内定義","","YouTube正本を独自リライトしない。ステータスが廃止対象または旧読者のみの場合は新規実装しない。","【LINEメッセージ 1／text】
%line_name%さん、まだ間に合いますよ😊

完璧に理解しようとせず、まずは全体像をざっと通して見るのがおすすめです✨ 公開は本日23:59までです👇

────────────

【LINEメッセージ 2／button】
{
  ""alt_text"": ""【動画】公開は本日23:59まで"",
  ""react_type"": ""free"",
  ""react_press_again_text"": null,
  ""thumbnail_image_url"": null,
  ""title"": ""LINE友だち限定 プレミアム無料動画"",
  ""text"": ""公開は本日23:59まで"",
  ""actions"": [
    {
      ""type"": ""url"",
      ""label"": ""動画を見る"",
      ""uri"": ""https://utage-system.com/p/m6COEDrJH2BP"",
      ""add_label_id"": null,
      ""del_label_id"": null
    }
  ]
}","%line_name%さん、まだ間に合いますよ😊

完璧に理解しようとせず、まずは全体像をざっと通して見るのがおすすめです✨ 公開は本日23:59までです👇","[name]さん、まだ間に合います。

完璧に理解しようとせず、まず全体像を通して見るのがおすすめです。公開は本日23:59までです。
[VSLURL]","https://utage-system.com/account/Y86og5tIw1hZ/scenario/6vW01x7mDumA/step/line/5LCZMUE4Si6x/edit","5LCZMUE4Si6x"
"YouTube_ゆるAI","REVIEW_YouTube_ゆるAI_20260810","144","稼働中","メッセージ","11","VSL_未開封","8lEagN0kny0j","VSL未視聴・面談未予約。視聴開始で未視聴を停止、視聴完了で未視聴・途中を停止。予約完了／面談済み／営業停止は除外。VSL初回開始から72時間。","2日後 18:00","LINE","ステップ配信","VSL-U13","","【LINEメッセージ 1／text】
残り6時間です⏰

今回の3日限定公開は、今夜で終了します。AIの情報収集から、自分の事業を作る側へ進みたい方はぜひご視聴くださいね😊✨","","","","","VSL未視聴・面談未予約。視聴開始で未視聴を停止、視聴完了で未視聴・途中を停止。予約完了／面談済み／営業停止は除外。VSL初回開始から72時間。","","配信基準=。本文N/O/PとUTAGE編集URLは後続列に保持。","","","本文内定義","","YouTube正本を独自リライトしない。ステータスが廃止対象または旧読者のみの場合は新規実装しない。","【LINEメッセージ 1／text】
残り6時間です⏰

今回の3日限定公開は、今夜で終了します。AIの情報収集から、自分の事業を作る側へ進みたい方はぜひご視聴くださいね😊✨","残り6時間です⏰

今回の3日限定公開は、今夜で終了します。AIの情報収集から、自分の事業を作る側へ進みたい方はぜひご視聴くださいね😊✨","残り6時間。

今回の3日限定公開は今夜で終了します。AIの情報収集から、自分の事業を作る側へ進みたい方はご視聴ください。","https://utage-system.com/account/Y86og5tIw1hZ/scenario/6vW01x7mDumA/step/line/8lEagN0kny0j/edit","8lEagN0kny0j"
"YouTube_ゆるAI","REVIEW_YouTube_ゆるAI_20260810","145","稼働中","メッセージ","11","VSL_未開封","hYYgJFw7xNEl","VSL未視聴・面談未予約。視聴開始で未視聴を停止、視聴完了で未視聴・途中を停止。予約完了／面談済み／営業停止は除外。VSL初回開始から72時間。","2日後 21:00","LINE","ステップ配信","VSL-U14","","【LINEメッセージ 1／text】
終了まであと3時間です⏰

視聴するか迷っていた方へ😊 ページを開けるのは本日23:59までですよ👇

────────────

【LINEメッセージ 2／button】
{
  ""alt_text"": ""【動画】終了まであと3時間です"",
  ""react_type"": ""free"",
  ""react_press_again_text"": null,
  ""thumbnail_image_url"": null,
  ""title"": ""LINE友だち限定 プレミアム無料動画"",
  ""text"": ""終了まであと3時間"",
  ""actions"": [
    {
      ""type"": ""url"",
      ""label"": ""動画を見る"",
      ""uri"": ""https://utage-system.com/p/m6COEDrJH2BP"",
      ""add_label_id"": null,
      ""del_label_id"": null
    }
  ]
}","[
  {
    ""url"": ""https://utage-system.com/p/m6COEDrJH2BP"",
    ""action_id"": ""mjNKfwKZJRag"",
    ""expiration_type"": ""none""
  }
]","[
  {
    ""url"": ""https://utage-system.com/p/m6COEDrJH2BP"",
    ""action_id"": ""mjNKfwKZJRag"",
    ""expiration_type"": ""none""
  }
]","","","VSL未視聴・面談未予約。視聴開始で未視聴を停止、視聴完了で未視聴・途中を停止。予約完了／面談済み／営業停止は除外。VSL初回開始から72時間。","[
  {
    ""url"": ""https://utage-system.com/p/m6COEDrJH2BP"",
    ""action_id"": ""mjNKfwKZJRag"",
    ""expiration_type"": ""none""
  }
]","配信基準=。本文N/O/PとUTAGE編集URLは後続列に保持。","","","本文内定義","","YouTube正本を独自リライトしない。ステータスが廃止対象または旧読者のみの場合は新規実装しない。","【LINEメッセージ 1／text】
終了まであと3時間です⏰

視聴するか迷っていた方へ😊 ページを開けるのは本日23:59までですよ👇

────────────

【LINEメッセージ 2／button】
{
  ""alt_text"": ""【動画】終了まであと3時間です"",
  ""react_type"": ""free"",
  ""react_press_again_text"": null,
  ""thumbnail_image_url"": null,
  ""title"": ""LINE友だち限定 プレミアム無料動画"",
  ""text"": ""終了まであと3時間"",
  ""actions"": [
    {
      ""type"": ""url"",
      ""label"": ""動画を見る"",
      ""uri"": ""https://utage-system.com/p/m6COEDrJH2BP"",
      ""add_label_id"": null,
      ""del_label_id"": null
    }
  ]
}","終了まであと3時間です⏰

視聴するか迷っていた方へ😊 ページを開けるのは本日23:59までですよ👇","終了まであと3時間です。

視聴するか迷っていた方へ。ページを開けるのは本日23:59までです。
[VSLURL]","https://utage-system.com/account/Y86og5tIw1hZ/scenario/6vW01x7mDumA/step/line/hYYgJFw7xNEl/edit","hYYgJFw7xNEl"
"YouTube_ゆるAI","REVIEW_YouTube_ゆるAI_20260810","146","稼働中","メッセージ","11","VSL_未開封","ZjANTpPHmTOH","VSL未視聴・面談未予約。視聴開始で未視聴を停止、視聴完了で未視聴・途中を停止。予約完了／面談済み／営業停止は除外。VSL初回開始から72時間。","2日後 23:00","LINE","ステップ配信","VSL-U15","","【LINEメッセージ 1／text】
あと1時間で公開終了です⏰

これが3日限定公開の最後のご案内になります🙏 見ておきたい方は、今すぐ視聴ページを開いてくださいね🔥","","","","","VSL未視聴・面談未予約。視聴開始で未視聴を停止、視聴完了で未視聴・途中を停止。予約完了／面談済み／営業停止は除外。VSL初回開始から72時間。","","配信基準=。本文N/O/PとUTAGE編集URLは後続列に保持。","","","本文内定義","","YouTube正本を独自リライトしない。ステータスが廃止対象または旧読者のみの場合は新規実装しない。","【LINEメッセージ 1／text】
あと1時間で公開終了です⏰

これが3日限定公開の最後のご案内になります🙏 見ておきたい方は、今すぐ視聴ページを開いてくださいね🔥","あと1時間で公開終了です⏰

これが3日限定公開の最後のご案内になります🙏 見ておきたい方は、今すぐ視聴ページを開いてくださいね🔥","あと1時間で公開終了です。

これが3日限定公開の最後のご案内です。見ておきたい方は、今すぐ視聴ページを開いてください。","https://utage-system.com/account/Y86og5tIw1hZ/scenario/6vW01x7mDumA/step/line/ZjANTpPHmTOH/edit","ZjANTpPHmTOH"
"YouTube_ゆるAI","REVIEW_YouTube_ゆるAI_20260810","147","稼働中","メッセージ","12","VSL_一部視聴","jd8LZ2WGD22p","VSL途中視聴・面談未予約。視聴開始で未視聴を停止、視聴完了で未視聴・途中を停止。予約完了／面談済み／営業停止は除外。VSL初回開始から72時間。","30分 後","LINE","ステップ配信","VSL-P01","","【LINEメッセージ 1／text】
%line_name%さん、動画を開いてくださってありがとうございます😊🎉

途中で止めちゃった場合も、こちらから続きに戻れますよ👇

────────────

【LINEメッセージ 2／button】
{
  ""alt_text"": ""【動画】続きはこちらから再生できます"",
  ""react_type"": ""free"",
  ""react_press_again_text"": null,
  ""thumbnail_image_url"": null,
  ""title"": ""LINE友だち限定 プレミアム無料動画"",
  ""text"": ""途中から続きを再生できます"",
  ""actions"": [
    {
      ""type"": ""url"",
      ""label"": ""動画を見る"",
      ""uri"": ""https://utage-system.com/p/m6COEDrJH2BP"",
      ""add_label_id"": null,
      ""del_label_id"": null
    }
  ]
}","[
  {
    ""url"": ""https://utage-system.com/p/m6COEDrJH2BP"",
    ""action_id"": ""mjNKfwKZJRag"",
    ""expiration_type"": ""none""
  }
]","[
  {
    ""url"": ""https://utage-system.com/p/m6COEDrJH2BP"",
    ""action_id"": ""mjNKfwKZJRag"",
    ""expiration_type"": ""none""
  }
]","","","VSL途中視聴・面談未予約。視聴開始で未視聴を停止、視聴完了で未視聴・途中を停止。予約完了／面談済み／営業停止は除外。VSL初回開始から72時間。","[
  {
    ""url"": ""https://utage-system.com/p/m6COEDrJH2BP"",
    ""action_id"": ""mjNKfwKZJRag"",
    ""expiration_type"": ""none""
  }
]","配信基準=。本文N/O/PとUTAGE編集URLは後続列に保持。","","","本文内定義","","YouTube正本を独自リライトしない。ステータスが廃止対象または旧読者のみの場合は新規実装しない。","【LINEメッセージ 1／text】
%line_name%さん、動画を開いてくださってありがとうございます😊🎉

途中で止めちゃった場合も、こちらから続きに戻れますよ👇

────────────

【LINEメッセージ 2／button】
{
  ""alt_text"": ""【動画】続きはこちらから再生できます"",
  ""react_type"": ""free"",
  ""react_press_again_text"": null,
  ""thumbnail_image_url"": null,
  ""title"": ""LINE友だち限定 プレミアム無料動画"",
  ""text"": ""途中から続きを再生できます"",
  ""actions"": [
    {
      ""type"": ""url"",
      ""label"": ""動画を見る"",
      ""uri"": ""https://utage-system.com/p/m6COEDrJH2BP"",
      ""add_label_id"": null,
      ""del_label_id"": null
    }
  ]
}","%line_name%さん、動画を開いてくださってありがとうございます😊🎉

途中で止めちゃった場合も、こちらから続きに戻れますよ👇","[name]さん、動画を開いてくださりありがとうございます。

途中で止めた場合は、こちらから続きに戻れます。
[VSLURL]","https://utage-system.com/account/Y86og5tIw1hZ/scenario/XjJ8DIN9vJ1f/step/line/jd8LZ2WGD22p/edit","jd8LZ2WGD22p"
"YouTube_ゆるAI","REVIEW_YouTube_ゆるAI_20260810","148","稼働中","メッセージ","12","VSL_一部視聴","RLqgOQRNAf29","VSL途中視聴・面談未予約。視聴開始で未視聴を停止、視聴完了で未視聴・途中を停止。予約完了／面談済み／営業停止は除外。VSL初回開始から72時間。","0日後 17:00","LINE","ステップ配信","VSL-P02","","【LINEメッセージ 1／text】
一度で見切れなくても大丈夫ですよ😊

ただ、テーマ選びから販売までがちゃんとつながっているので、公開期間中に最後まで通して見るのがおすすめです✨","","","","","VSL途中視聴・面談未予約。視聴開始で未視聴を停止、視聴完了で未視聴・途中を停止。予約完了／面談済み／営業停止は除外。VSL初回開始から72時間。","","配信基準=。本文N/O/PとUTAGE編集URLは後続列に保持。","","","本文内定義","","YouTube正本を独自リライトしない。ステータスが廃止対象または旧読者のみの場合は新規実装しない。","【LINEメッセージ 1／text】
一度で見切れなくても大丈夫ですよ😊

ただ、テーマ選びから販売までがちゃんとつながっているので、公開期間中に最後まで通して見るのがおすすめです✨","一度で見切れなくても大丈夫ですよ😊

ただ、テーマ選びから販売までがちゃんとつながっているので、公開期間中に最後まで通して見るのがおすすめです✨","一度で見切れなくても大丈夫です。

ただ、テーマ選びから販売までがつながっているので、公開期間中に最後まで通して見るのがおすすめです。","https://utage-system.com/account/Y86og5tIw1hZ/scenario/XjJ8DIN9vJ1f/step/line/RLqgOQRNAf29/edit","RLqgOQRNAf29"
"YouTube_ゆるAI","REVIEW_YouTube_ゆるAI_20260810","149","稼働中","メッセージ","12","VSL_一部視聴","1P8u09TqQLyk","VSL途中視聴・面談未予約。視聴開始で未視聴を停止、視聴完了で未視聴・途中を停止。予約完了／面談済み／営業停止は除外。VSL初回開始から72時間。","0日後 21:00","LINE","ステップ配信","VSL-P03","","【LINEメッセージ 1／text】
動画の途中で止まっている方へ😊

「自分なら何を事業にするか」を考えながら見ると、ただの情報じゃなくて行動の材料になりますよ💡👇

────────────

【LINEメッセージ 2／button】
{
  ""alt_text"": ""【動画】続きはこちらから再生できます"",
  ""react_type"": ""free"",
  ""react_press_again_text"": null,
  ""thumbnail_image_url"": null,
  ""title"": ""LINE友だち限定 プレミアム無料動画"",
  ""text"": ""途中から続きを再生できます"",
  ""actions"": [
    {
      ""type"": ""url"",
      ""label"": ""動画を見る"",
      ""uri"": ""https://utage-system.com/p/m6COEDrJH2BP"",
      ""add_label_id"": null,
      ""del_label_id"": null
    }
  ]
}","[
  {
    ""url"": ""https://utage-system.com/p/m6COEDrJH2BP"",
    ""action_id"": ""mjNKfwKZJRag"",
    ""expiration_type"": ""none""
  }
]","[
  {
    ""url"": ""https://utage-system.com/p/m6COEDrJH2BP"",
    ""action_id"": ""mjNKfwKZJRag"",
    ""expiration_type"": ""none""
  }
]","","","VSL途中視聴・面談未予約。視聴開始で未視聴を停止、視聴完了で未視聴・途中を停止。予約完了／面談済み／営業停止は除外。VSL初回開始から72時間。","[
  {
    ""url"": ""https://utage-system.com/p/m6COEDrJH2BP"",
    ""action_id"": ""mjNKfwKZJRag"",
    ""expiration_type"": ""none""
  }
]","配信基準=。本文N/O/PとUTAGE編集URLは後続列に保持。","","","本文内定義","","YouTube正本を独自リライトしない。ステータスが廃止対象または旧読者のみの場合は新規実装しない。","【LINEメッセージ 1／text】
動画の途中で止まっている方へ😊

「自分なら何を事業にするか」を考えながら見ると、ただの情報じゃなくて行動の材料になりますよ💡👇

────────────

【LINEメッセージ 2／button】
{
  ""alt_text"": ""【動画】続きはこちらから再生できます"",
  ""react_type"": ""free"",
  ""react_press_again_text"": null,
  ""thumbnail_image_url"": null,
  ""title"": ""LINE友だち限定 プレミアム無料動画"",
  ""text"": ""途中から続きを再生できます"",
  ""actions"": [
    {
      ""type"": ""url"",
      ""label"": ""動画を見る"",
      ""uri"": ""https://utage-system.com/p/m6COEDrJH2BP"",
      ""add_label_id"": null,
      ""del_label_id"": null
    }
  ]
}","動画の途中で止まっている方へ😊

「自分なら何を事業にするか」を考えながら見ると、ただの情報じゃなくて行動の材料になりますよ💡👇","動画の途中で止まっている方へ。

「自分なら何を事業にするか」を考えながら見ると、ただの情報ではなく行動の材料になります。
[VSLURL]","https://utage-system.com/account/Y86og5tIw1hZ/scenario/XjJ8DIN9vJ1f/step/line/1P8u09TqQLyk/edit","1P8u09TqQLyk"
"YouTube_ゆるAI","REVIEW_YouTube_ゆるAI_20260810","150","稼働中","メッセージ","12","VSL_一部視聴","hZGpXnuEz1xg","VSL途中視聴・面談未予約。視聴開始で未視聴を停止、視聴完了で未視聴・途中を停止。予約完了／面談済み／営業停止は除外。VSL初回開始から72時間。","1日後 9:00","LINE","ステップ配信","VSL-P04","","【LINEメッセージ 1／text】
昨日の続きから、いきましょう😊

視聴ページを開いて、商品・集客・販売までの流れを最後まで確認してみてくださいね🔥","","","","","VSL途中視聴・面談未予約。視聴開始で未視聴を停止、視聴完了で未視聴・途中を停止。予約完了／面談済み／営業停止は除外。VSL初回開始から72時間。","","配信基準=。本文N/O/PとUTAGE編集URLは後続列に保持。","","","本文内定義","","YouTube正本を独自リライトしない。ステータスが廃止対象または旧読者のみの場合は新規実装しない。","【LINEメッセージ 1／text】
昨日の続きから、いきましょう😊

視聴ページを開いて、商品・集客・販売までの流れを最後まで確認してみてくださいね🔥","昨日の続きから、いきましょう😊

視聴ページを開いて、商品・集客・販売までの流れを最後まで確認してみてくださいね🔥","昨日の続きから。

視聴ページを開き、商品・集客・販売までの流れを最後まで確認してください。","https://utage-system.com/account/Y86og5tIw1hZ/scenario/XjJ8DIN9vJ1f/step/line/hZGpXnuEz1xg/edit","hZGpXnuEz1xg"
"YouTube_ゆるAI","REVIEW_YouTube_ゆるAI_20260810","151","稼働中","メッセージ","12","VSL_一部視聴","suBXJeaTTYkm","VSL途中視聴・面談未予約。視聴開始で未視聴を停止、視聴完了で未視聴・途中を停止。予約完了／面談済み／営業停止は除外。VSL初回開始から72時間。","1日後 14:00","LINE","ステップ配信","VSL-P05","","【LINEメッセージ 1／text】
AIツールを増やすことより、「誰に何を届けるか」を決める方が先なんです💡

後半では、学びを事業につなげる考え方も扱っていますよ😊📣","","","","","VSL途中視聴・面談未予約。視聴開始で未視聴を停止、視聴完了で未視聴・途中を停止。予約完了／面談済み／営業停止は除外。VSL初回開始から72時間。","","配信基準=。本文N/O/PとUTAGE編集URLは後続列に保持。","","","本文内定義","","YouTube正本を独自リライトしない。ステータスが廃止対象または旧読者のみの場合は新規実装しない。","【LINEメッセージ 1／text】
AIツールを増やすことより、「誰に何を届けるか」を決める方が先なんです💡

後半では、学びを事業につなげる考え方も扱っていますよ😊📣","AIツールを増やすことより、「誰に何を届けるか」を決める方が先なんです💡

後半では、学びを事業につなげる考え方も扱っていますよ😊📣","AIツールを増やすことより、「誰に何を届けるか」を決める方が先です。

後半では、学びを事業につなげる考え方も扱っています。","https://utage-system.com/account/Y86og5tIw1hZ/scenario/XjJ8DIN9vJ1f/step/line/suBXJeaTTYkm/edit","suBXJeaTTYkm"
"YouTube_ゆるAI","REVIEW_YouTube_ゆるAI_20260810","152","稼働中","メッセージ","12","VSL_一部視聴","6kJfk5ZhL0ZI","VSL途中視聴・面談未予約。視聴開始で未視聴を停止、視聴完了で未視聴・途中を停止。予約完了／面談済み／営業停止は除外。VSL初回開始から72時間。","1日後 20:00","LINE","ステップ配信","VSL-P06","","【LINEメッセージ 1／text】
公開期限は 8月2日(土)23:59 です⏰

視聴を始めた時刻にかかわらず延長はされないので、余裕があるうちに続きをご覧くださいね😊✨","","","","","VSL途中視聴・面談未予約。視聴開始で未視聴を停止、視聴完了で未視聴・途中を停止。予約完了／面談済み／営業停止は除外。VSL初回開始から72時間。","","配信基準=。本文N/O/PとUTAGE編集URLは後続列に保持。","","","本文内定義","","YouTube正本を独自リライトしない。ステータスが廃止対象または旧読者のみの場合は新規実装しない。","【LINEメッセージ 1／text】
公開期限は 8月2日(土)23:59 です⏰

視聴を始めた時刻にかかわらず延長はされないので、余裕があるうちに続きをご覧くださいね😊✨","公開期限は 8月2日(土)23:59 です⏰

視聴を始めた時刻にかかわらず延長はされないので、余裕があるうちに続きをご覧くださいね😊✨","公開期限は [VSL終了日時] です。

視聴を始めた時刻にかかわらず延長はされないので、余裕があるうちに続きをご覧ください。","https://utage-system.com/account/Y86og5tIw1hZ/scenario/XjJ8DIN9vJ1f/step/line/6kJfk5ZhL0ZI/edit","6kJfk5ZhL0ZI"
"YouTube_ゆるAI","REVIEW_YouTube_ゆるAI_20260810","153","稼働中","メッセージ","12","VSL_一部視聴","Pkn7lktciPoS","VSL途中視聴・面談未予約。視聴開始で未視聴を停止、視聴完了で未視聴・途中を停止。予約完了／面談済み／営業停止は除外。VSL初回開始から72時間。","2日後 9:00","LINE","ステップ配信","VSL-P07","","【LINEメッセージ 1／text】
本日が視聴最終日です⏰

途中まで見た方は、今夜23:59までに続きへ戻ってきてくださいね😊🎥","","","","","VSL途中視聴・面談未予約。視聴開始で未視聴を停止、視聴完了で未視聴・途中を停止。予約完了／面談済み／営業停止は除外。VSL初回開始から72時間。","","配信基準=。本文N/O/PとUTAGE編集URLは後続列に保持。","","","本文内定義","","YouTube正本を独自リライトしない。ステータスが廃止対象または旧読者のみの場合は新規実装しない。","【LINEメッセージ 1／text】
本日が視聴最終日です⏰

途中まで見た方は、今夜23:59までに続きへ戻ってきてくださいね😊🎥","本日が視聴最終日です⏰

途中まで見た方は、今夜23:59までに続きへ戻ってきてくださいね😊🎥","本日が視聴最終日です。

途中まで見た方は、今夜23:59までに続きへ戻ってください。","https://utage-system.com/account/Y86og5tIw1hZ/scenario/XjJ8DIN9vJ1f/step/line/Pkn7lktciPoS/edit","Pkn7lktciPoS"
"YouTube_ゆるAI","REVIEW_YouTube_ゆるAI_20260810","154","稼働中","メッセージ","12","VSL_一部視聴","CiZEgXL5O3Uz","VSL途中視聴・面談未予約。視聴開始で未視聴を停止、視聴完了で未視聴・途中を停止。予約完了／面談済み／営業停止は除外。VSL初回開始から72時間。","2日後 14:00","LINE","ステップ配信","VSL-P08","","【LINEメッセージ 1／text】
残り時間が少なくなってきました⏰

見終わったら、スクールに興味がある方だけ AIひとり起業ロードマップ作成会 の日程を確認できますよ😊👇

────────────

【LINEメッセージ 2／button】
{
  ""alt_text"": ""【動画】公開は本日23:59まで"",
  ""react_type"": ""free"",
  ""react_press_again_text"": null,
  ""thumbnail_image_url"": null,
  ""title"": ""LINE友だち限定 プレミアム無料動画"",
  ""text"": ""公開は本日23:59まで"",
  ""actions"": [
    {
      ""type"": ""url"",
      ""label"": ""動画を見る"",
      ""uri"": ""https://utage-system.com/p/m6COEDrJH2BP"",
      ""add_label_id"": null,
      ""del_label_id"": null
    }
  ]
}","[
  {
    ""url"": ""https://utage-system.com/p/m6COEDrJH2BP"",
    ""action_id"": ""mjNKfwKZJRag"",
    ""expiration_type"": ""none""
  }
]","[
  {
    ""url"": ""https://utage-system.com/p/m6COEDrJH2BP"",
    ""action_id"": ""mjNKfwKZJRag"",
    ""expiration_type"": ""none""
  }
]","","","VSL途中視聴・面談未予約。視聴開始で未視聴を停止、視聴完了で未視聴・途中を停止。予約完了／面談済み／営業停止は除外。VSL初回開始から72時間。","[
  {
    ""url"": ""https://utage-system.com/p/m6COEDrJH2BP"",
    ""action_id"": ""mjNKfwKZJRag"",
    ""expiration_type"": ""none""
  }
]","配信基準=。本文N/O/PとUTAGE編集URLは後続列に保持。","","","本文内定義","","YouTube正本を独自リライトしない。ステータスが廃止対象または旧読者のみの場合は新規実装しない。","【LINEメッセージ 1／text】
残り時間が少なくなってきました⏰

見終わったら、スクールに興味がある方だけ AIひとり起業ロードマップ作成会 の日程を確認できますよ😊👇

────────────

【LINEメッセージ 2／button】
{
  ""alt_text"": ""【動画】公開は本日23:59まで"",
  ""react_type"": ""free"",
  ""react_press_again_text"": null,
  ""thumbnail_image_url"": null,
  ""title"": ""LINE友だち限定 プレミアム無料動画"",
  ""text"": ""公開は本日23:59まで"",
  ""actions"": [
    {
      ""type"": ""url"",
      ""label"": ""動画を見る"",
      ""uri"": ""https://utage-system.com/p/m6COEDrJH2BP"",
      ""add_label_id"": null,
      ""del_label_id"": null
    }
  ]
}","残り時間が少なくなってきました⏰

見終わったら、スクールに興味がある方だけ AIひとり起業ロードマップ作成会 の日程を確認できますよ😊👇","残り時間が少なくなってきました。

見終わったら、スクールに興味がある方だけ AIひとり起業ロードマップ作成会 の日程を確認できます。
[VSLURL]","https://utage-system.com/account/Y86og5tIw1hZ/scenario/XjJ8DIN9vJ1f/step/line/CiZEgXL5O3Uz/edit","CiZEgXL5O3Uz"
"YouTube_ゆるAI","REVIEW_YouTube_ゆるAI_20260810","155","稼働中","メッセージ","12","VSL_一部視聴","ETjHWlvzXGr3","VSL途中視聴・面談未予約。視聴開始で未視聴を停止、視聴完了で未視聴・途中を停止。予約完了／面談済み／営業停止は除外。VSL初回開始から72時間。","2日後 19:00","LINE","ステップ配信","VSL-P09","","【LINEメッセージ 1／text】
公開終了まであと数時間です⏰

途中のままにせず、AIで事業を作る全体像を今日中にぜひ完成させちゃいましょう😊📣","","","","","VSL途中視聴・面談未予約。視聴開始で未視聴を停止、視聴完了で未視聴・途中を停止。予約完了／面談済み／営業停止は除外。VSL初回開始から72時間。","","配信基準=。本文N/O/PとUTAGE編集URLは後続列に保持。","","","本文内定義","","YouTube正本を独自リライトしない。ステータスが廃止対象または旧読者のみの場合は新規実装しない。","【LINEメッセージ 1／text】
公開終了まであと数時間です⏰

途中のままにせず、AIで事業を作る全体像を今日中にぜひ完成させちゃいましょう😊📣","公開終了まであと数時間です⏰

途中のままにせず、AIで事業を作る全体像を今日中にぜひ完成させちゃいましょう😊📣","公開終了まであと数時間です。

途中のままにせず、AIで事業を作る全体像を今日中に完成させてください。","https://utage-system.com/account/Y86og5tIw1hZ/scenario/XjJ8DIN9vJ1f/step/line/ETjHWlvzXGr3/edit","ETjHWlvzXGr3"
"YouTube_ゆるAI","REVIEW_YouTube_ゆるAI_20260810","156","稼働中","メッセージ","12","VSL_一部視聴","WhfdR94zX0IG","VSL途中視聴・面談未予約。視聴開始で未視聴を停止、視聴完了で未視聴・途中を停止。予約完了／面談済み／営業停止は除外。VSL初回開始から72時間。","2日後 22:30","LINE","ステップ配信","VSL-P10","","【LINEメッセージ 1／text】
23:59で終了します⏰

視聴途中の方への最後のご案内です🙏 今すぐこちらから続きをご覧くださいね👇

────────────

【LINEメッセージ 2／button】
{
  ""alt_text"": ""【動画】本日23:59で終了します"",
  ""react_type"": ""free"",
  ""react_press_again_text"": null,
  ""thumbnail_image_url"": null,
  ""title"": ""LINE友だち限定 プレミアム無料動画"",
  ""text"": ""本日23:59で終了"",
  ""actions"": [
    {
      ""type"": ""url"",
      ""label"": ""動画を見る"",
      ""uri"": ""https://utage-system.com/p/m6COEDrJH2BP"",
      ""add_label_id"": null,
      ""del_label_id"": null
    }
  ]
}","[
  {
    ""url"": ""https://utage-system.com/p/m6COEDrJH2BP"",
    ""action_id"": ""mjNKfwKZJRag"",
    ""expiration_type"": ""none""
  }
]","[
  {
    ""url"": ""https://utage-system.com/p/m6COEDrJH2BP"",
    ""action_id"": ""mjNKfwKZJRag"",
    ""expiration_type"": ""none""
  }
]","","","VSL途中視聴・面談未予約。視聴開始で未視聴を停止、視聴完了で未視聴・途中を停止。予約完了／面談済み／営業停止は除外。VSL初回開始から72時間。","[
  {
    ""url"": ""https://utage-system.com/p/m6COEDrJH2BP"",
    ""action_id"": ""mjNKfwKZJRag"",
    ""expiration_type"": ""none""
  }
]","配信基準=。本文N/O/PとUTAGE編集URLは後続列に保持。","","","本文内定義","","YouTube正本を独自リライトしない。ステータスが廃止対象または旧読者のみの場合は新規実装しない。","【LINEメッセージ 1／text】
23:59で終了します⏰

視聴途中の方への最後のご案内です🙏 今すぐこちらから続きをご覧くださいね👇

────────────

【LINEメッセージ 2／button】
{
  ""alt_text"": ""【動画】本日23:59で終了します"",
  ""react_type"": ""free"",
  ""react_press_again_text"": null,
  ""thumbnail_image_url"": null,
  ""title"": ""LINE友だち限定 プレミアム無料動画"",
  ""text"": ""本日23:59で終了"",
  ""actions"": [
    {
      ""type"": ""url"",
      ""label"": ""動画を見る"",
      ""uri"": ""https://utage-system.com/p/m6COEDrJH2BP"",
      ""add_label_id"": null,
      ""del_label_id"": null
    }
  ]
}","23:59で終了します⏰

視聴途中の方への最後のご案内です🙏 今すぐこちらから続きをご覧くださいね👇","23:59で終了します。

視聴途中の方への最後のご案内です。今すぐこちらから続きをご覧ください。
[VSLURL]","https://utage-system.com/account/Y86og5tIw1hZ/scenario/XjJ8DIN9vJ1f/step/line/WhfdR94zX0IG/edit","WhfdR94zX0IG"
"YouTube_ゆるAI","REVIEW_YouTube_ゆるAI_20260810","157","稼働中","メッセージ","13","VSL_視聴完了","DciEDgOwZDeT","VSL視聴完了・面談未予約。視聴開始で未視聴を停止、視聴完了で未視聴・途中を停止。予約完了／面談済み／営業停止は除外。VSL初回開始から72時間。","登録直後","LINE","ステップ配信","VSL-C01","","【LINEメッセージ 1／text】
%line_name%さん、最後までご視聴ありがとうございました😊🎉

内容を自分の場合に落とし込んで、AIで何を事業にするか、商品・集客・販売をどの順番で作るかを整理したい方へ✨

AIひとり起業ロードマップ作成会
Zoom30分／名前・メールで予約

スクールのご案内も含むので、興味がある方だけお申し込みくださいね🎥","","","","","VSL視聴完了・面談未予約。視聴開始で未視聴を停止、視聴完了で未視聴・途中を停止。予約完了／面談済み／営業停止は除外。VSL初回開始から72時間。","","配信基準=。本文N/O/PとUTAGE編集URLは後続列に保持。","","","本文内定義","","YouTube正本を独自リライトしない。ステータスが廃止対象または旧読者のみの場合は新規実装しない。","【LINEメッセージ 1／text】
%line_name%さん、最後までご視聴ありがとうございました😊🎉

内容を自分の場合に落とし込んで、AIで何を事業にするか、商品・集客・販売をどの順番で作るかを整理したい方へ✨

AIひとり起業ロードマップ作成会
Zoom30分／名前・メールで予約

スクールのご案内も含むので、興味がある方だけお申し込みくださいね🎥","%line_name%さん、最後までご視聴ありがとうございました😊🎉

内容を自分の場合に落とし込んで、AIで何を事業にするか、商品・集客・販売をどの順番で作るかを整理したい方へ✨

AIひとり起業ロードマップ作成会
Zoom30分／名前・メールで予約

スクールのご案内も含むので、興味がある方だけお申し込みくださいね🎥","[name]さん、最後までご視聴ありがとうございました。

内容を自分の場合に落とし込み、AIで何を事業にするか、商品・集客・販売をどの順番で作るかを整理したい方へ。

AIひとり起業ロードマップ作成会
Zoom30分／名前・メールで予約

スクールのご案内も含むため、興味がある方だけお申し込みください。","https://utage-system.com/account/Y86og5tIw1hZ/scenario/LEIqoAknhkmV/step/line/DciEDgOwZDeT/edit","DciEDgOwZDeT"
"YouTube_ゆるAI","REVIEW_YouTube_ゆるAI_20260810","158","稼働中","メッセージ","13","VSL_視聴完了","wh7dGNiiq0ob","VSL視聴完了・面談未予約。視聴開始で未視聴を停止、視聴完了で未視聴・途中を停止。予約完了／面談済み／営業停止は除外。VSL初回開始から72時間。","2時間 後","LINE","ステップ配信","VSL-C02","","【LINEメッセージ 1／image】
{
  ""original_content_url"": ""https://utagesystem.s3.ap-northeast-1.wasabisys.com/GX6OYW2fVtRD/VoadmjkSafaL.png""
}

────────────

【LINEメッセージ 2／text】
動画を見て「自分の場合はどうなる？」と思った方へ😊

作成会では、経験・得意・使える時間をもとに、最初のテーマと進める順番を一緒に組み立てていきます🙌👇

────────────

【LINEメッセージ 3／button】
{
  ""alt_text"": ""【個別】AIひとり起業ロードマップ作成会のご案内"",
  ""react_type"": ""free"",
  ""react_press_again_text"": null,
  ""thumbnail_image_url"": null,
  ""title"": ""AIひとり起業ロードマップ作成会"",
  ""text"": ""Zoom30分・名前とメールだけで予約OK"",
  ""actions"": [
    {
      ""type"": ""url"",
      ""label"": ""日程を見て予約する"",
      ""uri"": ""https://utage-system.com/event/DkY6Co3mN1oB/register"",
      ""add_label_id"": null,
      ""del_label_id"": null
    }
  ]
}","[
  {
    ""url"": ""https://utage-system.com/event/DkY6Co3mN1oB/register"",
    ""action_id"": ""lMxbsrSPWV9W"",
    ""expiration_type"": ""none""
  }
]","[
  {
    ""url"": ""https://utage-system.com/event/DkY6Co3mN1oB/register"",
    ""action_id"": ""lMxbsrSPWV9W"",
    ""expiration_type"": ""none""
  }
]","","","VSL視聴完了・面談未予約。視聴開始で未視聴を停止、視聴完了で未視聴・途中を停止。予約完了／面談済み／営業停止は除外。VSL初回開始から72時間。","[
  {
    ""url"": ""https://utage-system.com/event/DkY6Co3mN1oB/register"",
    ""action_id"": ""lMxbsrSPWV9W"",
    ""expiration_type"": ""none""
  }
]","配信基準=。本文N/O/PとUTAGE編集URLは後続列に保持。","https://utagesystem.s3.ap-northeast-1.wasabisys.com/GX6OYW2fVtRD/VoadmjkSafaL.png","","本文内定義","","YouTube正本を独自リライトしない。ステータスが廃止対象または旧読者のみの場合は新規実装しない。","【LINEメッセージ 1／image】
{
  ""original_content_url"": ""https://utagesystem.s3.ap-northeast-1.wasabisys.com/GX6OYW2fVtRD/VoadmjkSafaL.png""
}

────────────

【LINEメッセージ 2／text】
動画を見て「自分の場合はどうなる？」と思った方へ😊

作成会では、経験・得意・使える時間をもとに、最初のテーマと進める順番を一緒に組み立てていきます🙌👇

────────────

【LINEメッセージ 3／button】
{
  ""alt_text"": ""【個別】AIひとり起業ロードマップ作成会のご案内"",
  ""react_type"": ""free"",
  ""react_press_again_text"": null,
  ""thumbnail_image_url"": null,
  ""title"": ""AIひとり起業ロードマップ作成会"",
  ""text"": ""Zoom30分・名前とメールだけで予約OK"",
  ""actions"": [
    {
      ""type"": ""url"",
      ""label"": ""日程を見て予約する"",
      ""uri"": ""https://utage-system.com/event/DkY6Co3mN1oB/register"",
      ""add_label_id"": null,
      ""del_label_id"": null
    }
  ]
}","動画を見て「自分の場合はどうなる？」と思った方へ😊

作成会では、経験・得意・使える時間をもとに、最初のテーマと進める順番を一緒に組み立てていきます🙌👇","動画を見て「自分の場合はどうなる？」と思った方へ。

作成会では、経験・得意・使える時間をもとに、最初のテーマと進める順番を一緒に組み立てます。
[面談予約URL]","https://utage-system.com/account/Y86og5tIw1hZ/scenario/LEIqoAknhkmV/step/line/wh7dGNiiq0ob/edit","wh7dGNiiq0ob"
"YouTube_ゆるAI","REVIEW_YouTube_ゆるAI_20260810","159","稼働中","メッセージ","13","VSL_視聴完了","0Qha2c1IJnIT","VSL視聴完了・面談未予約。視聴開始で未視聴を停止、視聴完了で未視聴・途中を停止。予約完了／面談済み／営業停止は除外。VSL初回開始から72時間。","5時間 後","LINE","ステップ配信","VSL-C03","","【LINEメッセージ 1／text】
まだ商品がなくても、AI初心者でも大丈夫ですよ😊

完成した計画を持ってくる場じゃなくて、30分で計画の土台を一緒に作る場です📣","","","","","VSL視聴完了・面談未予約。視聴開始で未視聴を停止、視聴完了で未視聴・途中を停止。予約完了／面談済み／営業停止は除外。VSL初回開始から72時間。","","配信基準=。本文N/O/PとUTAGE編集URLは後続列に保持。","","","本文内定義","","YouTube正本を独自リライトしない。ステータスが廃止対象または旧読者のみの場合は新規実装しない。","【LINEメッセージ 1／text】
まだ商品がなくても、AI初心者でも大丈夫ですよ😊

完成した計画を持ってくる場じゃなくて、30分で計画の土台を一緒に作る場です📣","まだ商品がなくても、AI初心者でも大丈夫ですよ😊

完成した計画を持ってくる場じゃなくて、30分で計画の土台を一緒に作る場です📣","まだ商品がなくても、AI初心者でも大丈夫です。

完成した計画を持ってくる場ではなく、30分で計画の土台を作る場です。","https://utage-system.com/account/Y86og5tIw1hZ/scenario/LEIqoAknhkmV/step/line/0Qha2c1IJnIT/edit","0Qha2c1IJnIT"
"YouTube_ゆるAI","REVIEW_YouTube_ゆるAI_20260810","160","稼働中","メッセージ","13","VSL_視聴完了","QUfY1iY6FCsU","VSL視聴完了・面談未予約。視聴開始で未視聴を停止、視聴完了で未視聴・途中を停止。予約完了／面談済み／営業停止は除外。VSL初回開始から72時間。","0日後 10:00","LINE","ステップ配信","VSL-C04","","【LINEメッセージ 1／text】
見た直後が、いちばん動きやすいタイミングです😊

情報が新しいうちに、自分のロードマップへ変えちゃいましょう✨","","","","","VSL視聴完了・面談未予約。視聴開始で未視聴を停止、視聴完了で未視聴・途中を停止。予約完了／面談済み／営業停止は除外。VSL初回開始から72時間。","","配信基準=。本文N/O/PとUTAGE編集URLは後続列に保持。","","","本文内定義","","YouTube正本を独自リライトしない。ステータスが廃止対象または旧読者のみの場合は新規実装しない。","【LINEメッセージ 1／text】
見た直後が、いちばん動きやすいタイミングです😊

情報が新しいうちに、自分のロードマップへ変えちゃいましょう✨","見た直後が、いちばん動きやすいタイミングです😊

情報が新しいうちに、自分のロードマップへ変えちゃいましょう✨","見た直後が、最も動きやすい。

情報が新しいうちに、自分のロードマップへ変えましょう。","https://utage-system.com/account/Y86og5tIw1hZ/scenario/LEIqoAknhkmV/step/line/QUfY1iY6FCsU/edit","QUfY1iY6FCsU"
"YouTube_ゆるAI","REVIEW_YouTube_ゆるAI_20260810","161","稼働中","メッセージ","13","VSL_視聴完了","2nRWHPzRXiBP","VSL視聴完了・面談未予約。視聴開始で未視聴を停止、視聴完了で未視聴・途中を停止。予約完了／面談済み／営業停止は除外。VSL初回開始から72時間。","1日 後","LINE","ステップ配信","VSL-C05","","【LINEメッセージ 1／text】
%line_name%さん、動画の視聴完了から1日が経ちました😊

一人で整理すると止まりそうなら、ぜひ作成会を使ってくださいね。必要に応じて AIひとり起業スクール でできることもご説明します🎥","","","","","VSL視聴完了・面談未予約。視聴開始で未視聴を停止、視聴完了で未視聴・途中を停止。予約完了／面談済み／営業停止は除外。VSL初回開始から72時間。","","配信基準=。本文N/O/PとUTAGE編集URLは後続列に保持。","","","本文内定義","","YouTube正本を独自リライトしない。ステータスが廃止対象または旧読者のみの場合は新規実装しない。","【LINEメッセージ 1／text】
%line_name%さん、動画の視聴完了から1日が経ちました😊

一人で整理すると止まりそうなら、ぜひ作成会を使ってくださいね。必要に応じて AIひとり起業スクール でできることもご説明します🎥","%line_name%さん、動画の視聴完了から1日が経ちました😊

一人で整理すると止まりそうなら、ぜひ作成会を使ってくださいね。必要に応じて AIひとり起業スクール でできることもご説明します🎥","[name]さん、動画の視聴完了から1日が経ちました。

一人で整理すると止まりそうなら、作成会を使ってください。必要に応じて AIひとり起業スクール でできることもご説明します。","https://utage-system.com/account/Y86og5tIw1hZ/scenario/LEIqoAknhkmV/step/line/2nRWHPzRXiBP/edit","2nRWHPzRXiBP"
"YouTube_ゆるAI","REVIEW_YouTube_ゆるAI_20260810","162","稼働中","メッセージ","13","VSL_視聴完了","JOAMSplqPBcC","VSL視聴完了・面談未予約。視聴開始で未視聴を停止、視聴完了で未視聴・途中を停止。予約完了／面談済み／営業停止は除外。VSL初回開始から72時間。","1日 4時間 後","LINE","ステップ配信","VSL-C06","","【LINEメッセージ 1／text】
事業テーマ、商品、集客、販売。

ぜんぶを同時に考えると動けなくなっちゃいます😌 今の自分が最初に決める一つを、30分でスッと明確にします🔥","","","","","VSL視聴完了・面談未予約。視聴開始で未視聴を停止、視聴完了で未視聴・途中を停止。予約完了／面談済み／営業停止は除外。VSL初回開始から72時間。","","配信基準=。本文N/O/PとUTAGE編集URLは後続列に保持。","","","本文内定義","","YouTube正本を独自リライトしない。ステータスが廃止対象または旧読者のみの場合は新規実装しない。","【LINEメッセージ 1／text】
事業テーマ、商品、集客、販売。

ぜんぶを同時に考えると動けなくなっちゃいます😌 今の自分が最初に決める一つを、30分でスッと明確にします🔥","事業テーマ、商品、集客、販売。

ぜんぶを同時に考えると動けなくなっちゃいます😌 今の自分が最初に決める一つを、30分でスッと明確にします🔥","事業テーマ、商品、集客、販売。

すべてを同時に考えると動けません。今の自分が最初に決める一つを、30分で明確にします。","https://utage-system.com/account/Y86og5tIw1hZ/scenario/LEIqoAknhkmV/step/line/JOAMSplqPBcC/edit","JOAMSplqPBcC"
"YouTube_ゆるAI","REVIEW_YouTube_ゆるAI_20260810","163","稼働中","メッセージ","13","VSL_視聴完了","xCT9FyxEdkBJ","VSL視聴完了・面談未予約。視聴開始で未視聴を停止、視聴完了で未視聴・途中を停止。予約完了／面談済み／営業停止は除外。VSL初回開始から72時間。","1日後 10:00","LINE","ステップ配信","VSL-C07","","【LINEメッセージ 1／text】
予約は名前とメールアドレスの2項目で完了しちゃいます😊 事前課題もありません✨

都合が変わった場合は日程変更もできますよ👇

────────────

【LINEメッセージ 2／button】
{
  ""alt_text"": ""【個別】AIひとり起業ロードマップ作成会のご案内"",
  ""react_type"": ""free"",
  ""react_press_again_text"": null,
  ""thumbnail_image_url"": null,
  ""title"": ""AIひとり起業ロードマップ作成会"",
  ""text"": ""Zoom30分・名前とメールだけで予約OK"",
  ""actions"": [
    {
      ""type"": ""url"",
      ""label"": ""日程を見て予約する"",
      ""uri"": ""https://utage-system.com/event/DkY6Co3mN1oB/register"",
      ""add_label_id"": null,
      ""del_label_id"": null
    }
  ]
}","[
  {
    ""url"": ""https://utage-system.com/event/DkY6Co3mN1oB/register"",
    ""action_id"": ""lMxbsrSPWV9W"",
    ""expiration_type"": ""none""
  }
]","[
  {
    ""url"": ""https://utage-system.com/event/DkY6Co3mN1oB/register"",
    ""action_id"": ""lMxbsrSPWV9W"",
    ""expiration_type"": ""none""
  }
]","","","VSL視聴完了・面談未予約。視聴開始で未視聴を停止、視聴完了で未視聴・途中を停止。予約完了／面談済み／営業停止は除外。VSL初回開始から72時間。","[
  {
    ""url"": ""https://utage-system.com/event/DkY6Co3mN1oB/register"",
    ""action_id"": ""lMxbsrSPWV9W"",
    ""expiration_type"": ""none""
  }
]","配信基準=。本文N/O/PとUTAGE編集URLは後続列に保持。","","","本文内定義","","YouTube正本を独自リライトしない。ステータスが廃止対象または旧読者のみの場合は新規実装しない。","【LINEメッセージ 1／text】
予約は名前とメールアドレスの2項目で完了しちゃいます😊 事前課題もありません✨

都合が変わった場合は日程変更もできますよ👇

────────────

【LINEメッセージ 2／button】
{
  ""alt_text"": ""【個別】AIひとり起業ロードマップ作成会のご案内"",
  ""react_type"": ""free"",
  ""react_press_again_text"": null,
  ""thumbnail_image_url"": null,
  ""title"": ""AIひとり起業ロードマップ作成会"",
  ""text"": ""Zoom30分・名前とメールだけで予約OK"",
  ""actions"": [
    {
      ""type"": ""url"",
      ""label"": ""日程を見て予約する"",
      ""uri"": ""https://utage-system.com/event/DkY6Co3mN1oB/register"",
      ""add_label_id"": null,
      ""del_label_id"": null
    }
  ]
}","予約は名前とメールアドレスの2項目で完了しちゃいます😊 事前課題もありません✨

都合が変わった場合は日程変更もできますよ👇","予約は名前とメールアドレスの2項目で完了します。事前課題はありません。

都合が変わった場合は日程変更できます。
[面談予約URL]","https://utage-system.com/account/Y86og5tIw1hZ/scenario/LEIqoAknhkmV/step/line/xCT9FyxEdkBJ/edit","xCT9FyxEdkBJ"
"YouTube_ゆるAI","REVIEW_YouTube_ゆるAI_20260810","164","稼働中","メッセージ","13","VSL_視聴完了","brqYAbNWbjhP","VSL視聴完了・面談未予約。視聴開始で未視聴を停止、視聴完了で未視聴・途中を停止。予約完了／面談済み／営業停止は除外。VSL初回開始から72時間。","1日後 15:00","LINE","ステップ配信","VSL-C08","","【LINEメッセージ 1／text】
視聴完了者向けの受付は、あと9時間です⏰

実際の48時間受付に基づくご案内です。必要な方は、期限内に日程を確保しておいてくださいね😊✨","","","","","VSL視聴完了・面談未予約。視聴開始で未視聴を停止、視聴完了で未視聴・途中を停止。予約完了／面談済み／営業停止は除外。VSL初回開始から72時間。","","配信基準=。本文N/O/PとUTAGE編集URLは後続列に保持。","","","本文内定義","","YouTube正本を独自リライトしない。ステータスが廃止対象または旧読者のみの場合は新規実装しない。","【LINEメッセージ 1／text】
視聴完了者向けの受付は、あと9時間です⏰

実際の48時間受付に基づくご案内です。必要な方は、期限内に日程を確保しておいてくださいね😊✨","視聴完了者向けの受付は、あと9時間です⏰

実際の48時間受付に基づくご案内です。必要な方は、期限内に日程を確保しておいてくださいね😊✨","視聴完了者向け受付は、あと9時間です。

実際の48時間受付に基づく案内です。必要な方は、期限内に日程を確保してください。","https://utage-system.com/account/Y86og5tIw1hZ/scenario/LEIqoAknhkmV/step/line/brqYAbNWbjhP/edit","brqYAbNWbjhP"
"YouTube_ゆるAI","REVIEW_YouTube_ゆるAI_20260810","165","稼働中","メッセージ","13","VSL_視聴完了","zlm87BKwfnhi","VSL視聴完了・面談未予約。視聴開始で未視聴を停止、視聴完了で未視聴・途中を停止。予約完了／面談済み／営業停止は除外。VSL初回開始から72時間。","1日後 21:00","LINE","ステップ配信","VSL-C09","","【LINEメッセージ 1／text】
受付終了まであと3時間です⏰

スクールに関心があって、自分に合う進め方を直接相談したい方は、こちらから予約してくださいね😊👇

────────────

【LINEメッセージ 2／button】
{
  ""alt_text"": ""【個別】ロードマップ作成会・受付終了まであと3時間"",
  ""react_type"": ""free"",
  ""react_press_again_text"": null,
  ""thumbnail_image_url"": null,
  ""title"": ""AIひとり起業ロードマップ作成会"",
  ""text"": ""受付終了まであと3時間"",
  ""actions"": [
    {
      ""type"": ""url"",
      ""label"": ""日程を見て予約する"",
      ""uri"": ""https://utage-system.com/event/DkY6Co3mN1oB/register"",
      ""add_label_id"": null,
      ""del_label_id"": null
    }
  ]
}","[
  {
    ""url"": ""https://utage-system.com/event/DkY6Co3mN1oB/register"",
    ""action_id"": ""lMxbsrSPWV9W"",
    ""expiration_type"": ""none""
  }
]","[
  {
    ""url"": ""https://utage-system.com/event/DkY6Co3mN1oB/register"",
    ""action_id"": ""lMxbsrSPWV9W"",
    ""expiration_type"": ""none""
  }
]","","","VSL視聴完了・面談未予約。視聴開始で未視聴を停止、視聴完了で未視聴・途中を停止。予約完了／面談済み／営業停止は除外。VSL初回開始から72時間。","[
  {
    ""url"": ""https://utage-system.com/event/DkY6Co3mN1oB/register"",
    ""action_id"": ""lMxbsrSPWV9W"",
    ""expiration_type"": ""none""
  }
]","配信基準=。本文N/O/PとUTAGE編集URLは後続列に保持。","","","本文内定義","","YouTube正本を独自リライトしない。ステータスが廃止対象または旧読者のみの場合は新規実装しない。","【LINEメッセージ 1／text】
受付終了まであと3時間です⏰

スクールに関心があって、自分に合う進め方を直接相談したい方は、こちらから予約してくださいね😊👇

────────────

【LINEメッセージ 2／button】
{
  ""alt_text"": ""【個別】ロードマップ作成会・受付終了まであと3時間"",
  ""react_type"": ""free"",
  ""react_press_again_text"": null,
  ""thumbnail_image_url"": null,
  ""title"": ""AIひとり起業ロードマップ作成会"",
  ""text"": ""受付終了まであと3時間"",
  ""actions"": [
    {
      ""type"": ""url"",
      ""label"": ""日程を見て予約する"",
      ""uri"": ""https://utage-system.com/event/DkY6Co3mN1oB/register"",
      ""add_label_id"": null,
      ""del_label_id"": null
    }
  ]
}","受付終了まであと3時間です⏰

スクールに関心があって、自分に合う進め方を直接相談したい方は、こちらから予約してくださいね😊👇","受付終了まであと3時間です。

スクールに関心があり、自分に合う進め方を直接相談したい方は、こちらから予約してください。
[面談予約URL]","https://utage-system.com/account/Y86og5tIw1hZ/scenario/LEIqoAknhkmV/step/line/zlm87BKwfnhi/edit","zlm87BKwfnhi"
"YouTube_ゆるAI","REVIEW_YouTube_ゆるAI_20260810","166","稼働中","メッセージ","13","VSL_視聴完了","Lw5hWl0hKeJK","VSL視聴完了・面談未予約。視聴開始で未視聴を停止、視聴完了で未視聴・途中を停止。予約完了／面談済み／営業停止は除外。VSL初回開始から72時間。","1日後 23:00","LINE","ステップ配信","VSL-C10","","【LINEメッセージ 1／text】
あと1時間で受付終了です⏰

AIひとり起業ロードマップ作成会 のご案内は、これで最後になります🙏 参加したい方は、今すぐ予約を完了してくださいね🔥","","","","","VSL視聴完了・面談未予約。視聴開始で未視聴を停止、視聴完了で未視聴・途中を停止。予約完了／面談済み／営業停止は除外。VSL初回開始から72時間。","","配信基準=。本文N/O/PとUTAGE編集URLは後続列に保持。","","","本文内定義","","YouTube正本を独自リライトしない。ステータスが廃止対象または旧読者のみの場合は新規実装しない。","【LINEメッセージ 1／text】
あと1時間で受付終了です⏰

AIひとり起業ロードマップ作成会 のご案内は、これで最後になります🙏 参加したい方は、今すぐ予約を完了してくださいね🔥","あと1時間で受付終了です⏰

AIひとり起業ロードマップ作成会 のご案内は、これで最後になります🙏 参加したい方は、今すぐ予約を完了してくださいね🔥","あと1時間で受付終了です。

AIひとり起業ロードマップ作成会 のご案内はこれで最後です。参加したい方は、今すぐ予約を完了してください。","https://utage-system.com/account/Y86og5tIw1hZ/scenario/LEIqoAknhkmV/step/line/Lw5hWl0hKeJK/edit","Lw5hWl0hKeJK"
"YouTube_ゆるAI","REVIEW_YouTube_ゆるAI_20260810","167","レビュー中","メッセージ","14","VSL自動開始_参加者面談未予約","AUTO-VSL-POSTSEM","セミナー申込済み・面談未予約。前日23:59に面談受付終了。 予約完了／面談済み／営業停止は除外。","面談受付終了後の翌朝06:00","LINE","ステップ配信","AUTO-VSL-POSTSEM","","【LINEメッセージ 1／image】
{
  ""original_content_url"": ""https://utagesystem.s3.ap-northeast-1.wasabisys.com/GX6OYW2fVtRD/BP6jdJufvGaM.png""
}

────────────

【LINEメッセージ 2／text】
欠席・参加不明の方：見逃した方・復習したい方へ😊
未申込の方：日程が合わなかった方向けの特別公開です✨

AIでひとり起業攻略法 の内容を、本日から3日間だけ視聴できちゃいます🎁
公開終了：8月2日(土)23:59👇

────────────

【LINEメッセージ 3／button】
{
  ""alt_text"": ""【動画】期間限定・無料公開のご案内"",
  ""react_type"": ""free"",
  ""react_press_again_text"": null,
  ""thumbnail_image_url"": null,
  ""title"": ""LINE友だち限定 プレミアム無料動画"",
  ""text"": ""無料公開は登録から3日間・スマホ視聴OK"",
  ""actions"": [
    {
      ""type"": ""url"",
      ""label"": ""動画を見る"",
      ""uri"": ""https://utage-system.com/p/m6COEDrJH2BP"",
      ""add_label_id"": null,
      ""del_label_id"": null
    }
  ]
}","[VSLURL]／初回開始日時を保存／終了日時=開始+72時間","[VSLURL]／初回開始日時を保存／終了日時=開始+72時間","","","セミナー申込済み・面談未予約。前日23:59に面談受付終了。 予約完了／面談済み／営業停止は除外。","[VSLURL]／初回開始日時を保存／終了日時=開始+72時間","配信基準=シナリオ/VSL開始。本文N/O/PとUTAGE編集URLは後続列に保持。","https://utagesystem.s3.ap-northeast-1.wasabisys.com/GX6OYW2fVtRD/BP6jdJufvGaM.png","","本文内定義","","YouTube正本を独自リライトしない。ステータスが廃止対象または旧読者のみの場合は新規実装しない。","【LINEメッセージ 1／image】
{
  ""original_content_url"": ""https://utagesystem.s3.ap-northeast-1.wasabisys.com/GX6OYW2fVtRD/BP6jdJufvGaM.png""
}

────────────

【LINEメッセージ 2／text】
欠席・参加不明の方：見逃した方・復習したい方へ😊
未申込の方：日程が合わなかった方向けの特別公開です✨

AIでひとり起業攻略法 の内容を、本日から3日間だけ視聴できちゃいます🎁
公開終了：8月2日(土)23:59👇

────────────

【LINEメッセージ 3／button】
{
  ""alt_text"": ""【動画】期間限定・無料公開のご案内"",
  ""react_type"": ""free"",
  ""react_press_again_text"": null,
  ""thumbnail_image_url"": null,
  ""title"": ""LINE友だち限定 プレミアム無料動画"",
  ""text"": ""無料公開は登録から3日間・スマホ視聴OK"",
  ""actions"": [
    {
      ""type"": ""url"",
      ""label"": ""動画を見る"",
      ""uri"": ""https://utage-system.com/p/m6COEDrJH2BP"",
      ""add_label_id"": null,
      ""del_label_id"": null
    }
  ]
}","【LINEメッセージ 1／image】
{
  ""original_content_url"": ""https://utagesystem.s3.ap-northeast-1.wasabisys.com/GX6OYW2fVtRD/BP6jdJufvGaM.png""
}

────────────

【LINEメッセージ 2／text】
欠席・参加不明の方：見逃した方・復習したい方へ😊
未申込の方：日程が合わなかった方向けの特別公開です✨

AIでひとり起業攻略法 の内容を、本日から3日間だけ視聴できちゃいます🎁
公開終了：8月2日(土)23:59👇

────────────

【LINEメッセージ 3／button】
{
  ""alt_text"": ""【動画】期間限定・無料公開のご案内"",
  ""react_type"": ""free"",
  ""react_press_again_text"": null,
  ""thumbnail_image_url"": null,
  ""title"": ""LINE友だち限定 プレミアム無料動画"",
  ""text"": ""無料公開は登録から3日間・スマホ視聴OK"",
  ""actions"": [
    {
      ""type"": ""url"",
      ""label"": ""動画を見る"",
      ""uri"": ""https://utage-system.com/p/m6COEDrJH2BP"",
      ""add_label_id"": null,
      ""del_label_id"": null
    }
  ]
}","【LINEメッセージ 1／image】
{
  ""original_content_url"": ""https://utagesystem.s3.ap-northeast-1.wasabisys.com/GX6OYW2fVtRD/BP6jdJufvGaM.png""
}

────────────

【LINEメッセージ 2／text】
欠席・参加不明の方：見逃した方・復習したい方へ😊
未申込の方：日程が合わなかった方向けの特別公開です✨

AIでひとり起業攻略法 の内容を、本日から3日間だけ視聴できちゃいます🎁
公開終了：8月2日(土)23:59👇

────────────

【LINEメッセージ 3／button】
{
  ""alt_text"": ""【動画】期間限定・無料公開のご案内"",
  ""react_type"": ""free"",
  ""react_press_again_text"": null,
  ""thumbnail_image_url"": null,
  ""title"": ""LINE友だち限定 プレミアム無料動画"",
  ""text"": ""無料公開は登録から3日間・スマホ視聴OK"",
  ""actions"": [
    {
      ""type"": ""url"",
      ""label"": ""動画を見る"",
      ""uri"": ""https://utage-system.com/p/m6COEDrJH2BP"",
      ""add_label_id"": null,
      ""del_label_id"": null
    }
  ]
}","[UTAGE実装時作成]","AUTO-VSL-POSTSEM"
"YouTube_ゆるAI","REVIEW_YouTube_ゆるAI_20260810","168","レビュー中","メッセージ","14","VSL自動開始_第2日程未申込","AUTO-VSL-UNREG","第2日程終了時点でセミナー未申込・面談未予約。確認ボタンなし。 予約完了／面談済み／営業停止は除外。","第2日程終了翌朝06:00","LINE","ステップ配信","AUTO-VSL-UNREG","","【LINEメッセージ 1／image】
{
  ""original_content_url"": ""https://utagesystem.s3.ap-northeast-1.wasabisys.com/GX6OYW2fVtRD/BP6jdJufvGaM.png""
}

────────────

【LINEメッセージ 2／text】
欠席・参加不明の方：見逃した方・復習したい方へ😊
未申込の方：日程が合わなかった方向けの特別公開です✨

AIでひとり起業攻略法 の内容を、本日から3日間だけ視聴できちゃいます🎁
公開終了：8月2日(土)23:59👇

────────────

【LINEメッセージ 3／button】
{
  ""alt_text"": ""【動画】期間限定・無料公開のご案内"",
  ""react_type"": ""free"",
  ""react_press_again_text"": null,
  ""thumbnail_image_url"": null,
  ""title"": ""LINE友だち限定 プレミアム無料動画"",
  ""text"": ""無料公開は登録から3日間・スマホ視聴OK"",
  ""actions"": [
    {
      ""type"": ""url"",
      ""label"": ""動画を見る"",
      ""uri"": ""https://utage-system.com/p/m6COEDrJH2BP"",
      ""add_label_id"": null,
      ""del_label_id"": null
    }
  ]
}","[VSLURL]／初回開始日時を保存／終了日時=開始+72時間","[VSLURL]／初回開始日時を保存／終了日時=開始+72時間","","","第2日程終了時点でセミナー未申込・面談未予約。確認ボタンなし。 予約完了／面談済み／営業停止は除外。","[VSLURL]／初回開始日時を保存／終了日時=開始+72時間","配信基準=シナリオ/VSL開始。本文N/O/PとUTAGE編集URLは後続列に保持。","https://utagesystem.s3.ap-northeast-1.wasabisys.com/GX6OYW2fVtRD/BP6jdJufvGaM.png","","本文内定義","","YouTube正本を独自リライトしない。ステータスが廃止対象または旧読者のみの場合は新規実装しない。","【LINEメッセージ 1／image】
{
  ""original_content_url"": ""https://utagesystem.s3.ap-northeast-1.wasabisys.com/GX6OYW2fVtRD/BP6jdJufvGaM.png""
}

────────────

【LINEメッセージ 2／text】
欠席・参加不明の方：見逃した方・復習したい方へ😊
未申込の方：日程が合わなかった方向けの特別公開です✨

AIでひとり起業攻略法 の内容を、本日から3日間だけ視聴できちゃいます🎁
公開終了：8月2日(土)23:59👇

────────────

【LINEメッセージ 3／button】
{
  ""alt_text"": ""【動画】期間限定・無料公開のご案内"",
  ""react_type"": ""free"",
  ""react_press_again_text"": null,
  ""thumbnail_image_url"": null,
  ""title"": ""LINE友だち限定 プレミアム無料動画"",
  ""text"": ""無料公開は登録から3日間・スマホ視聴OK"",
  ""actions"": [
    {
      ""type"": ""url"",
      ""label"": ""動画を見る"",
      ""uri"": ""https://utage-system.com/p/m6COEDrJH2BP"",
      ""add_label_id"": null,
      ""del_label_id"": null
    }
  ]
}","【LINEメッセージ 1／image】
{
  ""original_content_url"": ""https://utagesystem.s3.ap-northeast-1.wasabisys.com/GX6OYW2fVtRD/BP6jdJufvGaM.png""
}

────────────

【LINEメッセージ 2／text】
欠席・参加不明の方：見逃した方・復習したい方へ😊
未申込の方：日程が合わなかった方向けの特別公開です✨

AIでひとり起業攻略法 の内容を、本日から3日間だけ視聴できちゃいます🎁
公開終了：8月2日(土)23:59👇

────────────

【LINEメッセージ 3／button】
{
  ""alt_text"": ""【動画】期間限定・無料公開のご案内"",
  ""react_type"": ""free"",
  ""react_press_again_text"": null,
  ""thumbnail_image_url"": null,
  ""title"": ""LINE友だち限定 プレミアム無料動画"",
  ""text"": ""無料公開は登録から3日間・スマホ視聴OK"",
  ""actions"": [
    {
      ""type"": ""url"",
      ""label"": ""動画を見る"",
      ""uri"": ""https://utage-system.com/p/m6COEDrJH2BP"",
      ""add_label_id"": null,
      ""del_label_id"": null
    }
  ]
}","【LINEメッセージ 1／image】
{
  ""original_content_url"": ""https://utagesystem.s3.ap-northeast-1.wasabisys.com/GX6OYW2fVtRD/BP6jdJufvGaM.png""
}

────────────

【LINEメッセージ 2／text】
欠席・参加不明の方：見逃した方・復習したい方へ😊
未申込の方：日程が合わなかった方向けの特別公開です✨

AIでひとり起業攻略法 の内容を、本日から3日間だけ視聴できちゃいます🎁
公開終了：8月2日(土)23:59👇

────────────

【LINEメッセージ 3／button】
{
  ""alt_text"": ""【動画】期間限定・無料公開のご案内"",
  ""react_type"": ""free"",
  ""react_press_again_text"": null,
  ""thumbnail_image_url"": null,
  ""title"": ""LINE友だち限定 プレミアム無料動画"",
  ""text"": ""無料公開は登録から3日間・スマホ視聴OK"",
  ""actions"": [
    {
      ""type"": ""url"",
      ""label"": ""動画を見る"",
      ""uri"": ""https://utage-system.com/p/m6COEDrJH2BP"",
      ""add_label_id"": null,
      ""del_label_id"": null
    }
  ]
}","[UTAGE実装時作成]","AUTO-VSL-UNREG"
"YouTube_ゆるAI","REVIEW_YouTube_ゆるAI_20260810","169","レビュー中","メッセージ","14","VSL即時開始_日程不可","AUTO-VSL-NODATE","日程不可ボタン押下者。セミナー募集を即停止し、初回クリックから72時間固定。 予約完了／面談済み／営業停止は除外。","「どちらの日程も合わない」初回クリック直後","LINE","ステップ配信","AUTO-VSL-NODATE","","【前回企画のダイジェスト版を72時間限定で公開します】

【LINEメッセージ 1／image】
{
  ""original_content_url"": ""https://utagesystem.s3.ap-northeast-1.wasabisys.com/GX6OYW2fVtRD/BP6jdJufvGaM.png""
}

────────────

【LINEメッセージ 2／text】
欠席・参加不明の方：見逃した方・復習したい方へ😊
未申込の方：日程が合わなかった方向けの特別公開です✨

AIでひとり起業攻略法 の内容を、本日から3日間だけ視聴できちゃいます🎁
公開終了：8月2日(土)23:59👇

────────────

【LINEメッセージ 3／button】
{
  ""alt_text"": ""【動画】期間限定・無料公開のご案内"",
  ""react_type"": ""free"",
  ""react_press_again_text"": null,
  ""thumbnail_image_url"": null,
  ""title"": ""LINE友だち限定 プレミアム無料動画"",
  ""text"": ""無料公開は登録から3日間・スマホ視聴OK"",
  ""actions"": [
    {
      ""type"": ""url"",
      ""label"": ""動画を見る"",
      ""uri"": ""https://utage-system.com/p/m6COEDrJH2BP"",
      ""add_label_id"": null,
      ""del_label_id"": null
    }
  ]
}","[VSLURL]／初回開始日時を保存／終了日時=開始+72時間","[VSLURL]／初回開始日時を保存／終了日時=開始+72時間","","","日程不可ボタン押下者。セミナー募集を即停止し、初回クリックから72時間固定。 予約完了／面談済み／営業停止は除外。","[VSLURL]／初回開始日時を保存／終了日時=開始+72時間","配信基準=シナリオ/VSL開始。本文N/O/PとUTAGE編集URLは後続列に保持。","https://utagesystem.s3.ap-northeast-1.wasabisys.com/GX6OYW2fVtRD/BP6jdJufvGaM.png","","本文内定義","","YouTube正本を独自リライトしない。ステータスが廃止対象または旧読者のみの場合は新規実装しない。","【前回企画のダイジェスト版を72時間限定で公開します】

【LINEメッセージ 1／image】
{
  ""original_content_url"": ""https://utagesystem.s3.ap-northeast-1.wasabisys.com/GX6OYW2fVtRD/BP6jdJufvGaM.png""
}

────────────

【LINEメッセージ 2／text】
欠席・参加不明の方：見逃した方・復習したい方へ😊
未申込の方：日程が合わなかった方向けの特別公開です✨

AIでひとり起業攻略法 の内容を、本日から3日間だけ視聴できちゃいます🎁
公開終了：8月2日(土)23:59👇

────────────

【LINEメッセージ 3／button】
{
  ""alt_text"": ""【動画】期間限定・無料公開のご案内"",
  ""react_type"": ""free"",
  ""react_press_again_text"": null,
  ""thumbnail_image_url"": null,
  ""title"": ""LINE友だち限定 プレミアム無料動画"",
  ""text"": ""無料公開は登録から3日間・スマホ視聴OK"",
  ""actions"": [
    {
      ""type"": ""url"",
      ""label"": ""動画を見る"",
      ""uri"": ""https://utage-system.com/p/m6COEDrJH2BP"",
      ""add_label_id"": null,
      ""del_label_id"": null
    }
  ]
}","【前回企画のダイジェスト版を72時間限定で公開します】

【LINEメッセージ 1／image】
{
  ""original_content_url"": ""https://utagesystem.s3.ap-northeast-1.wasabisys.com/GX6OYW2fVtRD/BP6jdJufvGaM.png""
}

────────────

【LINEメッセージ 2／text】
欠席・参加不明の方：見逃した方・復習したい方へ😊
未申込の方：日程が合わなかった方向けの特別公開です✨

AIでひとり起業攻略法 の内容を、本日から3日間だけ視聴できちゃいます🎁
公開終了：8月2日(土)23:59👇

────────────

【LINEメッセージ 3／button】
{
  ""alt_text"": ""【動画】期間限定・無料公開のご案内"",
  ""react_type"": ""free"",
  ""react_press_again_text"": null,
  ""thumbnail_image_url"": null,
  ""title"": ""LINE友だち限定 プレミアム無料動画"",
  ""text"": ""無料公開は登録から3日間・スマホ視聴OK"",
  ""actions"": [
    {
      ""type"": ""url"",
      ""label"": ""動画を見る"",
      ""uri"": ""https://utage-system.com/p/m6COEDrJH2BP"",
      ""add_label_id"": null,
      ""del_label_id"": null
    }
  ]
}","【前回企画のダイジェスト版を72時間限定で公開します】

【LINEメッセージ 1／image】
{
  ""original_content_url"": ""https://utagesystem.s3.ap-northeast-1.wasabisys.com/GX6OYW2fVtRD/BP6jdJufvGaM.png""
}

────────────

【LINEメッセージ 2／text】
欠席・参加不明の方：見逃した方・復習したい方へ😊
未申込の方：日程が合わなかった方向けの特別公開です✨

AIでひとり起業攻略法 の内容を、本日から3日間だけ視聴できちゃいます🎁
公開終了：8月2日(土)23:59👇

────────────

【LINEメッセージ 3／button】
{
  ""alt_text"": ""【動画】期間限定・無料公開のご案内"",
  ""react_type"": ""free"",
  ""react_press_again_text"": null,
  ""thumbnail_image_url"": null,
  ""title"": ""LINE友だち限定 プレミアム無料動画"",
  ""text"": ""無料公開は登録から3日間・スマホ視聴OK"",
  ""actions"": [
    {
      ""type"": ""url"",
      ""label"": ""動画を見る"",
      ""uri"": ""https://utage-system.com/p/m6COEDrJH2BP"",
      ""add_label_id"": null,
      ""del_label_id"": null
    }
  ]
}","[UTAGE実装時作成]","AUTO-VSL-NODATE"
"YouTube_ゆるAI","REVIEW_YouTube_ゆるAI_20260810","170","旧読者のみ・新規停止","メッセージ","15","旧VSL再公開_24時間限定（既存読者のみ）","HE8bnuAoHZz2","2026-08-10より前に旧VSL再公開へ入っている既存読者だけ。新規読者は使用禁止。","登録直後","LINE","ステップ配信","RO-01","","【LINEメッセージ 1／text】
%line_name%さん、ご希望ありがとうございます😊🎉

動画を今から２４時間だけ再公開しましたよ🎥
今回は再延長ができないので、先に視聴の時間を確保しておいてくださいね⏰

────────────

【LINEメッセージ 2／button】
{
  ""alt_text"": ""【24時間限定】動画を再公開しました"",
  ""react_type"": ""free"",
  ""react_press_again_text"": null,
  ""thumbnail_image_url"": null,
  ""title"": ""24時間限定 再公開"",
  ""text"": ""公開は再開から24時間・再延長なし"",
  ""actions"": [
    {
      ""type"": ""url"",
      ""label"": ""動画を見る"",
      ""uri"": ""https://utage-system.com/p/J4c9l3YXuHAs"",
      ""add_label_id"": null,
      ""del_label_id"": null
    }
  ]
}","[
  {
    ""url"": ""https://utage-system.com/p/J4c9l3YXuHAs"",
    ""action_id"": ""ZGjzVrAaUly5"",
    ""expiration_type"": ""none""
  }
]","[
  {
    ""url"": ""https://utage-system.com/p/J4c9l3YXuHAs"",
    ""action_id"": ""ZGjzVrAaUly5"",
    ""expiration_type"": ""none""
  }
]","","","2026-08-10より前に旧VSL再公開へ入っている既存読者だけ。新規読者は使用禁止。","[
  {
    ""url"": ""https://utage-system.com/p/J4c9l3YXuHAs"",
    ""action_id"": ""ZGjzVrAaUly5"",
    ""expiration_type"": ""none""
  }
]","配信基準=。本文N/O/PとUTAGE編集URLは後続列に保持。","","","本文内定義","","YouTube正本を独自リライトしない。ステータスが廃止対象または旧読者のみの場合は新規実装しない。","【LINEメッセージ 1／text】
%line_name%さん、ご希望ありがとうございます😊🎉

動画を今から２４時間だけ再公開しましたよ🎥
今回は再延長ができないので、先に視聴の時間を確保しておいてくださいね⏰

────────────

【LINEメッセージ 2／button】
{
  ""alt_text"": ""【24時間限定】動画を再公開しました"",
  ""react_type"": ""free"",
  ""react_press_again_text"": null,
  ""thumbnail_image_url"": null,
  ""title"": ""24時間限定 再公開"",
  ""text"": ""公開は再開から24時間・再延長なし"",
  ""actions"": [
    {
      ""type"": ""url"",
      ""label"": ""動画を見る"",
      ""uri"": ""https://utage-system.com/p/J4c9l3YXuHAs"",
      ""add_label_id"": null,
      ""del_label_id"": null
    }
  ]
}","%line_name%さん、ご希望ありがとうございます😊🎉

動画を今から２４時間だけ再公開しましたよ🎥
今回は再延長ができないので、先に視聴の時間を確保しておいてくださいね⏰","[name]さん、ご希望ありがとうございます。

動画を今から24時間だけ再公開しました。
再公開URL：[再公開URL]
終了：[再公開終了日時]

今回は再延長できないため、先に視聴時間を確保してください。","https://utage-system.com/account/Y86og5tIw1hZ/scenario/wF9rKqVhHmri/step/line/HE8bnuAoHZz2/edit","HE8bnuAoHZz2"
"YouTube_ゆるAI","REVIEW_YouTube_ゆるAI_20260810","171","旧読者のみ・新規停止","メッセージ","15","旧VSL再公開_24時間限定（既存読者のみ）","HBr7Z9JmI3RQ","2026-08-10より前に旧VSL再公開へ入っている既存読者だけ。新規読者は使用禁止。","2時間 後","LINE","ステップ配信","RO-02","","【LINEメッセージ 1／text】
再公開の動画は開けましたか？😊

まだの方は、ちゃんと視聴できるかだけでも今のうちに確認しておいてくださいね👇

────────────

【LINEメッセージ 2／button】
{
  ""alt_text"": ""【24時間限定】再公開・視聴確認をどうぞ"",
  ""react_type"": ""free"",
  ""react_press_again_text"": null,
  ""thumbnail_image_url"": null,
  ""title"": ""24時間限定 再公開"",
  ""text"": ""公開は再開から24時間・再延長なし"",
  ""actions"": [
    {
      ""type"": ""url"",
      ""label"": ""動画を見る"",
      ""uri"": ""https://utage-system.com/p/J4c9l3YXuHAs"",
      ""add_label_id"": null,
      ""del_label_id"": null
    }
  ]
}","[
  {
    ""url"": ""https://utage-system.com/p/J4c9l3YXuHAs"",
    ""action_id"": ""ZGjzVrAaUly5"",
    ""expiration_type"": ""none""
  }
]","[
  {
    ""url"": ""https://utage-system.com/p/J4c9l3YXuHAs"",
    ""action_id"": ""ZGjzVrAaUly5"",
    ""expiration_type"": ""none""
  }
]","","","2026-08-10より前に旧VSL再公開へ入っている既存読者だけ。新規読者は使用禁止。","[
  {
    ""url"": ""https://utage-system.com/p/J4c9l3YXuHAs"",
    ""action_id"": ""ZGjzVrAaUly5"",
    ""expiration_type"": ""none""
  }
]","配信基準=。本文N/O/PとUTAGE編集URLは後続列に保持。","","","本文内定義","","YouTube正本を独自リライトしない。ステータスが廃止対象または旧読者のみの場合は新規実装しない。","【LINEメッセージ 1／text】
再公開の動画は開けましたか？😊

まだの方は、ちゃんと視聴できるかだけでも今のうちに確認しておいてくださいね👇

────────────

【LINEメッセージ 2／button】
{
  ""alt_text"": ""【24時間限定】再公開・視聴確認をどうぞ"",
  ""react_type"": ""free"",
  ""react_press_again_text"": null,
  ""thumbnail_image_url"": null,
  ""title"": ""24時間限定 再公開"",
  ""text"": ""公開は再開から24時間・再延長なし"",
  ""actions"": [
    {
      ""type"": ""url"",
      ""label"": ""動画を見る"",
      ""uri"": ""https://utage-system.com/p/J4c9l3YXuHAs"",
      ""add_label_id"": null,
      ""del_label_id"": null
    }
  ]
}","再公開の動画は開けましたか？😊

まだの方は、ちゃんと視聴できるかだけでも今のうちに確認しておいてくださいね👇","再公開動画は開けましたか？

まだの場合は、視聴できることだけでも今のうちに確認してください。
[再公開URL]","https://utage-system.com/account/Y86og5tIw1hZ/scenario/wF9rKqVhHmri/step/line/HBr7Z9JmI3RQ/edit","HBr7Z9JmI3RQ"
"YouTube_ゆるAI","REVIEW_YouTube_ゆるAI_20260810","172","旧読者のみ・新規停止","メッセージ","15","旧VSL再公開_24時間限定（既存読者のみ）","Gm1fr2DU4JUT","2026-08-10より前に旧VSL再公開へ入っている既存読者だけ。新規読者は使用禁止。","0日後 6:00","LINE","ステップ配信","RO-03","","【LINEメッセージ 1／text】
再公開、残り18時間です⏰

テーマ選びから商品・集客・販売まで、途中で切らずに最後まで通して見るのがおすすめですよ😊🔥","","","","","2026-08-10より前に旧VSL再公開へ入っている既存読者だけ。新規読者は使用禁止。","","配信基準=。本文N/O/PとUTAGE編集URLは後続列に保持。","","","本文内定義","","YouTube正本を独自リライトしない。ステータスが廃止対象または旧読者のみの場合は新規実装しない。","【LINEメッセージ 1／text】
再公開、残り18時間です⏰

テーマ選びから商品・集客・販売まで、途中で切らずに最後まで通して見るのがおすすめですよ😊🔥","再公開、残り18時間です⏰

テーマ選びから商品・集客・販売まで、途中で切らずに最後まで通して見るのがおすすめですよ😊🔥","残り18時間です。

テーマ選びから商品・集客・販売まで、途中で分断せず最後まで通して見るのがおすすめです。","https://utage-system.com/account/Y86og5tIw1hZ/scenario/wF9rKqVhHmri/step/line/Gm1fr2DU4JUT/edit","Gm1fr2DU4JUT"
"YouTube_ゆるAI","REVIEW_YouTube_ゆるAI_20260810","173","旧読者のみ・新規停止","メッセージ","15","旧VSL再公開_24時間限定（既存読者のみ）","8bHQqsOMWT0I","2026-08-10より前に旧VSL再公開へ入っている既存読者だけ。新規読者は使用禁止。","0日後 12:00","LINE","ステップ配信","RO-04","","【LINEメッセージ 1／text】
再公開は残り12時間ですね⏰

一度だけの24時間公開です。まだ途中の方は、ここから続きに戻ってくださいね😊","","","","","2026-08-10より前に旧VSL再公開へ入っている既存読者だけ。新規読者は使用禁止。","","配信基準=。本文N/O/PとUTAGE編集URLは後続列に保持。","","","本文内定義","","YouTube正本を独自リライトしない。ステータスが廃止対象または旧読者のみの場合は新規実装しない。","【LINEメッセージ 1／text】
再公開は残り12時間ですね⏰

一度だけの24時間公開です。まだ途中の方は、ここから続きに戻ってくださいね😊","再公開は残り12時間ですね⏰

一度だけの24時間公開です。まだ途中の方は、ここから続きに戻ってくださいね😊","再公開は残り12時間。

一度だけの24時間公開です。まだ途中なら、ここから続きへ戻ってください。","https://utage-system.com/account/Y86og5tIw1hZ/scenario/wF9rKqVhHmri/step/line/8bHQqsOMWT0I/edit","8bHQqsOMWT0I"
"YouTube_ゆるAI","REVIEW_YouTube_ゆるAI_20260810","174","旧読者のみ・新規停止","メッセージ","15","旧VSL再公開_24時間限定（既存読者のみ）","7sSttRWu9nbx","2026-08-10より前に旧VSL再公開へ入っている既存読者だけ。新規読者は使用禁止。","0日後 18:00","LINE","ステップ配信","RO-05","","【LINEメッセージ 1／text】
終了まで、あと６時間です⏰

見終わった方には、必要に応じて AIひとり起業ロードマップ作成会 をご案内しますね😊
まずは動画を最後までご覧ください👇

────────────

【LINEメッセージ 2／button】
{
  ""alt_text"": ""【24時間限定】終了まであと6時間"",
  ""react_type"": ""free"",
  ""react_press_again_text"": null,
  ""thumbnail_image_url"": null,
  ""title"": ""24時間限定 再公開"",
  ""text"": ""終了まであと6時間"",
  ""actions"": [
    {
      ""type"": ""url"",
      ""label"": ""動画を見る"",
      ""uri"": ""https://utage-system.com/p/J4c9l3YXuHAs"",
      ""add_label_id"": null,
      ""del_label_id"": null
    }
  ]
}","[
  {
    ""url"": ""https://utage-system.com/p/J4c9l3YXuHAs"",
    ""action_id"": ""ZGjzVrAaUly5"",
    ""expiration_type"": ""none""
  }
]","[
  {
    ""url"": ""https://utage-system.com/p/J4c9l3YXuHAs"",
    ""action_id"": ""ZGjzVrAaUly5"",
    ""expiration_type"": ""none""
  }
]","","","2026-08-10より前に旧VSL再公開へ入っている既存読者だけ。新規読者は使用禁止。","[
  {
    ""url"": ""https://utage-system.com/p/J4c9l3YXuHAs"",
    ""action_id"": ""ZGjzVrAaUly5"",
    ""expiration_type"": ""none""
  }
]","配信基準=。本文N/O/PとUTAGE編集URLは後続列に保持。","","","本文内定義","","YouTube正本を独自リライトしない。ステータスが廃止対象または旧読者のみの場合は新規実装しない。","【LINEメッセージ 1／text】
終了まで、あと６時間です⏰

見終わった方には、必要に応じて AIひとり起業ロードマップ作成会 をご案内しますね😊
まずは動画を最後までご覧ください👇

────────────

【LINEメッセージ 2／button】
{
  ""alt_text"": ""【24時間限定】終了まであと6時間"",
  ""react_type"": ""free"",
  ""react_press_again_text"": null,
  ""thumbnail_image_url"": null,
  ""title"": ""24時間限定 再公開"",
  ""text"": ""終了まであと6時間"",
  ""actions"": [
    {
      ""type"": ""url"",
      ""label"": ""動画を見る"",
      ""uri"": ""https://utage-system.com/p/J4c9l3YXuHAs"",
      ""add_label_id"": null,
      ""del_label_id"": null
    }
  ]
}","終了まで、あと６時間です⏰

見終わった方には、必要に応じて AIひとり起業ロードマップ作成会 をご案内しますね😊
まずは動画を最後までご覧ください👇","終了まであと6時間です。

見終わった方には、必要に応じて AIひとり起業ロードマップ作成会 をご案内します。まずは動画を最後までご覧ください。
[再公開URL]","https://utage-system.com/account/Y86og5tIw1hZ/scenario/wF9rKqVhHmri/step/line/7sSttRWu9nbx/edit","7sSttRWu9nbx"
"YouTube_ゆるAI","REVIEW_YouTube_ゆるAI_20260810","175","旧読者のみ・新規停止","メッセージ","15","旧VSL再公開_24時間限定（既存読者のみ）","0MbohnxfbLMq","2026-08-10より前に旧VSL再公開へ入っている既存読者だけ。新規読者は使用禁止。","0日後 22:00","LINE","ステップ配信","RO-06","","【LINEメッセージ 1／text】
あと2時間で終了します⏰

今回を逸すと、同じ動画の再公開はもうありません🙏
必要な部分を、今のうちに確認しておいてくださいね🔥","","","","","2026-08-10より前に旧VSL再公開へ入っている既存読者だけ。新規読者は使用禁止。","","配信基準=。本文N/O/PとUTAGE編集URLは後続列に保持。","","","本文内定義","","YouTube正本を独自リライトしない。ステータスが廃止対象または旧読者のみの場合は新規実装しない。","【LINEメッセージ 1／text】
あと2時間で終了します⏰

今回を逸すと、同じ動画の再公開はもうありません🙏
必要な部分を、今のうちに確認しておいてくださいね🔥","あと2時間で終了します⏰

今回を逸すと、同じ動画の再公開はもうありません🙏
必要な部分を、今のうちに確認しておいてくださいね🔥","あと2時間で終了します。

今回を逃すと、同じ動画の再公開はありません。必要な部分を今のうちに確認してください。","https://utage-system.com/account/Y86og5tIw1hZ/scenario/wF9rKqVhHmri/step/line/0MbohnxfbLMq/edit","0MbohnxfbLMq"
"YouTube_ゆるAI","REVIEW_YouTube_ゆるAI_20260810","176","旧読者のみ・新規停止","メッセージ","15","旧VSL再公開_24時間限定（既存読者のみ）","kGOpTtbv81QD","2026-08-10より前に旧VSL再公開へ入っている既存読者だけ。新規読者は使用禁止。","0日後 23:30","LINE","ステップ配信","RO-07","","【LINEメッセージ 1／text】
あと３０分です⏰

２４時間再公開の、最後のご案内ですね🙏
視聴途中の方は、今すぐこちらから戻ってください👇

────────────

【LINEメッセージ 2／button】
{
  ""alt_text"": ""【24時間限定】まもなく終了・最後の案内"",
  ""react_type"": ""free"",
  ""react_press_again_text"": null,
  ""thumbnail_image_url"": null,
  ""title"": ""24時間限定 再公開"",
  ""text"": ""あと予約の３０分・最後の案内"",
  ""actions"": [
    {
      ""type"": ""url"",
      ""label"": ""動画を見る"",
      ""uri"": ""https://utage-system.com/p/J4c9l3YXuHAs"",
      ""add_label_id"": null,
      ""del_label_id"": null
    }
  ]
}","[
  {
    ""url"": ""https://utage-system.com/p/J4c9l3YXuHAs"",
    ""action_id"": ""ZGjzVrAaUly5"",
    ""expiration_type"": ""none""
  }
]","[
  {
    ""url"": ""https://utage-system.com/p/J4c9l3YXuHAs"",
    ""action_id"": ""ZGjzVrAaUly5"",
    ""expiration_type"": ""none""
  }
]","","","2026-08-10より前に旧VSL再公開へ入っている既存読者だけ。新規読者は使用禁止。","[
  {
    ""url"": ""https://utage-system.com/p/J4c9l3YXuHAs"",
    ""action_id"": ""ZGjzVrAaUly5"",
    ""expiration_type"": ""none""
  }
]","配信基準=。本文N/O/PとUTAGE編集URLは後続列に保持。","","","本文内定義","","YouTube正本を独自リライトしない。ステータスが廃止対象または旧読者のみの場合は新規実装しない。","【LINEメッセージ 1／text】
あと３０分です⏰

２４時間再公開の、最後のご案内ですね🙏
視聴途中の方は、今すぐこちらから戻ってください👇

────────────

【LINEメッセージ 2／button】
{
  ""alt_text"": ""【24時間限定】まもなく終了・最後の案内"",
  ""react_type"": ""free"",
  ""react_press_again_text"": null,
  ""thumbnail_image_url"": null,
  ""title"": ""24時間限定 再公開"",
  ""text"": ""あと予約の３０分・最後の案内"",
  ""actions"": [
    {
      ""type"": ""url"",
      ""label"": ""動画を見る"",
      ""uri"": ""https://utage-system.com/p/J4c9l3YXuHAs"",
      ""add_label_id"": null,
      ""del_label_id"": null
    }
  ]
}","あと３０分です⏰

２４時間再公開の、最後のご案内ですね🙏
視聴途中の方は、今すぐこちらから戻ってください👇","あと30分です。

24時間再公開の最後のご案内です。視聴途中の方は、今すぐこちらから戻ってください。
[再公開URL]","https://utage-system.com/account/Y86og5tIw1hZ/scenario/wF9rKqVhHmri/step/line/kGOpTtbv81QD/edit","kGOpTtbv81QD"
"YouTube_ゆるAI","REVIEW_YouTube_ゆるAI_20260810","177","稼働中","メッセージ","16","オプチャ_初回参加案内","Keai6IIELEtI","VSL72時間終了または無断欠席3通終了後も面談未予約・未実施。予約完了／面談済み／営業停止は除外。オプチャリンククリックで残り案内停止。","登録直後","LINE","ステップ配信","OC-J01","","【LINEメッセージ 1／text】
%line_name%さん、AIの学びを続けたい方へ😊

オープンチャット 「AIマニアの放課後」 をご案内します🎉
AI活用やひとり起業について学べるZoom勉強会を、月2回開催していますよ。まずは気軽に参加してくださいね🙌

────────────

【LINEメッセージ 2／button】
{
  ""alt_text"": ""スマートフォンから閲覧してください。"",
  ""react_type"": ""one_time"",
  ""react_press_again_text"": null,
  ""thumbnail_image_url"": null,
  ""title"": null,
  ""text"": ""AIマニアの放課後はこちら"",
  ""actions"": [
    {
      ""type"": ""url"",
      ""label"": ""オプチャに参加する🔥"",
      ""uri"": ""オープンチャット「AIマニアの放課後」 https://line.me/ti/g2/qtQ6WBe1vMODUq86aG-DL8AlkyGa_5J56xW0Xg?utm_source=invitation&utm_medium=link_copy&utm_campaign=default"",
      ""add_label_id"": null,
      ""del_label_id"": null
    }
  ]
}","[
  {
    ""url"": ""オープンチャット「AIマニアの放課後」 https://line.me/ti/g2/qtQ6WBe1vMODUq86aG-DL8AlkyGa_5J56xW0Xg?utm_source=invitation&utm_medium=link_copy&utm_campaign=default"",
    ""action_id"": null,
    ""expiration_type"": ""none""
  }
]","[
  {
    ""url"": ""オープンチャット「AIマニアの放課後」 https://line.me/ti/g2/qtQ6WBe1vMODUq86aG-DL8AlkyGa_5J56xW0Xg?utm_source=invitation&utm_medium=link_copy&utm_campaign=default"",
    ""action_id"": null,
    ""expiration_type"": ""none""
  }
]","","","VSL72時間終了または無断欠席3通終了後も面談未予約・未実施。予約完了／面談済み／営業停止は除外。オプチャリンククリックで残り案内停止。","[
  {
    ""url"": ""オープンチャット「AIマニアの放課後」 https://line.me/ti/g2/qtQ6WBe1vMODUq86aG-DL8AlkyGa_5J56xW0Xg?utm_source=invitation&utm_medium=link_copy&utm_campaign=default"",
    ""action_id"": null,
    ""expiration_type"": ""none""
  }
]","配信基準=。本文N/O/PとUTAGE編集URLは後続列に保持。","","","本文内定義","","YouTube正本を独自リライトしない。ステータスが廃止対象または旧読者のみの場合は新規実装しない。","【LINEメッセージ 1／text】
%line_name%さん、AIの学びを続けたい方へ😊

オープンチャット 「AIマニアの放課後」 をご案内します🎉
AI活用やひとり起業について学べるZoom勉強会を、月2回開催していますよ。まずは気軽に参加してくださいね🙌

────────────

【LINEメッセージ 2／button】
{
  ""alt_text"": ""スマートフォンから閲覧してください。"",
  ""react_type"": ""one_time"",
  ""react_press_again_text"": null,
  ""thumbnail_image_url"": null,
  ""title"": null,
  ""text"": ""AIマニアの放課後はこちら"",
  ""actions"": [
    {
      ""type"": ""url"",
      ""label"": ""オプチャに参加する🔥"",
      ""uri"": ""オープンチャット「AIマニアの放課後」 https://line.me/ti/g2/qtQ6WBe1vMODUq86aG-DL8AlkyGa_5J56xW0Xg?utm_source=invitation&utm_medium=link_copy&utm_campaign=default"",
      ""add_label_id"": null,
      ""del_label_id"": null
    }
  ]
}","%line_name%さん、AIの学びを続けたい方へ😊

オープンチャット 「AIマニアの放課後」 をご案内します🎉
AI活用やひとり起業について学べるZoom勉強会を、月2回開催していますよ。まずは気軽に参加してくださいね🙌","[name]さん、AIの学びを続けたい方へ。

オープンチャット 「AIマニアの放課後」 をご案内します。AI活用やひとり起業について学べる無料勉強会を不定期で開催しています。匿名で参加できますのでまずは気軽に参加してください。","https://utage-system.com/account/Y86og5tIw1hZ/scenario/rB1Rr3C5g2PI/step/line/Keai6IIELEtI/edit","Keai6IIELEtI"
"YouTube_ゆるAI","REVIEW_YouTube_ゆるAI_20260810","178","稼働中","メッセージ","16","オプチャ_初回参加案内","NTIhWrYdF9wK","VSL72時間終了または無断欠席3通終了後も面談未予約・未実施。予約完了／面談済み／営業停止は除外。オプチャリンククリックで残り案内停止。","1日後 19:00","LINE","ステップ配信","OC-J02","","【LINEメッセージ 1／text】
一人で情報を追い続けると、分からないことが増えるほど動きにくくなりますよね😌

AIマニアの放課後 では、AIの変化を学びながら、自分の仕事や事業にどう使うかを一緒に考えていきます😊👇

https://line.me/ti/g2/qtQ6WBe1vMODUq86aG-DL8AlkyGa_5J56xW0Xg?utm_source=invitation&utm_medium=link_copy&utm_campaign=default","[
  {
    ""url"": ""https://line.me/ti/g2/qtQ6WBe1vMODUq86aG-DL8AlkyGa_5J56xW0Xg?utm_source=invitation&utm_medium=link_copy&utm_campaign=default"",
    ""action_id"": ""ua4O1UzrwOxm"",
    ""expiration_type"": ""none""
  }
]","[
  {
    ""url"": ""https://line.me/ti/g2/qtQ6WBe1vMODUq86aG-DL8AlkyGa_5J56xW0Xg?utm_source=invitation&utm_medium=link_copy&utm_campaign=default"",
    ""action_id"": ""ua4O1UzrwOxm"",
    ""expiration_type"": ""none""
  }
]","","","VSL72時間終了または無断欠席3通終了後も面談未予約・未実施。予約完了／面談済み／営業停止は除外。オプチャリンククリックで残り案内停止。","[
  {
    ""url"": ""https://line.me/ti/g2/qtQ6WBe1vMODUq86aG-DL8AlkyGa_5J56xW0Xg?utm_source=invitation&utm_medium=link_copy&utm_campaign=default"",
    ""action_id"": ""ua4O1UzrwOxm"",
    ""expiration_type"": ""none""
  }
]","配信基準=。本文N/O/PとUTAGE編集URLは後続列に保持。","","","本文内定義","","YouTube正本を独自リライトしない。ステータスが廃止対象または旧読者のみの場合は新規実装しない。","【LINEメッセージ 1／text】
一人で情報を追い続けると、分からないことが増えるほど動きにくくなりますよね😌

AIマニアの放課後 では、AIの変化を学びながら、自分の仕事や事業にどう使うかを一緒に考えていきます😊👇

https://line.me/ti/g2/qtQ6WBe1vMODUq86aG-DL8AlkyGa_5J56xW0Xg?utm_source=invitation&utm_medium=link_copy&utm_campaign=default","一人で情報を追い続けると、分からないことが増えるほど動きにくくなりますよね😌

AIマニアの放課後 では、AIの変化を学びながら、自分の仕事や事業にどう使うかを一緒に考えていきます😊👇

https://line.me/ti/g2/qtQ6WBe1vMODUq86aG-DL8AlkyGa_5J56xW0Xg?utm_source=invitation&utm_medium=link_copy&utm_campaign=default","一人で情報を追い続けると、分からないことが増えるほど動きにくくなります。

オープンチャット「AIマニアの放課後」 では、AIの変化を学びながら、自分の仕事や事業にどう使うかを考えます。

[オプチャURL]","https://utage-system.com/account/Y86og5tIw1hZ/scenario/rB1Rr3C5g2PI/step/line/NTIhWrYdF9wK/edit","NTIhWrYdF9wK"
"YouTube_ゆるAI","REVIEW_YouTube_ゆるAI_20260810","179","稼働中","メッセージ","16","オプチャ_初回参加案内","tqthhMdpJHMS","VSL72時間終了または無断欠席3通終了後も面談未予約・未実施。予約完了／面談済み／営業停止は除外。オプチャリンククリックで残り案内停止。","3日後 20:00","LINE","ステップ配信","OC-J03","","【LINEメッセージ 1／text】
オプチャ参加については、これで最後のご案内ですね😊

今すぐ面談やスクールを考えていなくても大丈夫ですよ🙆‍♂️
月2回のZoom勉強会から、AIを使うきっかけを作ってみてください💬","","","","","VSL72時間終了または無断欠席3通終了後も面談未予約・未実施。予約完了／面談済み／営業停止は除外。オプチャリンククリックで残り案内停止。","","配信基準=。本文N/O/PとUTAGE編集URLは後続列に保持。","","","本文内定義","","YouTube正本を独自リライトしない。ステータスが廃止対象または旧読者のみの場合は新規実装しない。","【LINEメッセージ 1／text】
オプチャ参加については、これで最後のご案内ですね😊

今すぐ面談やスクールを考えていなくても大丈夫ですよ🙆‍♂️
月2回のZoom勉強会から、AIを使うきっかけを作ってみてください💬","オプチャ参加については、これで最後のご案内ですね😊

今すぐ面談やスクールを考えていなくても大丈夫ですよ🙆‍♂️
月2回のZoom勉強会から、AIを使うきっかけを作ってみてください💬","オプチャ参加については、これで最後のご案内です。

今すぐ面談やスクールを考えていなくても大丈夫。無料勉強会から、AIを使うきっかけを作ってください。","https://utage-system.com/account/Y86og5tIw1hZ/scenario/rB1Rr3C5g2PI/step/line/tqthhMdpJHMS/edit","tqthhMdpJHMS"
"YouTube_ゆるAI","REVIEW_YouTube_ゆるAI_20260810","180","下書き","メッセージ","18","勉強会後ロードマップ_未クリック","qHdUnbo4wfh3","","登録直後","LINE","ステップ配信","OC-N01","","【LINEメッセージ 1／text】
%line_name%さん、本日の勉強会へのご参加、本当にありがとうございました😊🎉

今日の学びを自分の事業計画へ落とし込みたい方へ、AIひとり起業ロードマップ作成会をご案内しますね🎁

Zoom30分で、事業テーマ・商品・集客・販売の順番を一緒に整理していきます。スクールの案内も含むため、興味がある方だけ日程をご覧くださいね💬","","","","","","","配信基準=。本文N/O/PとUTAGE編集URLは後続列に保持。","","","本文内定義","","YouTube正本を独自リライトしない。ステータスが廃止対象または旧読者のみの場合は新規実装しない。","【LINEメッセージ 1／text】
%line_name%さん、本日の勉強会へのご参加、本当にありがとうございました😊🎉

今日の学びを自分の事業計画へ落とし込みたい方へ、AIひとり起業ロードマップ作成会をご案内しますね🎁

Zoom30分で、事業テーマ・商品・集客・販売の順番を一緒に整理していきます。スクールの案内も含むため、興味がある方だけ日程をご覧くださいね💬","%line_name%さん、本日の勉強会へのご参加、本当にありがとうございました😊🎉

今日の学びを自分の事業計画へ落とし込みたい方へ、AIひとり起業ロードマップ作成会をご案内しますね🎁

Zoom30分で、事業テーマ・商品・集客・販売の順番を一緒に整理していきます。スクールの案内も含むため、興味がある方だけ日程をご覧くださいね💬","次回の放課後勉強会が決まりました。

テーマ：[勉強会テーマ]
日時：[勉強会日時]
形式：Zoom

AIを知るだけでなく、自分の仕事やひとり起業へどう使うかを一緒に考えます。","https://utage-system.com/account/Y86og5tIw1hZ/scenario/YRvcJYoKf5bE/step/line/qHdUnbo4wfh3/edit","qHdUnbo4wfh3"
"YouTube_ゆるAI","REVIEW_YouTube_ゆるAI_20260810","181","稼働中","メッセージ","18","勉強会後ロードマップ_未クリック","Xx8BcVbTazKj","","1日後 10:00","LINE","ステップ配信","OC-N02","","【LINEメッセージ 1／text】
昨日の勉強会で見つけたヒント、そのままにしていませんか？😊

自分の場合の最初の一歩まで決めたい方は、30分のロードマップ作成会を使ってくださいね🙌","","","","","","","配信基準=。本文N/O/PとUTAGE編集URLは後続列に保持。","","","本文内定義","","YouTube正本を独自リライトしない。ステータスが廃止対象または旧読者のみの場合は新規実装しない。","【LINEメッセージ 1／text】
昨日の勉強会で見つけたヒント、そのままにしていませんか？😊

自分の場合の最初の一歩まで決めたい方は、30分のロードマップ作成会を使ってくださいね🙌","昨日の勉強会で見つけたヒント、そのままにしていませんか？😊

自分の場合の最初の一歩まで決めたい方は、30分のロードマップ作成会を使ってくださいね🙌","開催まであと3日です。

今回のテーマは [勉強会テーマ]。AI初心者でも参加できる内容です。聞くだけで終わらせず、自分ならどう使うかまで考える時間にします。

[勉強会申込URL]","https://utage-system.com/account/Y86og5tIw1hZ/scenario/YRvcJYoKf5bE/step/line/Xx8BcVbTazKj/edit","Xx8BcVbTazKj"
"YouTube_ゆるAI","REVIEW_YouTube_ゆるAI_20260810","182","稼働中","メッセージ","18","勉強会後ロードマップ_未クリック","DCkZURPOLdbZ","","2日後 20:00","LINE","ステップ配信","OC-N03","","【LINEメッセージ 1／text】
今回の勉強会参加者向けの作成会案内は、これで最後ですね😌

スクールに関心があって、具体的な進め方を相談したい方はこちらからご予約くださいね👇

────────────

【LINEメッセージ 2／button】
{
  ""alt_text"": ""【個別】ロードマップ作成会・最後のご案内"",
  ""react_type"": ""free"",
  ""react_press_again_text"": null,
  ""thumbnail_image_url"": null,
  ""title"": ""AIひとり起業ロードマップ作成会"",
  ""text"": ""これが最後のご案内・Zoom30分"",
  ""actions"": [
    {
      ""type"": ""url"",
      ""label"": ""日程を見て予約する"",
      ""uri"": ""https://utage-system.com/event/DkY6Co3mN1oB/register"",
      ""add_label_id"": null,
      ""del_label_id"": null
    }
  ]
}","[
  {
    ""url"": ""https://utage-system.com/event/DkY6Co3mN1oB/register"",
    ""action_id"": ""Rxpev2N4QEL3"",
    ""expiration_type"": ""none""
  }
]","[
  {
    ""url"": ""https://utage-system.com/event/DkY6Co3mN1oB/register"",
    ""action_id"": ""Rxpev2N4QEL3"",
    ""expiration_type"": ""none""
  }
]","","","","[
  {
    ""url"": ""https://utage-system.com/event/DkY6Co3mN1oB/register"",
    ""action_id"": ""Rxpev2N4QEL3"",
    ""expiration_type"": ""none""
  }
]","配信基準=。本文N/O/PとUTAGE編集URLは後続列に保持。","","","本文内定義","","YouTube正本を独自リライトしない。ステータスが廃止対象または旧読者のみの場合は新規実装しない。","【LINEメッセージ 1／text】
今回の勉強会参加者向けの作成会案内は、これで最後ですね😌

スクールに関心があって、具体的な進め方を相談したい方はこちらからご予約くださいね👇

────────────

【LINEメッセージ 2／button】
{
  ""alt_text"": ""【個別】ロードマップ作成会・最後のご案内"",
  ""react_type"": ""free"",
  ""react_press_again_text"": null,
  ""thumbnail_image_url"": null,
  ""title"": ""AIひとり起業ロードマップ作成会"",
  ""text"": ""これが最後のご案内・Zoom30分"",
  ""actions"": [
    {
      ""type"": ""url"",
      ""label"": ""日程を見て予約する"",
      ""uri"": ""https://utage-system.com/event/DkY6Co3mN1oB/register"",
      ""add_label_id"": null,
      ""del_label_id"": null
    }
  ]
}","今回の勉強会参加者向けの作成会案内は、これで最後ですね😌

スクールに関心があって、具体的な進め方を相談したい方はこちらからご予約くださいね👇","明日開催。

[勉強会テーマ]
[勉強会日時]／Zoom

参加する方は、忘れないうちに登録を済ませてください。","https://utage-system.com/account/Y86og5tIw1hZ/scenario/YRvcJYoKf5bE/step/line/DCkZURPOLdbZ/edit","DCkZURPOLdbZ"
"YouTube_ゆるAI","REVIEW_YouTube_ゆるAI_20260810","183","稼働中","メッセージ","19","勉強会後ロードマップ_クリック済","t5809c9etpY3","","15分 後","LINE","ステップ配信","OC-C01","","【LINEメッセージ 1／text】
%line_name%さん、作成会の日程ページを見てくださってありがとうございます😊

合う時間がなければ、少し時間を置いてもう一度確認できますよ💬","","","","","","","配信基準=。本文N/O/PとUTAGE編集URLは後続列に保持。","","","本文内定義","","YouTube正本を独自リライトしない。ステータスが廃止対象または旧読者のみの場合は新規実装しない。","【LINEメッセージ 1／text】
%line_name%さん、作成会の日程ページを見てくださってありがとうございます😊

合う時間がなければ、少し時間を置いてもう一度確認できますよ💬","%line_name%さん、作成会の日程ページを見てくださってありがとうございます😊

合う時間がなければ、少し時間を置いてもう一度確認できますよ💬","[name]さん、本日が放課後勉強会の日です。

テーマ：[勉強会テーマ]
日時：[勉強会日時]

今日扱う内容を、自分の行動に一つ持ち帰ってください。
[勉強会申込URL]","https://utage-system.com/account/Y86og5tIw1hZ/scenario/6s6n2jsuDCIe/step/line/t5809c9etpY3/edit","t5809c9etpY3"
"YouTube_ゆるAI","REVIEW_YouTube_ゆるAI_20260810","184","稼働中","メッセージ","19","勉強会後ロードマップ_クリック済","aJTXplcyVf6R","","2時間 後","LINE","ステップ配信","OC-C02","","【LINEメッセージ 1／text】
AIひとり起業ロードマップ作成会 はZoom30分です😊

予約は名前とメールアドレスだけでOK。勉強会で得た学びを、あなたの事業テーマと次の行動へつなげていきますね🙌","","","","","","","配信基準=。本文N/O/PとUTAGE編集URLは後続列に保持。","","","本文内定義","","YouTube正本を独自リライトしない。ステータスが廃止対象または旧読者のみの場合は新規実装しない。","【LINEメッセージ 1／text】
AIひとり起業ロードマップ作成会 はZoom30分です😊

予約は名前とメールアドレスだけでOK。勉強会で得た学びを、あなたの事業テーマと次の行動へつなげていきますね🙌","AIひとり起業ロードマップ作成会 はZoom30分です😊

予約は名前とメールアドレスだけでOK。勉強会で得た学びを、あなたの事業テーマと次の行動へつなげていきますね🙌","あと1時間で開始します。

AIマニアの放課後 Zoom勉強会
参加URL：[勉強会参加URL]

開始時刻になりましたら、こちらからお入りください。","https://utage-system.com/account/Y86og5tIw1hZ/scenario/6s6n2jsuDCIe/step/line/aJTXplcyVf6R/edit","aJTXplcyVf6R"
"YouTube_ゆるAI","REVIEW_YouTube_ゆるAI_20260810","185","稼働中","メッセージ","19","勉強会後ロードマップ_クリック済","drv279eSHBD2","","5時間 後","LINE","ステップ配信","OC-C03","","【LINEメッセージ 1／text】
まだテーマが固まっていなくても、まったく問題ありませんよ😌

経験・得意・興味を確認しながら、AIを使って何を形にするかを一緒に整理していきますね。スクールの説明も含みます👇

────────────

【LINEメッセージ 2／button】
{
  ""alt_text"": ""【個別】AIひとり起業ロードマップ作成会のご案内"",
  ""react_type"": ""free"",
  ""react_press_again_text"": null,
  ""thumbnail_image_url"": null,
  ""title"": ""AIひとり起業ロードマップ作成会"",
  ""text"": ""Zoom30分・名前とメールだけで予約OK"",
  ""actions"": [
    {
      ""type"": ""url"",
      ""label"": ""日程を見て予約する"",
      ""uri"": ""https://utage-system.com/event/DkY6Co3mN1oB/register"",
      ""add_label_id"": null,
      ""del_label_id"": null
    }
  ]
}","[
  {
    ""url"": ""https://utage-system.com/event/DkY6Co3mN1oB/register"",
    ""action_id"": ""Rxpev2N4QEL3"",
    ""expiration_type"": ""none""
  }
]","[
  {
    ""url"": ""https://utage-system.com/event/DkY6Co3mN1oB/register"",
    ""action_id"": ""Rxpev2N4QEL3"",
    ""expiration_type"": ""none""
  }
]","","","","[
  {
    ""url"": ""https://utage-system.com/event/DkY6Co3mN1oB/register"",
    ""action_id"": ""Rxpev2N4QEL3"",
    ""expiration_type"": ""none""
  }
]","配信基準=。本文N/O/PとUTAGE編集URLは後続列に保持。","","","本文内定義","","YouTube正本を独自リライトしない。ステータスが廃止対象または旧読者のみの場合は新規実装しない。","【LINEメッセージ 1／text】
まだテーマが固まっていなくても、まったく問題ありませんよ😌

経験・得意・興味を確認しながら、AIを使って何を形にするかを一緒に整理していきますね。スクールの説明も含みます👇

────────────

【LINEメッセージ 2／button】
{
  ""alt_text"": ""【個別】AIひとり起業ロードマップ作成会のご案内"",
  ""react_type"": ""free"",
  ""react_press_again_text"": null,
  ""thumbnail_image_url"": null,
  ""title"": ""AIひとり起業ロードマップ作成会"",
  ""text"": ""Zoom30分・名前とメールだけで予約OK"",
  ""actions"": [
    {
      ""type"": ""url"",
      ""label"": ""日程を見て予約する"",
      ""uri"": ""https://utage-system.com/event/DkY6Co3mN1oB/register"",
      ""add_label_id"": null,
      ""del_label_id"": null
    }
  ]
}","まだテーマが固まっていなくても、まったく問題ありませんよ😌

経験・得意・興味を確認しながら、AIを使って何を形にするかを一緒に整理していきますね。スクールの説明も含みます👇","[name]さん、本日の勉強会へのご参加ありがとうございました。

今日の学びを自分の事業計画へ落とし込みたい方へ、AIひとり起業ロードマップ作成会をご案内します。

Zoom30分で、事業テーマ・商品・集客・販売の順番を一緒に整理します。スクールの案内も含むため、興味がある方だけ日程をご覧ください。","https://utage-system.com/account/Y86og5tIw1hZ/scenario/6s6n2jsuDCIe/step/line/drv279eSHBD2/edit","drv279eSHBD2"
"YouTube_ゆるAI","REVIEW_YouTube_ゆるAI_20260810","186","稼働中","メッセージ","19","勉強会後ロードマップ_クリック済","TQAmLMmMHUwK","","10時間 後","LINE","ステップ配信","OC-C04","","【LINEメッセージ 1／text】
学んだ日の熱を、そのまま行動へ🔥

一人で考えて止まる前に、３０分で優先順位を決めちゃいましょう💬","","","","","","","配信基準=。本文N/O/PとUTAGE編集URLは後続列に保持。","","","本文内定義","","YouTube正本を独自リライトしない。ステータスが廃止対象または旧読者のみの場合は新規実装しない。","【LINEメッセージ 1／text】
学んだ日の熱を、そのまま行動へ🔥

一人で考えて止まる前に、３０分で優先順位を決めちゃいましょう💬","学んだ日の熱を、そのまま行動へ🔥

一人で考えて止まる前に、３０分で優先順位を決めちゃいましょう💬","昨日の勉強会で見つけたヒントを、そのままにしていませんか？

自分の場合の最初の一歩まで決めたい方は、30分のロードマップ作成会を使ってください。","https://utage-system.com/account/Y86og5tIw1hZ/scenario/6s6n2jsuDCIe/step/line/TQAmLMmMHUwK/edit","TQAmLMmMHUwK"
"YouTube_ゆるAI","REVIEW_YouTube_ゆるAI_20260810","187","稼働中","メッセージ","19","勉強会後ロードマップ_クリック済","5y0jtagXKl24","","1日 後","LINE","ステップ配信","OC-C05","","【LINEメッセージ 1／text】
%line_name%さん、ロードマップ作成会へ参加しようか迷われている方へ😌

「今の自分が最初に取り組む課題を明確にしていただけました。」
「AIで事業を作り、労働集約から卒業しようと決意しました。」
などの感想をいただいております🙌

次の開催は未定です。お早めにお申し込みください。","","","","","","","配信基準=。本文N/O/PとUTAGE編集URLは後続列に保持。","","","本文内定義","","YouTube正本を独自リライトしない。ステータスが廃止対象または旧読者のみの場合は新規実装しない。","【LINEメッセージ 1／text】
%line_name%さん、昨日ページを開いて迷っていた方へ😌

作成会では、今の自分が最初に取り組む一つを明確にしていきますね。そのうえでスクールが必要かも判断できますよ🙌","%line_name%さん、昨日ページを開いて迷っていた方へ😌

作成会では、今の自分が最初に取り組む一つを明確にしていきますね。そのうえでスクールが必要かも判断できますよ🙌","今回の勉強会参加者向けの作成会案内は、これで最後です。

スクールに関心があり、具体的な進め方を相談したい方はこちらからご予約ください。
[面談予約URL]","https://utage-system.com/account/Y86og5tIw1hZ/scenario/6s6n2jsuDCIe/step/line/5y0jtagXKl24/edit","5y0jtagXKl24"
"YouTube_ゆるAI","REVIEW_YouTube_ゆるAI_20260810","188","稼働中","メッセージ","19","勉強会後ロードマップ_クリック済","GcAZFq9yUYEu","","1日 4時間 後","LINE","ステップ配信","OC-C06","","【LINEメッセージ 1／text】
AIでできることが増えるほど、選択肢も増えていきますよね😊

だからこそ、何をやるべきなのか整理する時間を作ってください✨
ロードマップ作成会でお待ちしています。","","","","","","","配信基準=。本文N/O/PとUTAGE編集URLは後続列に保持。","","","本文内定義","","YouTube正本を独自リライトしない。ステータスが廃止対象または旧読者のみの場合は新規実装しない。","【LINEメッセージ 1／text】
AIでできることが増えるほど、選択肢も増えていきますよね😊

だからこそ、何をやるかだけでなく、今は何をやらないかまで整理する時間を作ってくださいね✨","AIでできることが増えるほど、選択肢も増えていきますよね😊

だからこそ、何をやるかだけでなく、今は何をやらないかまで整理する時間を作ってくださいね✨","[name]さん、ロードマップ作成会の日程ページを見てくださりありがとうございます。

合う時間がなければ、少し時間を置いてもう一度確認できます。","https://utage-system.com/account/Y86og5tIw1hZ/scenario/6s6n2jsuDCIe/step/line/GcAZFq9yUYEu/edit","GcAZFq9yUYEu"
"YouTube_ゆるAI","REVIEW_YouTube_ゆるAI_20260810","189","稼働中","メッセージ","19","勉強会後ロードマップ_クリック済","MxOJAWlXbEbE","","1日後 10:00","LINE","ステップ配信","OC-C07","","【LINEメッセージ 1／text】
事前準備は一切不要です😊 様々な相談の場としてご活用ください👇

────────────

【LINEメッセージ 2／button】
{
  ""alt_text"": ""【個別】ロードマップ作成会・事前課題なし/日程変更OK"",
  ""react_type"": ""free"",
  ""react_press_again_text"": null,
  ""thumbnail_image_url"": null,
  ""title"": ""AIひとり起業ロードマップ作成会"",
  ""text"": ""事前課題なし・日程変更OK"",
  ""actions"": [
    {
      ""type"": ""url"",
      ""label"": ""日程を見て予約する"",
      ""uri"": ""https://utage-system.com/event/DkY6Co3mN1oB/register"",
      ""add_label_id"": null,
      ""del_label_id"": null
    }
  ]
}","[
  {
    ""url"": ""https://utage-system.com/event/DkY6Co3mN1oB/register"",
    ""action_id"": ""Rxpev2N4QEL3"",
    ""expiration_type"": ""none""
  }
]","[
  {
    ""url"": ""https://utage-system.com/event/DkY6Co3mN1oB/register"",
    ""action_id"": ""Rxpev2N4QEL3"",
    ""expiration_type"": ""none""
  }
]","","","","[
  {
    ""url"": ""https://utage-system.com/event/DkY6Co3mN1oB/register"",
    ""action_id"": ""Rxpev2N4QEL3"",
    ""expiration_type"": ""none""
  }
]","配信基準=。本文N/O/PとUTAGE編集URLは後続列に保持。","","","本文内定義","","YouTube正本を独自リライトしない。ステータスが廃止対象または旧読者のみの場合は新規実装しない。","【LINEメッセージ 1／text】
事前課題や資料は不要ですよ😊 予約後に都合が変わっても日程変更できるので安心してくださいね👇

────────────

【LINEメッセージ 2／button】
{
  ""alt_text"": ""【個別】ロードマップ作成会・事前課題なし/日程変更OK"",
  ""react_type"": ""free"",
  ""react_press_again_text"": null,
  ""thumbnail_image_url"": null,
  ""title"": ""AIひとり起業ロードマップ作成会"",
  ""text"": ""事前課題なし・日程変更OK"",
  ""actions"": [
    {
      ""type"": ""url"",
      ""label"": ""日程を見て予約する"",
      ""uri"": ""https://utage-system.com/event/DkY6Co3mN1oB/register"",
      ""add_label_id"": null,
      ""del_label_id"": null
    }
  ]
}","事前課題や資料は不要ですよ😊 予約後に都合が変わっても日程変更できるので安心してくださいね👇","AIひとり起業ロードマップ作成会 はZoom30分です。

予約は名前とメールアドレスだけ。勉強会で得た学びを、あなたの事業テーマと次の行動へつなげます。","https://utage-system.com/account/Y86og5tIw1hZ/scenario/6s6n2jsuDCIe/step/line/MxOJAWlXbEbE/edit","MxOJAWlXbEbE"
"YouTube_ゆるAI","REVIEW_YouTube_ゆるAI_20260810","190","稼働中","メッセージ","19","勉強会後ロードマップ_クリック済","Qx8sfyBu5hqI","","1日後 15:00","LINE","ステップ配信","OC-C08","","【LINEメッセージ 1／text】
受付終了まで残り9時間です⏰

必要な方は、お早めに日程を確保してください🙌","","","","","","","配信基準=。本文N/O/PとUTAGE編集URLは後続列に保持。","","","本文内定義","","YouTube正本を独自リライトしない。ステータスが廃止対象または旧読者のみの場合は新規実装しない。","【LINEメッセージ 1／text】
今回の受付は残り9時間です⏰

実際の48時間受付に基づくご案内です。必要な方は、期限内に日程を確保してくださいね🙌","","まだテーマが固まっていなくても問題ありません。

経験・得意・興味を確認しながら、AIを使って何を形にするかを一緒に整理します。
[面談予約URL]","https://utage-system.com/account/Y86og5tIw1hZ/scenario/6s6n2jsuDCIe/step/line/Qx8sfyBu5hqI/edit","Qx8sfyBu5hqI"
"YouTube_ゆるAI","REVIEW_YouTube_ゆるAI_20260810","191","稼働中","メッセージ","19","勉強会後ロードマップ_クリック済","EbnJDJasIpid","","1日後 21:00","LINE","ステップ配信","OC-C09","","【LINEメッセージ 1／text】
受付終了まであと3時間です⏰

AIひとり起業スクールに関心があって、自分に合う進め方を直接相談したい方はこちらです👇

────────────

【LINEメッセージ 2／button】
{
  ""alt_text"": ""【個別】ロードマップ作成会・受付終了まであと3時間"",
  ""react_type"": ""free"",
  ""react_press_again_text"": null,
  ""thumbnail_image_url"": null,
  ""title"": ""AIひとり起業ロードマップ作成会"",
  ""text"": ""受付終了まであと3時間"",
  ""actions"": [
    {
      ""type"": ""url"",
      ""label"": ""日程を見て予約する"",
      ""uri"": ""https://utage-system.com/event/DkY6Co3mN1oB/register"",
      ""add_label_id"": null,
      ""del_label_id"": null
    }
  ]
}","[
  {
    ""url"": ""https://utage-system.com/event/DkY6Co3mN1oB/register"",
    ""action_id"": ""Rxpev2N4QEL3"",
    ""expiration_type"": ""none""
  }
]","[
  {
    ""url"": ""https://utage-system.com/event/DkY6Co3mN1oB/register"",
    ""action_id"": ""Rxpev2N4QEL3"",
    ""expiration_type"": ""none""
  }
]","","","","[
  {
    ""url"": ""https://utage-system.com/event/DkY6Co3mN1oB/register"",
    ""action_id"": ""Rxpev2N4QEL3"",
    ""expiration_type"": ""none""
  }
]","配信基準=。本文N/O/PとUTAGE編集URLは後続列に保持。","","","本文内定義","","YouTube正本を独自リライトしない。ステータスが廃止対象または旧読者のみの場合は新規実装しない。","【LINEメッセージ 1／text】
受付終了まであと3時間です⏰

AIひとり起業スクールに関心があって、自分に合う進め方を直接相談したい方はこちらです👇

────────────

【LINEメッセージ 2／button】
{
  ""alt_text"": ""【個別】ロードマップ作成会・受付終了まであと3時間"",
  ""react_type"": ""free"",
  ""react_press_again_text"": null,
  ""thumbnail_image_url"": null,
  ""title"": ""AIひとり起業ロードマップ作成会"",
  ""text"": ""受付終了まであと3時間"",
  ""actions"": [
    {
      ""type"": ""url"",
      ""label"": ""日程を見て予約する"",
      ""uri"": ""https://utage-system.com/event/DkY6Co3mN1oB/register"",
      ""add_label_id"": null,
      ""del_label_id"": null
    }
  ]
}","","学んだ日の熱を、行動へ。

一人で考えて止まる前に、30分で優先順位を決めましょう。","https://utage-system.com/account/Y86og5tIw1hZ/scenario/6s6n2jsuDCIe/step/line/EbnJDJasIpid/edit","EbnJDJasIpid"
"YouTube_ゆるAI","REVIEW_YouTube_ゆるAI_20260810","192","稼働中","メッセージ","19","勉強会後ロードマップ_クリック済","FYFbS6MjeNru","","1日後 23:00","LINE","ステップ配信","OC-C10","","【LINEメッセージ 1／text】
あと1時間で受付を終了します⏰

今回の案内はこれで最後です。参加したい方は今すぐ予約を完了してくださいね💬","","","","","","","配信基準=。本文N/O/PとUTAGE編集URLは後続列に保持。","","","本文内定義","","YouTube正本を独自リライトしない。ステータスが廃止対象または旧読者のみの場合は新規実装しない。","【LINEメッセージ 1／text】
あと1時間で受付を終了します⏰

今回の勉強会参加者向け案内はこれで最後です。参加したい方は今すぐ予約を完了してくださいね💬","","[name]さん、昨日ページを開いて迷っていた方へ。

作成会では、今の自分が最初に取り組む一つを明確にします。そのうえでスクールが必要かも判断できます。","https://utage-system.com/account/Y86og5tIw1hZ/scenario/6s6n2jsuDCIe/step/line/FYFbS6MjeNru/edit","FYFbS6MjeNru"
"YouTube_ゆるAI","REVIEW_YouTube_ゆるAI_20260810","193","稼働中","メッセージ","20","AIでひとり起業【個別相談会】リマインダ","70sjTO8HmghJ","","登録直後","メール","ステップ配信","申込時","【重要】%event_name%へのお申込みが完了しました","%name% 様

この度は
%event_name%
にお申込み頂きありがとうございます。

お申込み頂いたご予約について
ご案内をさせて頂きます。

■　お申込者情報
━━━━━━━━━━━━━━━━

お名前：%name%
メールアドレス：%mail%
電話番号：%phone%


■　日程・参加方法
━━━━━━━━━━━━━━━━

%event_info%


■　キャンセルについて
━━━━━━━━━━━━━━━━

キャンセルを希望される場合は事前に『必ず』ご連絡ください。


━━━━━━━━━━━━━━━━
%event_name%運営事務局
%from_mail%
━━━━━━━━━━━━━━━━","","","","","","","配信基準=。本文N/O/PとUTAGE編集URLは後続列に保持。","","","本文内定義","","YouTube正本を独自リライトしない。ステータスが廃止対象または旧読者のみの場合は新規実装しない。","%name% 様

この度は
%event_name%
にお申込み頂きありがとうございます。

お申込み頂いたご予約について
ご案内をさせて頂きます。

■　お申込者情報
━━━━━━━━━━━━━━━━

お名前：%name%
メールアドレス：%mail%
電話番号：%phone%


■　日程・参加方法
━━━━━━━━━━━━━━━━

%event_info%


■　キャンセルについて
━━━━━━━━━━━━━━━━

キャンセルを希望される場合は事前に『必ず』ご連絡ください。


━━━━━━━━━━━━━━━━
%event_name%運営事務局
%from_mail%
━━━━━━━━━━━━━━━━","","AIでできることが増えるほど、選択肢も増えます。

だからこそ、何をやるかだけでなく、今は何をやらないかまで整理する時間を作ってください。","https://utage-system.com/account/Y86og5tIw1hZ/scenario/vVqowqBT63pQ/step/70sjTO8HmghJ/edit","70sjTO8HmghJ"
"YouTube_ゆるAI","REVIEW_YouTube_ゆるAI_20260810","194","稼働中","メッセージ","20","AIでひとり起業【個別相談会】リマインダ","jdhZUdOrDuDa","","14日前の 8:00","メール","リマインダ配信","開催14日前","【開催14日前】%event_name%","%name% 様

この度は
%event_name%
にお申込み頂きありがとうございます。

開催14日前になりましたので
リマインドをさせて頂きます。

■　お申込者情報
━━━━━━━━━━━━━━━━

お名前：%name%
メールアドレス：%mail%
電話番号：%phone%


■　日程・参加方法
━━━━━━━━━━━━━━━━

%event_info%


■　キャンセルについて
━━━━━━━━━━━━━━━━

キャンセルを希望される場合は事前に『必ず』ご連絡ください。


━━━━━━━━━━━━━━━━
%event_name%運営事務局
%from_mail%
━━━━━━━━━━━━━━━━","","","","","","","配信基準=イベント参加日時。本文N/O/PとUTAGE編集URLは後続列に保持。","","","本文内定義","","YouTube正本を独自リライトしない。ステータスが廃止対象または旧読者のみの場合は新規実装しない。","%name% 様

この度は
%event_name%
にお申込み頂きありがとうございます。

開催14日前になりましたので
リマインドをさせて頂きます。

■　お申込者情報
━━━━━━━━━━━━━━━━

お名前：%name%
メールアドレス：%mail%
電話番号：%phone%


■　日程・参加方法
━━━━━━━━━━━━━━━━

%event_info%


■　キャンセルについて
━━━━━━━━━━━━━━━━

キャンセルを希望される場合は事前に『必ず』ご連絡ください。


━━━━━━━━━━━━━━━━
%event_name%運営事務局
%from_mail%
━━━━━━━━━━━━━━━━","","事前課題や資料は不要です。予約後に都合が変われば日程変更できます。

[面談予約URL]","https://utage-system.com/account/Y86og5tIw1hZ/scenario/vVqowqBT63pQ/reminder/jdhZUdOrDuDa/edit","jdhZUdOrDuDa"
"YouTube_ゆるAI","REVIEW_YouTube_ゆるAI_20260810","195","稼働中","メッセージ","20","AIでひとり起業【個別相談会】リマインダ","jK7xNyNa1cMJ","","7日前の 8:00","メール","リマインダ配信","開催7日前","【開催7日前】%event_name%","%name% 様

この度は
%event_name%
にお申込み頂きありがとうございます。

開催7日前になりましたので
リマインドをさせて頂きます。

■　お申込者情報
━━━━━━━━━━━━━━━━

お名前：%name%
メールアドレス：%mail%
電話番号：%phone%


■　日程・参加方法
━━━━━━━━━━━━━━━━

%event_info%


■　キャンセルについて
━━━━━━━━━━━━━━━━

キャンセルを希望される場合は事前に『必ず』ご連絡ください。


━━━━━━━━━━━━━━━━
%event_name%運営事務局
%from_mail%
━━━━━━━━━━━━━━━━","","","","","","","配信基準=イベント参加日時。本文N/O/PとUTAGE編集URLは後続列に保持。","","","本文内定義","","YouTube正本を独自リライトしない。ステータスが廃止対象または旧読者のみの場合は新規実装しない。","%name% 様

この度は
%event_name%
にお申込み頂きありがとうございます。

開催7日前になりましたので
リマインドをさせて頂きます。

■　お申込者情報
━━━━━━━━━━━━━━━━

お名前：%name%
メールアドレス：%mail%
電話番号：%phone%


■　日程・参加方法
━━━━━━━━━━━━━━━━

%event_info%


■　キャンセルについて
━━━━━━━━━━━━━━━━

キャンセルを希望される場合は事前に『必ず』ご連絡ください。


━━━━━━━━━━━━━━━━
%event_name%運営事務局
%from_mail%
━━━━━━━━━━━━━━━━","","今回の受付は残り9時間です。

実際の48時間受付に基づくご案内です。必要な方は、期限内に日程を確保してください。","https://utage-system.com/account/Y86og5tIw1hZ/scenario/vVqowqBT63pQ/reminder/jK7xNyNa1cMJ/edit","jK7xNyNa1cMJ"
"YouTube_ゆるAI","REVIEW_YouTube_ゆるAI_20260810","196","稼働中","メッセージ","20","AIでひとり起業【個別相談会】リマインダ","3Sm1nKs0whtA","","3日前の 8:00","メール","リマインダ配信","開催3日前","【開催3日前】%event_name%","%name% 様

この度は
%event_name%
にお申込み頂きありがとうございます。

開催3日前になりましたので
リマインドをさせて頂きます。

■　お申込者情報
━━━━━━━━━━━━━━━━

お名前：%name%
メールアドレス：%mail%
電話番号：%phone%


■　日程・参加方法
━━━━━━━━━━━━━━━━

%event_info%


■　キャンセルについて
━━━━━━━━━━━━━━━━

キャンセルを希望される場合は事前に『必ず』ご連絡ください。


━━━━━━━━━━━━━━━━
%event_name%運営事務局
%from_mail%
━━━━━━━━━━━━━━━━","","","","","","","配信基準=イベント参加日時。本文N/O/PとUTAGE編集URLは後続列に保持。","","","本文内定義","","YouTube正本を独自リライトしない。ステータスが廃止対象または旧読者のみの場合は新規実装しない。","%name% 様

この度は
%event_name%
にお申込み頂きありがとうございます。

開催3日前になりましたので
リマインドをさせて頂きます。

■　お申込者情報
━━━━━━━━━━━━━━━━

お名前：%name%
メールアドレス：%mail%
電話番号：%phone%


■　日程・参加方法
━━━━━━━━━━━━━━━━

%event_info%


■　キャンセルについて
━━━━━━━━━━━━━━━━

キャンセルを希望される場合は事前に『必ず』ご連絡ください。


━━━━━━━━━━━━━━━━
%event_name%運営事務局
%from_mail%
━━━━━━━━━━━━━━━━","","受付終了まであと3時間です。

AIひとり起業スクールに関心があり、自分に合う進め方を直接相談したい方はこちらです。
[面談予約URL]","https://utage-system.com/account/Y86og5tIw1hZ/scenario/vVqowqBT63pQ/reminder/3Sm1nKs0whtA/edit","3Sm1nKs0whtA"
"YouTube_ゆるAI","REVIEW_YouTube_ゆるAI_20260810","197","稼働中","メッセージ","20","AIでひとり起業【個別相談会】リマインダ","CGM99TaU9YO4","","1日前の 8:00","メール","リマインダ配信","開催前日","【明日開催】%event_name%","%name% 様

この度は
%event_name%
にお申込み頂きありがとうございます。

開催前日になりましたので
リマインドをさせて頂きます。

■　お申込者情報
━━━━━━━━━━━━━━━━

お名前：%name%
メールアドレス：%mail%
電話番号：%phone%


■　日程・参加方法
━━━━━━━━━━━━━━━━

%event_info%


■　キャンセルについて
━━━━━━━━━━━━━━━━

キャンセルを希望される場合は事前に『必ず』ご連絡ください。


━━━━━━━━━━━━━━━━
%event_name%運営事務局
%from_mail%
━━━━━━━━━━━━━━━━","","","","","","","配信基準=イベント参加日時。本文N/O/PとUTAGE編集URLは後続列に保持。","","","本文内定義","","YouTube正本を独自リライトしない。ステータスが廃止対象または旧読者のみの場合は新規実装しない。","%name% 様

この度は
%event_name%
にお申込み頂きありがとうございます。

開催前日になりましたので
リマインドをさせて頂きます。

■　お申込者情報
━━━━━━━━━━━━━━━━

お名前：%name%
メールアドレス：%mail%
電話番号：%phone%


■　日程・参加方法
━━━━━━━━━━━━━━━━

%event_info%


■　キャンセルについて
━━━━━━━━━━━━━━━━

キャンセルを希望される場合は事前に『必ず』ご連絡ください。


━━━━━━━━━━━━━━━━
%event_name%運営事務局
%from_mail%
━━━━━━━━━━━━━━━━","","あと1時間で受付を終了します。

今回の勉強会参加者向け案内はこれで最後です。参加したい方は今すぐ予約を完了してください。","https://utage-system.com/account/Y86og5tIw1hZ/scenario/vVqowqBT63pQ/reminder/CGM99TaU9YO4/edit","CGM99TaU9YO4"
"YouTube_ゆるAI","REVIEW_YouTube_ゆるAI_20260810","198","稼働中","メッセージ","20","AIでひとり起業【個別相談会】リマインダ","OkC1ak5iOy59","","当日の 8:00","メール","リマインダ配信","開催当日","【本日開催】%event_name%","%name% 様

この度は
%event_name%
にお申込み頂きありがとうございます。

開催当日になりましたので
リマインドをさせて頂きます。

■　お申込者情報
━━━━━━━━━━━━━━━━

お名前：%name%
メールアドレス：%mail%
電話番号：%phone%


■　日程・参加方法
━━━━━━━━━━━━━━━━

%event_info%


■　キャンセルについて
━━━━━━━━━━━━━━━━

キャンセルを希望される場合は事前に『必ず』ご連絡ください。


━━━━━━━━━━━━━━━━
%event_name%運営事務局
%from_mail%
━━━━━━━━━━━━━━━━","","","","","","","配信基準=イベント参加日時。本文N/O/PとUTAGE編集URLは後続列に保持。","","","本文内定義","","YouTube正本を独自リライトしない。ステータスが廃止対象または旧読者のみの場合は新規実装しない。","%name% 様

この度は
%event_name%
にお申込み頂きありがとうございます。

開催当日になりましたので
リマインドをさせて頂きます。

■　お申込者情報
━━━━━━━━━━━━━━━━

お名前：%name%
メールアドレス：%mail%
電話番号：%phone%


■　日程・参加方法
━━━━━━━━━━━━━━━━

%event_info%


■　キャンセルについて
━━━━━━━━━━━━━━━━

キャンセルを希望される場合は事前に『必ず』ご連絡ください。


━━━━━━━━━━━━━━━━
%event_name%運営事務局
%from_mail%
━━━━━━━━━━━━━━━━","","[name]さん、本日はありがとうございました。AIひとり起業スクールへのご参加手続きもありがとうございます。これ以降のご案内は、受講開始の案内に切り替わります。一緒に形にしていきましょう。","https://utage-system.com/account/Y86og5tIw1hZ/scenario/vVqowqBT63pQ/reminder/OkC1ak5iOy59/edit","OkC1ak5iOy59"
"YouTube_ゆるAI","REVIEW_YouTube_ゆるAI_20260810","199","稼働中","メッセージ","20","AIでひとり起業【個別相談会】リマインダ","o3RyLZEG5NES","","1時間 前","メール","リマインダ配信","開催60分前","【開催60分前】%event_name%","%name% 様

この度は
%event_name%
にお申込み頂きありがとうございます。

開催60分前になりましたので
リマインドをさせて頂きます。

■　お申込者情報
━━━━━━━━━━━━━━━━

お名前：%name%
メールアドレス：%mail%
電話番号：%phone%


■　日程・参加方法
━━━━━━━━━━━━━━━━

%event_info%


■　キャンセルについて
━━━━━━━━━━━━━━━━

キャンセルを希望される場合は事前に『必ず』ご連絡ください。


━━━━━━━━━━━━━━━━
%event_name%運営事務局
%from_mail%
━━━━━━━━━━━━━━━━","","","","","","","配信基準=イベント参加日時。本文N/O/PとUTAGE編集URLは後続列に保持。","","","本文内定義","","YouTube正本を独自リライトしない。ステータスが廃止対象または旧読者のみの場合は新規実装しない。","%name% 様

この度は
%event_name%
にお申込み頂きありがとうございます。

開催60分前になりましたので
リマインドをさせて頂きます。

■　お申込者情報
━━━━━━━━━━━━━━━━

お名前：%name%
メールアドレス：%mail%
電話番号：%phone%


■　日程・参加方法
━━━━━━━━━━━━━━━━

%event_info%


■　キャンセルについて
━━━━━━━━━━━━━━━━

キャンセルを希望される場合は事前に『必ず』ご連絡ください。


━━━━━━━━━━━━━━━━
%event_name%運営事務局
%from_mail%
━━━━━━━━━━━━━━━━","","[name]さん、本日はありがとうございました。次回は [面談日時] に、今日整理した内容の続きからお話しします。Zoomはこちらです：[ZoomURL]。変更が必要な場合は [日程変更URL] からお願いします。","https://utage-system.com/account/Y86og5tIw1hZ/scenario/vVqowqBT63pQ/reminder/o3RyLZEG5NES/edit","o3RyLZEG5NES"
"Instagram_10大特典","REVIEW_Instagram10大特典_20260810","1","レビュー中","アクション","入口","IG_00_入口","ACT-ENTRY","Instagram 10大特典から新規LINE登録","登録直後","UTAGE","ラベル・シナリオ遷移","媒体入口","","特典①〜④を即時配布。Zoomサポート会は起動しない。","","","src_instagram_10benefits / line_main_registered / ig_benefit_1to4_delivered / offer_seminar_active","","roadmap_booked / sales_in_progress / meeting_completed / sales_won / sales_stop","IG_10_セミナー募集","新規登録者だけ2026-08-10版へ。既存読者は旧ルート完走。","","","","","","","","","",""
"Instagram_10大特典","REVIEW_Instagram10大特典_20260810","2","レビュー中","アクション","セミナー","IG_15_申込完了","ACT-SEM-REG","第1または第2日程のセミナー申込完了","申込直後","UTAGE","ラベル・シナリオ遷移","セミナー申込完了","","選択した開催日程を保存し、未申込募集を即停止。","","","seminar_main_registered / seminar_schedule_1 または seminar_schedule_2 / offer_seminar_active","seminar_main_offered / seminar_page_clicked_unregistered / seminar_date_unavailable","roadmap_booked / sales_in_progress / meeting_completed / sales_won / sales_stop","IG_20_申込者リマインド","申込日程を基準にリマインドし、開催翌朝06:00の面談案内へ進む。","","","","","","","","","",""
"Instagram_10大特典","REVIEW_Instagram10大特典_20260810","3","レビュー中","アクション","面談","IG_25_面談予約完了","ACT-RM-BOOK","個別面談の予約完了","予約完了時","UTAGE","ラベル・シナリオ遷移","面談予約完了","","予約完了を全オファーの停止点にする。","","","roadmap_booked","offer_seminar_active / offer_vsl_active / offer_consult_day_active / offer_consult_48h_active / offer_noshow_rebook_active / openchat_invited","meeting_completed / sales_won / sales_stop","IG_80_面談リマインド","別の個別面談用公式LINEとの連携必須。実装時に両UTAGEアカウントの予約完了イベントと照合キーを確認。","","","","","","","","","",""
"Instagram_10大特典","REVIEW_Instagram10大特典_20260810","4","レビュー中","アクション","見逃し","IG_30_開催翌朝面談案内開始","ACT-POSTSEM-CONSULT","セミナー申込済み・面談未予約","申込したセミナー開催日の翌朝06:00","UTAGE","ラベル・シナリオ遷移","参加者向け面談案内開始","","参加／欠席は判定せず、ロードマップ作成会を当日23:59まで案内。","","","offer_consult_day_active","offer_seminar_active / seminar_main_offered","roadmap_booked / sales_in_progress / meeting_completed / sales_won / sales_stop","IG_30_参加者向け面談案内","現在UTAGEの『イベント開始15分後』設定は使わない。","","","","","","","","","",""
"Instagram_10大特典","REVIEW_Instagram10大特典_20260810","5","レビュー中","アクション","見逃し","IG_35_日程不可VSL即時開始","ACT-NODATE-VSL","「どちらの日程も合わない」ボタン初回押下","クリック直後","UTAGE","ラベル・シナリオ遷移","前回企画ダイジェストVSL開始","","セミナー募集を即停止し、同じVSLを前回企画ダイジェスト版として72時間公開。","","","seminar_date_unavailable / vsl_main_offered / offer_vsl_active","offer_seminar_active / seminar_main_offered / seminar_page_clicked_unregistered","roadmap_booked / sales_in_progress / meeting_completed / sales_won / sales_stop","IG_40_VSL_未開封","初回クリック時刻をVSL開始日時として固定。再クリックで期限を延長しない。","","","","","","","","","",""
"Instagram_10大特典","REVIEW_Instagram10大特典_20260810","6","レビュー中","アクション","VSL","IG_45_視聴開始","ACT-VSL-START","VSLページを開いて視聴開始","クリック直後","UTAGE","ラベル・シナリオ遷移","VSL視聴開始","","未視聴シナリオを即停止し、途中視聴へ移行。","","","vsl_main_started / offer_vsl_active","","vsl_main_completed / offer_consult_48h_active / roadmap_booked / sales_in_progress / sales_next_meeting / meeting_completed / sales_won / sales_stop","IG_50_VSL途中","YouTubeと同じ視聴開始判定を使用。未視聴15通と途中10通を重ねない。","","","","","","","","","",""
"Instagram_10大特典","REVIEW_Instagram10大特典_20260810","7","レビュー中","アクション","VSL","IG_55_視聴完了","ACT-VSL-COMPLETE","VSL完了地点到達","到達直後","UTAGE","ラベル・シナリオ遷移","VSL視聴完了","","未視聴・途中視聴を即停止し、完了後面談へ移行。","","","vsl_main_completed / offer_vsl_active","vsl_main_started","offer_consult_48h_active / roadmap_booked / sales_in_progress / sales_next_meeting / meeting_completed / sales_won / sales_stop","IG_60_VSL完了_面談","完了時点でVSL-U／VSL-Pを解除。完了シーケンスだけを残す。","","","","","","","","","",""
"Instagram_10大特典","REVIEW_Instagram10大特典_20260810","8","レビュー中","アクション","VSL","IG_65_期限切れ","ACT-VSL-EXPIRE","VSL開始から72時間・面談未予約","VSL初回開始時刻から厳密に72時間後","UTAGE","ラベル・シナリオ遷移","VSL期限切れ","","72時間VSLを終了し、面談予約済みでなければオプチャへ。","","","vsl_main_expired","vsl_main_started / vsl_main_offered / offer_vsl_active","roadmap_booked / sales_in_progress / meeting_completed / sales_won / sales_stop / offer_noshow_rebook_active","IG_90_オプチャ案内","日程不可／第2日程後／セミナー参加者未予約のどの入口でも同じ72時間判定。","","","","","","","","","",""
"Instagram_10大特典","REVIEW_Instagram10大特典_20260810","9","レビュー中","アクション","終了","IG_90_未転換終了","ACT-OPENCHAT","VSL72時間終了・面談未予約、または無断欠席3通後未再予約","各上位オファー終了直後","UTAGE","ラベル・シナリオ遷移","オプチャ移行","","まだ面談予約・実施していない未転換者だけをオプチャへ移行。","","","openchat_invited","offer_seminar_active / offer_vsl_active / offer_consult_day_active / offer_consult_48h_active / offer_noshow_rebook_active","roadmap_booked / sales_in_progress / meeting_completed / sales_won / sales_stop","IG_90_オプチャ案内","面談予約済み・面談済みは自動オプチャ対象外。","","","","","","","","","",""
"Instagram_10大特典","REVIEW_Instagram10大特典_20260810","10","レビュー中","アクション","最優先","IG_99_営業結果","ACT-SALES","面談完了後の営業結果を手動更新","面談終了後","UTAGE","ラベル・シナリオ遷移","上位状態停止","","meeting_completedを前提に営業結果4択を記録。自動ファネルは再開しない。","","","sales_won / sales_next_meeting / sales_no_next_meeting / sales_stop","","meeting_completed必須","手動運用","14番はYouTubeの4択を維持。ただし今回の確定事項により面談済みはゴールで、自動オプチャ・自動セミナー再開は行わない。","","","","","","","","","",""
"Instagram_10大特典","REVIEW_Instagram10大特典_20260810","11","レビュー中","アクション","セミナー","IG_12_セミナー申込ページクリック","ACT-SEM-PAGE","第1または第2日程の申込URL初回クリック・未申込","クリック直後","UTAGE","ラベル・シナリオ遷移","セミナー申込ページ離脱","","通常の未申込募集を即停止し、選んだ日程の申込完了催促だけへ移行。","","","seminar_page_clicked / seminar_page_clicked_unregistered / offer_seminar_active","","offer_vsl_active / seminar_main_registered / roadmap_booked / sales_in_progress / meeting_completed / sales_won / sales_stop","IG_13_セミナー申込ページクリック未申込","第1・第2日程の全CTAへ同一アクション。選択日程を保持。","","","","","","","","","",""
"Instagram_10大特典","REVIEW_Instagram10大特典_20260810","12","レビュー中","アクション","面談","IG_26_面談ページクリック","ACT-RM-PAGE","VSL完了後のロードマップ作成会ページ初回クリック・未予約","クリック直後・ここを48時間開始時刻に保存","UTAGE","ラベル・シナリオ遷移","面談ページ離脱","","VSL完了シーケンス・VSL期限・オプチャを停止し、48時間の面談催促だけへ移行。","","","roadmap_page_clicked / roadmap_page_clicked_unbooked / offer_consult_48h_active","offer_vsl_active / vsl_main_offered / vsl_main_started / vsl_main_completed / openchat_invited","roadmap_booked / sales_in_progress / sales_next_meeting / meeting_completed / sales_won / sales_stop / offer_noshow_rebook_active","IG_27_面談ページクリック未予約","全ロードマップCTAへ同一アクション。初回クリック時刻＋48時間でフォームを厳密に閉鎖。再クリックで期限を延長しない。","","","","","","","","","",""
"Instagram_10大特典","REVIEW_Instagram10大特典_20260810","13","レビュー中","アクション","面談無断欠席","IG_81_面談無断欠席","ACT-RM-NOSHOW","ロードマップ作成会の無断欠席を確認（事前キャンセル・日程変更は除く）","欠席確認直後","UTAGE","ラベル・シナリオ遷移","面談無断欠席","","YouTube同様、初回はroadmap_noshow_1、2回目以降はroadmap_noshow_2plus。再予約案内へ。","","","roadmap_noshow_1 または roadmap_noshow_2plus / offer_noshow_rebook_active","roadmap_booked / sales_in_progress / openchat_invited","再予約済／meeting_completed／成約／営業停止は除外","IG_81_面談無断欠席再予約","事前キャンセル・日程変更では欠席回数を増やさない。無断欠席3通の間はoffer_noshow_rebook_activeで他オファーを止める。","","","","","","","","","",""
"Instagram_10大特典","REVIEW_Instagram10大特典_20260810","14","レビュー中","アクション","セミナー終了","IG_29_第2日程終了未申込","ACT-SEM2-END-NOREG","第2日程終了時点でセミナー未申込・面談未予約","第2日程の翌朝06:00","UTAGE","ラベル・シナリオ遷移","未申込→72時間VSL","","確認ボタンを挟まず、前回企画ダイジェストではない通常のVSL案内を自動開始。","","","seminar_main_unregistered_closed / vsl_main_offered / offer_vsl_active","offer_seminar_active / seminar_main_offered / seminar_page_clicked_unregistered","roadmap_booked / sales_in_progress / meeting_completed / sales_won / sales_stop","IG_40_VSL_未開封","第1日程終了後は第2日程の募集を続け、第2日程終了後だけ実行。","","","","","","","","","",""
"Instagram_10大特典","REVIEW_Instagram10大特典_20260810","15","レビュー中","アクション","見逃し","IG_39_参加者面談受付終了","ACT-POSTSEM-CONSULT-EXPIRE","セミナー申込済み・当日23:59時点で面談未予約","申込したセミナー開催翌日の23:59で締切、次の朝06:00に実行","UTAGE","ラベル・シナリオ遷移","面談未予約→72時間VSL","","参加者向けロードマップ作成会を締め切り、次の朝からVSLを自動開始。","","","vsl_main_offered / offer_vsl_active","offer_consult_day_active","roadmap_booked / sales_in_progress / meeting_completed / sales_won / sales_stop","IG_40_VSL_未開封","確認ボタンは使わない。","","","","","","","","","",""
"Instagram_10大特典","REVIEW_Instagram10大特典_20260810","16","レビュー中","アクション","面談未予約","IG_28_面談48時間受付終了","ACT-CONSULT-EXPIRE","面談ページクリックから48時間・未予約・面談未実施","クリックから厳密に48時間後","UTAGE","ラベル・シナリオ遷移","面談48時間終了→オプチャ","","48時間の面談催促を終了し、申込フォーム自体をクローズしてからオプチャへ移行する","","","roadmap_offer_expired","offer_consult_48h_active / roadmap_page_clicked_unbooked","roadmap_booked / sales_in_progress / meeting_completed / sales_won / sales_stop","IG_90_オプチャ案内","ATT-C08〜10の残り9時間／3時間／1時間表記と同じ実締切を使用。48時間中はVSL期限・オプチャを完全停止。","","","","","","","","","",""
"Instagram_10大特典","REVIEW_Instagram10大特典_20260810","17","レビュー中","アクション","最優先","IG_98_面談完了","ACT-MEETING-COMPLETE","実際に個別面談を実施した人","面談終了直後・担当者が手動更新","UTAGE","ラベル・シナリオ遷移","面談済み＝自動ファネルゴール","","面談を実施した時点で全自動オファーを停止する。以後のオプチャ案内は手動のみ。","","","meeting_completed","offer_seminar_active / offer_vsl_active / offer_consult_48h_active / offer_noshow_rebook_active / seminar_main_offered / vsl_main_offered / vsl_main_started / vsl_main_completed / roadmap_page_clicked_unbooked / openchat_invited","","自動ファネル終了","面談後にsales_won／sales_next_meeting／sales_no_next_meeting／sales_stopを手動更新。どの営業結果でも自動オプチャへは送らない。","","","","","","","","","",""
"Instagram_10大特典","REVIEW_Instagram10大特典_20260810","18","レビュー中","アクション","終了","IG_91_オプチャリンククリック","ACT-OPENCHAT-CLICK","オプチャ参加リンクをクリック","クリック直後","UTAGE","ラベル・シナリオ遷移","オプチャ案内停止","","YouTube側と同様、リンククリック時点で残りの初回案内を停止する","","","openchat_link_clicked","openchat_invited","roadmap_booked / sales_in_progress / meeting_completed / sales_won / sales_stop","IG_90_オプチャ案内を停止して終了","J01〜J02の全リンクへ同じクリックアクションを設定。実参加判定ではなくリンククリックを停止点にする。","","","","","","","","","",""
"Instagram_10大特典","REVIEW_Instagram10大特典_20260810","19","レビュー中","アクション","面談無断欠席","IG_82_無断欠席再予約終了","ACT-NOSHOW-EXPIRE","無断欠席後3通終了・未再予約・面談未実施","NS-03配信後","UTAGE","ラベル・シナリオ遷移","無断欠席未再予約→オプチャ","","無断欠席後の再予約オファーを終了し、面談未実施者だけオプチャへ移行する","","","roadmap_noshow_rebook_expired","offer_noshow_rebook_active","roadmap_booked / sales_in_progress / sales_next_meeting / meeting_completed / sales_won / sales_stop","IG_90_オプチャ案内","YouTubeの無断欠席3通終了後の出口。事前キャンセル・日程変更はこのルートへ入れない。","","","","","","","","","",""
"Instagram_10大特典","REVIEW_Instagram10大特典_20260810","20","レビュー中","メッセージ","入口・特典","IG_00_登録直後","IG-ENTRY-01","Instagram経由でLINE登録・未配布","登録直後","LINE","画像＋テキスト（特典リンク4件）（画像: 01_10大特典_受取ガイド.png）","IG-BEN-01","","【LINEメッセージ 1／text】
ご登録ありがとうございます！😊
こすもすです。

さっそく、公式LINE登録特典をお届けします🎁

━━━━━━━━━━
① AI海外起業ビジネスモデル10選
━━━━━━━━━━
海外で生まれているAIビジネスを、10個に厳選してまとめています。

▼こちらからご覧ください
https://utagesystem.s3.ap-northeast-1.amazonaws.com/GX6OYW2fVtRD/O7A5XYh2PyVYoV5DWPTqUYkYOSiAt8Z9kYkydMPm.pdf

━━━━━━━━━━
② Claude Code・Codexなど
環境セットアップ完全手順書
━━━━━━━━━━
AIを使ってホームページやツールを作るための準備を、初心者向けに解説しています。

▼こちらからご覧ください
https://utagesystem.s3.ap-northeast-1.amazonaws.com/GX6OYW2fVtRD/86Ln3pi7lvBUS3hi5m12ZvAI8UoMFEoXQLI00VIp.pdf

━━━━━━━━━━
③ これだけは知っておくべきコマンド5選
━━━━━━━━━━
AIを使ううえで、まず覚えておきたい基本コマンドをまとめています。

▼こちらからご覧ください
https://utagesystem.s3.ap-northeast-1.amazonaws.com/GX6OYW2fVtRD/YHSlEkeZB9T9gsqQGIPWmzvSq9m4QFLmnR8dtXFg.pdf

━━━━━━━━━━
④ 知っておくと差がつくSkills 10選
━━━━━━━━━━
AIに専門的な仕事を任せやすくする、便利なSkillsをまとめています。

▼こちらからご覧ください
https://utagesystem.s3.ap-northeast-1.amazonaws.com/GX6OYW2fVtRD/5bOaVbp2Mj7aqeVK3rQodv8Agq0D0j8nxLVup94C.pdf

まずは気になるものから、ぜひご活用ください☺️

先ほどお渡しした特典①〜④は、
こちらのメッセージからいつでも確認できます😊✨

「どれから見よう…」と迷ったら、
まずは1番気になるものを1つだけ開いて、
保存しておいてください👇🎁","特典1〜4をまとめて受け取る","[
  {
    ""url"": ""https://utagesystem.s3.ap-northeast-1.amazonaws.com/GX6OYW2fVtRD/O7A5XYh2PyVYoV5DWPTqUYkYOSiAt8Z9kYkydMPm.pdf"",
    ""action_id"": null,
    ""expiration_type"": ""none""
  },
  {
    ""url"": ""https://utagesystem.s3.ap-northeast-1.amazonaws.com/GX6OYW2fVtRD/86Ln3pi7lvBUS3hi5m12ZvAI8UoMFEoXQLI00VIp.pdf"",
    ""action_id"": null,
    ""expiration_type"": ""none""
  },
  {
    ""url"": ""https://utagesystem.s3.ap-northeast-1.amazonaws.com/GX6OYW2fVtRD/YHSlEkeZB9T9gsqQGIPWmzvSq9m4QFLmnR8dtXFg.pdf"",
    ""action_id"": null,
    ""expiration_type"": ""none""
  },
  {
    ""url"": ""https://utagesystem.s3.ap-northeast-1.amazonaws.com/GX6OYW2fVtRD/5bOaVbp2Mj7aqeVK3rQodv8Agq0D0j8nxLVup94C.pdf"",
    ""action_id"": null,
    ""expiration_type"": ""none""
  }
]","ig_benefit_1to4_delivered","","面談予約済／商談中／成約／営業停止は除外","IG_10_セミナー募集","吉本さん原案 ENT-01 の文章・絵文字を使用。配信時刻・分岐・変数は確定済みInstagram設計を優先。","https://drive.usercontent.google.com/download?id=1Nh4_vdd1fOpvrmIFTaxjUSrK2ADEIV-t&export=view&confirm=t","=IF(U32="""","""",IMAGE(U32))","本文内リンク","公式LINE登録で豪華10大特典（AI×ひとり起業完全版）","吉本さん原案 8a963208-e6c2-4363-8049-9099e2528212.png を原寸・無加工で使用。文章・絵文字・分岐・配信時刻は承認済み行を維持する。","","","","",""
"Instagram_10大特典","REVIEW_Instagram10大特典_20260810","21","レビュー中","メッセージ","入口・特典","IG_10_セミナー募集","IG-SEM-01","特典①〜④配布済み・セミナー未申込","LINE登録から5分後","LINE","画像＋テキスト＋ボタン（画像: 02_第5特典_セミナー招待券.png）","IG-SEM-01","","【LINEメッセージ 1／text】
%line_name%さん、大変お待たせしました！😊🌟

登録特典の【特典⑤】として、
特別なオンラインセミナーの招待券をお届けします🎟️✨

毎月100名以上の方にご参加いただいている、AIとビジネスを繋げる時間となっております！
どうぞ楽しみにしていてください🌟

📢 セミナー：AIでひとり起業攻略法
📅 日程①：[第1日程]
📅 日程②：[第2日程]

ご都合の合う日程を選択してください👇","日程①に申し込む / 日程②に申し込む / どちらの日程も合わない","[第1日程申込URL｜ACT-SEM-PAGE] / [第2日程申込URL｜ACT-SEM-PAGE] / [ACT-NODATE-VSL]","seminar_main_offered / offer_seminar_active","","seminar_page_clicked_unregistered / seminar_main_registered / offer_vsl_active / offer_consult_48h_active / roadmap_booked / sales_in_progress / sales_next_meeting / meeting_completed / sales_won / sales_stop","日程①・②→選択日程の申込催促／日程不可→IG_40_VSL_未開封","吉本さん原案の本文・絵文字・画像を維持し、2日程と第3ボタンだけ追加。","https://drive.usercontent.google.com/download?id=1_VhKIcMLuby5D7FQQ7MLGTJcMseY4f7I&export=view&confirm=t","=IF(U33="""","""",IMAGE(U33))","本文→CTA","登録特典⑤・オンラインセミナー招待券／参加者へ特典⑥〜⑩","吉本さん原案 7d3a84d1-785a-4cbe-95c8-eec7c4f543d5.png を原寸・無加工で使用。文章・絵文字・分岐・配信時刻は承認済み行を維持する。","","","","",""
"Instagram_10大特典","REVIEW_Instagram10大特典_20260810","22","レビュー中","メッセージ","セミナー募集","IG_10_セミナー募集_第1日程","LQpvKDFjDGsM","セミナー未申込・日程不可未選択・面談未予約","第1日程 14日前10:00（未経過時のみ）","LINE","テキスト","SEM-A01（開催14日前10:00）","","【LINEメッセージ 1／text】
特典①〜④をご覧になって、
「自分なら、何から始めればいいんだろう？🤔」
と感じた方へ。

先ほど、そのモヤモヤをすっきり解消する
【特典⑤：セミナー招待券】をお送りしました！🎟️🚀
質疑応答の時間もたくさんご用意しているので、まずは現状を変えるための一歩としてご参加していただければと思います☺️
ぜひチェックしてください✨","セミナー招待券を受け取る","[第1日程申込URL｜ACT-SEM-PAGE]","","","seminar_page_clicked_unregistered / seminar_main_registered / seminar_date_unavailable / offer_vsl_active / roadmap_booked / sales_in_progress / meeting_completed / sales_won / sales_stop","次の第1日程案内","第1日程開始まで。未経過の配信だけ実行。","https://drive.usercontent.google.com/download?id=1hDHYwE25L5n73r3M4u7dnhZP935HQ8-5&export=view&confirm=t","=IF(U34="""","""",IMAGE(U34))","本文直前（画像→本文→CTA）","AIでひとり起業攻略法とは何か／具体的な次の一歩","吉本さん原案 a61066b1-911e-4aa9-9dae-effb289e7601.png を原寸・無加工で使用。文章・絵文字・分岐・配信時刻は承認済み行を維持する。","","","","",""
"Instagram_10大特典","REVIEW_Instagram10大特典_20260810","23","レビュー中","メッセージ","セミナー募集","IG_10_セミナー募集_第1日程","AqiRBjFsP3Kl","セミナー未申込・日程不可未選択・面談未予約","第1日程 12日前19:00（未経過時のみ）","LINE","テキスト＋ボタン","SEM-A02（開催12日前19:00）","","【LINEメッセージ 1／text】
先ほどお送りした「セミナー招待状」は
確認できましたか？😊

残りの5大特典（⑥〜⑩）は、
特に有料級の内容となっているため、
セミナーの最後に【参加者限定】でお渡しします🎁

予定が合う方は、忘れないうちに
先に席だけ確保しておいてくださいね👇
[第1日程申込URL]","セミナーに申し込む","[第1日程申込URL｜ACT-SEM-PAGE]","","","seminar_page_clicked_unregistered / seminar_main_registered / seminar_date_unavailable / offer_vsl_active / roadmap_booked / sales_in_progress / meeting_completed / sales_won / sales_stop","次の第1日程案内","第1日程開始まで。未経過の配信だけ実行。","https://drive.usercontent.google.com/download?id=1N4ce4deT64SE9bn9-tsgLF3B-K6o4coO&export=view&confirm=t","=IF(U35="""","""",IMAGE(U35))","本文直前（画像→本文→CTA）","セミナー参加限定特典①〜⑤（豪華特典⑥〜⑩）","吉本さん原案 84dbdc97-a0b4-4788-9d9c-6d402e369798.png を原寸・無加工で使用。文章・絵文字・分岐・配信時刻は承認済み行を維持する。","","","","",""
"Instagram_10大特典","REVIEW_Instagram10大特典_20260810","24","レビュー中","メッセージ","セミナー募集","IG_10_セミナー募集_第1日程","JHSy8ypSk7Oy","セミナー未申込・日程不可未選択・面談未予約","第1日程 10日前10:00（未経過時のみ）","LINE","画像＋テキスト＋ボタン（画像: 03_参加者限定_残り5特典.png）","SEM-A03（開催10日前10:00）","","【LINEメッセージ 1／text】
セミナーの最後にお渡しする
【限定特典⑥〜⑩】について少しご紹介します✨

内容は、【AIで動画制作法】や、【AIを使ったホームページ制作法】など、
セミナーの理解をさらに深めて「次の一歩」へすぐ踏み出せるような、
超・実践的なお役立ち資料にしています！💡

ぜひ楽しみにしていてくださいね😊
▼セミナーのお申し込みはこちら
[第1日程申込URL]","残り5特典を受け取るために参加する","[第1日程申込URL｜ACT-SEM-PAGE]","","","seminar_page_clicked_unregistered / seminar_main_registered / seminar_date_unavailable / offer_vsl_active / roadmap_booked / sales_in_progress / meeting_completed / sales_won / sales_stop","次の第1日程案内","第1日程開始まで。未経過の配信だけ実行。","","","本文直前（画像→本文→CTA）","","吉本さん原案 SEM-U03 を基礎。文章・絵文字を優先し、配信時刻・分岐・変数だけ現行確定ルールへ合わせる。","","","","",""
"Instagram_10大特典","REVIEW_Instagram10大特典_20260810","25","レビュー中","メッセージ","セミナー募集","IG_10_セミナー募集_第1日程","pn1FoJ7Cr80a","セミナー未申込・日程不可未選択・面談未予約","第1日程 8日前19:00（未経過時のみ）","LINE","テキスト＋ボタン","SEM-A04（開催8日前19:00）","","【LINEメッセージ 1／text】
今回のセミナーでは、単にAIの知識を
増やすだけではなく、以下の3点を
あなたのペースに合わせて整理していきます🌱✨

１．今のあなたに実践できること🚀
２．あなたの生活・仕事で「AIを活かせる場面」🤖
３．今日からスタートできる「最初の一歩」💪

▼お席の確保はこちらからどうぞ👇😊
[第1日程申込URL]","セミナー内容を確認する","[第1日程申込URL｜ACT-SEM-PAGE]","","","seminar_page_clicked_unregistered / seminar_main_registered / seminar_date_unavailable / offer_vsl_active / roadmap_booked / sales_in_progress / meeting_completed / sales_won / sales_stop","次の第1日程案内","第1日程開始まで。未経過の配信だけ実行。","","","本文直前（画像→本文→CTA）","","吉本さん原案 SEM-U17 を基礎。文章・絵文字を優先し、配信時刻・分岐・変数だけ現行確定ルールへ合わせる。","","","","",""
"Instagram_10大特典","REVIEW_Instagram10大特典_20260810","26","レビュー中","メッセージ","セミナー募集","IG_10_セミナー募集_第1日程","IG-SEM-D7-10-NEW","セミナー未申込・日程不可未選択・面談未予約","第1日程 7日前10:00（未経過時のみ）","LINE","テキスト＋ボタン","SEM-D7-01（開催7日前10:00）","","【LINEメッセージ 1／text】
セミナー開催まで【あと1週間】です！🗓️✨


▼お席の確保はこちらからどうぞ👇😊
[第1日程申込URL]","セミナー内容を確認する","[第1日程申込URL｜ACT-SEM-PAGE]","","","seminar_page_clicked_unregistered / seminar_main_registered / seminar_date_unavailable / offer_vsl_active / roadmap_booked / sales_in_progress / meeting_completed / sales_won / sales_stop","次の第1日程案内","第1日程開始まで。未経過の配信だけ実行。","","","本文直前（画像→本文→CTA）","","吉本さん原案 SEM-U17 を基礎。本文・絵文字を優先し、開催1週間前の表記と分岐・変数だけ現行確定ルールへ合わせる。","","","","",""
"Instagram_10大特典","REVIEW_Instagram10大特典_20260810","27","レビュー中","メッセージ","セミナー募集","IG_10_セミナー募集_第1日程","IG-SEM-D7-20-NEW","セミナー未申込・日程不可未選択・面談未予約","第1日程 7日前20:00（未経過時のみ）","LINE","テキスト＋ボタン","SEM-D7-02（開催7日前20:00）","","【LINEメッセージ 1／text】
セミナー開催まで【あと1週間】です！🗓️✨

セミナーのお申し込みは、お名前と
メールアドレスを入力するだけで完了します📝✨

ご登録後、参加URLをLINEとメールの
両方へお送りします。

まずは開催日時が合うかだけでも確認してみてくださいね👇😊
[第1日程申込URL]","日時を確認して申し込む","[第1日程申込URL｜ACT-SEM-PAGE]","","","seminar_page_clicked_unregistered / seminar_main_registered / seminar_date_unavailable / offer_vsl_active / roadmap_booked / sales_in_progress / meeting_completed / sales_won / sales_stop","次の第1日程案内","第1日程開始まで。未経過の配信だけ実行。","","","本文直前（画像→本文→CTA）","","吉本さん原案 SEM-U18 を基礎。本文・絵文字を優先し、開催1週間前の表記と分岐・変数だけ現行確定ルールへ合わせる。","","","","",""
"Instagram_10大特典","REVIEW_Instagram10大特典_20260810","28","レビュー中","メッセージ","セミナー募集","IG_10_セミナー募集_第1日程","hwMrSLSGqmde","セミナー未申込・日程不可未選択・面談未予約","第1日程 6日前10:00（未経過時のみ）","LINE","画像＋テキスト＋ボタン（画像: 04_セミナーで学べること.png）","SEM-A05（開催6日前10:00）","","【LINEメッセージ 1／text】
今回のセミナーは、単に「AIの知識を増やす」
だけのものではありません💡

このセミナーで1番多い声は
「AIを学んだけど成果が出ない理由がすっきり解決した！」✨
「これまでYouTubeで学んできたけど、自分にあったAIの活かし方がようやくわかった！」💡
「今の私が次にやるべきアクションが明確になりました！」🚀

実はAIの知識だけ増やしても、ビジネスへの活かし方に繋がりません。
「AIを自分の仕事やキャリアにどう活かすか」
を整理し、聞いた後に【具体的に何をすればいいか】
まで、一緒に考えられる内容になっています！🚀

▼席の確保はこちらからどうぞ👇
[第1日程申込URL]","セミナー詳細を見る","[第1日程申込URL｜ACT-SEM-PAGE]","","","seminar_page_clicked_unregistered / seminar_main_registered / seminar_date_unavailable / offer_vsl_active / roadmap_booked / sales_in_progress / meeting_completed / sales_won / sales_stop","次の第1日程案内","第1日程開始まで。未経過の配信だけ実行。","","","本文直前（画像→本文→CTA）","","吉本さん原案 SEM-U04 を基礎。文章・絵文字を優先し、配信時刻・分岐・変数だけ現行確定ルールへ合わせる。","","","","",""
"Instagram_10大特典","REVIEW_Instagram10大特典_20260810","29","レビュー中","メッセージ","セミナー募集","IG_10_セミナー募集_第1日程","UGcaRCoMFOxK","セミナー未申込・日程不可未選択・面談未予約","第1日程 5日前19:00（未経過時のみ）","LINE","画像＋テキスト＋ボタン（画像: 05_参加者写真_差替テンプレ.png）","SEM-A06（開催5日前19:00）","","【LINEメッセージ 1／text】
「AI初心者ですが、参加しても大丈夫ですか...？」
というご質問をよくいただきましたが、
全く問題ありませんのでご安心ください！😊

むしろAIは初心者だからこその着眼点がかなり重要なんです！
初心者だからこその、新しい発想や発見がある...!!😳

過去のセミナーの様子や、
参加者の方々のリアルな感想は、
こちらからご確認いただけます👇✨
https://seminar-voices.netlify.app/","内容を確認して申し込む","[第1日程申込URL｜ACT-SEM-PAGE]","","","seminar_page_clicked_unregistered / seminar_main_registered / seminar_date_unavailable / offer_vsl_active / roadmap_booked / sales_in_progress / meeting_completed / sales_won / sales_stop","次の第1日程案内","第1日程開始まで。未経過の配信だけ実行。","","","本文直前（画像→本文→CTA）","","吉本さん原案 SEM-U05 を基礎。文章・絵文字を優先し、配信時刻・分岐・変数だけ現行確定ルールへ合わせる。 実績・感想表現は公開前に根拠確認。","","","","",""
"Instagram_10大特典","REVIEW_Instagram10大特典_20260810","30","レビュー中","メッセージ","セミナー募集","IG_10_セミナー募集_第1日程","RokpcnZILyfj","セミナー未申込・日程不可未選択・面談未予約","第1日程 4日前20:00（未経過時のみ）","LINE","テキスト＋ボタン","SEM-A07（開催4日前20:00）","","【LINEメッセージ 1／text】
セミナーのお申し込みは、お名前と
メールアドレスを入力するだけで完了します📝✨

ご登録後、参加URLをLINEとメールの
両方へお送りします。👍😊

「当日にLINEのトークからURLを探すのが大変…💦」
という時も、メールに情報が残っているので
スムーズに参加できて安心です
👇😊
[第1日程申込URL]","日時を確認して申し込む","[第1日程申込URL｜ACT-SEM-PAGE]","","","seminar_page_clicked_unregistered / seminar_main_registered / seminar_date_unavailable / offer_vsl_active / roadmap_booked / sales_in_progress / meeting_completed / sales_won / sales_stop","次の第1日程案内","第1日程開始まで。未経過の配信だけ実行。","","","本文直前（画像→本文→CTA）","","吉本さん原案 SEM-U18 を基礎。文章・絵文字を優先し、配信時刻・分岐・変数だけ現行確定ルールへ合わせる。","","","","",""
"Instagram_10大特典","REVIEW_Instagram10大特典_20260810","31","レビュー中","メッセージ","セミナー募集","IG_10_セミナー募集_第1日程","yfZhr4eBiYca","セミナー未申込・日程不可未選択・面談未予約","第1日程 3日前10:00（未経過時のみ）","LINE","テキスト＋ボタン","SEM-B01（開催3日前10:00）","","【LINEメッセージ 1／text】
セミナー開催まで【あと3日】となりました！⏰


このセミナーでは「AIの深い知識」ではなく、
「AIをどうビジネスに繋げるか」を体系的に学べる時間になっています☺️✨

""AIでホームページが作れる""、""AIで動画制作ができる""、
ではその後は...？😥

AIを学ぶだけではビジネスは出来ません💦
その知識を発展させるための時間になっています🚀

少しでもご興味ある方は、ぜひお早めにお申し込みください！✨

📅 日時：[第1日程]
💻 形式：オンライン（Zoomなど）

参加用のURLは、お申し込み後に
LINEとメールでお送りいたします。

▼席の確保はお早めにどうぞ👇😊
[第1日程申込URL]","参加登録する","[第1日程申込URL｜ACT-SEM-PAGE]","","","seminar_page_clicked_unregistered / seminar_main_registered / seminar_date_unavailable / offer_vsl_active / roadmap_booked / sales_in_progress / meeting_completed / sales_won / sales_stop","次の第1日程案内","第1日程開始まで。未経過の配信だけ実行。","","","本文直前（画像→本文→CTA）","","吉本さん原案 SEM-U06 を基礎。文章・絵文字を優先し、配信時刻・分岐・変数だけ現行確定ルールへ合わせる。","","","","",""
"Instagram_10大特典","REVIEW_Instagram10大特典_20260810","32","レビュー中","メッセージ","セミナー募集","IG_10_セミナー募集_第1日程","DDbLkDS5Bs2y","セミナー未申込・日程不可未選択・面談未予約","第1日程 3日前20:00（未経過時のみ）","LINE","テキスト＋ボタン","SEM-B02（開催3日前20:00）","","【LINEメッセージ 1／text】
「まだAIを触り始めたばかり…」
という方でも、どうぞご安心ください😊

むしろAIビジネスは触り始めた方の方が有利に働くことが多いです！
その実態をセミナーでお伝えいたします🚀🔥

あなたのこれまでの経験や、得意なことを
振り返りながら、「自分にぴったりのAI活用法」
を見つけるところから優しく進めていきます🌱

▼詳細・お申し込みはこちらから👇
[第1日程申込URL]","初心者向けセミナーに参加する","[第1日程申込URL｜ACT-SEM-PAGE]","","","seminar_page_clicked_unregistered / seminar_main_registered / seminar_date_unavailable / offer_vsl_active / roadmap_booked / sales_in_progress / meeting_completed / sales_won / sales_stop","次の第1日程案内","第1日程開始まで。未経過の配信だけ実行。","","","本文直前（画像→本文→CTA）","","吉本さん原案 SEM-U07 を基礎。文章・絵文字を優先し、配信時刻・分岐・変数だけ現行確定ルールへ合わせる。","","","","",""
"Instagram_10大特典","REVIEW_Instagram10大特典_20260810","33","レビュー中","メッセージ","セミナー募集","IG_10_セミナー募集_第1日程","chBZyUC5u0cb","セミナー未申込・日程不可未選択・面談未予約","第1日程 2日前10:00（未経過時のみ）","LINE","テキスト＋ボタン","SEM-B03（開催2日前10:00）","","【LINEメッセージ 1／text】
今回のセミナーは、
特にこんな方におすすめです！💡

🌟 AIを自分の仕事に活かしたい
🌟 学ぶ順番をスッキリ整理したい
🌟 自分の「強み」とAIを掛け合わせたい
🌟 今日からできる具体的な一歩を決めたい

1つでも当てはまる方は、
ここが分岐点になると思います...!!
一歩踏み出すか、足踏みをするか。
少しでもご自身にプラスの影響を与えたい方はぜひ👇😊
[第1日程申込URL]","自分に合うか確認する","[第1日程申込URL｜ACT-SEM-PAGE]","","","seminar_page_clicked_unregistered / seminar_main_registered / seminar_date_unavailable / offer_vsl_active / roadmap_booked / sales_in_progress / meeting_completed / sales_won / sales_stop","次の第1日程案内","第1日程開始まで。未経過の配信だけ実行。","","","本文直前（画像→本文→CTA）","","吉本さん原案 SEM-U08 を基礎。文章・絵文字を優先し、配信時刻・分岐・変数だけ現行確定ルールへ合わせる。","","","","",""
"Instagram_10大特典","REVIEW_Instagram10大特典_20260810","34","レビュー中","メッセージ","セミナー募集","IG_10_セミナー募集_第1日程","bPqbxIX4OVHi","セミナー未申込・日程不可未選択・面談未予約","第1日程 2日前20:00（未経過時のみ）","LINE","テキスト＋ボタン","SEM-B04（開催2日前20:00）","","【LINEメッセージ 1／text】
限定特典⑥〜⑩をお受け取りいただけるのは、
セミナーを最後までご視聴いただいた方のみとなります🎁

もし「途中までは参加できるけど、最後までは時間的に...」
という方は、個別にメールからご連絡ください！
ご参加いただけたことを確認できましたら、特典の方をお礼にお渡しいたします！

「あとで予定を確認しよう」と思っていると
満席になってしまうこともあるので、
忘れないうちに席を確保しておいてくださいね👇✨
[第1日程申込URL]","参加枠を確保する","[第1日程申込URL｜ACT-SEM-PAGE]","","","seminar_page_clicked_unregistered / seminar_main_registered / seminar_date_unavailable / offer_vsl_active / roadmap_booked / sales_in_progress / meeting_completed / sales_won / sales_stop","次の第1日程案内","第1日程開始まで。未経過の配信だけ実行。","","","本文直前（画像→本文→CTA）","","吉本さん原案 SEM-U09 を基礎。文章・絵文字を優先し、配信時刻・分岐・変数だけ現行確定ルールへ合わせる。 実績・感想表現は公開前に根拠確認。","","","","",""
"Instagram_10大特典","REVIEW_Instagram10大特典_20260810","35","レビュー中","メッセージ","セミナー募集","IG_10_セミナー募集_第1日程","RSqeGyYE2rfk","セミナー未申込・日程不可未選択・面談未予約","第1日程 前日09:00","LINE","画像＋テキスト＋ボタン（画像: 06_セミナー前日_リマインド.png）","SEM-B05（開催前日09:00）","","【LINEメッセージ 1／text】
いよいよ【明日開催】となりました！✨

「自分に合う内容かな…？🔰」
と迷われている方へ。

AIを使ったことがない初心者の方でも、
まだやりたい方向が決まっていなくても大丈夫！
あなたの「今の状態」から一緒に整理していくセミナーです😊🌱

むしろ""AI界隈は初心者が有利""だと確信しています！
その理由はセミナーで語っていますので、ぜひ覗いてみてください

📢 セミナー：AIでひとり起業攻略法
📅 日時：[第1日程]

参加を迷われている方、迷われているだけでも半歩先に進んでいる状態です。
もう半歩踏み出すきっかけにしていただけると嬉しいです☺️
忘れないうちにお申し込みを済ませてくださいね👇😊
[第1日程申込URL]","明日のセミナーに申し込む","[第1日程申込URL｜ACT-SEM-PAGE]","","","seminar_page_clicked_unregistered / seminar_main_registered / seminar_date_unavailable / offer_vsl_active / roadmap_booked / sales_in_progress / meeting_completed / sales_won / sales_stop","次の第1日程案内","第1日程開始まで。未経過の配信だけ実行。","","","本文直前（画像→本文→CTA）","","吉本さん原案 SEM-U10 を基礎。文章・絵文字を優先し、配信時刻・分岐・変数だけ現行確定ルールへ合わせる。","","","","",""
"Instagram_10大特典","REVIEW_Instagram10大特典_20260810","36","レビュー中","メッセージ","セミナー募集","IG_10_セミナー募集_第1日程","3343Rx0CqrIS","セミナー未申込・日程不可未選択・面談未予約","第1日程 前日15:00","LINE","テキスト＋ボタン","SEM-B06（開催前日15:00）","","【LINEメッセージ 1／text】
【重要なご連絡】
「セミナーに必要な知識はありますか？」
と聞かれますが、知識は不要です！

ほんの少しのAIへの興味と、
ビジネスにしたいという気持ちがあれば十分すぎるぐらいです☺️

あとはリラックスして視聴できる場所と、
メモ用の筆記用具があれば準備はバッチリです👍

顔出し声出しは不要ですので、お気軽にご参加ください🤲
こちらからご確認くださいね👇","参加方法を確認する","[第1日程申込URL｜ACT-SEM-PAGE]","","","seminar_page_clicked_unregistered / seminar_main_registered / seminar_date_unavailable / offer_vsl_active / roadmap_booked / sales_in_progress / meeting_completed / sales_won / sales_stop","次の第1日程案内","第1日程開始まで。未経過の配信だけ実行。","","","本文直前（画像→本文→CTA）","","吉本さん原案 SEM-U11 を基礎。文章・絵文字を優先し、配信時刻・分岐・変数だけ現行確定ルールへ合わせる。","","","","",""
"Instagram_10大特典","REVIEW_Instagram10大特典_20260810","37","レビュー中","メッセージ","セミナー募集","IG_10_セミナー募集_第1日程","24HUpDar6IB0","セミナー未申込・日程不可未選択・面談未予約","第1日程 前日21:00","LINE","テキスト＋ボタン","SEM-B07（開催前日21:00）","","【LINEメッセージ 1／text】
【大変申し訳ございません】
物凄く現実的で残酷なことをお伝えします。

それは、
""AIは学ぶだけでは、一生成功しません""

これは別に大袈裟にいっているわけではありません。
AIに限ったことではないですが、道具の使い方が分かっても、
実践する場所や、活かす機会がないと意味がないんです。

今回のセミナーでは、
そういった状況から一気に抜け出せる内容となっています。

ご参加いただける場合は、
今夜のうちにお名前とメールアドレスを登録して、
参加用URLを受け取っておいてくださいね👇✨
[第1日程申込URL]","参加URLを受け取る","[第1日程申込URL｜ACT-SEM-PAGE]","","","seminar_page_clicked_unregistered / seminar_main_registered / seminar_date_unavailable / offer_vsl_active / roadmap_booked / sales_in_progress / meeting_completed / sales_won / sales_stop","次の第1日程案内","第1日程開始まで。未経過の配信だけ実行。","","","本文直前（画像→本文→CTA）","","吉本さん原案 SEM-U12 を基礎。文章・絵文字を優先し、配信時刻・分岐・変数だけ現行確定ルールへ合わせる。","","","","",""
"Instagram_10大特典","REVIEW_Instagram10大特典_20260810","38","レビュー中","メッセージ","セミナー募集","IG_10_セミナー募集_第1日程","WvjKarVV5Oh3","セミナー未申込・日程不可未選択・面談未予約","第1日程 当日09:00","LINE","画像＋テキスト＋ボタン（画像: 07_セミナー当日_リマインド.png）","SEM-B08（開催当日09:00）","","【LINEメッセージ 1／text】
＼ いよいよ本日開催です！🎉 ／

📢 AIでひとり起業攻略法
📅 [第1日程]

まだ今からでもお申し込み可能です！

最後までご参加いただいた方には、
実践で使える超有料級の【特典⑥〜⑩】も
プレゼントいたします！🎁

お席が埋まる前に、ぜひご確認くだいね👇✨

▼お申し込みはこちらから👇😊
[第1日程申込URL]","本日のセミナーに申し込む","[第1日程申込URL｜ACT-SEM-PAGE]","","","seminar_page_clicked_unregistered / seminar_main_registered / seminar_date_unavailable / offer_vsl_active / roadmap_booked / sales_in_progress / meeting_completed / sales_won / sales_stop","次の第1日程案内","第1日程開始まで。未経過の配信だけ実行。","","","本文直前（画像→本文→CTA）","","吉本さん原案 SEM-U13 を基礎。文章・絵文字を優先し、配信時刻・分岐・変数だけ現行確定ルールへ合わせる。","","","","",""
"Instagram_10大特典","REVIEW_Instagram10大特典_20260810","39","レビュー中","メッセージ","セミナー募集","IG_10_セミナー募集_第1日程","uFvnt0A4Njsx","セミナー未申込・日程不可未選択・面談未予約","第1日程 開始3時間前","LINE","テキスト＋ボタン","SEM-B09（開始3時間前）","","【LINEメッセージ 1／text】
セミナー開始まで【あと3時間】となりました！⏰

今からの駆け込みお申し込みも大歓迎です！👍
ご登録後、すぐに参加用URLをお送りします。

事前準備は不要です。
顔出しや声出しも不要です☺️
好きな飲み物を片手にリラックスしてご参加ください😌

昨日の連絡を見て、
「最後まで見るのは時間的に厳しくて...」
というお声がありましたので、セミナーにご参加いただけたのがわかった場合、
後からメールにてご連絡いただければ、特典の方をお送りいたしますのでご安心ください！

ぜひご参加お待ちしております☺️

▼こちらから席を確保してくださいね👇✨
[第1日程申込URL]","参加URLを受け取る","[第1日程申込URL｜ACT-SEM-PAGE]","","","seminar_page_clicked_unregistered / seminar_main_registered / seminar_date_unavailable / offer_vsl_active / roadmap_booked / sales_in_progress / meeting_completed / sales_won / sales_stop","次の第1日程案内","第1日程開始まで。未経過の配信だけ実行。","","","本文直前（画像→本文→CTA）","","吉本さん原案 SEM-U14 を基礎。文章・絵文字を優先し、配信時刻・分岐・変数だけ現行確定ルールへ合わせる。","","","","",""
"Instagram_10大特典","REVIEW_Instagram10大特典_20260810","40","レビュー中","メッセージ","セミナー募集","IG_10_セミナー募集_第1日程","Dq5k8JrM1aww","セミナー未申込・日程不可未選択・面談未予約","第1日程 開始30分前","LINE","テキスト＋ボタン","SEM-B10（開始30分前）","","【LINEメッセージ 1／text】
あと30分でセミナーが開始します！⏳✨

あと30分でセミナーが始まります！⏳🔥

申込ページを見て迷っていた方への、
これが【最後のご案内】となります。

まだ申し込みが来ているため、時間延長いたしました💦
こちらから滑り込みでのお申し込みをお待ちしております！👇😊
[第1日程申込URL]","今から申し込む","[第1日程申込URL｜ACT-SEM-PAGE]","","","seminar_page_clicked_unregistered / seminar_main_registered / seminar_date_unavailable / offer_vsl_active / roadmap_booked / sales_in_progress / meeting_completed / sales_won / sales_stop","次の第1日程案内","第1日程開始まで。未経過の配信だけ実行。","","","本文直前（画像→本文→CTA）","","吉本さん原案 SEM-U15 を基礎。文章・絵文字を優先し、配信時刻・分岐・変数だけ現行確定ルールへ合わせる。","","","","",""
"Instagram_10大特典","REVIEW_Instagram10大特典_20260810","41","レビュー中","メッセージ","セミナー募集","IG_10_セミナー募集_第1日程","c4DE7dl6EP7m","セミナー未申込・日程不可未選択・面談未予約","第1日程 開始10分前","LINE","テキスト＋ボタン","SEM-B11（開始10分前）","","【LINEメッセージ 1／text】
まもなくセミナーを開始します！📢

こちらが今回のセミナーお申し込みの
【最後のご案内】となります。

正直ながら見するだけでも、
今回の内容は十分皆さんの分岐点になると確信しています。
AIをビジネスに発展させるのに必要なのは、""知識""ではなく""きっかけ""です。

まだ受付中ですので、こちらから
今すぐ参加登録を完了してくださいね👇✨

【LINEメッセージ 2／button】
{
  ""seq"": 1,
  ""type"": ""button"",
  ""alt_text"": ""【無料セミナー】AIでひとり起業攻略法"",
  ""react_type"": ""free"",
  ""react_press_again_text"": null,
  ""thumbnail_image_url"": null,
  ""title"": ""AIでひとり起業攻略法"",
  ""text"": ""Zoomライブ・最新日程は申込ページへ"",
  ""actions"": [
    {
      ""type"": ""url"",
      ""label"": ""セミナーに申し込む"",
      ""uri"": ""[第1日程申込URL]"",
      ""add_label_id"": null,
      ""del_label_id"": null
    }
  ]
}","セミナーに申し込む","[第1日程申込URL｜ACT-SEM-PAGE]","","","seminar_page_clicked_unregistered / seminar_main_registered / seminar_date_unavailable / offer_vsl_active / roadmap_booked / sales_in_progress / meeting_completed / sales_won / sales_stop","IG_11_第2日程が最後","第1日程開始まで。未経過の配信だけ実行。","","","本文直前（画像→本文→CTA）","","YouTube原文をそのまま使用。","","","","",""
"Instagram_10大特典","REVIEW_Instagram10大特典_20260810","42","レビュー中","メッセージ","セミナー募集","IG_11_第2日程が最後","IG-SEM-LAST-DATE","第1日程終了・セミナー未申込・日程不可未選択","第1日程終了後（第2日程の募集開始時刻）","LINE","text+button","SEM-LAST-DATE","","【LINEメッセージ 1／text】
第1日程は終了しました。
次が最後の日程です！📢

📅 [第2日程]

まだお申し込みでない方は、こちらから参加枠をご確認ください👇","最後の日程に申し込む","[第2日程申込URL｜ACT-SEM-PAGE]","","","seminar_main_registered / seminar_date_unavailable / offer_vsl_active / roadmap_booked / sales_in_progress / meeting_completed / sales_won / sales_stop","IG_10_セミナー募集_第2日程","2日程制に必要な最小限の新規文。","","","","","","","","","",""
"Instagram_10大特典","REVIEW_Instagram10大特典_20260810","43","レビュー中","メッセージ","セミナー募集","IG_10_セミナー募集_第2日程","LQpvKDFjDGsM","セミナー未申込・日程不可未選択・面談未予約","第2日程 14日前10:00（未経過時のみ）","LINE","テキスト","SEM-A01（開催14日前10:00）","","【LINEメッセージ 1／text】
特典①〜④をご覧になって、
「自分なら、何から始めればいいんだろう？🤔」
と感じた方へ。

先ほど、そのモヤモヤをすっきり解消する
【特典⑤：セミナー招待券】をお送りしました！🎟️🚀
質疑応答の時間もたくさんご用意しているので、まずは現状を変えるための一歩としてご参加していただければと思います☺️
ぜひチェックしてください✨","セミナー招待券を受け取る","[第2日程申込URL｜ACT-SEM-PAGE]","","","seminar_page_clicked_unregistered / seminar_main_registered / seminar_date_unavailable / offer_vsl_active / roadmap_booked / sales_in_progress / meeting_completed / sales_won / sales_stop","次の第2日程案内","第1日程終了後に開始。第2日程開始まで。未経過の配信だけ実行。","https://drive.usercontent.google.com/download?id=1hDHYwE25L5n73r3M4u7dnhZP935HQ8-5&export=view&confirm=t","=IF(U55="""","""",IMAGE(U55))","本文直前（画像→本文→CTA）","AIでひとり起業攻略法とは何か／具体的な次の一歩","吉本さん原案 a61066b1-911e-4aa9-9dae-effb289e7601.png を原寸・無加工で使用。文章・絵文字・分岐・配信時刻は承認済み行を維持する。","","","","",""
"Instagram_10大特典","REVIEW_Instagram10大特典_20260810","44","レビュー中","メッセージ","セミナー募集","IG_10_セミナー募集_第2日程","AqiRBjFsP3Kl","セミナー未申込・日程不可未選択・面談未予約","第2日程 12日前19:00（未経過時のみ）","LINE","テキスト＋ボタン","SEM-A02（開催12日前19:00）","","【LINEメッセージ 1／text】
先ほどお送りした「セミナー招待状」は
確認できましたか？😊

残りの5大特典（⑥〜⑩）は、
特に有料級の内容となっているため、
セミナーの最後に【参加者限定】でお渡しします🎁

予定が合う方は、忘れないうちに
先に席だけ確保しておいてくださいね👇
[第2日程申込URL]","セミナーに申し込む","[第2日程申込URL｜ACT-SEM-PAGE]","","","seminar_page_clicked_unregistered / seminar_main_registered / seminar_date_unavailable / offer_vsl_active / roadmap_booked / sales_in_progress / meeting_completed / sales_won / sales_stop","次の第2日程案内","第1日程終了後に開始。第2日程開始まで。未経過の配信だけ実行。","https://drive.usercontent.google.com/download?id=1N4ce4deT64SE9bn9-tsgLF3B-K6o4coO&export=view&confirm=t","=IF(U56="""","""",IMAGE(U56))","本文直前（画像→本文→CTA）","セミナー参加限定特典①〜⑤（豪華特典⑥〜⑩）","吉本さん原案 84dbdc97-a0b4-4788-9d9c-6d402e369798.png を原寸・無加工で使用。文章・絵文字・分岐・配信時刻は承認済み行を維持する。","","","","",""
"Instagram_10大特典","REVIEW_Instagram10大特典_20260810","45","レビュー中","メッセージ","セミナー募集","IG_10_セミナー募集_第2日程","JHSy8ypSk7Oy","セミナー未申込・日程不可未選択・面談未予約","第2日程 10日前10:00（未経過時のみ）","LINE","画像＋テキスト＋ボタン（画像: 03_参加者限定_残り5特典.png）","SEM-A03（開催10日前10:00）","","【LINEメッセージ 1／text】
セミナーの最後にお渡しする
【限定特典⑥〜⑩】について少しご紹介します✨

内容は、【AIで動画制作法】や、【AIを使ったホームページ制作法】など、
セミナーの理解をさらに深めて「次の一歩」へすぐ踏み出せるような、
超・実践的なお役立ち資料にしています！💡

ぜひ楽しみにしていてくださいね😊
▼セミナーのお申し込みはこちら
[第2日程申込URL]","残り5特典を受け取るために参加する","[第2日程申込URL｜ACT-SEM-PAGE]","","","seminar_page_clicked_unregistered / seminar_main_registered / seminar_date_unavailable / offer_vsl_active / roadmap_booked / sales_in_progress / meeting_completed / sales_won / sales_stop","次の第2日程案内","第1日程終了後に開始。第2日程開始まで。未経過の配信だけ実行。","","","本文直前（画像→本文→CTA）","","吉本さん原案 SEM-U03 を基礎。文章・絵文字を優先し、配信時刻・分岐・変数だけ現行確定ルールへ合わせる。","","","","",""
"Instagram_10大特典","REVIEW_Instagram10大特典_20260810","46","レビュー中","メッセージ","セミナー募集","IG_10_セミナー募集_第2日程","pn1FoJ7Cr80a","セミナー未申込・日程不可未選択・面談未予約","第2日程 8日前19:00（未経過時のみ）","LINE","テキスト＋ボタン","SEM-A04（開催8日前19:00）","","【LINEメッセージ 1／text】
今回のセミナーでは、単にAIの知識を
増やすだけではなく、以下の3点を
あなたのペースに合わせて整理していきます🌱✨

１．今のあなたに実践できること🚀
２．あなたの生活・仕事で「AIを活かせる場面」🤖
３．今日からスタートできる「最初の一歩」💪

▼お席の確保はこちらからどうぞ👇😊
[第2日程申込URL]","セミナー内容を確認する","[第2日程申込URL｜ACT-SEM-PAGE]","","","seminar_page_clicked_unregistered / seminar_main_registered / seminar_date_unavailable / offer_vsl_active / roadmap_booked / sales_in_progress / meeting_completed / sales_won / sales_stop","次の第2日程案内","第1日程終了後に開始。第2日程開始まで。未経過の配信だけ実行。","","","本文直前（画像→本文→CTA）","","吉本さん原案 SEM-U17 を基礎。文章・絵文字を優先し、配信時刻・分岐・変数だけ現行確定ルールへ合わせる。","","","","",""
"Instagram_10大特典","REVIEW_Instagram10大特典_20260810","47","レビュー中","メッセージ","セミナー募集","IG_10_セミナー募集_第2日程","IG-SEM-D7-10-NEW","セミナー未申込・日程不可未選択・面談未予約","第2日程 7日前10:00（未経過時のみ）","LINE","テキスト＋ボタン","SEM-D7-01（開催7日前10:00）","","【LINEメッセージ 1／text】
セミナー開催まで【あと1週間】です！🗓️✨


▼お席の確保はこちらからどうぞ👇😊
[第2日程申込URL]","セミナー内容を確認する","[第2日程申込URL｜ACT-SEM-PAGE]","","","seminar_page_clicked_unregistered / seminar_main_registered / seminar_date_unavailable / offer_vsl_active / roadmap_booked / sales_in_progress / meeting_completed / sales_won / sales_stop","次の第2日程案内","第1日程終了後に開始。第2日程開始まで。未経過の配信だけ実行。","","","本文直前（画像→本文→CTA）","","吉本さん原案 SEM-U17 を基礎。本文・絵文字を優先し、開催1週間前の表記と分岐・変数だけ現行確定ルールへ合わせる。","","","","",""
"Instagram_10大特典","REVIEW_Instagram10大特典_20260810","48","レビュー中","メッセージ","セミナー募集","IG_10_セミナー募集_第2日程","IG-SEM-D7-20-NEW","セミナー未申込・日程不可未選択・面談未予約","第2日程 7日前20:00（未経過時のみ）","LINE","テキスト＋ボタン","SEM-D7-02（開催7日前20:00）","","【LINEメッセージ 1／text】
セミナー開催まで【あと1週間】です！🗓️✨

セミナーのお申し込みは、お名前と
メールアドレスを入力するだけで完了します📝✨

ご登録後、参加URLをLINEとメールの
両方へお送りします。

まずは開催日時が合うかだけでも確認してみてくださいね👇😊
[第2日程申込URL]","日時を確認して申し込む","[第2日程申込URL｜ACT-SEM-PAGE]","","","seminar_page_clicked_unregistered / seminar_main_registered / seminar_date_unavailable / offer_vsl_active / roadmap_booked / sales_in_progress / meeting_completed / sales_won / sales_stop","次の第2日程案内","第1日程終了後に開始。第2日程開始まで。未経過の配信だけ実行。","","","本文直前（画像→本文→CTA）","","吉本さん原案 SEM-U18 を基礎。本文・絵文字を優先し、開催1週間前の表記と分岐・変数だけ現行確定ルールへ合わせる。","","","","",""
"Instagram_10大特典","REVIEW_Instagram10大特典_20260810","49","レビュー中","メッセージ","セミナー募集","IG_10_セミナー募集_第2日程","hwMrSLSGqmde","セミナー未申込・日程不可未選択・面談未予約","第2日程 6日前10:00（未経過時のみ）","LINE","画像＋テキスト＋ボタン（画像: 04_セミナーで学べること.png）","SEM-A05（開催6日前10:00）","","【LINEメッセージ 1／text】
今回のセミナーは、単に「AIの知識を増やす」
だけのものではありません💡

このセミナーで1番多い声は
「AIを学んだけど成果が出ない理由がすっきり解決した！」✨
「これまでYouTubeで学んできたけど、自分にあったAIの活かし方がようやくわかった！」💡
「今の私が次にやるべきアクションが明確になりました！」🚀

実はAIの知識だけ増やしても、ビジネスへの活かし方に繋がりません。
「AIを自分の仕事やキャリアにどう活かすか」
を整理し、聞いた後に【具体的に何をすればいいか】
まで、一緒に考えられる内容になっています！🚀

▼席の確保はこちらからどうぞ👇
[第2日程申込URL]","セミナー詳細を見る","[第2日程申込URL｜ACT-SEM-PAGE]","","","seminar_page_clicked_unregistered / seminar_main_registered / seminar_date_unavailable / offer_vsl_active / roadmap_booked / sales_in_progress / meeting_completed / sales_won / sales_stop","次の第2日程案内","第1日程終了後に開始。第2日程開始まで。未経過の配信だけ実行。","","","本文直前（画像→本文→CTA）","","吉本さん原案 SEM-U04 を基礎。文章・絵文字を優先し、配信時刻・分岐・変数だけ現行確定ルールへ合わせる。","","","","",""
"Instagram_10大特典","REVIEW_Instagram10大特典_20260810","50","レビュー中","メッセージ","セミナー募集","IG_10_セミナー募集_第2日程","UGcaRCoMFOxK","セミナー未申込・日程不可未選択・面談未予約","第2日程 5日前19:00（未経過時のみ）","LINE","画像＋テキスト＋ボタン（画像: 05_参加者写真_差替テンプレ.png）","SEM-A06（開催5日前19:00）","","【LINEメッセージ 1／text】
「AI初心者ですが、参加しても大丈夫ですか...？」
というご質問をよくいただきましたが、
全く問題ありませんのでご安心ください！😊

むしろAIは初心者だからこその着眼点がかなり重要なんです！
初心者だからこその、新しい発想や発見がある...!!😳

過去のセミナーの様子や、
参加者の方々のリアルな感想は、
こちらからご確認いただけます👇✨
https://seminar-voices.netlify.app/","内容を確認して申し込む","[第2日程申込URL｜ACT-SEM-PAGE]","","","seminar_page_clicked_unregistered / seminar_main_registered / seminar_date_unavailable / offer_vsl_active / roadmap_booked / sales_in_progress / meeting_completed / sales_won / sales_stop","次の第2日程案内","第1日程終了後に開始。第2日程開始まで。未経過の配信だけ実行。","","","本文直前（画像→本文→CTA）","","吉本さん原案 SEM-U05 を基礎。文章・絵文字を優先し、配信時刻・分岐・変数だけ現行確定ルールへ合わせる。 実績・感想表現は公開前に根拠確認。","","","","",""
"Instagram_10大特典","REVIEW_Instagram10大特典_20260810","51","レビュー中","メッセージ","セミナー募集","IG_10_セミナー募集_第2日程","RokpcnZILyfj","セミナー未申込・日程不可未選択・面談未予約","第2日程 4日前20:00（未経過時のみ）","LINE","テキスト＋ボタン","SEM-A07（開催4日前20:00）","","【LINEメッセージ 1／text】
セミナーのお申し込みは、お名前と
メールアドレスを入力するだけで完了します📝✨

ご登録後、参加URLをLINEとメールの
両方へお送りします。👍😊

「当日にLINEのトークからURLを探すのが大変…💦」
という時も、メールに情報が残っているので
スムーズに参加できて安心です
👇😊
[第2日程申込URL]","日時を確認して申し込む","[第2日程申込URL｜ACT-SEM-PAGE]","","","seminar_page_clicked_unregistered / seminar_main_registered / seminar_date_unavailable / offer_vsl_active / roadmap_booked / sales_in_progress / meeting_completed / sales_won / sales_stop","次の第2日程案内","第1日程終了後に開始。第2日程開始まで。未経過の配信だけ実行。","","","本文直前（画像→本文→CTA）","","吉本さん原案 SEM-U18 を基礎。文章・絵文字を優先し、配信時刻・分岐・変数だけ現行確定ルールへ合わせる。","","","","",""
"Instagram_10大特典","REVIEW_Instagram10大特典_20260810","52","レビュー中","メッセージ","セミナー募集","IG_10_セミナー募集_第2日程","yfZhr4eBiYca","セミナー未申込・日程不可未選択・面談未予約","第2日程 3日前10:00（未経過時のみ）","LINE","テキスト＋ボタン","SEM-B01（開催3日前10:00）","","【LINEメッセージ 1／text】
セミナー開催まで【あと3日】となりました！⏰


このセミナーでは「AIの深い知識」ではなく、
「AIをどうビジネスに繋げるか」を体系的に学べる時間になっています☺️✨

""AIでホームページが作れる""、""AIで動画制作ができる""、
ではその後は...？😥

AIを学ぶだけではビジネスは出来ません💦
その知識を発展させるための時間になっています🚀

少しでもご興味ある方は、ぜひお早めにお申し込みください！✨

📅 日時：[第2日程]
💻 形式：オンライン（Zoomなど）

参加用のURLは、お申し込み後に
LINEとメールでお送りいたします。

▼席の確保はお早めにどうぞ👇😊
[第2日程申込URL]","参加登録する","[第2日程申込URL｜ACT-SEM-PAGE]","","","seminar_page_clicked_unregistered / seminar_main_registered / seminar_date_unavailable / offer_vsl_active / roadmap_booked / sales_in_progress / meeting_completed / sales_won / sales_stop","次の第2日程案内","第1日程終了後に開始。第2日程開始まで。未経過の配信だけ実行。","","","本文直前（画像→本文→CTA）","","吉本さん原案 SEM-U06 を基礎。文章・絵文字を優先し、配信時刻・分岐・変数だけ現行確定ルールへ合わせる。","","","","",""
"Instagram_10大特典","REVIEW_Instagram10大特典_20260810","53","レビュー中","メッセージ","セミナー募集","IG_10_セミナー募集_第2日程","DDbLkDS5Bs2y","セミナー未申込・日程不可未選択・面談未予約","第2日程 3日前20:00（未経過時のみ）","LINE","テキスト＋ボタン","SEM-B02（開催3日前20:00）","","【LINEメッセージ 1／text】
「まだAIを触り始めたばかり…」
という方でも、どうぞご安心ください😊

むしろAIビジネスは触り始めた方の方が有利に働くことが多いです！
その実態をセミナーでお伝えいたします🚀🔥

あなたのこれまでの経験や、得意なことを
振り返りながら、「自分にぴったりのAI活用法」
を見つけるところから優しく進めていきます🌱

▼詳細・お申し込みはこちらから👇
[第2日程申込URL]","初心者向けセミナーに参加する","[第2日程申込URL｜ACT-SEM-PAGE]","","","seminar_page_clicked_unregistered / seminar_main_registered / seminar_date_unavailable / offer_vsl_active / roadmap_booked / sales_in_progress / meeting_completed / sales_won / sales_stop","次の第2日程案内","第1日程終了後に開始。第2日程開始まで。未経過の配信だけ実行。","","","本文直前（画像→本文→CTA）","","吉本さん原案 SEM-U07 を基礎。文章・絵文字を優先し、配信時刻・分岐・変数だけ現行確定ルールへ合わせる。","","","","",""
"Instagram_10大特典","REVIEW_Instagram10大特典_20260810","54","レビュー中","メッセージ","セミナー募集","IG_10_セミナー募集_第2日程","chBZyUC5u0cb","セミナー未申込・日程不可未選択・面談未予約","第2日程 2日前10:00（未経過時のみ）","LINE","テキスト＋ボタン","SEM-B03（開催2日前10:00）","","【LINEメッセージ 1／text】
今回のセミナーは、
特にこんな方におすすめです！💡

🌟 AIを自分の仕事に活かしたい
🌟 学ぶ順番をスッキリ整理したい
🌟 自分の「強み」とAIを掛け合わせたい
🌟 今日からできる具体的な一歩を決めたい

1つでも当てはまる方は、
ここが分岐点になると思います...!!
一歩踏み出すか、足踏みをするか。
少しでもご自身にプラスの影響を与えたい方はぜひ👇😊
[第2日程申込URL]","自分に合うか確認する","[第2日程申込URL｜ACT-SEM-PAGE]","","","seminar_page_clicked_unregistered / seminar_main_registered / seminar_date_unavailable / offer_vsl_active / roadmap_booked / sales_in_progress / meeting_completed / sales_won / sales_stop","次の第2日程案内","第1日程終了後に開始。第2日程開始まで。未経過の配信だけ実行。","","","本文直前（画像→本文→CTA）","","吉本さん原案 SEM-U08 を基礎。文章・絵文字を優先し、配信時刻・分岐・変数だけ現行確定ルールへ合わせる。","","","","",""
"Instagram_10大特典","REVIEW_Instagram10大特典_20260810","55","レビュー中","メッセージ","セミナー募集","IG_10_セミナー募集_第2日程","bPqbxIX4OVHi","セミナー未申込・日程不可未選択・面談未予約","第2日程 2日前20:00（未経過時のみ）","LINE","テキスト＋ボタン","SEM-B04（開催2日前20:00）","","【LINEメッセージ 1／text】
限定特典⑥〜⑩をお受け取りいただけるのは、
セミナーを最後までご視聴いただいた方のみとなります🎁

もし「途中までは参加できるけど、最後までは時間的に...」
という方は、個別にメールからご連絡ください！
ご参加いただけたことを確認できましたら、特典の方をお礼にお渡しいたします！

「あとで予定を確認しよう」と思っていると
満席になってしまうこともあるので、
忘れないうちに席を確保しておいてくださいね👇✨
[第2日程申込URL]","参加枠を確保する","[第2日程申込URL｜ACT-SEM-PAGE]","","","seminar_page_clicked_unregistered / seminar_main_registered / seminar_date_unavailable / offer_vsl_active / roadmap_booked / sales_in_progress / meeting_completed / sales_won / sales_stop","次の第2日程案内","第1日程終了後に開始。第2日程開始まで。未経過の配信だけ実行。","","","本文直前（画像→本文→CTA）","","吉本さん原案 SEM-U09 を基礎。文章・絵文字を優先し、配信時刻・分岐・変数だけ現行確定ルールへ合わせる。 実績・感想表現は公開前に根拠確認。","","","","",""
"Instagram_10大特典","REVIEW_Instagram10大特典_20260810","56","レビュー中","メッセージ","セミナー募集","IG_10_セミナー募集_第2日程","RSqeGyYE2rfk","セミナー未申込・日程不可未選択・面談未予約","第2日程 前日09:00","LINE","画像＋テキスト＋ボタン（画像: 06_セミナー前日_リマインド.png）","SEM-B05（開催前日09:00）","","【LINEメッセージ 1／text】
いよいよ【明日開催】となりました！✨

「自分に合う内容かな…？🔰」
と迷われている方へ。

AIを使ったことがない初心者の方でも、
まだやりたい方向が決まっていなくても大丈夫！
あなたの「今の状態」から一緒に整理していくセミナーです😊🌱

むしろ""AI界隈は初心者が有利""だと確信しています！
その理由はセミナーで語っていますので、ぜひ覗いてみてください

📢 セミナー：AIでひとり起業攻略法
📅 日時：[第2日程]

参加を迷われている方、迷われているだけでも半歩先に進んでいる状態です。
もう半歩踏み出すきっかけにしていただけると嬉しいです☺️
忘れないうちにお申し込みを済ませてくださいね👇😊
[第2日程申込URL]","明日のセミナーに申し込む","[第2日程申込URL｜ACT-SEM-PAGE]","","","seminar_page_clicked_unregistered / seminar_main_registered / seminar_date_unavailable / offer_vsl_active / roadmap_booked / sales_in_progress / meeting_completed / sales_won / sales_stop","次の第2日程案内","第1日程終了後に開始。第2日程開始まで。未経過の配信だけ実行。","","","本文直前（画像→本文→CTA）","","吉本さん原案 SEM-U10 を基礎。文章・絵文字を優先し、配信時刻・分岐・変数だけ現行確定ルールへ合わせる。","","","","",""
"Instagram_10大特典","REVIEW_Instagram10大特典_20260810","57","レビュー中","メッセージ","セミナー募集","IG_10_セミナー募集_第2日程","3343Rx0CqrIS","セミナー未申込・日程不可未選択・面談未予約","第2日程 前日15:00","LINE","テキスト＋ボタン","SEM-B06（開催前日15:00）","","【LINEメッセージ 1／text】
【重要なご連絡】
「セミナーに必要な知識はありますか？」
と聞かれますが、知識は不要です！

ほんの少しのAIへの興味と、
ビジネスにしたいという気持ちがあれば十分すぎるぐらいです☺️

あとはリラックスして視聴できる場所と、
メモ用の筆記用具があれば準備はバッチリです👍

顔出し声出しは不要ですので、お気軽にご参加ください🤲
こちらからご確認くださいね👇","参加方法を確認する","[第2日程申込URL｜ACT-SEM-PAGE]","","","seminar_page_clicked_unregistered / seminar_main_registered / seminar_date_unavailable / offer_vsl_active / roadmap_booked / sales_in_progress / meeting_completed / sales_won / sales_stop","次の第2日程案内","第1日程終了後に開始。第2日程開始まで。未経過の配信だけ実行。","","","本文直前（画像→本文→CTA）","","吉本さん原案 SEM-U11 を基礎。文章・絵文字を優先し、配信時刻・分岐・変数だけ現行確定ルールへ合わせる。","","","","",""
"Instagram_10大特典","REVIEW_Instagram10大特典_20260810","58","レビュー中","メッセージ","セミナー募集","IG_10_セミナー募集_第2日程","24HUpDar6IB0","セミナー未申込・日程不可未選択・面談未予約","第2日程 前日21:00","LINE","テキスト＋ボタン","SEM-B07（開催前日21:00）","","【LINEメッセージ 1／text】
【大変申し訳ございません】
物凄く現実的で残酷なことをお伝えします。

それは、
""AIは学ぶだけでは、一生成功しません""

これは別に大袈裟にいっているわけではありません。
AIに限ったことではないですが、道具の使い方が分かっても、
実践する場所や、活かす機会がないと意味がないんです。

今回のセミナーでは、
そういった状況から一気に抜け出せる内容となっています。

ご参加いただける場合は、
今夜のうちにお名前とメールアドレスを登録して、
参加用URLを受け取っておいてくださいね👇✨
[第2日程申込URL]","参加URLを受け取る","[第2日程申込URL｜ACT-SEM-PAGE]","","","seminar_page_clicked_unregistered / seminar_main_registered / seminar_date_unavailable / offer_vsl_active / roadmap_booked / sales_in_progress / meeting_completed / sales_won / sales_stop","次の第2日程案内","第1日程終了後に開始。第2日程開始まで。未経過の配信だけ実行。","","","本文直前（画像→本文→CTA）","","吉本さん原案 SEM-U12 を基礎。文章・絵文字を優先し、配信時刻・分岐・変数だけ現行確定ルールへ合わせる。","","","","",""
"Instagram_10大特典","REVIEW_Instagram10大特典_20260810","59","レビュー中","メッセージ","セミナー募集","IG_10_セミナー募集_第2日程","WvjKarVV5Oh3","セミナー未申込・日程不可未選択・面談未予約","第2日程 当日09:00","LINE","画像＋テキスト＋ボタン（画像: 07_セミナー当日_リマインド.png）","SEM-B08（開催当日09:00）","","【LINEメッセージ 1／text】
＼ いよいよ本日開催です！🎉 ／

📢 AIでひとり起業攻略法
📅 [第2日程]

まだ今からでもお申し込み可能です！

最後までご参加いただいた方には、
実践で使える超有料級の【特典⑥〜⑩】も
プレゼントいたします！🎁

お席が埋まる前に、ぜひご確認くだいね👇✨

▼お申し込みはこちらから👇😊
[第2日程申込URL]","本日のセミナーに申し込む","[第2日程申込URL｜ACT-SEM-PAGE]","","","seminar_page_clicked_unregistered / seminar_main_registered / seminar_date_unavailable / offer_vsl_active / roadmap_booked / sales_in_progress / meeting_completed / sales_won / sales_stop","次の第2日程案内","第1日程終了後に開始。第2日程開始まで。未経過の配信だけ実行。","","","本文直前（画像→本文→CTA）","","吉本さん原案 SEM-U13 を基礎。文章・絵文字を優先し、配信時刻・分岐・変数だけ現行確定ルールへ合わせる。","","","","",""
"Instagram_10大特典","REVIEW_Instagram10大特典_20260810","60","レビュー中","メッセージ","セミナー募集","IG_10_セミナー募集_第2日程","uFvnt0A4Njsx","セミナー未申込・日程不可未選択・面談未予約","第2日程 開始3時間前","LINE","テキスト＋ボタン","SEM-B09（開始3時間前）","","【LINEメッセージ 1／text】
セミナー開始まで【あと3時間】となりました！⏰

今からの駆け込みお申し込みも大歓迎です！👍
ご登録後、すぐに参加用URLをお送りします。

事前準備は不要です。
顔出しや声出しも不要です☺️
好きな飲み物を片手にリラックスしてご参加ください😌

昨日の連絡を見て、
「最後まで見るのは時間的に厳しくて...」
というお声がありましたので、セミナーにご参加いただけたのがわかった場合、
後からメールにてご連絡いただければ、特典の方をお送りいたしますのでご安心ください！

ぜひご参加お待ちしております☺️

▼こちらから席を確保してくださいね👇✨
[第2日程申込URL]","参加URLを受け取る","[第2日程申込URL｜ACT-SEM-PAGE]","","","seminar_page_clicked_unregistered / seminar_main_registered / seminar_date_unavailable / offer_vsl_active / roadmap_booked / sales_in_progress / meeting_completed / sales_won / sales_stop","次の第2日程案内","第1日程終了後に開始。第2日程開始まで。未経過の配信だけ実行。","","","本文直前（画像→本文→CTA）","","吉本さん原案 SEM-U14 を基礎。文章・絵文字を優先し、配信時刻・分岐・変数だけ現行確定ルールへ合わせる。","","","","",""
"Instagram_10大特典","REVIEW_Instagram10大特典_20260810","61","レビュー中","メッセージ","セミナー募集","IG_10_セミナー募集_第2日程","Dq5k8JrM1aww","セミナー未申込・日程不可未選択・面談未予約","第2日程 開始30分前","LINE","テキスト＋ボタン","SEM-B10（開始30分前）","","【LINEメッセージ 1／text】
あと30分でセミナーが開始します！⏳✨

あと30分でセミナーが始まります！⏳🔥

申込ページを見て迷っていた方への、
これが【最後のご案内】となります。

まだ申し込みが来ているため、時間延長いたしました💦
こちらから滑り込みでのお申し込みをお待ちしております！👇😊
[第2日程申込URL]","今から申し込む","[第2日程申込URL｜ACT-SEM-PAGE]","","","seminar_page_clicked_unregistered / seminar_main_registered / seminar_date_unavailable / offer_vsl_active / roadmap_booked / sales_in_progress / meeting_completed / sales_won / sales_stop","次の第2日程案内","第1日程終了後に開始。第2日程開始まで。未経過の配信だけ実行。","","","本文直前（画像→本文→CTA）","","吉本さん原案 SEM-U15 を基礎。文章・絵文字を優先し、配信時刻・分岐・変数だけ現行確定ルールへ合わせる。","","","","",""
"Instagram_10大特典","REVIEW_Instagram10大特典_20260810","62","レビュー中","メッセージ","セミナー募集","IG_10_セミナー募集_第2日程","c4DE7dl6EP7m","セミナー未申込・日程不可未選択・面談未予約","第2日程 開始10分前","LINE","テキスト＋ボタン","SEM-B11（開始10分前）","","【LINEメッセージ 1／text】
まもなくセミナーを開始します！📢

こちらが今回のセミナーお申し込みの
【最後のご案内】となります。

正直ながら見するだけでも、
今回の内容は十分皆さんの分岐点になると確信しています。
AIをビジネスに発展させるのに必要なのは、""知識""ではなく""きっかけ""です。

まだ受付中ですので、こちらから
今すぐ参加登録を完了してくださいね👇✨

【LINEメッセージ 2／button】
{
  ""seq"": 1,
  ""type"": ""button"",
  ""alt_text"": ""【無料セミナー】AIでひとり起業攻略法"",
  ""react_type"": ""free"",
  ""react_press_again_text"": null,
  ""thumbnail_image_url"": null,
  ""title"": ""AIでひとり起業攻略法"",
  ""text"": ""Zoomライブ・最新日程は申込ページへ"",
  ""actions"": [
    {
      ""type"": ""url"",
      ""label"": ""セミナーに申し込む"",
      ""uri"": ""[第2日程申込URL]"",
      ""add_label_id"": null,
      ""del_label_id"": null
    }
  ]
}","セミナーに申し込む","[第2日程申込URL｜ACT-SEM-PAGE]","","","seminar_page_clicked_unregistered / seminar_main_registered / seminar_date_unavailable / offer_vsl_active / roadmap_booked / sales_in_progress / meeting_completed / sales_won / sales_stop","IG_29_第2日程終了未申込","第1日程終了後に開始。第2日程開始まで。未経過の配信だけ実行。","","","本文直前（画像→本文→CTA）","","YouTube原文をそのまま使用。","","","","",""
"Instagram_10大特典","REVIEW_Instagram10大特典_20260810","63","レビュー中","メッセージ","セミナー未申込","IG_13_セミナー申込ページクリック未申込","SEM-C01","セミナー申込ページクリック済み・未申込","申込ページクリック15分後","LINE","テキスト","SEM-C01","","申込ページを開いていただき、
ありがとうございます！😊🌟

登録が完了すると、LINEとメールに
参加用URLがすぐに届きます。

もし届かない場合は、途中で入力が止まっている可能性があります💦
こちらから簡単に再開できますので、一度ご確認をお願いいたします！👇✨
[セミナー申込URL]","申込を完了する","[セミナー申込URL｜SEM-C再登録なし]","","","seminar_main_registered / offer_vsl_active / offer_consult_48h_active / roadmap_booked / sales_in_progress / sales_next_meeting / meeting_completed / sales_won / sales_stop","申込完了→IG_20／未申込→次メッセージ","Dさん作成 24行目から引用。本文は原文のまま。 技術変数のみ現行名へ置換。","","","","","Dさん原文を基礎に使用。独自加筆禁止。","","","","",""
"Instagram_10大特典","REVIEW_Instagram10大特典_20260810","64","レビュー中","メッセージ","セミナー未申込","IG_13_セミナー申込ページクリック未申込","SEM-C02","セミナー申込ページクリック済み・未申込","クリック2時間後","LINE","テキスト","SEM-C02","","「セミナーで何が学べるんですか？」
という声が多く届いています。

このセミナーでは「AIの深い知識」ではなく、
「AIをどうビジネスに繋げるか」を体系的に学べる時間になっています☺️✨

""AIでホームページが作れる""、""AIで動画制作ができる""、
ではその後は...？😥

AIを学ぶだけではビジネスは出来ません💦
その知識を発展させるための時間になっています🚀

少しでもご興味ある方は、ぜひお早めにお申し込みください！✨
[セミナー申込URL]","申込ページへ戻る","[セミナー申込URL｜SEM-C再登録なし]","","","seminar_main_registered / offer_vsl_active / offer_consult_48h_active / roadmap_booked / sales_in_progress / sales_next_meeting / meeting_completed / sales_won / sales_stop","申込完了→IG_20／未申込→次メッセージ","Dさん作成 25行目から引用。本文は原文のまま。 技術変数のみ現行名へ置換。","","","","","Dさん原文を基礎に使用。独自加筆禁止。","","","","",""
"Instagram_10大特典","REVIEW_Instagram10大特典_20260810","65","レビュー中","メッセージ","セミナー未申込","IG_13_セミナー申込ページクリック未申込","SEM-C03","セミナー申込ページクリック済み・未申込","クリック6時間後","LINE","テキスト","SEM-C03","","参加登録の完了後は、参加用URLを
LINEとメールの両方にお送りします📧✨

「当日にLINEのトークからURLを探すのが大変…💦」
という時も、メールに情報が残っているので
スムーズに参加できて安心です👍😊
[セミナー申込URL]","参加URLを受け取る","[セミナー申込URL｜SEM-C再登録なし]","","","seminar_main_registered / offer_vsl_active / offer_consult_48h_active / roadmap_booked / sales_in_progress / sales_next_meeting / meeting_completed / sales_won / sales_stop","申込完了→IG_20／未申込→次メッセージ","Dさん作成 26行目から引用。本文は原文のまま。 技術変数のみ現行名へ置換。","","","","","Dさん原文を基礎に使用。独自加筆禁止。","","","","",""
"Instagram_10大特典","REVIEW_Instagram10大特典_20260810","66","レビュー中","メッセージ","セミナー未申込","IG_13_セミナー申込ページクリック未申込","SEM-C04","セミナー申込ページクリック済み・未申込","クリック12時間後","LINE","テキスト","SEM-C04","","「自分に合う内容かな…？🔰」
と迷われている方へ。

AIを使ったことがない初心者の方でも、
まだやりたい方向が決まっていなくても大丈夫！
あなたの「今の状態」から一緒に整理していくセミナーです😊🌱

むしろ""AI界隈は初心者が有利""だと確信しています！
その理由はセミナーで語っていますので、ぜひ覗いてみてください

[セミナー申込URL]","内容を確認して申し込む","[セミナー申込URL｜SEM-C再登録なし]","","","seminar_main_registered / offer_vsl_active / offer_consult_48h_active / roadmap_booked / sales_in_progress / sales_next_meeting / meeting_completed / sales_won / sales_stop","申込完了→IG_20／未申込→次メッセージ","Dさん作成 27行目から引用。本文は原文のまま。 技術変数のみ現行名へ置換。","","","","","Dさん原文を基礎に使用。独自加筆禁止。","","","","",""
"Instagram_10大特典","REVIEW_Instagram10大特典_20260810","67","レビュー中","メッセージ","セミナー未申込","IG_13_セミナー申込ページクリック未申込","SEM-C05","セミナー申込ページクリック済み・未申込","クリック24時間後","LINE","テキスト","SEM-C05","","[name]さん、昨日見てくださった
セミナーの申込ページはこちらです🌱😊

最後までご参加いただいた方には、
実践で使える超有料級の【特典⑥〜⑩】も
プレゼントいたします！🎁

ぜひご確認くだいね👇✨
[セミナー申込URL]","参加枠を確認する","[セミナー申込URL｜SEM-C再登録なし]","","","seminar_main_registered / offer_vsl_active / offer_consult_48h_active / roadmap_booked / sales_in_progress / sales_next_meeting / meeting_completed / sales_won / sales_stop","申込完了→IG_20／未申込→次メッセージ","Dさん作成 28行目から引用。事実未確認または現行仕様と不一致の箇所のみ削除。 技術変数のみ現行名へ置換。","","","","","Dさん原文を基礎に使用。独自加筆禁止。","","","","",""
"Instagram_10大特典","REVIEW_Instagram10大特典_20260810","68","レビュー中","メッセージ","セミナー未申込","IG_13_セミナー申込ページクリック未申込","SEM-C06","セミナー申込ページクリック済み・未申込","クリック36時間後","LINE","テキスト","SEM-C06","","セミナーはオンライン（Zoom等）で開催します💻🍀

筆記用具などがあれば、事前準備は不要です。
好きな飲み物を片手にリラックスしてご参加ください😌

ぜひご参加お待ちしております☺️","参加条件を確認する","[セミナー申込URL｜SEM-C再登録なし]","","","seminar_main_registered / offer_vsl_active / offer_consult_48h_active / roadmap_booked / sales_in_progress / sales_next_meeting / meeting_completed / sales_won / sales_stop","申込完了→IG_20／未申込→次メッセージ","Dさん作成 29行目から引用。事実未確認または現行仕様と不一致の箇所のみ削除。 技術変数のみ現行名へ置換。","","","","","Dさん原文を基礎に使用。独自加筆禁止。","","","","",""
"Instagram_10大特典","REVIEW_Instagram10大特典_20260810","69","レビュー中","メッセージ","セミナー未申込","IG_13_セミナー申込ページクリック未申込","SEM-C07","セミナー申込ページクリック済み・未申込","D-1 20:00（未経過時のみ）","LINE","テキスト","SEM-C07","","明日のセミナーへのご参加を
検討されている方へお知らせです⏰✨

「AIでビジネスなんて自分なんかには...」
「今の仕事にAI導入したいんだけど難しそうだから💦」
「まだほぼ触ったことないから不安...」

自信を持ってご安心くださいと言わせてください！
それらの悩みをセミナーの時間で払拭いたします☺️
もし、今抱えている悩みがあれば、
セミナーの時間内であればいつでもチャットにて質疑応答を受け付けておりますので、ぜひご質問ください！🤲

▼参加申し込みはこちらから
[セミナー申込URL]","明日の参加URLを受け取る","[セミナー申込URL｜SEM-C再登録なし]","","","seminar_main_registered / offer_vsl_active / offer_consult_48h_active / roadmap_booked / sales_in_progress / sales_next_meeting / meeting_completed / sales_won / sales_stop","申込完了→IG_20／未申込→次メッセージ","Dさん作成 30行目から引用。事実未確認または現行仕様と不一致の箇所のみ削除。 技術変数のみ現行名へ置換。","","","","","Dさん原文を基礎に使用。独自加筆禁止。","","","","",""
"Instagram_10大特典","REVIEW_Instagram10大特典_20260810","70","レビュー中","メッセージ","セミナー未申込","IG_13_セミナー申込ページクリック未申込","SEM-C08","セミナー申込ページクリック済み・未申込","当日09:00（未経過時のみ）","LINE","テキスト","SEM-C08","","＼ いよいよ本日開催です！🎉 ／

お申し込みを完了させると、
すぐにLINEとメールに参加用URLが届きます。

ぜひお席を確保して、ご参加くださいね👇✨😊
[セミナー申込URL]","本日のセミナーに申し込む","[セミナー申込URL｜SEM-C再登録なし]","","","seminar_main_registered / offer_vsl_active / offer_consult_48h_active / roadmap_booked / sales_in_progress / sales_next_meeting / meeting_completed / sales_won / sales_stop","申込完了→IG_20／未申込→次メッセージ","Dさん作成 31行目から引用。本文は原文のまま。 技術変数のみ現行名へ置換。","","","","","Dさん原文を基礎に使用。独自加筆禁止。","","","","",""
"Instagram_10大特典","REVIEW_Instagram10大特典_20260810","71","レビュー中","メッセージ","セミナー未申込","IG_13_セミナー申込ページクリック未申込","SEM-C09","セミナー申込ページクリック済み・未申込","開始3時間前（未経過時のみ）","LINE","テキスト","SEM-C09","","セミナー開始まで【あと3時間】となりました！⏰

「やっぱり参加したい！」と思われた方...
まだまだ間に合います！

ただ、そろそろ締め切る直前ですので、
その前にお名前とメールアドレスをご登録の上、
こちらから参加URLを受け取ってください👇😊✨
[セミナー申込URL]","参加登録を完了する","[セミナー申込URL｜SEM-C再登録なし]","","","seminar_main_registered / offer_vsl_active / offer_consult_48h_active / roadmap_booked / sales_in_progress / sales_next_meeting / meeting_completed / sales_won / sales_stop","申込完了→IG_20／未申込→次メッセージ","Dさん作成 32行目から引用。本文は原文のまま。 技術変数のみ現行名へ置換。","","","","","Dさん原文を基礎に使用。独自加筆禁止。","","","","",""
"Instagram_10大特典","REVIEW_Instagram10大特典_20260810","72","レビュー中","メッセージ","セミナー未申込","IG_13_セミナー申込ページクリック未申込","SEM-C10","セミナー申込ページクリック済み・未申込","開始30分前（未経過時のみ）","LINE","テキスト","SEM-C10","","あと30分でセミナーが始まります！⏳🔥

申込ページを見て迷っていた方への、
これが【最後のご案内】となります。

こちらから滑り込みでのお申し込みをお待ちしております！👇😊
[セミナー申込URL]","受付終了前に申し込む","[セミナー申込URL｜SEM-C再登録なし]","","","seminar_main_registered / offer_vsl_active / offer_consult_48h_active / roadmap_booked / sales_in_progress / sales_next_meeting / meeting_completed / sales_won / sales_stop","選択日程で分岐：第1日程終了→第2日程募集／第2日程終了→翌朝06:00 VSL","Dさん原文を維持。出口だけ2日程の確定フローへ変更。","","","","","Dさん原文を基礎に使用。独自加筆禁止。","","","","",""
"Instagram_10大特典","REVIEW_Instagram10大特典_20260810","73","レビュー中","メッセージ","セミナー申込後","IG_20_09 申込者LINE（k6x新規）","fhJhNIy50WL7","セミナー申込済み","登録直後","LINE","テキスト","REG-L01（申込直後・参加URL）","","【LINEメッセージ 1／text】
%line_name%さん、お申し込みありがとうございます！😊

お申し込みいただいたセミナーの詳細は以下となります。

📢 AIでひとり起業攻略法
📅 日時：%event_schedule%
💻 参加URL：[ZoomURL]

当日は開始時刻の【3分前】を目安に
お入りいただけるとスムーズです✨
お会いできるのを楽しみにしています！","参加URLを保存する","[ZoomURL]","","","roadmap_booked / sales_in_progress / sales_next_meeting / meeting_completed / sales_won / sales_stop","次メッセージまたは状態分岐","吉本さん原案 REG-L01 の文章・絵文字を使用。配信時刻・分岐・変数は確定済みInstagram設計を優先。","","","本文直前（画像→本文→CTA）","","吉本さん原案 REG-L01 を基礎。文章・絵文字を優先し、配信時刻・分岐・変数だけ現行確定ルールへ合わせる。","","","","",""
"Instagram_10大特典","REVIEW_Instagram10大特典_20260810","74","レビュー中","メッセージ","セミナー申込後","IG_20_09 申込者LINE（k6x新規）","QUYj2IR2g1p8","セミナー申込済み","イベント7日前 10:00","LINE","テキスト","REG-L02（D-7）","","【LINEメッセージ 1／text】
セミナー開催の【1週間前】となりました！🗓️

「うっかり忘れていた！」とならないように、
カレンダーへのご登録や、参加用URLの保存が
お済みか、今一度ご確認くださいね😊👇
[ZoomURL]","参加情報を確認する","[ZoomURL]","","","roadmap_booked / sales_in_progress / sales_next_meeting / meeting_completed / sales_won / sales_stop","次メッセージまたは状態分岐","吉本さん原案 REG-L02 の文章・絵文字を使用。配信時刻・分岐・変数は確定済みInstagram設計を優先。","","","本文直前（画像→本文→CTA）","","吉本さん原案 REG-L02 を基礎。文章・絵文字を優先し、配信時刻・分岐・変数だけ現行確定ルールへ合わせる。","","","","",""
"Instagram_10大特典","REVIEW_Instagram10大特典_20260810","75","レビュー中","メッセージ","セミナー申込後","IG_20_09 申込者LINE（k6x新規）","2ciSNpYtRfnb","セミナー申込済み","イベント3日前 10:05","LINE","テキスト","REG-L03（D-3）","","【LINEメッセージ 1／text】
セミナー開催まで【あと3日】です！⏰✨

お早めにお申し込みいただいた方にのみ、
よりセミナーを充実した時間にする方法をお伝えします㊙️

以下の3点を参加前に整理しておくのがオススメです！
・今の仕事でのお悩み
・自分の得意なこと
・AIでやってみたいこと

というのも、セミナー時は常に質疑応答を受け付けております。☺️
特に最後には長い時間確保し、壁打ちの時間を用意しているので、
少しだけ質問や解消したい事を考えておくと、
私が全てお答えいたします🚀🔥

楽しみにしていてください😊","参加URLを確認する","[ZoomURL]","","","roadmap_booked / sales_in_progress / sales_next_meeting / meeting_completed / sales_won / sales_stop","次メッセージまたは状態分岐","吉本さん原案 REG-L03 の文章・絵文字を使用。配信時刻・分岐・変数は確定済みInstagram設計を優先。","","","本文直前（画像→本文→CTA）","","吉本さん原案 REG-L03 を基礎。文章・絵文字を優先し、配信時刻・分岐・変数だけ現行確定ルールへ合わせる。","","","","",""
"Instagram_10大特典","REVIEW_Instagram10大特典_20260810","76","レビュー中","メッセージ","セミナー申込後","IG_20_09 申込者LINE（k6x新規）","DIEmmzPsfmrf","セミナー申込済み","イベント1日前 19:00","LINE","テキスト","REG-L04（D-1・明日開催）","","【LINEメッセージ 1／text】
いよいよ【明日開催】となりました！🎉

開催が近づくにつれて、
私の方もより一層気合いが入ってきました🚀🔥

📅 日時：%event_schedule%
💻 参加URL：[ZoomURL]

画面越しで%line_name%さんにお会いできるのを、
心より楽しみにしております！☺️✨","明日の参加URLを開く","[ZoomURL]","","","roadmap_booked / sales_in_progress / sales_next_meeting / meeting_completed / sales_won / sales_stop","次メッセージまたは状態分岐","吉本さん原案 REG-L04 の文章・絵文字を使用。配信時刻・分岐・変数は確定済みInstagram設計を優先。","https://drive.usercontent.google.com/download?id=1Z9VB42yiv1z89nCcPCO37reyGAPcLgtf&export=view&confirm=t","=IF(U88="""","""",IMAGE(U88))","本文直前（画像→本文→CTA）","いよいよ明日開催・AIでひとり起業攻略法","吉本さん原案 f4b7db08-16a9-43f0-aaf3-caa0cb744151.png を原寸・無加工で使用。文章・絵文字・分岐・配信時刻は承認済み行を維持する。","","","","",""
"Instagram_10大特典","REVIEW_Instagram10大特典_20260810","77","レビュー中","メッセージ","セミナー申込後","IG_20_09 申込者LINE（k6x新規）","MwJOVPgE3BV4","セミナー申込済み","イベント当日 09:05","LINE","テキスト","REG-L05（当日09:00）","","【LINEメッセージ 1／text】
%line_name%さん、いよいよ【本日開催】です！🔔

ご参加いただいたことを後悔させない内容に仕上がりました...!!
間違いなく、AIビジネスの一歩を踏み出していただくキッカケになると思います！🔥

開始時刻になりましたら、
こちらのリンクからセミナーにご参加くださいね👇✨
[ZoomURL]

お楽しみに！😊","参加URLを開く","[ZoomURL]","","","roadmap_booked / sales_in_progress / sales_next_meeting / meeting_completed / sales_won / sales_stop","次メッセージまたは状態分岐","吉本さん原案 REG-L05 の文章・絵文字を使用。配信時刻・分岐・変数は確定済みInstagram設計を優先。","https://drive.usercontent.google.com/download?id=1XtcF3PKgU1v3is1AMfU6Y2u-m4SIP4u5&export=view&confirm=t","=IF(U89="""","""",IMAGE(U89))","本文直前（画像→本文→CTA）","いよいよ本日開催・まだ申込可能・参加者限定5特典","吉本さん原案 9994c0c9-dd85-4813-9d25-adadd2687812.png を原寸・無加工で使用。文章・絵文字・分岐・配信時刻は承認済み行を維持する。","","","","",""
"Instagram_10大特典","REVIEW_Instagram10大特典_20260810","78","レビュー中","メッセージ","セミナー申込後","IG_20_09 申込者LINE（k6x新規）","HA5p8YbgmKae","セミナー申込済み","イベント3時間5分前","LINE","テキスト","REG-L06（開始3時間前）","","【LINEメッセージ 1／text】
セミナー開始まで【あと3時間】となりました！⏰

直前に慌てないように、参加用URLが問題なく開けるか、
今のうちに一度テストクリックしておくと安心です👇😊
[ZoomURL]","接続先を確認する","[ZoomURL]","","","roadmap_booked / sales_in_progress / sales_next_meeting / meeting_completed / sales_won / sales_stop","次メッセージまたは状態分岐","吉本さん原案 REG-L06 の文章・絵文字を使用。配信時刻・分岐・変数は確定済みInstagram設計を優先。","","","本文直前（画像→本文→CTA）","","吉本さん原案 REG-L06 を基礎。文章・絵文字を優先し、配信時刻・分岐・変数だけ現行確定ルールへ合わせる。","","","","",""
"Instagram_10大特典","REVIEW_Instagram10大特典_20260810","79","レビュー中","メッセージ","セミナー申込後","IG_20_09 申込者LINE（k6x新規）","2bUCN2biSqlZ","セミナー申込済み","イベント35分前","LINE","テキスト","REG-L07（開始30分前）","","【LINEメッセージ 1／text】
セミナー開始まで【あと30分】です！⏳✨

ぜひリラックスして、お好きな飲み物を片手にご参加ください！☕️
着席が難しい場合も、
ながら聞きでも十分有意義な時間になるよう設計していますので、
ぜひお気軽に覗いてみてください🤲

▼こちらからご参加いただけます👇😊
[ZoomURL]","セミナーに参加する","[ZoomURL]","","","roadmap_booked / sales_in_progress / sales_next_meeting / meeting_completed / sales_won / sales_stop","次メッセージまたは状態分岐","吉本さん原案 REG-L07 の文章・絵文字を使用。配信時刻・分岐・変数は確定済みInstagram設計を優先。","https://drive.usercontent.google.com/download?id=1LzdwxCZo6t1L1_48Qto7ZCfEm0To2kw6&export=view&confirm=t","=IF(U91="""","""",IMAGE(U91))","本文直前（画像→本文→CTA）","いよいよ本日開催・まだ申込可能・参加者限定5特典（人物なし版）","吉本さん原案 e012febb-3b0a-4b8a-8ebb-91255149c38f.png を原寸・無加工で使用。文章・絵文字・分岐・配信時刻は承認済み行を維持する。","","","","",""
"Instagram_10大特典","REVIEW_Instagram10大特典_20260810","80","レビュー中","メッセージ","セミナー申込後","IG_20_09 申込者LINE（k6x新規）","itk1TAwfH0hB","セミナー申込済み","イベント当日 20:00","LINE","テキスト","REG-L08（開始時刻）","","【LINEメッセージ 1／text】
セミナー【ただいま開始】いたしました！🎉

途中からでも全く問題なくご参加いただけますので、
ぜひこちらからお入りくださいね👇😊
[ZoomURL]","今すぐ参加する","[ZoomURL]","","","roadmap_booked / sales_in_progress / sales_next_meeting / meeting_completed / sales_won / sales_stop","面談未実施→IG_30_再公開確認開始","吉本さん原案 REG-L08 の文章・絵文字を使用。配信時刻・分岐・変数は確定済みInstagram設計を優先。","https://drive.usercontent.google.com/download?id=1178CLZ6IuL48LtOLodOt42idmxdI649q&export=view&confirm=t","=IF(U92="""","""",IMAGE(U92))","本文直前（画像→本文→CTA）","20:00開始・AIでインスタ集客する方法・ライブ参加案内","吉本さん原案 edab37b2-5f31-4063-acc0-498b0d4d1096.png を原寸・無加工で使用。文章・絵文字・分岐・配信時刻は承認済み行を維持する。","","","","",""
"Instagram_10大特典","REVIEW_Instagram10大特典_20260810","81","レビュー中","メッセージ","セミナー申込後","IG_20_10 申込者メール（k6x新規）","Iadok2cdRNFH","セミナー申込済み","登録直後","メール","テキスト","REG-M01（申込直後メール）","[セミナー名] お申し込みありがとうございます","%line_name%さん


この度はセミナーにお申し込みいただき、
本当にありがとうございます！😊

当日の参加情報は以下の通りです👇
━━━━━━━━━━━━━━━━━━━━
【セミナー】AIでひとり起業攻略法
【日時】%event_schedule%
【参加URL】[ZoomURL]
━━━━━━━━━━━━━━━━━━━━

当日はこのメールから参加URLを開いて
ご入室いただけますので、大切に保存しておいてくださいね✨
どうぞよろしくお願いいたします！

","参加URLを保存する","","","","roadmap_booked / sales_in_progress / sales_next_meeting / meeting_completed / sales_won / sales_stop","次メッセージまたは状態分岐","吉本さん原案 REG-M01 の文章・絵文字を使用。発信者名のみ固定名称「すや」へ統一し、配信時刻・分岐・変数は確定済みInstagram設計を優先。","","","本文直前（画像→本文→CTA）","","吉本さん原案 REG-M01 を基礎。文章・絵文字を優先し、発信者名・配信時刻・分岐・変数だけ現行確定ルールへ合わせる。","","","","",""
"Instagram_10大特典","REVIEW_Instagram10大特典_20260810","82","レビュー中","メッセージ","セミナー申込後","IG_20_10 申込者メール（k6x新規）","IG-REG-M-D7-NEW","セミナー申込済み","イベント7日前 08:00","メール","テキスト","","開催1週間前｜[セミナー名]","%line_name%さん

セミナー開催の【1週間前】となりました！🗓️

「うっかり忘れていた！」とならないように、
カレンダーへのご登録や、参加用URLの保存が
お済みか、今一度ご確認くださいね😊👇

━━━━━━━━━━━━━━━━━━━━
【日時】%event_schedule%
【参加URL】[ZoomURL]
━━━━━━━━━━━━━━━━━━━━

","参加情報を確認する","[ZoomURL]","","","roadmap_booked / sales_in_progress / sales_next_meeting / meeting_completed / sales_won / sales_stop","次メッセージまたは状態分岐","吉本さん原案 REG-L02 の文章・絵文字をメール形式へ転用。配信時刻・分岐・変数は確定済みInstagram設計を優先。","","","本文直前（画像→本文→CTA）","","吉本さん原案 REG-L02 を基礎。本文・絵文字は維持し、メールに必要な宛名・参加情報・配信停止だけ既存メール形式で補う。","","","","",""
"Instagram_10大特典","REVIEW_Instagram10大特典_20260810","83","レビュー中","メッセージ","セミナー申込後","IG_20_10 申込者メール（k6x新規）","IG-REG-M-D3-NEW","セミナー申込済み","イベント3日前 08:00","メール","テキスト","","開催3日前｜[セミナー名]","%line_name%さん


セミナー開催まで【あと3日】です！⏰✨

お早めにお申し込みいただいた方にのみ、
よりセミナーを充実した時間にする方法をお伝えします㊙️

以下の3点を参加前に整理しておくのがオススメです！
・今の仕事でのお悩み
・自分の得意なこと
・AIでやってみたいこと

というのも、セミナー時は常に質疑応答を受け付けております。☺️
特に最後には長い時間確保し、壁打ちの時間を用意しているので、
少しだけ質問や解消したい事を考えておくと、
私が全てお答えいたします🚀🔥

楽しみにしていてください😊

━━━━━━━━━━━━━━━━━━━━
【日時】%event_schedule%
【参加URL】[ZoomURL]
━━━━━━━━━━━━━━━━━━━━

","参加URLを確認する","[ZoomURL]","","","roadmap_booked / sales_in_progress / sales_next_meeting / meeting_completed / sales_won / sales_stop","次メッセージまたは状態分岐","吉本さん原案 REG-L03 の文章・絵文字をメール形式へ転用。配信時刻・分岐・変数は確定済みInstagram設計を優先。","","","本文直前（画像→本文→CTA）","","吉本さん原案 REG-L03 を基礎。本文・絵文字は維持し、メールに必要な宛名・参加情報・配信停止だけ既存メール形式で補う。","","","","",""
"Instagram_10大特典","REVIEW_Instagram10大特典_20260810","84","レビュー中","メッセージ","セミナー申込後","IG_20_10 申込者メール（k6x新規）","WjL2iv3dSDDl","セミナー申込済み","イベント1日前 19:00","メール","テキスト","","明日開催｜[セミナー名]","%line_name%さん


明日はいよいよセミナー開催日です！✨

━━━━━━━━━━━━━━━━━━━━
【日時】%event_schedule%
【参加URL】[ZoomURL]
━━━━━━━━━━━━━━━━━━━━

事前課題や特別な準備は一切ございません。
リラックスして受講できる静かな環境だけ
ご用意いただき、楽しみにお待ちくださいね！🍀

配信停止をご希望の方はこちら：%cancel%","明日の参加URLを確認する","","","","roadmap_booked / sales_in_progress / sales_next_meeting / meeting_completed / sales_won / sales_stop","次メッセージまたは状態分岐","吉本さん原案 REG-M02 の文章・絵文字を使用。発信者名のみ固定名称「すや」へ統一し、配信時刻・分岐・変数は確定済みInstagram設計を優先。","","","本文直前（画像→本文→CTA）","","吉本さん原案 REG-M02 を基礎。文章・絵文字を優先し、発信者名・配信時刻・分岐・変数だけ現行確定ルールへ合わせる。","","","","",""
"Instagram_10大特典","REVIEW_Instagram10大特典_20260810","85","レビュー中","メッセージ","セミナー申込後","IG_20_10 申込者メール（k6x新規）","aJvyaQPQ29RP","セミナー申込済み","イベント1時間5分前","メール","テキスト","","1時間後に開始｜[セミナー名]","%line_name%さん

セミナー開始まで【あと1時間】となりました⏰✨

━━━━━━━━━━━━━━━━━━━━
【参加URL】[ZoomURL]
━━━━━━━━━━━━━━━━━━━━

当日は開始3分前を目安にお入りいただけますと、
スムーズにスタートできます👍

それでは、画面越しにお会いできるのを
楽しみにしております！😊

配信停止をご希望の方はこちら：%cancel%","セミナーに参加する","","","","roadmap_booked / sales_in_progress / sales_next_meeting / meeting_completed / sales_won / sales_stop","次メッセージまたは状態分岐","吉本さん原案 REG-M03 の文章・絵文字を使用。発信者名のみ固定名称「すや」へ統一し、配信時刻・分岐・変数は確定済みInstagram設計を優先。","","","本文直前（画像→本文→CTA）","","吉本さん原案 REG-M03 を基礎。文章・絵文字を優先し、発信者名・配信時刻・分岐・変数だけ現行確定ルールへ合わせる。","","","","",""
"Instagram_10大特典","REVIEW_Instagram10大特典_20260810","86","レビュー中","メッセージ","セミナー後・面談","IG_30_参加者向け面談案内メール","IG-ATT-M01","セミナー申込済み・面談未予約","申込したセミナー開催日の翌朝06:00","メール","テキスト","ATT-M01","セミナー参加者向け｜ロードマップ作成会のご案内","件名：セミナー参加者向け｜ロードマップ作成会のご案内

【LINEメッセージ 1／text】
昨日のセミナー内容を「分かった」で終わらせず、自分の計画に変えたい方へ😊

AIひとり起業ロードマップ作成会 では、今の経験や得意なことをもとに、最初の商品と集客までの順番を30分で整理していきますね🎁

[ロードマップ作成会予約URL]

配信停止をご希望の方はこちら：%cancel%","ロードマップ作成会を予約する","[ロードマップ作成会予約URL｜予約完了ACT-RM-BOOK]","","","roadmap_booked / sales_in_progress / meeting_completed / sales_won / sales_stop","未予約→同日最終メール","YouTube ATT-N02原文をメール形式へ転用。受付は当日23:59。","","","","","","","","","",""
"Instagram_10大特典","REVIEW_Instagram10大特典_20260810","87","レビュー中","メッセージ","セミナー後・面談","IG_30_参加者向け面談案内メール","IG-ATT-M02","セミナー申込済み・面談未予約","同日22:00","メール","テキスト","ATT-M02","本日23:59でロードマップ作成会の受付終了","件名：本日23:59で受付終了です

【LINEメッセージ 1／text】
これで最後です🔥

AIひとり起業ロードマップ作成会 の受付をまもなく終了します。参加したい方は、今のうちに予約を完了してくださいね(^^)

[ロードマップ作成会予約URL]

配信停止をご希望の方はこちら：%cancel%","受付終了前に予約する","[ロードマップ作成会予約URL｜予約完了ACT-RM-BOOK]","","","roadmap_booked / sales_in_progress / meeting_completed / sales_won / sales_stop","23:59締切→翌朝06:00 VSL","YouTube ATT-C10原文をメール形式へ転用。実際の受付締切と一致。","","","本文直前（画像→本文→CTA）","","吉本さん原案 IG-RQ-01 を基礎。本文・絵文字を維持し、メールに必要な宛名・配信停止だけ補う。VSL URLは直接記載しない。","","","","",""
"Instagram_10大特典","REVIEW_Instagram10大特典_20260810","88","レビュー中","メッセージ","見逃し配信確認","IG_30_参加者向け面談案内","IG-ATT-N02（翌朝06:00）","セミナー申込済み・面談未予約","申込したセミナー開催日の翌朝06:00","LINE","テキスト＋ボタン","ATT-N02（翌朝06:00）","","【LINEメッセージ 1／text】
昨日のセミナー内容を「分かった」で終わらせず、自分の計画に変えたい方へ😊

AIひとり起業ロードマップ作成会 では、今の経験や得意なことをもとに、最初の商品と集客までの順番を30分で整理していきますね🎁","ロードマップ作成会を予約する","[ロードマップ作成会予約URL｜予約完了ACT-RM-BOOK]","","","roadmap_booked / sales_in_progress / meeting_completed / sales_won / sales_stop","未予約→次メッセージ","YouTube原文をそのまま転用。受付は当日23:59で実際に閉じる。","","","本文→CTA","72時間の見逃し配信を希望しますか？","YouTube原本準拠。時間・媒体文脈以外のオリジナル文章は追加しない。","","","","",""
"Instagram_10大特典","REVIEW_Instagram10大特典_20260810","89","レビュー中","メッセージ","見逃し配信確認","IG_30_参加者向け面談案内","IG-ATT-C09（締切前）","セミナー申込済み・面談未予約","同日20:00","LINE","テキスト＋ボタン","ATT-C09（締切前）","","【LINEメッセージ 1／text】
あと数時間で、今回の参加者向け案内を終了しますね⏰

考え続けるより、一度話して方向を明確にしたい方はこちらです👇

────────────

【LINEメッセージ 2／button】
{
  ""alt_text"": ""【個別】ロードマップ作成会・まもなく受付終了"",
  ""react_type"": ""free"",
  ""react_press_again_text"": null,
  ""thumbnail_image_url"": null,
  ""title"": ""AIひとり起業ロードマップ作成会"",
  ""text"": ""今回の案内はまもなく終了"",
  ""actions"": [
    {
      ""type"": ""url"",
      ""label"": ""日程を見て予約する"",
      ""uri"": ""https://utage-system.com/event/DkY6Co3mN1oB/register"",
      ""add_label_id"": null,
      ""del_label_id"": null
    }
  ]
}","ロードマップ作成会を予約する","[ロードマップ作成会予約URL｜予約完了ACT-RM-BOOK]","","","roadmap_booked / sales_in_progress / meeting_completed / sales_won / sales_stop","未予約→次メッセージ","YouTube原文をそのまま転用。受付は当日23:59で実際に閉じる。","","","本文→CTA","72時間の見逃し配信を希望しますか？","YouTube原本準拠。時間以外のオリジナル文章は追加しない。","","","","",""
"Instagram_10大特典","REVIEW_Instagram10大特典_20260810","90","レビュー中","メッセージ","見逃し配信確認","IG_30_参加者向け面談案内","IG-ATT-C10（最終）","セミナー申込済み・面談未予約","同日23:00","LINE","テキスト＋ボタン","ATT-C10（最終）","","【LINEメッセージ 1／text】
これで最後です🔥

AIひとり起業ロードマップ作成会 の受付をまもなく終了します。参加したい方は、今のうちに予約を完了してくださいね(^^)","ロードマップ作成会を予約する","[ロードマップ作成会予約URL｜予約完了ACT-RM-BOOK]","","","roadmap_booked / sales_in_progress / meeting_completed / sales_won / sales_stop","23:59締切→翌朝06:00 VSL","YouTube原文をそのまま転用。受付は当日23:59で実際に閉じる。","","","本文→CTA","72時間の見逃し配信・最終確認","YouTube原本準拠。時間以外のオリジナル文章は追加しない。","","","","",""
"Instagram_10大特典","REVIEW_Instagram10大特典_20260810","91","レビュー中","メッセージ","VSL未視聴","IG_40_VSL_未開封","erP64nKaKQfs","72時間VSL開始済み・VSL状態該当","登録から0日後 10:00","LINE","画像＋テキスト＋ボタン（画像: 10_VSL_見逃し配信.png）","","","【LINEメッセージ 1／text】
セミナー録画をご案内した方へ、
特別にセミナー録画（VSL）を【3日間限定】で公開いたします！🎥✨

🚨 公開終了：[VSL終了日時]

▼期間が過ぎると見られなくなりますので、
こちらから今すぐチェックしてくださいね👇😊
[VSLURL]","3日限定動画を見る","[VSLURL｜視聴開始ACT-VSL-START（YouTube action複製）]","","","vsl_main_started / vsl_main_completed / roadmap_page_clicked_unbooked / offer_consult_48h_active / roadmap_booked / sales_in_progress / sales_next_meeting / meeting_completed / sales_won / sales_stop","視聴開始→VSL途中／未視聴→継続／VSL初回開始から72時間→ACT-VSL-EXPIRE","吉本さん原案 VSL-U01 の文章・絵文字を使用。配信時刻・分岐・変数は確定済みInstagram設計を優先。","https://drive.usercontent.google.com/download?id=1yzVOowf9tGuaAintrOgi6rdIDqiE9tSt&export=view&confirm=t","=IF(U103="""","""",IMAGE(U103))","本文直前（画像→本文→CTA）","セミナー不参加者へ3日間限定の録画公開","未申込・日程不可ルートでのみ使用可。画像内の「セミナー不参加者へ」が申込済み・参加不明の読者には不正確になるため、申込済みルートでは使用しない。共通シナリオで入口別に分離できない場合は送信画像に設定せず、原本保管とする。","","","","",""
"Instagram_10大特典","REVIEW_Instagram10大特典_20260810","92","レビュー中","メッセージ","VSL未視聴","IG_40_VSL_未開封","t0CViMJ6jbZk","72時間VSL開始済み・VSL状態該当","登録から0日後 13:00","LINE","テキスト＋ボタン","","","【LINEメッセージ 1／text】
お届けしたセミナー録画では、
「AIを自分の仕事やこれからのキャリアにどう活かすか？」
という全体の流れを、分かりやすく整理しています💡🔰

これからの一歩が見えてくる内容ですので、
ぜひご覧くださいね👇😊
[VSLURL]","動画を開く","[VSLURL｜視聴開始ACT-VSL-START（YouTube action複製）]","","","vsl_main_started / vsl_main_completed / roadmap_page_clicked_unbooked / offer_consult_48h_active / roadmap_booked / sales_in_progress / sales_next_meeting / meeting_completed / sales_won / sales_stop","視聴開始→VSL途中／未視聴→継続／VSL初回開始から72時間→ACT-VSL-EXPIRE","吉本さん原案 VSL-U02 の文章・絵文字を使用。配信時刻・分岐・変数は確定済みInstagram設計を優先。","","","本文直前（画像→本文→CTA）","","吉本さん原案 VSL-U02 を基礎。文章・絵文字を優先し、配信時刻・分岐・変数だけ現行確定ルールへ合わせる。","","","","",""
"Instagram_10大特典","REVIEW_Instagram10大特典_20260810","93","レビュー中","メッセージ","VSL未視聴","IG_40_VSL_未開封","WrAkXMAcgVcn","72時間VSL開始済み・VSL状態該当","登録から0日後 18:00","LINE","テキスト＋ボタン","","","【LINEメッセージ 1／text】
%line_name%さん、セミナー録画（VSL）は
もうご覧いただけましたでしょうか？😊🌱

まだ開いていない場合は、後でスムーズに見られるよう、
まずは「動画が再生できるか」だけでも
確認しておうと安心です👇🎥
[VSLURL]","視聴ページを確認する","[VSLURL｜視聴開始ACT-VSL-START（YouTube action複製）]","","","vsl_main_started / vsl_main_completed / roadmap_page_clicked_unbooked / offer_consult_48h_active / roadmap_booked / sales_in_progress / sales_next_meeting / meeting_completed / sales_won / sales_stop","視聴開始→VSL途中／未視聴→継続／VSL初回開始から72時間→ACT-VSL-EXPIRE","吉本さん原案 VSL-U03 の文章・絵文字を使用。配信時刻・分岐・変数は確定済みInstagram設計を優先。","","","本文直前（画像→本文→CTA）","","吉本さん原案 VSL-U03 を基礎。文章・絵文字を優先し、配信時刻・分岐・変数だけ現行確定ルールへ合わせる。","","","","",""
"Instagram_10大特典","REVIEW_Instagram10大特典_20260810","94","レビュー中","メッセージ","VSL未視聴","IG_40_VSL_未開封","mbbRaBAoA64G","72時間VSL開始済み・VSL状態該当","登録から0日後 21:00","LINE","テキスト＋ボタン","","","【LINEメッセージ 1／text】
今回のセミナーのアーカイブは
あと数時間で見られなくなっちゃいます…！😢⏰
━━━━━━━━━━━━━━━━━━━━

これまで500人以上が参加してくれた
”超有料級のセミナー”がこちら！👇✨

━━━━━━━━━━━━━
🌟 2026年最新版 🌟
AI×ひとり起業攻略法
━━━━━━━━━━━━━

ありがたいことに、すでに多くの方から

「AIを学んだけど成果が出ない理由がすっきり解決した！」✨
「これまでYouTubeで学んできたけど、自分にあったAIの活かし方がようやくわかった！」💡
「今の私が次にやるべきアクションが明確になりました！」🚀

などなど、たくさんの嬉しいお声をいただいています！🥰

こちらの限定アーカイブですが、
あと数時間で終了となります…！💦

この時間を過ぎてしまうと
本当に見られなくなってしまいますので、
ぜひ今のうちにチェックしておいてくださいね！👀✨

アーカイブの視聴はこちらから！
↓↓↓","公開終了前に見る","[VSLURL｜視聴開始ACT-VSL-START（YouTube action複製）]","","","vsl_main_started / vsl_main_completed / roadmap_page_clicked_unbooked / offer_consult_48h_active / roadmap_booked / sales_in_progress / sales_next_meeting / meeting_completed / sales_won / sales_stop","視聴開始→VSL途中／未視聴→継続／VSL初回開始から72時間→ACT-VSL-EXPIRE","吉本さん原案 VSL-U04 の文章・絵文字を使用。配信時刻・分岐・変数は確定済みInstagram設計を優先。","","","本文直前（画像→本文→CTA）","","吉本さん原案 VSL-U04 を基礎。文章・絵文字を優先し、配信時刻・分岐・変数だけ現行確定ルールへ合わせる。 実績・感想表現は公開前に根拠確認。","","","","",""
"Instagram_10大特典","REVIEW_Instagram10大特典_20260810","95","レビュー中","メッセージ","VSL未視聴","IG_40_VSL_未開封","lhRYYqfY3Z65","72時間VSL開始済み・VSL状態該当","登録から1日後 09:00","LINE","テキスト","","","【LINEメッセージ 1／text】
残り２日です。😊

公開期間中に、AIエージェントで事業を形にする全体の流れをご確認ください。✨","","[VSLURL｜視聴開始ACT-VSL-START（YouTube action複製）]","","","vsl_main_started / vsl_main_completed / roadmap_page_clicked_unbooked / offer_consult_48h_active / roadmap_booked / sales_in_progress / sales_next_meeting / meeting_completed / sales_won / sales_stop","視聴開始→VSL途中／未視聴→継続／VSL初回開始から72時間→ACT-VSL-EXPIRE","既存3日VSLの期限案内。事実未確認の「今回だけ」は使用しない。","","","本文直前（画像→本文→CTA）","","公開期限が実設定と一致することを確認して配信する。","","","","",""
"Instagram_10大特典","REVIEW_Instagram10大特典_20260810","96","レビュー中","メッセージ","VSL未視聴","IG_40_VSL_未開封","40JbjOH3V041","72時間VSL開始済み・VSL状態該当","登録から1日後 13:00","LINE","テキスト＋ボタン","","","【LINEメッセージ 1／text】
明日で完全終了です👇

【LINEメッセージ 2／button】
{
  ""seq"": 1,
  ""type"": ""button"",
  ""alt_text"": ""【動画】期間限定・無料公開のご案内"",
  ""react_type"": ""free"",
  ""react_press_again_text"": null,
  ""thumbnail_image_url"": null,
  ""title"": ""LINE友だち限定 プレミアム無料動画"",
  ""text"": ""無料公開は登録から3日間・スマホ視聴OK"",
  ""actions"": [
    {
      ""type"": ""url"",
      ""label"": ""動画を見る"",
      ""uri"": ""[VSLURL]"",
      ""add_label_id"": null,
      ""del_label_id"": null
    }
  ]
}","動画を見る","[VSLURL｜視聴開始ACT-VSL-START（YouTube action複製）]","","","vsl_main_started / vsl_main_completed / roadmap_page_clicked_unbooked / offer_consult_48h_active / roadmap_booked / sales_in_progress / sales_next_meeting / meeting_completed / sales_won / sales_stop","視聴開始→VSL途中／未視聴→継続／VSL初回開始から72時間→ACT-VSL-EXPIRE","YouTube原文・絵文字・パネル構成を転用。URLと日時だけ媒体変数へ差し替える。","","","本文直前（画像→本文→CTA）","","YouTube原文をそのまま使用。","","","","",""
"Instagram_10大特典","REVIEW_Instagram10大特典_20260810","97","レビュー中","メッセージ","VSL未視聴","IG_40_VSL_未開封","pl8XyFNAsg3R","72時間VSL開始済み・VSL状態該当","登録から1日後 18:00","LINE","テキスト","","","【LINEメッセージ 1／text】
%line_name%さん、公開期間は明日までです。⏰

視聴後特典で、AIひとり起業ロードマップ作成会が存在します。まずは内容を見て、自分に必要か判断してください。🔥","","[VSLURL｜視聴開始ACT-VSL-START（YouTube action複製）]","","","vsl_main_started / vsl_main_completed / roadmap_page_clicked_unbooked / offer_consult_48h_active / roadmap_booked / sales_in_progress / sales_next_meeting / meeting_completed / sales_won / sales_stop","視聴開始→VSL途中／未視聴→継続／VSL初回開始から72時間→ACT-VSL-EXPIRE","YouTube原文・絵文字・パネル構成を転用。URLと日時だけ媒体変数へ差し替える。","","","本文直前（画像→本文→CTA）","","YouTube原文をそのまま使用。","","","","",""
"Instagram_10大特典","REVIEW_Instagram10大特典_20260810","98","レビュー中","メッセージ","VSL未視聴","IG_40_VSL_未開封","eLjR3vW1Po0s","72時間VSL開始済み・VSL状態該当","登録から1日後 21:00","LINE","テキスト＋ボタン","","","【LINEメッセージ 1／text】
今日のうちに見始めておくと、明日は必要な箇所を見直す時間に使えます。😊


【LINEメッセージ 2／button】
{
  ""seq"": 1,
  ""type"": ""button"",
  ""alt_text"": ""【動画】期間限定・無料公開のご案内"",
  ""react_type"": ""free"",
  ""react_press_again_text"": null,
  ""thumbnail_image_url"": null,
  ""title"": ""LINE友だち限定 プレミアム無料動画"",
  ""text"": ""無料公開は登録から3日間・スマホ視聴OK"",
  ""actions"": [
    {
      ""type"": ""url"",
      ""label"": ""動画を見る"",
      ""uri"": ""[VSLURL]"",
      ""add_label_id"": null,
      ""del_label_id"": null
    }
  ]
}","動画を見る","[VSLURL｜視聴開始ACT-VSL-START（YouTube action複製）]","","","vsl_main_started / vsl_main_completed / roadmap_page_clicked_unbooked / offer_consult_48h_active / roadmap_booked / sales_in_progress / sales_next_meeting / meeting_completed / sales_won / sales_stop","視聴開始→VSL途中／未視聴→継続／VSL初回開始から72時間→ACT-VSL-EXPIRE","YouTube原文・絵文字・パネル構成を転用。URLと日時だけ媒体変数へ差し替える。","","","本文直前（画像→本文→CTA）","","YouTube原文をそのまま使用。","","","","",""
"Instagram_10大特典","REVIEW_Instagram10大特典_20260810","99","レビュー中","メッセージ","VSL未視聴","IG_40_VSL_未開封","pNiEq3QAw7li","72時間VSL開始済み・VSL状態該当","登録から2日後 08:00","LINE","テキスト","","","【LINEメッセージ 1／text】
本日23:59で公開終了です。⏰

日程が合わずセミナーに参加できなかった方も、今日中なら内容を確認できます。✨","","[VSLURL｜視聴開始ACT-VSL-START（YouTube action複製）]","","","vsl_main_started / vsl_main_completed / roadmap_page_clicked_unbooked / offer_consult_48h_active / roadmap_booked / sales_in_progress / sales_next_meeting / meeting_completed / sales_won / sales_stop","視聴開始→VSL途中／未視聴→継続／VSL初回開始から72時間→ACT-VSL-EXPIRE","YouTube原文・絵文字・パネル構成を転用。URLと日時だけ媒体変数へ差し替える。","","","本文直前（画像→本文→CTA）","","YouTube原文をそのまま使用。","","","","",""
"Instagram_10大特典","REVIEW_Instagram10大特典_20260810","100","レビュー中","メッセージ","VSL未視聴","IG_40_VSL_未開封","rshejwulCzb8","72時間VSL開始済み・VSL状態該当","登録から2日後 10:00","LINE","テキスト＋ボタン","VSL-U10","","【LINEメッセージ 1／text】
公開最終日になりました。🔥

AIでのひとり起業に興味がある方は、今日の予定に視聴時間を入れてください。👇

【LINEメッセージ 2／button】
{
  ""seq"": 1,
  ""type"": ""button"",
  ""alt_text"": ""【動画】本日が公開最終日です"",
  ""react_type"": ""free"",
  ""react_press_again_text"": null,
  ""thumbnail_image_url"": null,
  ""title"": ""LINE友だち限定 プレミアム無料動画"",
  ""text"": ""公開は本日まで・スマホ視聴OK"",
  ""actions"": [
    {
      ""type"": ""url"",
      ""label"": ""動画を見る"",
      ""uri"": ""[VSLURL]"",
      ""add_label_id"": null,
      ""del_label_id"": null
    }
  ]
}","動画を見る","[VSLURL｜視聴開始ACT-VSL-START（YouTube action複製）]","","","vsl_main_started / vsl_main_completed / roadmap_page_clicked_unbooked / offer_consult_48h_active / roadmap_booked / sales_in_progress / sales_next_meeting / meeting_completed / sales_won / sales_stop","視聴開始→VSL途中／未視聴→継続／VSL初回開始から72時間→ACT-VSL-EXPIRE","YouTube原文・絵文字・パネル構成を転用。URLと日時だけ媒体変数へ差し替える。","","","本文直前（画像→本文→CTA）","","YouTube原文をそのまま使用。","","","","",""
"Instagram_10大特典","REVIEW_Instagram10大特典_20260810","101","レビュー中","メッセージ","VSL未視聴","IG_40_VSL_未開封","rSdX9Ug0LLj1","72時間VSL開始済み・VSL状態該当","登録から2日後 12:00","LINE","テキスト","VSL-U11","","【LINEメッセージ 1／text】
あと半日ほどで終了します。⏰

ページを開いていないまま期限を迎えると、今回の動画は見られなくなります。
今のうちにご覧ください。🔥","","[VSLURL｜視聴開始ACT-VSL-START（YouTube action複製）]","","","vsl_main_started / vsl_main_completed / roadmap_page_clicked_unbooked / offer_consult_48h_active / roadmap_booked / sales_in_progress / sales_next_meeting / meeting_completed / sales_won / sales_stop","視聴開始→VSL途中／未視聴→継続／VSL初回開始から72時間→ACT-VSL-EXPIRE","YouTube原文・絵文字・パネル構成を転用。URLと日時だけ媒体変数へ差し替える。","","","本文直前（画像→本文→CTA）","","YouTube原文をそのまま使用。","","","","",""
"Instagram_10大特典","REVIEW_Instagram10大特典_20260810","102","レビュー中","メッセージ","VSL未視聴","IG_40_VSL_未開封","5LCZMUE4Si6x","72時間VSL開始済み・VSL状態該当","登録から2日後 15:00","LINE","テキスト＋ボタン","VSL-U12","","【LINEメッセージ 1／text】
%line_name%さん、まだ間に合います。😊

完璧に理解しようとせず、まず全体像を通して見るのがおすすめです。公開は本日23:59までです。👇

【LINEメッセージ 2／button】
{
  ""seq"": 1,
  ""type"": ""button"",
  ""alt_text"": ""【動画】公開は本日23:59まで"",
  ""react_type"": ""free"",
  ""react_press_again_text"": null,
  ""thumbnail_image_url"": null,
  ""title"": ""LINE友だち限定 プレミアム無料動画"",
  ""text"": ""公開は本日23:59まで"",
  ""actions"": [
    {
      ""type"": ""url"",
      ""label"": ""動画を見る"",
      ""uri"": ""[VSLURL]"",
      ""add_label_id"": null,
      ""del_label_id"": null
    }
  ]
}","動画を見る","[VSLURL｜視聴開始ACT-VSL-START（YouTube action複製）]","","","vsl_main_started / vsl_main_completed / roadmap_page_clicked_unbooked / offer_consult_48h_active / roadmap_booked / sales_in_progress / sales_next_meeting / meeting_completed / sales_won / sales_stop","視聴開始→VSL途中／未視聴→継続／VSL初回開始から72時間→ACT-VSL-EXPIRE","YouTube原文・絵文字・パネル構成を転用。URLと日時だけ媒体変数へ差し替える。","","","本文直前（画像→本文→CTA）","","YouTube原文をそのまま使用。","","","","",""
"Instagram_10大特典","REVIEW_Instagram10大特典_20260810","103","レビュー中","メッセージ","VSL未視聴","IG_40_VSL_未開封","8lEagN0kny0j","72時間VSL開始済み・VSL状態該当","登録から2日後 18:00","LINE","テキスト","VSL-U13","","【LINEメッセージ 1／text】
残り6時間。⏰

限定公開は今夜で終了します。AIの情報収集から、自分の事業を作る側へ進みたい方はご視聴ください。✨","","[VSLURL｜視聴開始ACT-VSL-START（YouTube action複製）]","","","vsl_main_started / vsl_main_completed / roadmap_page_clicked_unbooked / offer_consult_48h_active / roadmap_booked / sales_in_progress / sales_next_meeting / meeting_completed / sales_won / sales_stop","視聴開始→VSL途中／未視聴→継続／VSL初回開始から72時間→ACT-VSL-EXPIRE","YouTube原文・絵文字・パネル構成を転用。URLと日時だけ媒体変数へ差し替える。","","","本文直前（画像→本文→CTA）","","YouTube原文をそのまま使用。","","","","",""
"Instagram_10大特典","REVIEW_Instagram10大特典_20260810","104","レビュー中","メッセージ","VSL未視聴","IG_40_VSL_未開封","hYYgJFw7xNEl","72時間VSL開始済み・VSL状態該当","登録から2日後 21:00","LINE","テキスト＋ボタン","VSL-U14","","【LINEメッセージ 1／text】
終了まであと3時間です。⏰

視聴するか迷っていた方へ。ページを開けるのは本日23:59までです。👇

【LINEメッセージ 2／button】
{
  ""seq"": 1,
  ""type"": ""button"",
  ""alt_text"": ""【動画】終了まであと3時間です"",
  ""react_type"": ""free"",
  ""react_press_again_text"": null,
  ""thumbnail_image_url"": null,
  ""title"": ""LINE友だち限定 プレミアム無料動画"",
  ""text"": ""終了まであと3時間"",
  ""actions"": [
    {
      ""type"": ""url"",
      ""label"": ""動画を見る"",
      ""uri"": ""[VSLURL]"",
      ""add_label_id"": null,
      ""del_label_id"": null
    }
  ]
}","動画を見る","[VSLURL｜視聴開始ACT-VSL-START（YouTube action複製）]","","","vsl_main_started / vsl_main_completed / roadmap_page_clicked_unbooked / offer_consult_48h_active / roadmap_booked / sales_in_progress / sales_next_meeting / meeting_completed / sales_won / sales_stop","視聴開始→VSL途中／未視聴→継続／VSL初回開始から72時間→ACT-VSL-EXPIRE","YouTube原文・絵文字・パネル構成を転用。URLと日時だけ媒体変数へ差し替える。","","","本文直前（画像→本文→CTA）","","YouTube原文をそのまま使用。","","","","",""
"Instagram_10大特典","REVIEW_Instagram10大特典_20260810","105","レビュー中","メッセージ","VSL未視聴","IG_40_VSL_未開封","ZjANTpPHmTOH","72時間VSL開始済み・VSL状態該当","登録から2日後 23:00","LINE","テキスト","VSL-U15","","【LINEメッセージ 1／text】
あと1時間で公開終了です。⏰

これが3日限定公開の最後のご案内です。今すぐ視聴ページを開いてください。🔥","","[VSLURL｜視聴開始ACT-VSL-START（YouTube action複製）]","","","vsl_main_started / vsl_main_completed / roadmap_page_clicked_unbooked / offer_consult_48h_active / roadmap_booked / sales_in_progress / sales_next_meeting / meeting_completed / sales_won / sales_stop","視聴開始→VSL途中／未視聴→継続／VSL初回開始から72時間→ACT-VSL-EXPIRE","YouTube原文・絵文字・パネル構成を転用。URLと日時だけ媒体変数へ差し替える。","","","本文直前（画像→本文→CTA）","","YouTube原文をそのまま使用。","","","","",""
"Instagram_10大特典","REVIEW_Instagram10大特典_20260810","106","レビュー中","メッセージ","VSL途中","IG_40_VSL_一部視聴","jd8LZ2WGD22p","72時間VSL開始済み・VSL状態該当","登録から 0日 0時間 30分後","LINE","テキスト","VSL-P01","","【LINEメッセージ 1／text】
動画（VSL）を開いていただき、
ありがとうございます！😊🌟

もし途中で忙しくなって止めてしまっていた場合は、
こちらからすぐに「続き」から再開できます👇🎥
[VSLURL]","続きを見る","[VSLURL｜視聴完了ACT-VSL-COMPLETE（YouTube判定複製）]","","","vsl_main_completed / roadmap_page_clicked_unbooked / offer_consult_48h_active / roadmap_booked / sales_in_progress / sales_next_meeting / meeting_completed / sales_won / sales_stop","視聴完了→VSL完了・面談／VSL初回開始から72時間→ACT-VSL-EXPIRE","吉本さん原案 VSL-P01 の文章・絵文字を使用。配信時刻・分岐・変数は確定済みInstagram設計を優先。","","","本文直前（画像→本文→CTA）","","吉本さん原案 VSL-P01 を基礎。文章・絵文字を優先し、配信時刻・分岐・変数だけ現行確定ルールへ合わせる。","","","","",""
"Instagram_10大特典","REVIEW_Instagram10大特典_20260810","107","レビュー中","メッセージ","VSL途中","IG_40_VSL_一部視聴","RLqgOQRNAf29","72時間VSL開始済み・VSL状態該当","登録から0日後 17:00","LINE","テキスト","VSL-P02","","【LINEメッセージ 1／text】
忙しい毎日ですので、動画を一度に
最後まで見られなくても大丈夫です😊🌱

ただ、全体の内容がつながっているため、
【公開期間中】に最後までチェックしていただくのが、
1番理解が深まるのでおすすめです👇🎥
[VSLURL]","続きから視聴する","[VSLURL｜視聴完了ACT-VSL-COMPLETE（YouTube判定複製）]","","","vsl_main_completed / roadmap_page_clicked_unbooked / offer_consult_48h_active / roadmap_booked / sales_in_progress / sales_next_meeting / meeting_completed / sales_won / sales_stop","視聴完了→VSL完了・面談／VSL初回開始から72時間→ACT-VSL-EXPIRE","吉本さん原案 VSL-P02 の文章・絵文字を使用。配信時刻・分岐・変数は確定済みInstagram設計を優先。","","","本文直前（画像→本文→CTA）","","吉本さん原案 VSL-P02 を基礎。文章・絵文字を優先し、配信時刻・分岐・変数だけ現行確定ルールへ合わせる。","","","","",""
"Instagram_10大特典","REVIEW_Instagram10大特典_20260810","108","レビュー中","メッセージ","VSL途中","IG_40_VSL_一部視聴","1P8u09TqQLyk","72時間VSL開始済み・VSL状態該当","登録から0日後 21:00","LINE","テキスト","VSL-P03","","【LINEメッセージ 1／text】
動画が途中で止まってしまっている方へ📣🌱

「もし自分がAIを使うなら、どんなことができるかな？」
とご自身の状況に置き換えながら、
ぜひ続きをのぞいてみてください😊🎥👇
[VSLURL]","視聴を再開する","[VSLURL｜視聴完了ACT-VSL-COMPLETE（YouTube判定複製）]","","","vsl_main_completed / roadmap_page_clicked_unbooked / offer_consult_48h_active / roadmap_booked / sales_in_progress / sales_next_meeting / meeting_completed / sales_won / sales_stop","視聴完了→VSL完了・面談／VSL初回開始から72時間→ACT-VSL-EXPIRE","吉本さん原案 VSL-P03 の文章・絵文字を使用。配信時刻・分岐・変数は確定済みInstagram設計を優先。","","","本文直前（画像→本文→CTA）","","吉本さん原案 VSL-P03 を基礎。文章・絵文字を優先し、配信時刻・分岐・変数だけ現行確定ルールへ合わせる。","","","","",""
"Instagram_10大特典","REVIEW_Instagram10大特典_20260810","109","レビュー中","メッセージ","VSL途中","IG_40_VSL_一部視聴","hZGpXnuEz1xg","72時間VSL開始済み・VSL状態該当","登録から1日後 09:00","LINE","テキスト","VSL-P04","","【LINEメッセージ 1／text】
動画の公開は【本日が最終日】です！⏰😭

途中までご覧いただいた方は、
完全に非公開になってしまう前に、
ぜひこちらのリンクから続きへ戻ってくださいね👇🎥
[VSLURL]","続きから再生する","[VSLURL｜視聴完了ACT-VSL-COMPLETE（YouTube判定複製）]","","","vsl_main_completed / roadmap_page_clicked_unbooked / offer_consult_48h_active / roadmap_booked / sales_in_progress / sales_next_meeting / meeting_completed / sales_won / sales_stop","視聴完了→VSL完了・面談／VSL初回開始から72時間→ACT-VSL-EXPIRE","吉本さん原案 VSL-P04 の文章・絵文字を使用。配信時刻・分岐・変数は確定済みInstagram設計を優先。","","","本文直前（画像→本文→CTA）","","吉本さん原案 VSL-P04 を基礎。文章・絵文字を優先し、配信時刻・分岐・変数だけ現行確定ルールへ合わせる。","","","","",""
"Instagram_10大特典","REVIEW_Instagram10大特典_20260810","110","レビュー中","メッセージ","VSL途中","IG_40_VSL_一部視聴","suBXJeaTTYkm","72時間VSL開始済み・VSL状態該当","登録から1日後 14:00","LINE","テキスト","VSL-P05","","【LINEメッセージ 1／text】
動画（VSL）の公開終了まで、
これが【本当に最後のご案内】となります！⏳💥

正直今回限定のセミナー動画公開になるので、
途中のまま終わらせてしまうのはもったいないと思います💦

まだ一歩踏み出すのに足踏みしているという方は、
今すぐこちらから続きをご確認ください👇🎥
[VSLURL]","今すぐ続きを見る","[VSLURL｜視聴完了ACT-VSL-COMPLETE（YouTube判定複製）]","","","vsl_main_completed / roadmap_page_clicked_unbooked / offer_consult_48h_active / roadmap_booked / sales_in_progress / sales_next_meeting / meeting_completed / sales_won / sales_stop","視聴完了→VSL完了・面談／VSL初回開始から72時間→ACT-VSL-EXPIRE","吉本さん原案 VSL-P05 の文章・絵文字を使用。配信時刻・分岐・変数は確定済みInstagram設計を優先。","","","本文直前（画像→本文→CTA）","","吉本さん原案 VSL-P05 を基礎。文章・絵文字を優先し、配信時刻・分岐・変数だけ現行確定ルールへ合わせる。","","","","",""
"Instagram_10大特典","REVIEW_Instagram10大特典_20260810","111","レビュー中","メッセージ","VSL途中","IG_40_VSL_一部視聴","6kJfk5ZhL0ZI","72時間VSL開始済み・VSL状態該当","登録から1日後 20:00","LINE","テキスト","VSL-P06","","【LINEメッセージ 1／text】
公開期限は あと28時間です。⏰

視聴を始めた時刻にかかわらず延長はされないので、余裕があるうちに続きをご覧ください。✨","","[VSLURL｜視聴完了ACT-VSL-COMPLETE（YouTube判定複製）]","","","vsl_main_completed / roadmap_page_clicked_unbooked / offer_consult_48h_active / roadmap_booked / sales_in_progress / sales_next_meeting / meeting_completed / sales_won / sales_stop","視聴完了→VSL完了・面談／VSL初回開始から72時間→ACT-VSL-EXPIRE","YouTube原文・絵文字・パネル構成を転用。URLと日時だけ媒体変数へ差し替える。","","","本文直前（画像→本文→CTA）","","YouTube原文をそのまま使用。","","","","",""
"Instagram_10大特典","REVIEW_Instagram10大特典_20260810","112","レビュー中","メッセージ","VSL途中","IG_40_VSL_一部視聴","Pkn7lktciPoS","72時間VSL開始済み・VSL状態該当","登録から2日後 09:00","LINE","テキスト","VSL-P07","","【LINEメッセージ 1／text】
本日が視聴最終日です。⏰🎥","","[VSLURL｜視聴完了ACT-VSL-COMPLETE（YouTube判定複製）]","","","vsl_main_completed / roadmap_page_clicked_unbooked / offer_consult_48h_active / roadmap_booked / sales_in_progress / sales_next_meeting / meeting_completed / sales_won / sales_stop","視聴完了→VSL完了・面談／VSL初回開始から72時間→ACT-VSL-EXPIRE","YouTube原文・絵文字・パネル構成を転用。URLと日時だけ媒体変数へ差し替える。","","","本文直前（画像→本文→CTA）","","YouTube原文をそのまま使用。","","","","",""
"Instagram_10大特典","REVIEW_Instagram10大特典_20260810","113","レビュー中","メッセージ","VSL途中","IG_40_VSL_一部視聴","CiZEgXL5O3Uz","72時間VSL開始済み・VSL状態該当","登録から2日後 14:00","LINE","テキスト＋ボタン","VSL-P08","","【LINEメッセージ 1／text】
残り時間が少なくなってきました。⏰

最後には、 AIひとり起業ロードマップ作成会の無料枠も案内しております。👇

【LINEメッセージ 2／button】
{
  ""seq"": 1,
  ""type"": ""button"",
  ""alt_text"": ""【動画】公開は本日23:59まで"",
  ""react_type"": ""free"",
  ""react_press_again_text"": null,
  ""thumbnail_image_url"": null,
  ""title"": ""LINE友だち限定 プレミアム無料動画"",
  ""text"": ""公開は本日23:59まで"",
  ""actions"": [
    {
      ""type"": ""url"",
      ""label"": ""動画を見る"",
      ""uri"": ""[VSLURL]"",
      ""add_label_id"": null,
      ""del_label_id"": null
    }
  ]
}","動画を見る","[VSLURL｜視聴完了ACT-VSL-COMPLETE（YouTube判定複製）]","","","vsl_main_completed / roadmap_page_clicked_unbooked / offer_consult_48h_active / roadmap_booked / sales_in_progress / sales_next_meeting / meeting_completed / sales_won / sales_stop","視聴完了→VSL完了・面談／VSL初回開始から72時間→ACT-VSL-EXPIRE","YouTube原文・絵文字・パネル構成を転用。URLと日時だけ媒体変数へ差し替える。","","","本文直前（画像→本文→CTA）","","YouTube原文をそのまま使用。","","","","",""
"Instagram_10大特典","REVIEW_Instagram10大特典_20260810","114","レビュー中","メッセージ","VSL途中","IG_40_VSL_一部視聴","ETjHWlvzXGr3","72時間VSL開始済み・VSL状態該当","登録から2日後 19:00","LINE","テキスト","VSL-P09","","【LINEメッセージ 1／text】
公開終了まであと数時間です。⏰📣","","[VSLURL｜視聴完了ACT-VSL-COMPLETE（YouTube判定複製）]","","","vsl_main_completed / roadmap_page_clicked_unbooked / offer_consult_48h_active / roadmap_booked / sales_in_progress / sales_next_meeting / meeting_completed / sales_won / sales_stop","視聴完了→VSL完了・面談／VSL初回開始から72時間→ACT-VSL-EXPIRE","YouTube原文・絵文字・パネル構成を転用。URLと日時だけ媒体変数へ差し替える。","","","本文直前（画像→本文→CTA）","","YouTube原文をそのまま使用。","","","","",""
"Instagram_10大特典","REVIEW_Instagram10大特典_20260810","115","レビュー中","メッセージ","VSL途中","IG_40_VSL_一部視聴","WhfdR94zX0IG","72時間VSL開始済み・VSL状態該当","登録から2日後 22:30","LINE","テキスト＋ボタン","VSL-P10","","【LINEメッセージ 1／text】
23:59で終了します。⏰

視聴途中の方への最後のご案内です。今すぐこちらから続きをご覧ください。👇

【LINEメッセージ 2／button】
{
  ""seq"": 1,
  ""type"": ""button"",
  ""alt_text"": ""【動画】本日23:59で終了します"",
  ""react_type"": ""free"",
  ""react_press_again_text"": null,
  ""thumbnail_image_url"": null,
  ""title"": ""LINE友だち限定 プレミアム無料動画"",
  ""text"": ""本日23:59で終了"",
  ""actions"": [
    {
      ""type"": ""url"",
      ""label"": ""動画を見る"",
      ""uri"": ""[VSLURL]"",
      ""add_label_id"": null,
      ""del_label_id"": null
    }
  ]
}","動画を見る","[VSLURL｜視聴完了ACT-VSL-COMPLETE（YouTube判定複製）]","","","vsl_main_completed / roadmap_page_clicked_unbooked / offer_consult_48h_active / roadmap_booked / sales_in_progress / sales_next_meeting / meeting_completed / sales_won / sales_stop","視聴完了→VSL完了・面談／VSL初回開始から72時間→ACT-VSL-EXPIRE","YouTube原文・絵文字・パネル構成を転用。URLと日時だけ媒体変数へ差し替える。","","","本文直前（画像→本文→CTA）","","YouTube原文をそのまま使用。","","","","",""
"Instagram_10大特典","REVIEW_Instagram10大特典_20260810","116","レビュー中","メッセージ","VSL完了・面談","IG_40_VSL_視聴完了","DciEDgOwZDeT","72時間VSL開始済み・VSL状態該当","登録直後","LINE","画像","VSL-C01","","【LINEメッセージ 1／text】
動画を最後までご視聴いただき、
本当にありがとうございました！😊✨

ご視聴いただいた方に特別なご案内なります...!!
学んだ内容を、
「自分の場合はどうアクションを起こせばいい？」
と具体的に整理したい方に向けて、
【30分の個別面談】をご用意いたしました！🌱👇


今回の学びを、ぜひ自分ごととしてインプットして、
貴重な一歩を踏み出すキッカケになれると嬉しいです！
ご自身が抱えている悩みや、ビジネスモデルなどがあれば、
どんなに細かいことでも構いませんので、壁打ちしましょう！☺️

▼こちらからお申し込みください！
[ロードマップ作成会URL]","個別面談の日程を見る","[ロードマップ作成会URL｜初回クリックACT-RM-PAGE（YouTube action複製）]","","","roadmap_page_clicked_unbooked / offer_consult_48h_active / roadmap_booked / sales_in_progress / sales_next_meeting / meeting_completed / sales_won / sales_stop","面談ページ初回クリック→ATT-Cのみ／未クリック→72時間終了後オプチャ","吉本さん原案 VSL-C01 の文章・絵文字を使用。配信時刻・分岐・変数は確定済みInstagram設計を優先。","https://drive.usercontent.google.com/download?id=1zDdYksox-PG8m4w80F3160DbK4iy8DOM&export=view&confirm=t","=IF(U128="""","""",IMAGE(U128))","本文直前（画像→本文→CTA）","動画視聴者へ30分無料個別面談","吉本さん原案 b8df8636-aa27-4f4a-a7a1-7ce2e3631b87.png を原寸・無加工で使用。文章・絵文字・分岐・配信時刻は承認済み行を維持する。","","","","",""
"Instagram_10大特典","REVIEW_Instagram10大特典_20260810","117","レビュー中","メッセージ","VSL完了・面談","IG_40_VSL_視聴完了","wh7dGNiiq0ob","72時間VSL開始済み・VSL状態該当","登録から 0日 2時間 0分後","LINE","画像パネル＋本文＋ボタン","VSL-C02","","【LINEメッセージ 1／image】
{
  ""seq"": 0,
  ""type"": ""image"",
  ""original_content_url"": ""https://utagesystem.s3.ap-northeast-1.wasabisys.com/GX6OYW2fVtRD/VoadmjkSafaL.png""
}

【LINEメッセージ 2／text】
動画をご覧いただいた方向けに、ロードマップ作成会をご用意しています。今回を機にぜひお申し込みください👇

【LINEメッセージ 3／button】
{
  ""seq"": 2,
  ""type"": ""button"",
  ""alt_text"": ""【個別】AIひとり起業ロードマップ作成会のご案内"",
  ""react_type"": ""free"",
  ""react_press_again_text"": null,
  ""thumbnail_image_url"": null,
  ""title"": ""AIひとり起業ロードマップ作成会"",
  ""text"": ""Zoom30分・名前とメールだけで予約OK"",
  ""actions"": [
    {
      ""type"": ""url"",
      ""label"": ""日程を見て予約する"",
      ""uri"": ""[ロードマップ作成会URL]"",
      ""add_label_id"": null,
      ""del_label_id"": null
    }
  ]
}","日程を見て予約する","[ロードマップ作成会URL｜初回クリックACT-RM-PAGE（YouTube action複製）]","","","roadmap_page_clicked_unbooked / offer_consult_48h_active / roadmap_booked / sales_in_progress / sales_next_meeting / meeting_completed / sales_won / sales_stop","面談ページ初回クリック→ATT-Cのみ／未クリック→72時間終了後オプチャ","既存VSL視聴完了案内を使用。事実未確認の希少性表現は使用しない。","https://drive.usercontent.google.com/download?id=1Ohu9GY2Tfou6npPdp-9bE4CUJj4kzLxV&export=view&confirm=t","=IF(U129="""","""",IMAGE(U129))","本文直前（画像→本文→CTA）","セミナー参加者へ30分無料個別面談","原本保管。画像内に「セミナー参加者様へ」とあるが、本ファネルは参加／欠席を判定しないため、VSL完了者全体には送信しない。参加済みを別の確実な条件で判定できる場合だけ使用し、新しい参加判定分岐は本画像のために作らない。","","","","",""
"Instagram_10大特典","REVIEW_Instagram10大特典_20260810","118","レビュー中","メッセージ","VSL完了・面談","IG_40_VSL_視聴完了","0Qha2c1IJnIT","72時間VSL開始済み・VSL状態該当","登録から 0日 5時間 0分後","LINE","テキスト","VSL-C03","","【LINEメッセージ 1／text】
%line_name%さん、大変申し訳ございません...!!

予想以上に個別面談へのご予約が多く、
スケジュールがパンクする手前になってきたため、
一旦今から24時間でお申し込みを締めきらせていただきます🙇💦

もしモヤモヤした悩みを抱えている。
そんな場合はぜひ個別面談を活用してください👇👍
[ロードマップ作成会URL]","空き枠を見る","[ロードマップ作成会URL｜初回クリックACT-RM-PAGE（YouTube action複製）]","","","roadmap_page_clicked_unbooked / offer_consult_48h_active / roadmap_booked / sales_in_progress / sales_next_meeting / meeting_completed / sales_won / sales_stop","面談ページ初回クリック→ATT-Cのみ／未クリック→72時間終了後オプチャ","吉本さん原案 VSL-C03 の文章・絵文字を使用。配信時刻・分岐・変数は確定済みInstagram設計を優先。","","","本文直前（画像→本文→CTA）","","吉本さん原案 VSL-C03 を基礎。文章・絵文字を優先し、配信時刻・分岐・変数だけ現行確定ルールへ合わせる。 実績・感想表現は公開前に根拠確認。","","","","",""
"Instagram_10大特典","REVIEW_Instagram10大特典_20260810","119","レビュー中","メッセージ","VSL完了・面談","IG_40_VSL_視聴完了","QUfY1iY6FCsU","72時間VSL開始済み・VSL状態該当","登録から0日後 10:00","LINE","テキスト","VSL-C04","","【LINEメッセージ 1／text】
個別面談のご予約は、お名前と
メールアドレスを入力するだけで完了します📝🌱

事前の課題や、準備する資料などは一切ありませんので、
リラックスしてお気軽にお申し込みくださいね😊👇

セミナー内容を
「あぁ、良い話を聞いたな」だけで
終わらせてしまうのは正直もったいない...💦

個別面談では、あなたの今の経験や使える時間に合わせて、
「まず何から手をつければいいか」をマンツーマンで明確にします！👍✨
[ロードマップ作成会URL]","予約へ進む","[ロードマップ作成会URL｜初回クリックACT-RM-PAGE（YouTube action複製）]","","","roadmap_page_clicked_unbooked / offer_consult_48h_active / roadmap_booked / sales_in_progress / sales_next_meeting / meeting_completed / sales_won / sales_stop","面談ページ初回クリック→ATT-Cのみ／未クリック→72時間終了後オプチャ","吉本さん原案 VSL-C04 の文章・絵文字を使用。配信時刻・分岐・変数は確定済みInstagram設計を優先。","","","本文直前（画像→本文→CTA）","","吉本さん原案 VSL-C04 を基礎。文章・絵文字を優先し、配信時刻・分岐・変数だけ現行確定ルールへ合わせる。","","","","",""
"Instagram_10大特典","REVIEW_Instagram10大特典_20260810","120","レビュー中","メッセージ","VSL完了・面談","IG_40_VSL_視聴完了","2nRWHPzRXiBP","72時間VSL開始済み・VSL状態該当","登録から 1日 0時間 0分後","LINE","テキスト","VSL-C05","","【LINEメッセージ 1／text】
個別面談の受付終了まで【あと3時間】となりました！⏳⏰
「まだ相談するほど考えがまとまっていない…💦」
と思っている方こそ大歓迎です！😊

この面談は、完成した計画を発表する場ではなく、
30分のおしゃべりを通して、
モヤモヤした頭をすっきり整理する場所です。

どうぞお気軽に頼ってくださいね👇🌱
自分にぴったりのAI活用ロードマップを
直接すっきり整理したい方は、
こちらからお早めにお申し込みください👇😊
[ロードマップ作成会URL]","終了前に予約する","[ロードマップ作成会URL｜初回クリックACT-RM-PAGE（YouTube action複製）]","","","roadmap_page_clicked_unbooked / offer_consult_48h_active / roadmap_booked / sales_in_progress / sales_next_meeting / meeting_completed / sales_won / sales_stop","面談ページ初回クリック→ATT-Cのみ／未クリック→72時間終了後オプチャ","吉本さん原案 VSL-C05 の文章・絵文字を使用。配信時刻・分岐・変数は確定済みInstagram設計を優先。","","","本文直前（画像→本文→CTA）","","吉本さん原案 VSL-C05 を基礎。文章・絵文字を優先し、配信時刻・分岐・変数だけ現行確定ルールへ合わせる。","","","","",""
"Instagram_10大特典","REVIEW_Instagram10大特典_20260810","121","レビュー中","メッセージ","VSL完了・面談","IG_40_VSL_視聴完了","JOAMSplqPBcC","72時間VSL開始済み・VSL状態該当","登録から 1日 4時間 0分後","LINE","テキスト","VSL-C06","","【LINEメッセージ 1／text】
受付終了まで【あと1時間】です！⏰💥

動画をご視聴いただいた方限定の個別面談のご案内は、
これが本当に最後となります。💦

ここで1歩を踏み出すかどうか、
ここが未来を変える分岐点になるキッカケになればいいなと思っています🚀🔥

今後このような案内はないので、
チャンスを逃さないよう、ご希望の枠を確保してくださいね👇
[ロードマップ作成会URL]","今すぐ予約する","[ロードマップ作成会URL｜初回クリックACT-RM-PAGE（YouTube action複製）]","","","roadmap_page_clicked_unbooked / offer_consult_48h_active / roadmap_booked / sales_in_progress / sales_next_meeting / meeting_completed / sales_won / sales_stop","面談ページ初回クリック→ATT-Cのみ／未クリック→72時間終了後オプチャ","吉本さん原案 VSL-C06 の文章・絵文字を使用。配信時刻・分岐・変数は確定済みInstagram設計を優先。","","","本文直前（画像→本文→CTA）","","吉本さん原案 VSL-C06 を基礎。文章・絵文字を優先し、配信時刻・分岐・変数だけ現行確定ルールへ合わせる。","","","","",""
"Instagram_10大特典","REVIEW_Instagram10大特典_20260810","122","レビュー中","メッセージ","VSL完了・面談","IG_40_VSL_視聴完了","xCT9FyxEdkBJ","72時間VSL開始済み・VSL状態該当","登録から1日後 10:00","LINE","テキスト＋ボタン","VSL-C07","","【LINEメッセージ 1／text】
予約は名前とメールアドレスの2項目で完了します😊

都合が変わった場合は日程変更できます。👇

【LINEメッセージ 2／button】
{
  ""seq"": 1,
  ""type"": ""button"",
  ""alt_text"": ""【個別】AIひとり起業ロードマップ作成会のご案内"",
  ""react_type"": ""free"",
  ""react_press_again_text"": null,
  ""thumbnail_image_url"": null,
  ""title"": ""AIひとり起業ロードマップ作成会"",
  ""text"": ""Zoom30分・名前とメールだけで予約OK"",
  ""actions"": [
    {
      ""type"": ""url"",
      ""label"": ""日程を見て予約する"",
      ""uri"": ""[ロードマップ作成会URL]"",
      ""add_label_id"": null,
      ""del_label_id"": null
    }
  ]
}","日程を見て予約する","[ロードマップ作成会URL｜初回クリックACT-RM-PAGE（YouTube action複製）]","","","roadmap_page_clicked_unbooked / offer_consult_48h_active / roadmap_booked / sales_in_progress / sales_next_meeting / meeting_completed / sales_won / sales_stop","面談ページ初回クリック→ATT-Cのみ／未クリック→72時間終了後オプチャ","YouTube原文・絵文字・パネル構成を転用。URLと日時だけ媒体変数へ差し替える。","","","本文直前（画像→本文→CTA）","","YouTube原文をそのまま使用。","","","","",""
"Instagram_10大特典","REVIEW_Instagram10大特典_20260810","123","レビュー中","メッセージ","VSL完了・面談","IG_40_VSL_視聴完了","brqYAbNWbjhP","72時間VSL開始済み・VSL状態該当","登録から1日後 15:00","LINE","テキスト","VSL-C08","","【LINEメッセージ 1／text】
あと9時間でロードマップ作成会の申し込みは終了します。⏰

AIでできることが増えるほど、
「あれもこれもやらなきゃ…」と
迷ってしまいますよね🌀

大切なのは、何をするかと同時に
「今は何をやらないか（捨てるか）」を決めること💡

優先順位をすっきり整理したい方は、
ぜひ個別面談を活用してくださいね😊👇

","","[ロードマップ作成会URL｜初回クリックACT-RM-PAGE（YouTube action複製）]","","","roadmap_page_clicked_unbooked / offer_consult_48h_active / roadmap_booked / sales_in_progress / sales_next_meeting / meeting_completed / sales_won / sales_stop","面談ページ初回クリック→ATT-Cのみ／未クリック→72時間終了後オプチャ","YouTube原文・絵文字・パネル構成を転用。URLと日時だけ媒体変数へ差し替える。","","","本文直前（画像→本文→CTA）","","YouTube原文をそのまま使用。","","","","",""
"Instagram_10大特典","REVIEW_Instagram10大特典_20260810","124","レビュー中","メッセージ","VSL完了・面談","IG_40_VSL_視聴完了","zlm87BKwfnhi","72時間VSL開始済み・VSL状態該当","登録から1日後 21:00","LINE","テキスト＋ボタン","VSL-C09","","【LINEメッセージ 1／text】
受付終了まであと3時間です。⏰

自分に合う進め方を直接相談したい方は、こちらから予約してください。👇

【LINEメッセージ 2／button】
{
  ""seq"": 1,
  ""type"": ""button"",
  ""alt_text"": ""【個別】ロードマップ作成会・受付終了まであと3時間"",
  ""react_type"": ""free"",
  ""react_press_again_text"": null,
  ""thumbnail_image_url"": null,
  ""title"": ""AIひとり起業ロードマップ作成会"",
  ""text"": ""受付終了まであと3時間"",
  ""actions"": [
    {
      ""type"": ""url"",
      ""label"": ""日程を見て予約する"",
      ""uri"": ""[ロードマップ作成会URL]"",
      ""add_label_id"": null,
      ""del_label_id"": null
    }
  ]
}","日程を見て予約する","[ロードマップ作成会URL｜初回クリックACT-RM-PAGE（YouTube action複製）]","","","roadmap_page_clicked_unbooked / offer_consult_48h_active / roadmap_booked / sales_in_progress / sales_next_meeting / meeting_completed / sales_won / sales_stop","面談ページ初回クリック→ATT-Cのみ／未クリック→72時間終了後オプチャ","YouTube原文・絵文字・パネル構成を転用。URLと日時だけ媒体変数へ差し替える。","","","本文直前（画像→本文→CTA）","","YouTube原文をそのまま使用。","","","","",""
"Instagram_10大特典","REVIEW_Instagram10大特典_20260810","125","レビュー中","メッセージ","VSL完了・面談","IG_40_VSL_視聴完了","Lw5hWl0hKeJK","72時間VSL開始済み・VSL状態該当","登録から1日後 23:00","LINE","テキスト","VSL-C10","","【LINEメッセージ 1／text】
あと1時間で受付終了です。⏰

大盛況につき勉強会参加者さま限定のロードマップ作成会のご案内は、
【これで最後】とさせていただきます...!!🌱⏳

「一人で考えると手が止まってしまいそう…💦」
という方は、受付期限が終了する前に
こちらから日程をご確認くださいね👇😊🌟
[面談申込URL]","","[ロードマップ作成会URL｜初回クリックACT-RM-PAGE（YouTube action複製）]","","","roadmap_page_clicked_unbooked / offer_consult_48h_active / roadmap_booked / sales_in_progress / sales_next_meeting / meeting_completed / sales_won / sales_stop","面談ページ初回クリック→ATT-Cのみ／未クリック→72時間終了後オプチャ","YouTube原文・絵文字・パネル構成を転用。URLと日時だけ媒体変数へ差し替える。","","","本文直前（画像→本文→CTA）","","YouTube原文をそのまま使用。","","","","",""
"Instagram_10大特典","REVIEW_Instagram10大特典_20260810","126","レビュー中","メッセージ","面談未予約","IG_27_面談ページクリック未予約","ATT-C01","ロードマップ作成会ページクリック済み・未予約","クリック15分後","LINE","テキスト","ATT-C01","","個別面談の日程ページを見ていただき、
ありがとうございます！😊🌟

もし「合う時間が空いていなかった…」という場合も、
枠の調整で空き状況が変わっていることがあります。

もう一度、こちらから最新のスケジュールを
確認してみてくださいね👇✨
[ロードマップ作成会URL]","日程を再確認する","[ロードマップ作成会URL｜受付終了=[面談受付終了日時]・再クリック延長なし]","","","roadmap_booked / sales_in_progress / sales_next_meeting / meeting_completed / sales_won / sales_stop","面談予約→IG_80／クリック48時間→ACT-CONSULT-EXPIRE→オプチャ","Dさん作成 53行目から引用。本文は原文のまま。 技術変数のみ現行名へ置換。","","","","","Dさん原文を基礎に使用。独自加筆禁止。","","","","",""
"Instagram_10大特典","REVIEW_Instagram10大特典_20260810","127","レビュー中","メッセージ","面談未予約","IG_27_面談ページクリック未予約","ATT-C02","ロードマップ作成会ページクリック済み・未予約","2時間後","LINE","テキスト","ATT-C02","","個別面談は【オンラインで30分】です💻🌱

「壁打ちとしてアドバイスだけ欲しい...」
👆こういったご要望でももちろんOKです！

どうぞお気軽に😊👇
[ロードマップ作成会URL]","予約を完了する","[ロードマップ作成会URL｜受付終了=[面談受付終了日時]・再クリック延長なし]","","","roadmap_booked / sales_in_progress / sales_next_meeting / meeting_completed / sales_won / sales_stop","面談予約→IG_80／クリック48時間→ACT-CONSULT-EXPIRE→オプチャ","Dさん作成 54行目から引用。事実未確認または現行仕様と不一致の箇所のみ削除。 技術変数のみ現行名へ置換。","","","","","Dさん原文を基礎に使用。独自加筆禁止。","","","","",""
"Instagram_10大特典","REVIEW_Instagram10大特典_20260810","128","レビュー中","メッセージ","面談未予約","IG_27_面談ページクリック未予約","ATT-C03","ロードマップ作成会ページクリック済み・未予約","5時間後","LINE","テキスト","ATT-C03","","「まだ目標がハッキリしていないので申し込み迷っています…」

その気持ちめちゃめちゃわかります😭
ただ、私の実体験からも言えるように、
足踏みしている時間が1番もったいない...!!

もし少しでもきっかけが欲しいと思っている方。
勉強会で少しでも気になったことをヒントに、
あなたの「今の状況」に合わせたロードマップを
ゆっくり作っていきましょう🤝🌱👇
[ロードマップ作成会URL]","空き枠を見る","[ロードマップ作成会URL｜受付終了=[面談受付終了日時]・再クリック延長なし]","","","roadmap_booked / sales_in_progress / sales_next_meeting / meeting_completed / sales_won / sales_stop","面談予約→IG_80／クリック48時間→ACT-CONSULT-EXPIRE→オプチャ","Dさん作成 55行目から引用。事実未確認または現行仕様と不一致の箇所のみ削除。 技術変数のみ現行名へ置換。","","","","","Dさん原文を基礎に使用。独自加筆禁止。","","","","",""
"Instagram_10大特典","REVIEW_Instagram10大特典_20260810","129","レビュー中","メッセージ","面談未予約","IG_27_面談ページクリック未予約","ATT-C04","ロードマップ作成会ページクリック済み・未予約","10時間後","LINE","テキスト","ATT-C04","","AIを活用した成功者はみんなどんな共通点があるのか。

""AIへの深い知識""、""界隈の幅広い人脈""
私はどちらも違うと思います。

勉強会で得た学びや「やってみたい！」という気持ちが
新しいうちに、最初の一歩を決められるかどうかだと思います。

チャンスやきっかけは誰にでも平等にあります。
その思いや行動を途切れさせないことが1番の近道です🚀🔥

モチベーションが高いうちに、ぜひ枠を確保してくださいね👇😊
[ここに面談申込URL]
[ロードマップ作成会URL]","面談を予約する","[ロードマップ作成会URL｜受付終了=[面談受付終了日時]・再クリック延長なし]","","","roadmap_booked / sales_in_progress / sales_next_meeting / meeting_completed / sales_won / sales_stop","面談予約→IG_80／クリック48時間→ACT-CONSULT-EXPIRE→オプチャ","Dさん作成 56行目から引用。本文は原文のまま。 技術変数のみ現行名へ置換。","","","","","Dさん原文を基礎に使用。独自加筆禁止。","","","","",""
"Instagram_10大特典","REVIEW_Instagram10大特典_20260810","130","レビュー中","メッセージ","面談未予約","IG_27_面談ページクリック未予約","ATT-C05","ロードマップ作成会ページクリック済み・未予約","24時間後","LINE","テキスト","ATT-C05","","[name]さん、昨日ページを見て
少し迷われていた方も多いかと思います😊🌱

そこで、面談では具体的にどんなことをやるのかを、特別に少しお話しします。

面談では、やることをさらに増やして忙しくするのではなく、
「今やるべき優先順位」をシンプルに決めていきます。
実は今置かれている状況にAIを入れるだけで、
新しいルートが見えてくるものです。

そこを壁打ちを繰り返しながら、私の経験をもとに壁打ちをしていきます☺️

安心して、お気軽にご相談くださいね👇🤝
[ロードマップ作成会URL]","日程を選ぶ","[ロードマップ作成会URL｜受付終了=[面談受付終了日時]・再クリック延長なし]","","","roadmap_booked / sales_in_progress / sales_next_meeting / meeting_completed / sales_won / sales_stop","面談予約→IG_80／クリック48時間→ACT-CONSULT-EXPIRE→オプチャ","Dさん作成 57行目から引用。事実未確認または現行仕様と不一致の箇所のみ削除。 技術変数のみ現行名へ置換。","","","","","Dさん原文を基礎に使用。独自加筆禁止。","","","","",""
"Instagram_10大特典","REVIEW_Instagram10大特典_20260810","131","レビュー中","メッセージ","面談未予約","IG_27_面談ページクリック未予約","ATT-C06","ロードマップ作成会ページクリック済み・未予約","28時間後","LINE","テキスト","ATT-C06","","「相談内容を綺麗にまとめておかなきゃ…」
なんて心配は、一切不要です！🙅‍♂️🌟

もちろん、整理できる部分は整理した上で
ご参加された方がスムーズに進む可能性は高いです。

ただ、まとまらないモヤモヤをそのまま持ってきていただき、
背伸びをせず等身大で進めていくのも、また1つ大事なキッカケに間違いなくなります。

ですので、30分でお話ししながら一緒に整理していきましょう🌱😊👇
[ロードマップ作成会URL]","30分で整理する","[ロードマップ作成会URL｜受付終了=[面談受付終了日時]・再クリック延長なし]","","","roadmap_booked / sales_in_progress / sales_next_meeting / meeting_completed / sales_won / sales_stop","面談予約→IG_80／クリック48時間→ACT-CONSULT-EXPIRE→オプチャ","Dさん作成 58行目から引用。本文は原文のまま。 技術変数のみ現行名へ置換。","","","","","Dさん原文を基礎に使用。独自加筆禁止。","","","","",""
"Instagram_10大特典","REVIEW_Instagram10大特典_20260810","132","レビュー中","メッセージ","面談未予約","IG_27_面談ページクリック未予約","ATT-C07","ロードマップ作成会ページクリック済み・未予約","34時間後","LINE","テキスト","ATT-C07","","「もし急な予定が入ったらどうしよう…」
という場合も、予約後に届くメッセージから
簡単に日程変更できますのでご安心くださいね👍✨

まずは、ご都合の合う枠があるかどうかだけでも
こちらからチェックしてみてください👇😊
[ロードマップ作成会URL]","空き時間を見る","[ロードマップ作成会URL｜受付終了=[面談受付終了日時]・再クリック延長なし]","","","roadmap_booked / sales_in_progress / sales_next_meeting / meeting_completed / sales_won / sales_stop","面談予約→IG_80／クリック48時間→ACT-CONSULT-EXPIRE→オプチャ","Dさん作成 59行目から引用。本文は原文のまま。 技術変数のみ現行名へ置換。","","","","","Dさん原文を基礎に使用。独自加筆禁止。","","","","",""
"Instagram_10大特典","REVIEW_Instagram10大特典_20260810","133","レビュー中","メッセージ","面談未予約","IG_27_面談ページクリック未予約","ATT-C08","ロードマップ作成会ページクリック済み・未予約","39時間後","LINE","テキスト","ATT-C08","","【お詫びのご連絡】
予告していた通り、ロードマップ作成会の受付終了まで【残り9時間】とさせていただきます！⏰

少しでも「直接アドバイスをもらいたいな」と思われた方。
これを機に一歩踏み出す勇気を持ってください。

その後自分に向いているかは、自分で判断したらいいんです。
大事なのは、
""今その一歩を踏み出せるかどうか""

ぜひ期限内にご都合の良い日程を確保してくださいね👇😊✨
[ロードマップ作成会URL]","受付中の枠を見る","[ロードマップ作成会URL｜受付終了=[面談受付終了日時]・再クリック延長なし]","","","roadmap_booked / sales_in_progress / sales_next_meeting / meeting_completed / sales_won / sales_stop","面談予約→IG_80／クリック48時間→ACT-CONSULT-EXPIRE→オプチャ","Dさん作成 60行目から引用。事実未確認または現行仕様と不一致の箇所のみ削除。 技術変数のみ現行名へ置換。","","","","","Dさん原文を基礎に使用。独自加筆禁止。","","","","",""
"Instagram_10大特典","REVIEW_Instagram10大特典_20260810","134","レビュー中","メッセージ","面談未予約","IG_27_面談ページクリック未予約","ATT-C09","ロードマップ作成会ページクリック済み・未予約","45時間後","LINE","テキスト","ATT-C09","","ロードマップ作成会の受付終了まで
【あと3時間】です！⏳✨

「AIを学んだけど成果が出ない...」
「自分にあったAIの活かし方が全くわからない...」
「今の私が次にやるべきことは何なのか...」

という方は、こちらから滑り込みでお申し込みください👇
その悩みを一緒に解決しましょう☺️[ロードマップ作成会URL]","終了前に予約する","[ロードマップ作成会URL｜受付終了=[面談受付終了日時]・再クリック延長なし]","","","roadmap_booked / sales_in_progress / sales_next_meeting / meeting_completed / sales_won / sales_stop","面談予約→IG_80／クリック48時間→ACT-CONSULT-EXPIRE→オプチャ","Dさん作成 61行目から引用。事実未確認または現行仕様と不一致の箇所のみ削除。 技術変数のみ現行名へ置換。","","","","","Dさん原文を基礎に使用。独自加筆禁止。","","","","",""
"Instagram_10大特典","REVIEW_Instagram10大特典_20260810","135","レビュー中","メッセージ","面談未予約","IG_27_面談ページクリック未予約","ATT-C10","ロードマップ作成会ページクリック済み・未予約","47時間後","LINE","テキスト","ATT-C10","","ロードマップ作成会の受付終了まで【あと1時間】となりました！⏰💦

これが本当に最後のご案内となります。

ラストチャンスですので、こちらから
ご希望の日時をお選びください👇✨
[ロードマップ作成会URL]","今すぐ予約する","[ロードマップ作成会URL｜受付終了=[面談受付終了日時]・再クリック延長なし]","","","roadmap_booked / sales_in_progress / sales_next_meeting / meeting_completed / sales_won / sales_stop","面談予約→IG_80／クリック48時間→ACT-CONSULT-EXPIRE→オプチャ","Dさん作成 62行目から引用。事実未確認または現行仕様と不一致の箇所のみ削除。 技術変数のみ現行名へ置換。","","","","","Dさん原文を基礎に使用。独自加筆禁止。","","","","",""
"Instagram_10大特典","REVIEW_Instagram10大特典_20260810","136","レビュー中","メッセージ","面談予約後","IG_80_05 面談予約リマインド（vVq新規）","k3OhRf27yoJ6","ロードマップ作成会予約済み","登録直後","LINE","テキスト","RSV-01（予約直後）","","【LINEメッセージ 1／text】
%line_name%さん、ロードマップ作成会のご予約ありがとうございます。😊

日時： %event_schedule%
形式： Zoom（30分）
参加URL： %event_info%

当日はよろしくお願いいたします。
","","","","","予約キャンセル済／日程変更済みの旧予約／roadmap_noshow_1／roadmap_noshow_2plus／meeting_completed／成約／営業停止は除外","面談実施→ACT-MEETING-COMPLETE／無断欠席→ACT-RM-NOSHOW／事前キャンセル・日程変更→旧予約停止","YouTube原文・絵文字・パネル構成を転用。URLと日時だけ媒体変数へ差し替える。","https://drive.usercontent.google.com/download?id=1YCKctnlBFecaORB5B8Aa4z0ZnoWchcW6&export=view&confirm=t","=IF(U148="""","""",IMAGE(U148))","本文直前（画像→本文→CTA）","個別面談の予約ありがとうございます","吉本さん原案 54f809d5-cf88-40f4-88b3-4147a1ec8fe7.png を原寸・無加工で使用。文章・絵文字・分岐・配信時刻は承認済み行を維持する。","","","","",""
"Instagram_10大特典","REVIEW_Instagram10大特典_20260810","137","レビュー中","メッセージ","面談予約後","IG_80_05 面談予約リマインド（vVq新規）","v7clpa04Kfjk","ロードマップ作成会予約済み","イベント1日前 19:00","LINE","テキスト","RSV-02（前日19:00）","","【LINEメッセージ 1／text】
明日のリマインドになります。⏰

%event_schedule%／Zoom30分
%event_info%

","","[
  {
    ""url"": ""https://zoom.us/j/*"",
    ""action_id"": null,
    ""expiration_type"": ""none""
  }
]","","","予約キャンセル済／日程変更済みの旧予約／roadmap_noshow_1／roadmap_noshow_2plus／meeting_completed／成約／営業停止は除外","面談実施→ACT-MEETING-COMPLETE／無断欠席→ACT-RM-NOSHOW／事前キャンセル・日程変更→旧予約停止","YouTube原文・絵文字・パネル構成を転用。URLと日時だけ媒体変数へ差し替える。","","","本文直前（画像→本文→CTA）","","YouTube原文をそのまま使用。","","","","",""
"Instagram_10大特典","REVIEW_Instagram10大特典_20260810","138","レビュー中","メッセージ","面談予約後","IG_80_05 面談予約リマインド（vVq新規）","B7xRXy9LCLzz","ロードマップ作成会予約済み","イベント当日 09:00","LINE","テキスト","RSV-03（当日朝09:00）","","【LINEメッセージ 1／text】
%line_name%さん、本日が面談日です。😊

開始時刻になりましたら、こちらからZoomへお入りください。
%event_info%

お話しできるのを楽しみにしています。🙌","","","","","予約キャンセル済／日程変更済みの旧予約／roadmap_noshow_1／roadmap_noshow_2plus／meeting_completed／成約／営業停止は除外","面談実施→ACT-MEETING-COMPLETE／無断欠席→ACT-RM-NOSHOW／事前キャンセル・日程変更→旧予約停止","YouTube原文・絵文字・パネル構成を転用。URLと日時だけ媒体変数へ差し替える。","","","本文直前（画像→本文→CTA）","","YouTube原文をそのまま使用。","","","","",""
"Instagram_10大特典","REVIEW_Instagram10大特典_20260810","139","レビュー中","メッセージ","面談予約後","IG_80_05 面談予約リマインド（vVq新規）","OP9miZrixzvV","ロードマップ作成会予約済み","イベント3時間0分前","LINE","テキスト","RSV-04（3時間前）","","【LINEメッセージ 1／text】
面談まであと3時間です。⏰

%event_info%

","","","","","予約キャンセル済／日程変更済みの旧予約／roadmap_noshow_1／roadmap_noshow_2plus／meeting_completed／成約／営業停止は除外","面談実施→ACT-MEETING-COMPLETE／無断欠席→ACT-RM-NOSHOW／事前キャンセル・日程変更→旧予約停止","YouTube原文・絵文字・パネル構成を転用。URLと日時だけ媒体変数へ差し替える。","","","本文直前（画像→本文→CTA）","","YouTube原文をそのまま使用。","","","","",""
"Instagram_10大特典","REVIEW_Instagram10大特典_20260810","140","レビュー中","メッセージ","面談予約後","IG_80_05 面談予約リマインド（vVq新規）","vDsOxRKEpvb5","ロードマップ作成会予約済み","イベント30分前","LINE","テキスト","RSV-05（30分前）","","【LINEメッセージ 1／text】
30分前のリマインドです。⏰

こちらのZoomでお待ちしています。
%event_info%

それでは後ほど、よろしくお願いします。🙌","","","","","予約キャンセル済／日程変更済みの旧予約／roadmap_noshow_1／roadmap_noshow_2plus／meeting_completed／成約／営業停止は除外","面談実施→ACT-MEETING-COMPLETE／無断欠席→ACT-RM-NOSHOW／事前キャンセル・日程変更→旧予約停止","YouTube原文・絵文字・パネル構成を転用。URLと日時だけ媒体変数へ差し替える。","","","本文直前（画像→本文→CTA）","","YouTube原文をそのまま使用。","","","","",""
"Instagram_10大特典","REVIEW_Instagram10大特典_20260810","141","レビュー中","メッセージ","面談無断欠席","IG_81_面談無断欠席再予約","NS-01","ロードマップ作成会の無断欠席確認","欠席確認直後","LINE","テキスト","NS-01","","[name]さん、こんにちは🌱
本日の個別面談ですが、お会いできず少し心配しております🥺

急なお仕事や、接続のトラブルなどがあったかと思います。
ご事情もあると思いますので、お気になさらないでください😊

もし「改めて相談したいな」と思われましたら、
こちらからご都合の良い日程を再調整いただけます👇✨
[ロードマップ作成会URL]","日程を取り直す","[ロードマップ作成会URL]","","","再予約済／sales_in_progress／meeting_completed／成約／営業停止は除外","再予約→IG_80／3通終了→ACT-NOSHOW-EXPIRE→オプチャ","Dさん作成 69行目から引用。本文は原文のまま。 技術変数のみ現行名へ置換。","","","","","Dさん原文を基礎に使用。独自加筆禁止。","","","","",""
"Instagram_10大特典","REVIEW_Instagram10大特典_20260810","142","レビュー中","メッセージ","面談無断欠席","IG_81_面談無断欠席再予約","NS-02","ロードマップ作成会の無断欠席確認","翌日10:00","LINE","テキスト","NS-02","","昨日の個別面談ですが、まだ日程の
再調整を受け付けておりますのでご安心ください😊✨

事前の準備などは一切不要ですので、
「ちょっとモヤモヤを聞いてほしいな」
というくらいの気持ちでお気軽にどうぞ👇🍀
[ロードマップ作成会URL]","再予約する","[ロードマップ作成会URL]","","","再予約済／sales_in_progress／meeting_completed／成約／営業停止は除外","再予約→IG_80／3通終了→ACT-NOSHOW-EXPIRE→オプチャ","Dさん作成 70行目から引用。本文は原文のまま。 技術変数のみ現行名へ置換。","","","","","Dさん原文を基礎に使用。独自加筆禁止。","","","","",""
"Instagram_10大特典","REVIEW_Instagram10大特典_20260810","143","レビュー中","メッセージ","面談無断欠席","IG_81_面談無断欠席再予約","NS-03","ロードマップ作成会の無断欠席確認","翌日20:00","LINE","テキスト","NS-03","","個別面談の再予約のご案内は、
【これで最後】となります🌱

「やっぱり一度直接話して整理したい！」
と思われた場合は、こちらから都合の良い日時を
選んでくださいね。お待ちしております😊👇
[ロードマップ作成会URL]","再予約枠を見る","[ロードマップ作成会URL]","","","再予約済／sales_in_progress／meeting_completed／成約／営業停止は除外","再予約→IG_80／3通終了→ACT-NOSHOW-EXPIRE→オプチャ","Dさん作成 71行目から引用。本文は原文のまま。 技術変数のみ現行名へ置換。","","","","","Dさん原文を基礎に使用。独自加筆禁止。","","","","",""
"Instagram_10大特典","REVIEW_Instagram10大特典_20260810","144","レビュー中","メッセージ","オプチャ","IG_90_オプチャ_初回参加案内","Keai6IIELEtI","セミナー未申込／RQ未希望／VSL未転換／面談48時間未予約／無断欠席未再予約のうち面談未実施","登録直後","LINE","画像","OC-J01","","【LINEメッセージ 1／text】
AIの学びを楽しく続けたい方へ、
無料コミュニティを特別にご案内します！🌟

ニックネーム（匿名）で気軽に参加でき、
不定期で「AIでインスタを運用する方法」
「有料級のスライドを爆速で生成する方法」など、
無料のオンライン勉強会も開催しています😊👇

[オプチャURL]","オプチャに参加する","[オプチャURL｜クリック時ACT-OPENCHAT-CLICK]","","","openchat_link_clicked / offer_seminar_active / offer_vsl_active / offer_consult_48h_active / offer_noshow_rebook_active / roadmap_booked / sales_in_progress / sales_next_meeting / meeting_completed / sales_won / sales_stop","リンククリック→即停止／未クリック→次メッセージ","YouTube同様、オプチャリンククリックで残りの初回案内を停止。面談実施者は自動対象外。","https://drive.usercontent.google.com/download?id=1rO5MZ9rDi6NHj-7zdqZOQs7VtrrLGfpn&export=view&confirm=t","=IF(U156="""","""",IMAGE(U156))","本文直前（画像→本文→CTA）","LINEオープンチャット・無料勉強会の案内","吉本さん原案 生成画像1.png を原寸・無加工で使用。文章・絵文字・分岐・配信時刻は承認済み行を維持する。","","","","",""
"Instagram_10大特典","REVIEW_Instagram10大特典_20260810","145","レビュー中","メッセージ","オプチャ","IG_90_オプチャ_初回参加案内","NTIhWrYdF9wK","セミナー未申込／RQ未希望／VSL未転換／面談48時間未予約／無断欠席未再予約のうち面談未実施","登録から1日後 19:00","LINE","テキスト","OC-J02","","【LINEメッセージ 1／text】
正直1人だけで新しいAIの情報を追いかけ続けるのは、
なかなか大変で挫折してしまいがちです…🥺💦

オプチャでは、仲間と一緒に学びながら、
「自分の仕事にどう活かすか」を自然と考えられる
温かい環境をご用意しています！ぜひ覗いてみてくださいね👇😊
[オプチャURL]","オプチャを見る","[オプチャURL｜クリック時ACT-OPENCHAT-CLICK]","","","openchat_link_clicked / offer_seminar_active / offer_vsl_active / offer_consult_48h_active / offer_noshow_rebook_active / roadmap_booked / sales_in_progress / sales_next_meeting / meeting_completed / sales_won / sales_stop","リンククリック→即停止／未クリック→次メッセージ","YouTube同様、オプチャリンククリックで残りの初回案内を停止。面談実施者は自動対象外。","","","本文直前（画像→本文→CTA）","","吉本さん原案 OC-J02 を基礎。文章・絵文字を優先し、配信時刻・分岐・変数だけ現行確定ルールへ合わせる。","","","","",""
"Meta広告_セミナー直行","REVIEW_METAセミナー直行_20260810","1","レビュー中","アクション","入口","META_SEM_00_入口","ACT-ENTRY","Metaセミナー広告からLINE登録","登録直後","UTAGE","ラベル・シナリオ遷移","媒体入口","","Meta専用の2日程セミナー募集を即開始。Zoomサポート会は起動しない。","","","src_meta_seminar / line_main_registered / offer_seminar_active","","roadmap_booked / sales_in_progress / meeting_completed / sales_won / sales_stop","META_SEM_10_2日程提示","既存読者は状態別移行。新規読者は全員2026-08-10版へ。","","","","","","","","","",""
"Meta広告_セミナー直行","REVIEW_METAセミナー直行_20260810","2","レビュー中","アクション","セミナー","META_SEM_15_申込完了","ACT-SEM-REG","Meta第1または第2日程のセミナー申込完了","申込直後","UTAGE","ラベル・シナリオ遷移","セミナー申込完了","","選択した開催日程を保存し、未申込募集を即停止。","","","seminar_meta_registered / seminar_meta_schedule_1 または 2 / offer_seminar_active","seminar_main_offered / seminar_page_clicked_unregistered / seminar_date_unavailable","roadmap_booked / sales_in_progress / meeting_completed / sales_won / sales_stop","META_SEM_20_申込者リマインド","申込日程を基準にリマインドし、開催翌朝06:00の面談案内へ。","","","","","","","","","",""
"Meta広告_セミナー直行","REVIEW_METAセミナー直行_20260810","3","レビュー中","アクション","面談","META_SEM_25_面談予約完了","ACT-RM-BOOK","個別面談の予約完了","予約完了時","UTAGE","ラベル・シナリオ遷移","面談予約完了","","予約完了を全オファーの停止点にする。","","","roadmap_booked","offer_seminar_active / offer_vsl_active / offer_consult_day_active / offer_consult_48h_active / offer_noshow_rebook_active / openchat_invited","meeting_completed / sales_won / sales_stop","META_SEM_80_面談リマインド","別の個別面談用公式LINEとの連携必須。実装時に両UTAGEアカウントの予約完了イベントと照合キーを確認。","","","","","","","","","",""
"Meta広告_セミナー直行","REVIEW_METAセミナー直行_20260810","4","レビュー中","アクション","見逃し","META_SEM_30_開催翌朝面談案内開始","ACT-POSTSEM-CONSULT","セミナー申込済み・面談未予約","申込したセミナー開催日の翌朝06:00","UTAGE","ラベル・シナリオ遷移","参加者向け面談案内開始","","参加／欠席は判定せず、ロードマップ作成会を当日23:59まで案内。","","","offer_consult_day_active","offer_seminar_active / seminar_main_offered","roadmap_booked / sales_in_progress / meeting_completed / sales_won / sales_stop","META_SEM_30_参加者向け面談案内","イベント開始15分後ではなく翌朝06:00。","","","","","","","","","",""
"Meta広告_セミナー直行","REVIEW_METAセミナー直行_20260810","5","レビュー中","アクション","見逃し","META_SEM_35_日程不可VSL即時開始","ACT-NODATE-VSL","「どちらの日程も合わない」ボタン初回押下","クリック直後","UTAGE","ラベル・シナリオ遷移","前回企画ダイジェストVSL開始","","セミナー募集を即停止し、同じVSLを前回企画ダイジェスト版として72時間公開。","","","seminar_date_unavailable / vsl_main_offered / offer_vsl_active","offer_seminar_active / seminar_main_offered / seminar_page_clicked_unregistered","roadmap_booked / sales_in_progress / meeting_completed / sales_won / sales_stop","META_SEM_40_VSL_未開封","初回クリック時刻をVSL開始日時として固定。再クリックで延長しない。","","","","","","","","","",""
"Meta広告_セミナー直行","REVIEW_METAセミナー直行_20260810","6","レビュー中","アクション","VSL","META_SEM_45_視聴開始","ACT-VSL-START","VSLページクリック","クリック直後","UTAGE","ラベル・シナリオ遷移","VSL視聴開始","","未視聴を停止","","","vsl_main_started","","roadmap_booked / sales_in_progress / sales_next_meeting / sales_won / sales_stop","META_SEM_50_VSL途中","未視聴を停止","","","","","","","","","",""
"Meta広告_セミナー直行","REVIEW_METAセミナー直行_20260810","7","レビュー中","アクション","VSL","META_SEM_55_視聴完了","ACT-VSL-COMPLETE","VSL完了地点到達","到達直後","UTAGE","ラベル・シナリオ遷移","VSL視聴完了","","完了者へ面談","","","vsl_main_completed","vsl_main_started","roadmap_booked / sales_in_progress / sales_next_meeting / sales_won / sales_stop","META_SEM_60_VSL完了_面談","完了者へ面談","","","","","","","","","",""
"Meta広告_セミナー直行","REVIEW_METAセミナー直行_20260810","8","レビュー中","アクション","VSL","META_SEM_65_期限切れ","ACT-VSL-EXPIRE","VSL開始から72時間・面談未予約","VSL初回開始時刻から厳密に72時間後","UTAGE","ラベル・シナリオ遷移","VSL期限切れ","","72時間VSLを終了し、面談予約済みでなければオプチャへ。","","","vsl_main_expired","vsl_main_started / vsl_main_offered / offer_vsl_active","roadmap_booked / sales_in_progress / meeting_completed / sales_won / sales_stop / offer_noshow_rebook_active","META_SEM_90_オプチャ案内","全VSL入口で同じ72時間判定。","","","","","","","","","",""
"Meta広告_セミナー直行","REVIEW_METAセミナー直行_20260810","9","レビュー中","アクション","終了","META_SEM_90_未転換終了","ACT-OPENCHAT","VSL72時間終了・面談未予約","各上位オファー終了直後","UTAGE","ラベル・シナリオ遷移","オプチャ移行","","まだ面談予約・実施していない未転換者だけをオプチャへ。","","","openchat_invited","offer_seminar_active / offer_vsl_active / offer_consult_day_active / offer_consult_48h_active / offer_noshow_rebook_active","roadmap_booked / sales_in_progress / meeting_completed / sales_won / sales_stop","META_SEM_90_オプチャ案内","面談予約済み・面談済みは自動対象外。","","","","","","","","","",""
"Meta広告_セミナー直行","REVIEW_METAセミナー直行_20260810","10","レビュー中","アクション","最優先","META_SEM_99_営業結果","ACT-SALES","営業結果更新","即時","UTAGE","ラベル・シナリオ遷移","上位状態停止","","上位状態で下位シナリオを停止","","","sales_won / sales_next_meeting / sales_no_next_meeting / sales_stop","","","該当する最上位状態","上位状態で下位シナリオを停止","","","","","","","","","",""
"Meta広告_セミナー直行","REVIEW_METAセミナー直行_20260810","11","","","","META_SEM_29_第2日程終了未申込","ACT-SEM2-END-NOREG","Meta第2日程終了時点でセミナー未申込・面談未予約","Meta第2日程の翌朝06:00","","","未申込→72時間VSL","","確認ボタンを挟まず通常のVSL案内を自動開始。","","","seminar_main_unregistered_closed / vsl_main_offered / offer_vsl_active","offer_seminar_active / seminar_main_offered / seminar_page_clicked_unregistered","roadmap_booked / sales_in_progress / meeting_completed / sales_won / sales_stop","META_SEM_40_VSL_未開封","第1日程終了後は第2日程募集を続け、第2終了後だけ実行。","","","","","","","","","",""
"Meta広告_セミナー直行","REVIEW_METAセミナー直行_20260810","12","","","","META_SEM_39_参加者面談受付終了","ACT-POSTSEM-CONSULT-EXPIRE","セミナー申込済み・当日23:59時点で面談未予約","申込したセミナー開催翌日の23:59で締切、次の朝06:00に実行","","","面談未予約→72時間VSL","","参加者向けロードマップ作成会を締め切り、次の朝からVSLを自動開始。","","","vsl_main_offered / offer_vsl_active","offer_consult_day_active","roadmap_booked / sales_in_progress / meeting_completed / sales_won / sales_stop","META_SEM_40_VSL_未開封","確認ボタンは使わない。","","","","","","","","","",""
"Meta広告_セミナー直行","REVIEW_METAセミナー直行_20260810","13","レビュー中","アクション","面談無断欠席","META_SEM_81_面談無断欠席","ACT-RM-NOSHOW","ロードマップ作成会の無断欠席を確認（事前キャンセル・日程変更は除く）","欠席確認直後","UTAGE","ラベル・シナリオ遷移","面談無断欠席","","YouTube同様、初回はroadmap_noshow_1、2回目以降はroadmap_noshow_2plus。再予約案内へ。","","","roadmap_noshow_1 または roadmap_noshow_2plus / offer_noshow_rebook_active","roadmap_booked / sales_in_progress / openchat_invited","再予約済／meeting_completed／成約／営業停止は除外","META_SEM_81_面談無断欠席再予約","事前キャンセル・日程変更では欠席回数を増やさない。無断欠席3通の間はoffer_noshow_rebook_activeで他オファーを止める。","","","","","","","","","",""
"Meta広告_セミナー直行","REVIEW_METAセミナー直行_20260810","14","レビュー中","アクション","面談無断欠席","META_SEM_82_無断欠席再予約終了","ACT-NOSHOW-EXPIRE","無断欠席後3通終了・未再予約・面談未実施","NS-03配信後","UTAGE","ラベル・シナリオ遷移","無断欠席未再予約→オプチャ","","無断欠席後の再予約オファーを終了し、面談未実施者だけオプチャへ移行する","","","roadmap_noshow_rebook_expired","offer_noshow_rebook_active","roadmap_booked / sales_in_progress / sales_next_meeting / meeting_completed / sales_won / sales_stop","META_SEM_90_オプチャ案内","YouTubeの無断欠席3通終了後の出口。事前キャンセル・日程変更はこのルートへ入れない。","","","","","","","","","",""
"Meta広告_セミナー直行","REVIEW_METAセミナー直行_20260810","15","レビュー中","メッセージ","セミナー募集","META_SEM_10_2日程提示","META-SEM-CHOICE","Meta広告登録・セミナー未申込","登録直後","LINE","text+3button","SEM-CHOICE","","【LINEメッセージ 1／text】
%line_name%さん、次回のZoomライブセミナーが決まりました。✨

「AIでひとり起業攻略法」
📅 日程①：[Meta第1日程]
📅 日程②：[Meta第2日程]

AIを触るだけで終わらず、自分に合う事業テーマを見つけ、商品・集客・販売へつなげる考え方をお伝えします。😊

ご都合の合う日程を選択してください👇","日程①に申し込む / 日程②に申し込む / どちらの日程も合わない","[Meta第1日程申込URL｜ACT-SEM-PAGE] / [Meta第2日程申込URL｜ACT-SEM-PAGE] / [ACT-NODATE-VSL]","seminar_main_offered / offer_seminar_active","","seminar_main_registered / seminar_date_unavailable / offer_vsl_active / roadmap_booked / sales_in_progress / meeting_completed / sales_won / sales_stop","選択日程の申込催促／日程不可→META_SEM_40_VSL_未開封","既存Meta原文・絵文字・画像を維持し、2日程と第3ボタンだけ追加。","","","","","","","","","",""
"Meta広告_セミナー直行","REVIEW_METAセミナー直行_20260810","16","レビュー中","メッセージ","セミナー募集","META_SEM_10_セミナー募集_第1日程","LQpvKDFjDGsM","セミナー未申込・日程不可未選択・面談未予約","Meta第1日程 14日前10:00（未経過時のみ）","LINE","テキスト＋ボタン","SEM-A01（開催14日前10:00）","","【LINEメッセージ 1／text】
%line_name%さん、次回のZoomライブセミナーが決まりました。✨

「AIでひとり起業攻略法」
開催日時は申込ページでご確認ください

AIを触るだけで終わらず、自分に合う事業テーマを見つけ、商品・集客・販売へつなげる考え方をお伝えします。😊

【LINEメッセージ 2／button】
{
  ""seq"": 1,
  ""type"": ""button"",
  ""alt_text"": ""【無料セミナー】AIでひとり起業攻略法"",
  ""react_type"": ""free"",
  ""react_press_again_text"": null,
  ""thumbnail_image_url"": null,
  ""title"": ""AIでひとり起業攻略法"",
  ""text"": ""Zoomライブ・最新日程は申込ページへ"",
  ""actions"": [
    {
      ""type"": ""url"",
      ""label"": ""セミナーに申し込む"",
      ""uri"": ""[Meta第1日程申込URL]"",
      ""add_label_id"": null,
      ""del_label_id"": null
    }
  ]
}","セミナーに申し込む","[Meta第1日程申込URL｜ACT-SEM-PAGE]","","","seminar_page_clicked_unregistered / seminar_main_registered / seminar_date_unavailable / offer_vsl_active / roadmap_booked / sales_in_progress / meeting_completed / sales_won / sales_stop","次の第1日程案内","第1日程開始まで。未経過の配信だけ実行。","https://drive.usercontent.google.com/download?id=13_uoqZJY14DwBZZe7mcFTkkE-umdd3AX&export=view&confirm=t","=IF(U28="""","""",IMAGE(U28))","本文直前（画像→本文→CTA）","セミナー3日程案内","保管のみ。画像内に「直近3日程から選べます」とあるため、今回の2日程運用ではUTAGE送信に使用しない。2日程版の承認画像が用意された場合のみ差し替える。原本自体は削除・加工しない。","","","","",""
"Meta広告_セミナー直行","REVIEW_METAセミナー直行_20260810","17","レビュー中","メッセージ","セミナー募集","META_SEM_10_セミナー募集_第1日程","AqiRBjFsP3Kl","セミナー未申込・日程不可未選択・面談未予約","Meta第1日程 12日前19:00（未経過時のみ）","LINE","テキスト＋ボタン","SEM-A02（開催12日前19:00）","","【LINEメッセージ 1／text】
AIの情報は増えているのに、「自分は何をすればいいか」が決まらない。😌

そんな状態から抜け出したい方。こちらのセミナーにぜひお申し込みください👇

【LINEメッセージ 2／button】
{
  ""seq"": 1,
  ""type"": ""button"",
  ""alt_text"": ""【無料セミナー】AIでひとり起業攻略法"",
  ""react_type"": ""free"",
  ""react_press_again_text"": null,
  ""thumbnail_image_url"": null,
  ""title"": ""AIでひとり起業攻略法"",
  ""text"": ""Zoomライブ・最新日程は申込ページへ"",
  ""actions"": [
    {
      ""type"": ""url"",
      ""label"": ""セミナーに申し込む"",
      ""uri"": ""[Meta第1日程申込URL]"",
      ""add_label_id"": null,
      ""del_label_id"": null
    }
  ]
}","セミナーに申し込む","[Meta第1日程申込URL｜ACT-SEM-PAGE]","","","seminar_page_clicked_unregistered / seminar_main_registered / seminar_date_unavailable / offer_vsl_active / roadmap_booked / sales_in_progress / meeting_completed / sales_won / sales_stop","次の第1日程案内","第1日程開始まで。未経過の配信だけ実行。","https://drive.usercontent.google.com/download?id=1TJcHlzjBljzex6UaexU-app0GpFuRI5K&export=view&confirm=t","=IF(U29="""","""",IMAGE(U29))","本文直前（画像→本文→CTA）","金子さん向けセミナー初期案内","吉本さんDrive原案 META_SEMINAR_16_金子さん_セミナー初期案内.png を原寸・無加工で使用。本文・絵文字・分岐・配信時刻は承認済み行を維持する。","","","","",""
"Meta広告_セミナー直行","REVIEW_METAセミナー直行_20260810","18","レビュー中","メッセージ","セミナー募集","META_SEM_10_セミナー募集_第1日程","JHSy8ypSk7Oy","セミナー未申込・日程不可未選択・面談未予約","Meta第1日程 10日前10:00（未経過時のみ）","LINE","テキスト＋ボタン","SEM-A03（開催10日前10:00）","","【LINEメッセージ 1／text】
ひとり起業は、全部を一人で頑張ることではありません。😊

AIに任せる部分と、自分が判断する部分を分けることで、商品づくり・発信・販売を小さく回し始められます。AIでひとり起業攻略法 で具体的に解説します。📣

【LINEメッセージ 2／button】
{
  ""seq"": 1,
  ""type"": ""button"",
  ""alt_text"": ""【無料セミナー】AIでひとり起業攻略法"",
  ""react_type"": ""free"",
  ""react_press_again_text"": null,
  ""thumbnail_image_url"": null,
  ""title"": ""AIでひとり起業攻略法"",
  ""text"": ""Zoomライブ・最新日程は申込ページへ"",
  ""actions"": [
    {
      ""type"": ""url"",
      ""label"": ""セミナーに申し込む"",
      ""uri"": ""[Meta第1日程申込URL]"",
      ""add_label_id"": null,
      ""del_label_id"": null
    }
  ]
}","セミナーに申し込む","[Meta第1日程申込URL｜ACT-SEM-PAGE]","","","seminar_page_clicked_unregistered / seminar_main_registered / seminar_date_unavailable / offer_vsl_active / roadmap_booked / sales_in_progress / meeting_completed / sales_won / sales_stop","次の第1日程案内","第1日程開始まで。未経過の配信だけ実行。","","","本文直前（画像→本文→CTA）","","YouTube原文をそのまま使用。","","","","",""
"Meta広告_セミナー直行","REVIEW_METAセミナー直行_20260810","19","レビュー中","メッセージ","セミナー募集","META_SEM_10_セミナー募集_第1日程","pn1FoJ7Cr80a","セミナー未申込・日程不可未選択・面談未予約","Meta第1日程 8日前19:00（未経過時のみ）","LINE","テキスト＋ボタン","SEM-A04（開催8日前19:00）","","【LINEメッセージ 1／text】
AI初心者大歓迎です。😊

まだ商品がない、強みが分からない、副業の方向性も決まっていない。そこからスタートしていきましょう。💡

開催日時は申込ページでご確認ください

【LINEメッセージ 2／button】
{
  ""seq"": 1,
  ""type"": ""button"",
  ""alt_text"": ""【無料セミナー】AIでひとり起業攻略法"",
  ""react_type"": ""free"",
  ""react_press_again_text"": null,
  ""thumbnail_image_url"": null,
  ""title"": ""AIでひとり起業攻略法"",
  ""text"": ""Zoomライブ・最新日程は申込ページへ"",
  ""actions"": [
    {
      ""type"": ""url"",
      ""label"": ""セミナーに申し込む"",
      ""uri"": ""[Meta第1日程申込URL]"",
      ""add_label_id"": null,
      ""del_label_id"": null
    }
  ]
}","セミナーに申し込む","[Meta第1日程申込URL｜ACT-SEM-PAGE]","","","seminar_page_clicked_unregistered / seminar_main_registered / seminar_date_unavailable / offer_vsl_active / roadmap_booked / sales_in_progress / meeting_completed / sales_won / sales_stop","次の第1日程案内","第1日程開始まで。未経過の配信だけ実行。","https://drive.usercontent.google.com/download?id=1Hs1omPXAszBt_06r5nnIGFS8kHrRYtAW&export=view&confirm=t","=IF(U31="""","""",IMAGE(U31))","本文直前（画像→本文→CTA）","金子さん向けセミナー日程選択","吉本さんDrive原案 META_SEMINAR_17_金子さん_日程選択.png を原寸・無加工で使用。本文・絵文字・分岐・配信時刻は承認済み行を維持する。","","","","",""
"Meta広告_セミナー直行","REVIEW_METAセミナー直行_20260810","20","レビュー中","メッセージ","セミナー募集","META_SEM_10_セミナー募集_第1日程","META-SEM-D7-10-NEW","セミナー未申込・日程不可未選択・面談未予約","Meta第1日程 7日前10:00（未経過時のみ）","LINE","テキスト＋ボタン","SEM-D7-01（開催7日前10:00）","","【LINEメッセージ 1／text】
セミナー開催まで【あと1週間】です！🗓️✨

今回のセミナーでは、単にAIの知識を
増やすだけではなく、以下の3点を
あなたのペースに合わせて整理していきます🌱✨

１．今のあなたに実践できること🚀
２．あなたの生活・仕事で「AIを活かせる場面」🤖
３．今日からスタートできる「最初の一歩」💪

▼お席の確保はこちらからどうぞ👇😊
[Meta第1日程申込URL]","セミナー内容を確認する","[Meta第1日程申込URL｜ACT-SEM-PAGE]","","","seminar_page_clicked_unregistered / seminar_main_registered / seminar_date_unavailable / offer_vsl_active / roadmap_booked / sales_in_progress / meeting_completed / sales_won / sales_stop","次の第1日程案内","第1日程開始まで。未経過の配信だけ実行。","","","本文直前（画像→本文→CTA）","","吉本さん原案 SEM-U17 を基礎。本文・絵文字を優先し、開催1週間前の表記と分岐・変数だけ現行確定ルールへ合わせる。","","","","",""
"Meta広告_セミナー直行","REVIEW_METAセミナー直行_20260810","21","レビュー中","メッセージ","セミナー募集","META_SEM_10_セミナー募集_第1日程","META-SEM-D7-20-NEW","セミナー未申込・日程不可未選択・面談未予約","Meta第1日程 7日前20:00（未経過時のみ）","LINE","テキスト＋ボタン","SEM-D7-02（開催7日前20:00）","","【LINEメッセージ 1／text】
セミナー開催まで【あと1週間】です！🗓️✨

セミナーのお申し込みは、お名前と
メールアドレスを入力するだけで完了します📝✨

ご登録後、参加URLをLINEとメールの
両方へお送りします。
当日都合が悪くなりましたら、キャンセルの連絡をいただければ問題ございませんので、
まずは開催日時が合うかだけでも確認してみてくださいね👇😊
[Meta第1日程申込URL]","日時を確認して申し込む","[Meta第1日程申込URL｜ACT-SEM-PAGE]","","","seminar_page_clicked_unregistered / seminar_main_registered / seminar_date_unavailable / offer_vsl_active / roadmap_booked / sales_in_progress / meeting_completed / sales_won / sales_stop","次の第1日程案内","第1日程開始まで。未経過の配信だけ実行。","","","本文直前（画像→本文→CTA）","","吉本さん原案 SEM-U18 を基礎。本文・絵文字を優先し、開催1週間前の表記と分岐・変数だけ現行確定ルールへ合わせる。","","","","",""
"Meta広告_セミナー直行","REVIEW_METAセミナー直行_20260810","22","レビュー中","メッセージ","セミナー募集","META_SEM_10_セミナー募集_第1日程","hwMrSLSGqmde","セミナー未申込・日程不可未選択・面談未予約","Meta第1日程 6日前10:00（未経過時のみ）","LINE","テキスト＋ボタン","SEM-A05（開催6日前10:00）","","【LINEメッセージ 1／text】
AIツールの使い方だけ学んでも、AIで事業は構築できません。😌

今回のセミナーでは、AIで同事業を構築するかをお見せし、ストレスのない働き方を手に入れていただきます👇

【LINEメッセージ 2／button】
{
  ""seq"": 1,
  ""type"": ""button"",
  ""alt_text"": ""【無料セミナー】AIでひとり起業攻略法"",
  ""react_type"": ""free"",
  ""react_press_again_text"": null,
  ""thumbnail_image_url"": null,
  ""title"": ""AIでひとり起業攻略法"",
  ""text"": ""Zoomライブ・最新日程は申込ページへ"",
  ""actions"": [
    {
      ""type"": ""url"",
      ""label"": ""セミナーに申し込む"",
      ""uri"": ""[Meta第1日程申込URL]"",
      ""add_label_id"": null,
      ""del_label_id"": null
    }
  ]
}","セミナーに申し込む","[Meta第1日程申込URL｜ACT-SEM-PAGE]","","","seminar_page_clicked_unregistered / seminar_main_registered / seminar_date_unavailable / offer_vsl_active / roadmap_booked / sales_in_progress / meeting_completed / sales_won / sales_stop","次の第1日程案内","第1日程開始まで。未経過の配信だけ実行。","https://drive.usercontent.google.com/download?id=1xxqJTBBM9ICNyq8QRZOEH_eKjlSqSCqR&export=view&confirm=t","=IF(U34="""","""",IMAGE(U34))","本文直前（画像→本文→CTA）","AIひとり起業セミナー訴求","吉本さんDrive原案 META_SEMINAR_02-ai-solo-business.png を原寸・無加工で使用。本文・絵文字・分岐・配信時刻は承認済み行を維持する。","","","","",""
"Meta広告_セミナー直行","REVIEW_METAセミナー直行_20260810","23","レビュー中","メッセージ","セミナー募集","META_SEM_10_セミナー募集_第1日程","UGcaRCoMFOxK","セミナー未申込・日程不可未選択・面談未予約","Meta第1日程 5日前19:00（未経過時のみ）","LINE","テキスト＋ボタン","SEM-A06（開催5日前19:00）","","【LINEメッセージ 1／text】
今回は録画教材ではなく、Zoomライブで開催します。🎥

同じ内容でも、開催日に時間を取り、その場で自分の課題として考えると理解が変わります。参加できる方は今のうちに予定を確保してください。🔥

【LINEメッセージ 2／button】
{
  ""seq"": 1,
  ""type"": ""button"",
  ""alt_text"": ""【無料セミナー】AIでひとり起業攻略法"",
  ""react_type"": ""free"",
  ""react_press_again_text"": null,
  ""thumbnail_image_url"": null,
  ""title"": ""AIでひとり起業攻略法"",
  ""text"": ""Zoomライブ・最新日程は申込ページへ"",
  ""actions"": [
    {
      ""type"": ""url"",
      ""label"": ""セミナーに申し込む"",
      ""uri"": ""[Meta第1日程申込URL]"",
      ""add_label_id"": null,
      ""del_label_id"": null
    }
  ]
}","セミナーに申し込む","[Meta第1日程申込URL｜ACT-SEM-PAGE]","","","seminar_page_clicked_unregistered / seminar_main_registered / seminar_date_unavailable / offer_vsl_active / roadmap_booked / sales_in_progress / meeting_completed / sales_won / sales_stop","次の第1日程案内","第1日程開始まで。未経過の配信だけ実行。","","","本文直前（画像→本文→CTA）","","YouTube原文をそのまま使用。","","","","",""
"Meta広告_セミナー直行","REVIEW_METAセミナー直行_20260810","24","レビュー中","メッセージ","セミナー募集","META_SEM_10_セミナー募集_第1日程","RokpcnZILyfj","セミナー未申込・日程不可未選択・面談未予約","Meta第1日程 4日前20:00（未経過時のみ）","LINE","テキスト＋ボタン","SEM-A07（開催4日前20:00）","","【LINEメッセージ 1／text】

仕事の悩みってほとんどが人間関係だといわれています。

でも、AIエージェントを使えば不要な人間関係に悩まされず、自分らしい働き方を手に入れることができます📣

AIでひとり起業攻略法
開催日時は申込ページでご確認ください


【LINEメッセージ 2／button】
{
  ""seq"": 1,
  ""type"": ""button"",
  ""alt_text"": ""【無料セミナー】AIでひとり起業攻略法"",
  ""react_type"": ""free"",
  ""react_press_again_text"": null,
  ""thumbnail_image_url"": null,
  ""title"": ""AIでひとり起業攻略法"",
  ""text"": ""Zoomライブ・最新日程は申込ページへ"",
  ""actions"": [
    {
      ""type"": ""url"",
      ""label"": ""セミナーに申し込む"",
      ""uri"": ""[Meta第1日程申込URL]"",
      ""add_label_id"": null,
      ""del_label_id"": null
    }
  ]
}","セミナーに申し込む","[Meta第1日程申込URL｜ACT-SEM-PAGE]","","","seminar_page_clicked_unregistered / seminar_main_registered / seminar_date_unavailable / offer_vsl_active / roadmap_booked / sales_in_progress / meeting_completed / sales_won / sales_stop","次の第1日程案内","第1日程開始まで。未経過の配信だけ実行。","","","本文直前（画像→本文→CTA）","","YouTube原文をそのまま使用。","","","","",""
"Meta広告_セミナー直行","REVIEW_METAセミナー直行_20260810","25","レビュー中","メッセージ","セミナー募集","META_SEM_10_セミナー募集_第1日程","yfZhr4eBiYca","セミナー未申込・日程不可未選択・面談未予約","Meta第1日程 3日前10:00（未経過時のみ）","LINE","テキスト＋ボタン","SEM-B01（開催3日前10:00）","","【LINEメッセージ 1／text】

あなたは指示するだけ。手を動かすのはAIエージェント。
実際にどう働いているのかをZoomライブでお見せします。🙌

開催日時は申込ページでご確認ください

【LINEメッセージ 2／button】
{
  ""seq"": 1,
  ""type"": ""button"",
  ""alt_text"": ""【無料セミナー】AIでひとり起業攻略法"",
  ""react_type"": ""free"",
  ""react_press_again_text"": null,
  ""thumbnail_image_url"": null,
  ""title"": ""AIでひとり起業攻略法"",
  ""text"": ""Zoomライブ・最新日程は申込ページへ"",
  ""actions"": [
    {
      ""type"": ""url"",
      ""label"": ""セミナーに申し込む"",
      ""uri"": ""[Meta第1日程申込URL]"",
      ""add_label_id"": null,
      ""del_label_id"": null
    }
  ]
}","セミナーに申し込む","[Meta第1日程申込URL｜ACT-SEM-PAGE]","","","seminar_page_clicked_unregistered / seminar_main_registered / seminar_date_unavailable / offer_vsl_active / roadmap_booked / sales_in_progress / meeting_completed / sales_won / sales_stop","次の第1日程案内","第1日程開始まで。未経過の配信だけ実行。","","","本文直前（画像→本文→CTA）","","YouTube原文をそのまま使用。","","","","",""
"Meta広告_セミナー直行","REVIEW_METAセミナー直行_20260810","26","レビュー中","メッセージ","セミナー募集","META_SEM_10_セミナー募集_第1日程","DDbLkDS5Bs2y","セミナー未申込・日程不可未選択・面談未予約","Meta第1日程 3日前20:00（未経過時のみ）","LINE","テキスト＋ボタン","SEM-B02（開催3日前20:00）","","【LINEメッセージ 1／text】
「自分には売れるものがない」そんな方でも問題ありません。AIエージェントが考えてくれるし、作ってもくれます。😌

「え？どういうこと？」って思われるかもしれませんが、セミナーにお越しいただければ納得できます。👇

【LINEメッセージ 2／button】
{
  ""seq"": 1,
  ""type"": ""button"",
  ""alt_text"": ""【無料セミナー】AIでひとり起業攻略法"",
  ""react_type"": ""free"",
  ""react_press_again_text"": null,
  ""thumbnail_image_url"": null,
  ""title"": ""AIでひとり起業攻略法"",
  ""text"": ""Zoomライブ・最新日程は申込ページへ"",
  ""actions"": [
    {
      ""type"": ""url"",
      ""label"": ""セミナーに申し込む"",
      ""uri"": ""[Meta第1日程申込URL]"",
      ""add_label_id"": null,
      ""del_label_id"": null
    }
  ]
}","セミナーに申し込む","[Meta第1日程申込URL｜ACT-SEM-PAGE]","","","seminar_page_clicked_unregistered / seminar_main_registered / seminar_date_unavailable / offer_vsl_active / roadmap_booked / sales_in_progress / meeting_completed / sales_won / sales_stop","次の第1日程案内","第1日程開始まで。未経過の配信だけ実行。","","","本文直前（画像→本文→CTA）","","YouTube原文をそのまま使用。","","","","",""
"Meta広告_セミナー直行","REVIEW_METAセミナー直行_20260810","27","レビュー中","メッセージ","セミナー募集","META_SEM_10_セミナー募集_第1日程","chBZyUC5u0cb","セミナー未申込・日程不可未選択・面談未予約","Meta第1日程 2日前10:00（未経過時のみ）","LINE","テキスト＋ボタン","SEM-B03（開催2日前10:00）","","【LINEメッセージ 1／text】

こんな方に向いています。😊
・AIを仕事や副業につなげたい
・自分の商品を作りたい
・発信しても何を売ればいいか分からない
・一人で回せる仕組みを作りたい🔥

【LINEメッセージ 2／button】
{
  ""seq"": 1,
  ""type"": ""button"",
  ""alt_text"": ""【無料セミナー】AIでひとり起業攻略法"",
  ""react_type"": ""free"",
  ""react_press_again_text"": null,
  ""thumbnail_image_url"": null,
  ""title"": ""AIでひとり起業攻略法"",
  ""text"": ""Zoomライブ・最新日程は申込ページへ"",
  ""actions"": [
    {
      ""type"": ""url"",
      ""label"": ""セミナーに申し込む"",
      ""uri"": ""[Meta第1日程申込URL]"",
      ""add_label_id"": null,
      ""del_label_id"": null
    }
  ]
}","セミナーに申し込む","[Meta第1日程申込URL｜ACT-SEM-PAGE]","","","seminar_page_clicked_unregistered / seminar_main_registered / seminar_date_unavailable / offer_vsl_active / roadmap_booked / sales_in_progress / meeting_completed / sales_won / sales_stop","次の第1日程案内","第1日程開始まで。未経過の配信だけ実行。","https://drive.usercontent.google.com/download?id=1TfZL9mHXInWc6LCLOoJNmpwH6znqJLcZ&export=view&confirm=t","=IF(U39="""","""",IMAGE(U39))","本文直前（画像→本文→CTA）","セミナー第2回案内","吉本さんDrive原案 META_SEMINAR_04-seminar-second-session.png を原寸・無加工で使用。本文・絵文字・分岐・配信時刻は承認済み行を維持する。","","","","",""
"Meta広告_セミナー直行","REVIEW_METAセミナー直行_20260810","28","レビュー中","メッセージ","セミナー募集","META_SEM_10_セミナー募集_第1日程","bPqbxIX4OVHi","セミナー未申込・日程不可未選択・面談未予約","Meta第1日程 2日前20:00（未経過時のみ）","LINE","テキスト＋ボタン","SEM-B04（開催2日前20:00）","","【LINEメッセージ 1／text】
社長、営業マン、経理担当者、マーケティング担当者💡

雇わなくてもAIエージェントがあなたの手と足になって働いてくれます。AIエージェントを使って会社を作る方法を学びましょう。📣

【LINEメッセージ 2／button】
{
  ""seq"": 1,
  ""type"": ""button"",
  ""alt_text"": ""【無料セミナー】AIでひとり起業攻略法"",
  ""react_type"": ""free"",
  ""react_press_again_text"": null,
  ""thumbnail_image_url"": null,
  ""title"": ""AIでひとり起業攻略法"",
  ""text"": ""Zoomライブ・最新日程は申込ページへ"",
  ""actions"": [
    {
      ""type"": ""url"",
      ""label"": ""セミナーに申し込む"",
      ""uri"": ""[Meta第1日程申込URL]"",
      ""add_label_id"": null,
      ""del_label_id"": null
    }
  ]
}","セミナーに申し込む","[Meta第1日程申込URL｜ACT-SEM-PAGE]","","","seminar_page_clicked_unregistered / seminar_main_registered / seminar_date_unavailable / offer_vsl_active / roadmap_booked / sales_in_progress / meeting_completed / sales_won / sales_stop","次の第1日程案内","第1日程開始まで。未経過の配信だけ実行。","","","本文直前（画像→本文→CTA）","","YouTube原文をそのまま使用。","","","","",""
"Meta広告_セミナー直行","REVIEW_METAセミナー直行_20260810","29","レビュー中","メッセージ","セミナー募集","META_SEM_10_セミナー募集_第1日程","RSqeGyYE2rfk","セミナー未申込・日程不可未選択・面談未予約","Meta第1日程 前日09:00","LINE","テキスト＋ボタン","SEM-B05（開催前日09:00）","","【LINEメッセージ 1／text】

AIでひとり起業攻略法
開催日時は申込ページでご確認ください

申込は名前とメールアドレスの2項目で完了します。✨

【LINEメッセージ 2／button】
{
  ""seq"": 1,
  ""type"": ""button"",
  ""alt_text"": ""【無料セミナー】AIでひとり起業攻略法"",
  ""react_type"": ""free"",
  ""react_press_again_text"": null,
  ""thumbnail_image_url"": null,
  ""title"": ""AIでひとり起業攻略法"",
  ""text"": ""Zoomライブ・最新日程は申込ページへ"",
  ""actions"": [
    {
      ""type"": ""url"",
      ""label"": ""セミナーに申し込む"",
      ""uri"": ""[Meta第1日程申込URL]"",
      ""add_label_id"": null,
      ""del_label_id"": null
    }
  ]
}","セミナーに申し込む","[Meta第1日程申込URL｜ACT-SEM-PAGE]","","","seminar_page_clicked_unregistered / seminar_main_registered / seminar_date_unavailable / offer_vsl_active / roadmap_booked / sales_in_progress / meeting_completed / sales_won / sales_stop","次の第1日程案内","第1日程開始まで。未経過の配信だけ実行。","","","本文直前（画像→本文→CTA）","","YouTube原文をそのまま使用。","","","","",""
"Meta広告_セミナー直行","REVIEW_METAセミナー直行_20260810","30","レビュー中","メッセージ","セミナー募集","META_SEM_10_セミナー募集_第1日程","3343Rx0CqrIS","セミナー未申込・日程不可未選択・面談未予約","Meta第1日程 前日15:00","LINE","テキスト＋ボタン","SEM-B06（開催前日15:00）","","【LINEメッセージ 1／text】
AIを使えば、作業時間は短くなり、外注費も雇用も必要なくなります。🚀

ただし、AIエージェントを適切に組織化して運用するテクニックが必要です。明日は、その設計部分を中心にお話しします。👇

【LINEメッセージ 2／button】
{
  ""seq"": 1,
  ""type"": ""button"",
  ""alt_text"": ""【無料セミナー】AIでひとり起業攻略法"",
  ""react_type"": ""free"",
  ""react_press_again_text"": null,
  ""thumbnail_image_url"": null,
  ""title"": ""AIでひとり起業攻略法"",
  ""text"": ""Zoomライブ・最新日程は申込ページへ"",
  ""actions"": [
    {
      ""type"": ""url"",
      ""label"": ""セミナーに申し込む"",
      ""uri"": ""[Meta第1日程申込URL]"",
      ""add_label_id"": null,
      ""del_label_id"": null
    }
  ]
}","セミナーに申し込む","[Meta第1日程申込URL｜ACT-SEM-PAGE]","","","seminar_page_clicked_unregistered / seminar_main_registered / seminar_date_unavailable / offer_vsl_active / roadmap_booked / sales_in_progress / meeting_completed / sales_won / sales_stop","次の第1日程案内","第1日程開始まで。未経過の配信だけ実行。","","","本文直前（画像→本文→CTA）","","YouTube原文をそのまま使用。","","","","",""
"Meta広告_セミナー直行","REVIEW_METAセミナー直行_20260810","31","レビュー中","メッセージ","セミナー募集","META_SEM_10_セミナー募集_第1日程","24HUpDar6IB0","セミナー未申込・日程不可未選択・面談未予約","Meta第1日程 前日21:00","LINE","テキスト＋ボタン","SEM-B07（開催前日21:00）","","【LINEメッセージ 1／text】
%line_name%さん、どこか予定は空けられそうですか？😊

セミナーはライブなので、その場で質問も可能です。参加する場合は、今のうちに登録を済ませてください。🔥

【LINEメッセージ 2／button】
{
  ""seq"": 1,
  ""type"": ""button"",
  ""alt_text"": ""【無料セミナー】AIでひとり起業攻略法"",
  ""react_type"": ""free"",
  ""react_press_again_text"": null,
  ""thumbnail_image_url"": null,
  ""title"": ""AIでひとり起業攻略法"",
  ""text"": ""Zoomライブ・最新日程は申込ページへ"",
  ""actions"": [
    {
      ""type"": ""url"",
      ""label"": ""セミナーに申し込む"",
      ""uri"": ""[Meta第1日程申込URL]"",
      ""add_label_id"": null,
      ""del_label_id"": null
    }
  ]
}","セミナーに申し込む","[Meta第1日程申込URL｜ACT-SEM-PAGE]","","","seminar_page_clicked_unregistered / seminar_main_registered / seminar_date_unavailable / offer_vsl_active / roadmap_booked / sales_in_progress / meeting_completed / sales_won / sales_stop","次の第1日程案内","第1日程開始まで。未経過の配信だけ実行。","","","本文直前（画像→本文→CTA）","","YouTube原文をそのまま使用。","","","","",""
"Meta広告_セミナー直行","REVIEW_METAセミナー直行_20260810","32","レビュー中","メッセージ","セミナー募集","META_SEM_10_セミナー募集_第1日程","WvjKarVV5Oh3","セミナー未申込・日程不可未選択・面談未予約","Meta第1日程 当日09:00","LINE","テキスト＋ボタン","SEM-B08（開催当日09:00）","","【LINEメッセージ 1／text】

AIでひとり起業攻略法
開催日時は申込ページでご確認ください

AIを自分の事業へつなぐ道筋を、今日のセミナーですべてお伝えします。📣

【LINEメッセージ 2／button】
{
  ""seq"": 1,
  ""type"": ""button"",
  ""alt_text"": ""【無料セミナー】AIでひとり起業攻略法"",
  ""react_type"": ""free"",
  ""react_press_again_text"": null,
  ""thumbnail_image_url"": null,
  ""title"": ""AIでひとり起業攻略法"",
  ""text"": ""Zoomライブ・最新日程は申込ページへ"",
  ""actions"": [
    {
      ""type"": ""url"",
      ""label"": ""セミナーに申し込む"",
      ""uri"": ""[Meta第1日程申込URL]"",
      ""add_label_id"": null,
      ""del_label_id"": null
    }
  ]
}","セミナーに申し込む","[Meta第1日程申込URL｜ACT-SEM-PAGE]","","","seminar_page_clicked_unregistered / seminar_main_registered / seminar_date_unavailable / offer_vsl_active / roadmap_booked / sales_in_progress / meeting_completed / sales_won / sales_stop","次の第1日程案内","第1日程開始まで。未経過の配信だけ実行。","https://drive.usercontent.google.com/download?id=1yrLlzX5f_0dyNEwmmawSqjPnFl55cQtN&export=view&confirm=t","=IF(U44="""","""",IMAGE(U44))","本文直前（画像→本文→CTA）","セミナー本日開催","吉本さんDrive原案 META_SEMINAR_03-seminar-today.png を原寸・無加工で使用。本文・絵文字・分岐・配信時刻は承認済み行を維持する。","","","","",""
"Meta広告_セミナー直行","REVIEW_METAセミナー直行_20260810","33","レビュー中","メッセージ","セミナー募集","META_SEM_10_セミナー募集_第1日程","uFvnt0A4Njsx","セミナー未申込・日程不可未選択・面談未予約","Meta第1日程 開始3時間前","LINE","テキスト＋ボタン","SEM-B09（開始3時間前）","","【LINEメッセージ 1／text】


まだ申込は間に合います。名前とメールアドレスを入力すると、参加用Zoom URLが届きます。👇

【LINEメッセージ 2／button】
{
  ""seq"": 1,
  ""type"": ""button"",
  ""alt_text"": ""【無料セミナー】AIでひとり起業攻略法"",
  ""react_type"": ""free"",
  ""react_press_again_text"": null,
  ""thumbnail_image_url"": null,
  ""title"": ""AIでひとり起業攻略法"",
  ""text"": ""Zoomライブ・最新日程は申込ページへ"",
  ""actions"": [
    {
      ""type"": ""url"",
      ""label"": ""セミナーに申し込む"",
      ""uri"": ""[Meta第1日程申込URL]"",
      ""add_label_id"": null,
      ""del_label_id"": null
    }
  ]
}","セミナーに申し込む","[Meta第1日程申込URL｜ACT-SEM-PAGE]","","","seminar_page_clicked_unregistered / seminar_main_registered / seminar_date_unavailable / offer_vsl_active / roadmap_booked / sales_in_progress / meeting_completed / sales_won / sales_stop","次の第1日程案内","第1日程開始まで。未経過の配信だけ実行。","","","本文直前（画像→本文→CTA）","","YouTube原文をそのまま使用。","","","","",""
"Meta広告_セミナー直行","REVIEW_METAセミナー直行_20260810","34","レビュー中","メッセージ","セミナー募集","META_SEM_10_セミナー募集_第1日程","Dq5k8JrM1aww","セミナー未申込・日程不可未選択・面談未予約","Meta第1日程 開始30分前","LINE","テキスト＋ボタン","SEM-B10（開始30分前）","","【LINEメッセージ 1／text】


今日ここで、AIの情報収集から「自分の事業を作る側」へ進みたい方はご参加ください。🎥

【LINEメッセージ 2／button】
{
  ""seq"": 1,
  ""type"": ""button"",
  ""alt_text"": ""【無料セミナー】AIでひとり起業攻略法"",
  ""react_type"": ""free"",
  ""react_press_again_text"": null,
  ""thumbnail_image_url"": null,
  ""title"": ""AIでひとり起業攻略法"",
  ""text"": ""Zoomライブ・最新日程は申込ページへ"",
  ""actions"": [
    {
      ""type"": ""url"",
      ""label"": ""セミナーに申し込む"",
      ""uri"": ""[Meta第1日程申込URL]"",
      ""add_label_id"": null,
      ""del_label_id"": null
    }
  ]
}","セミナーに申し込む","[Meta第1日程申込URL｜ACT-SEM-PAGE]","","","seminar_page_clicked_unregistered / seminar_main_registered / seminar_date_unavailable / offer_vsl_active / roadmap_booked / sales_in_progress / meeting_completed / sales_won / sales_stop","次の第1日程案内","第1日程開始まで。未経過の配信だけ実行。","","","本文直前（画像→本文→CTA）","","YouTube原文をそのまま使用。","","","","",""
"Meta広告_セミナー直行","REVIEW_METAセミナー直行_20260810","35","レビュー中","メッセージ","セミナー募集","META_SEM_10_セミナー募集_第1日程","c4DE7dl6EP7m","セミナー未申込・日程不可未選択・面談未予約","Meta第1日程 開始10分前","LINE","テキスト＋ボタン","SEM-B11（開始10分前）","","【LINEメッセージ 1／text】
セミナーご参加を
迷っていた方は、こちらが最後のご案内です。👇

【LINEメッセージ 2／button】
{
  ""seq"": 1,
  ""type"": ""button"",
  ""alt_text"": ""【無料セミナー】AIでひとり起業攻略法"",
  ""react_type"": ""free"",
  ""react_press_again_text"": null,
  ""thumbnail_image_url"": null,
  ""title"": ""AIでひとり起業攻略法"",
  ""text"": ""Zoomライブ・最新日程は申込ページへ"",
  ""actions"": [
    {
      ""type"": ""url"",
      ""label"": ""セミナーに申し込む"",
      ""uri"": ""[Meta第1日程申込URL]"",
      ""add_label_id"": null,
      ""del_label_id"": null
    }
  ]
}","セミナーに申し込む","[Meta第1日程申込URL｜ACT-SEM-PAGE]","","","seminar_page_clicked_unregistered / seminar_main_registered / seminar_date_unavailable / offer_vsl_active / roadmap_booked / sales_in_progress / meeting_completed / sales_won / sales_stop","META_SEM_11_第2日程が最後","第1日程開始まで。未経過の配信だけ実行。","https://drive.usercontent.google.com/download?id=1ExnPbEFrCOaYOdqHC0SC9KGVSzmedlQm&export=view&confirm=t","=IF(U47="""","""",IMAGE(U47))","本文直前（画像→本文→CTA）","セミナー最終案内","吉本さんDrive原案 META_SEMINAR_05-seminar-final-day.png を原寸・無加工で使用。本文・絵文字・分岐・配信時刻は承認済み行を維持する。","","","","",""
"Meta広告_セミナー直行","REVIEW_METAセミナー直行_20260810","36","レビュー中","メッセージ","セミナー募集","META_SEM_11_第2日程が最後","META-SEM-LAST-DATE","第1日程終了・セミナー未申込・日程不可未選択","Meta第1日程終了後（第2日程の募集開始時刻）","LINE","text+button","SEM-LAST-DATE","","【LINEメッセージ 1／text】
Meta第1日程は終了しました。
次が最後の日程です！📢

📅 [Meta第2日程]

まだお申し込みでない方は、こちらから参加枠をご確認ください👇","最後の日程に申し込む","[Meta第2日程申込URL｜ACT-SEM-PAGE]","","","seminar_main_registered / seminar_date_unavailable / offer_vsl_active / roadmap_booked / sales_in_progress / meeting_completed / sales_won / sales_stop","META_SEM_10_セミナー募集_第2日程","2日程制に必要な最小限の新規文。","","","","","","","","","",""
"Meta広告_セミナー直行","REVIEW_METAセミナー直行_20260810","37","レビュー中","メッセージ","セミナー募集","META_SEM_10_セミナー募集_第2日程","LQpvKDFjDGsM","セミナー未申込・日程不可未選択・面談未予約","Meta第2日程 14日前10:00（未経過時のみ）","LINE","テキスト＋ボタン","SEM-A01（開催14日前10:00）","","【LINEメッセージ 1／text】
%line_name%さん、次回のZoomライブセミナーが決まりました。✨

「AIでひとり起業攻略法」
開催日時は申込ページでご確認ください

AIを触るだけで終わらず、自分に合う事業テーマを見つけ、商品・集客・販売へつなげる考え方をお伝えします。😊

【LINEメッセージ 2／button】
{
  ""seq"": 1,
  ""type"": ""button"",
  ""alt_text"": ""【無料セミナー】AIでひとり起業攻略法"",
  ""react_type"": ""free"",
  ""react_press_again_text"": null,
  ""thumbnail_image_url"": null,
  ""title"": ""AIでひとり起業攻略法"",
  ""text"": ""Zoomライブ・最新日程は申込ページへ"",
  ""actions"": [
    {
      ""type"": ""url"",
      ""label"": ""セミナーに申し込む"",
      ""uri"": ""[Meta第2日程申込URL]"",
      ""add_label_id"": null,
      ""del_label_id"": null
    }
  ]
}","セミナーに申し込む","[Meta第2日程申込URL｜ACT-SEM-PAGE]","","","seminar_page_clicked_unregistered / seminar_main_registered / seminar_date_unavailable / offer_vsl_active / roadmap_booked / sales_in_progress / meeting_completed / sales_won / sales_stop","次の第2日程案内","第1日程終了後に開始。第2日程開始まで。未経過の配信だけ実行。","https://drive.usercontent.google.com/download?id=13_uoqZJY14DwBZZe7mcFTkkE-umdd3AX&export=view&confirm=t","=IF(U49="""","""",IMAGE(U49))","本文直前（画像→本文→CTA）","セミナー3日程案内","保管のみ。画像内に「直近3日程から選べます」とあるため、今回の2日程運用ではUTAGE送信に使用しない。2日程版の承認画像が用意された場合のみ差し替える。原本自体は削除・加工しない。","","","","",""
"Meta広告_セミナー直行","REVIEW_METAセミナー直行_20260810","38","レビュー中","メッセージ","セミナー募集","META_SEM_10_セミナー募集_第2日程","AqiRBjFsP3Kl","セミナー未申込・日程不可未選択・面談未予約","Meta第2日程 12日前19:00（未経過時のみ）","LINE","テキスト＋ボタン","SEM-A02（開催12日前19:00）","","【LINEメッセージ 1／text】
AIの情報は増えているのに、「自分は何をすればいいか」が決まらない。😌

そんな状態から抜け出したい方。こちらのセミナーにぜひお申し込みください👇

【LINEメッセージ 2／button】
{
  ""seq"": 1,
  ""type"": ""button"",
  ""alt_text"": ""【無料セミナー】AIでひとり起業攻略法"",
  ""react_type"": ""free"",
  ""react_press_again_text"": null,
  ""thumbnail_image_url"": null,
  ""title"": ""AIでひとり起業攻略法"",
  ""text"": ""Zoomライブ・最新日程は申込ページへ"",
  ""actions"": [
    {
      ""type"": ""url"",
      ""label"": ""セミナーに申し込む"",
      ""uri"": ""[Meta第2日程申込URL]"",
      ""add_label_id"": null,
      ""del_label_id"": null
    }
  ]
}","セミナーに申し込む","[Meta第2日程申込URL｜ACT-SEM-PAGE]","","","seminar_page_clicked_unregistered / seminar_main_registered / seminar_date_unavailable / offer_vsl_active / roadmap_booked / sales_in_progress / meeting_completed / sales_won / sales_stop","次の第2日程案内","第1日程終了後に開始。第2日程開始まで。未経過の配信だけ実行。","https://drive.usercontent.google.com/download?id=1TJcHlzjBljzex6UaexU-app0GpFuRI5K&export=view&confirm=t","=IF(U50="""","""",IMAGE(U50))","本文直前（画像→本文→CTA）","金子さん向けセミナー初期案内","吉本さんDrive原案 META_SEMINAR_16_金子さん_セミナー初期案内.png を原寸・無加工で使用。本文・絵文字・分岐・配信時刻は承認済み行を維持する。","","","","",""
"Meta広告_セミナー直行","REVIEW_METAセミナー直行_20260810","39","レビュー中","メッセージ","セミナー募集","META_SEM_10_セミナー募集_第2日程","JHSy8ypSk7Oy","セミナー未申込・日程不可未選択・面談未予約","Meta第2日程 10日前10:00（未経過時のみ）","LINE","テキスト＋ボタン","SEM-A03（開催10日前10:00）","","【LINEメッセージ 1／text】
ひとり起業は、全部を一人で頑張ることではありません。😊

AIに任せる部分と、自分が判断する部分を分けることで、商品づくり・発信・販売を小さく回し始められます。AIでひとり起業攻略法 で具体的に解説します。📣

【LINEメッセージ 2／button】
{
  ""seq"": 1,
  ""type"": ""button"",
  ""alt_text"": ""【無料セミナー】AIでひとり起業攻略法"",
  ""react_type"": ""free"",
  ""react_press_again_text"": null,
  ""thumbnail_image_url"": null,
  ""title"": ""AIでひとり起業攻略法"",
  ""text"": ""Zoomライブ・最新日程は申込ページへ"",
  ""actions"": [
    {
      ""type"": ""url"",
      ""label"": ""セミナーに申し込む"",
      ""uri"": ""[Meta第2日程申込URL]"",
      ""add_label_id"": null,
      ""del_label_id"": null
    }
  ]
}","セミナーに申し込む","[Meta第2日程申込URL｜ACT-SEM-PAGE]","","","seminar_page_clicked_unregistered / seminar_main_registered / seminar_date_unavailable / offer_vsl_active / roadmap_booked / sales_in_progress / meeting_completed / sales_won / sales_stop","次の第2日程案内","第1日程終了後に開始。第2日程開始まで。未経過の配信だけ実行。","","","本文直前（画像→本文→CTA）","","YouTube原文をそのまま使用。","","","","",""
"Meta広告_セミナー直行","REVIEW_METAセミナー直行_20260810","40","レビュー中","メッセージ","セミナー募集","META_SEM_10_セミナー募集_第2日程","pn1FoJ7Cr80a","セミナー未申込・日程不可未選択・面談未予約","Meta第2日程 8日前19:00（未経過時のみ）","LINE","テキスト＋ボタン","SEM-A04（開催8日前19:00）","","【LINEメッセージ 1／text】
AI初心者大歓迎です。😊

まだ商品がない、強みが分からない、副業の方向性も決まっていない。そこからスタートしていきましょう。💡

開催日時は申込ページでご確認ください

【LINEメッセージ 2／button】
{
  ""seq"": 1,
  ""type"": ""button"",
  ""alt_text"": ""【無料セミナー】AIでひとり起業攻略法"",
  ""react_type"": ""free"",
  ""react_press_again_text"": null,
  ""thumbnail_image_url"": null,
  ""title"": ""AIでひとり起業攻略法"",
  ""text"": ""Zoomライブ・最新日程は申込ページへ"",
  ""actions"": [
    {
      ""type"": ""url"",
      ""label"": ""セミナーに申し込む"",
      ""uri"": ""[Meta第2日程申込URL]"",
      ""add_label_id"": null,
      ""del_label_id"": null
    }
  ]
}","セミナーに申し込む","[Meta第2日程申込URL｜ACT-SEM-PAGE]","","","seminar_page_clicked_unregistered / seminar_main_registered / seminar_date_unavailable / offer_vsl_active / roadmap_booked / sales_in_progress / meeting_completed / sales_won / sales_stop","次の第2日程案内","第1日程終了後に開始。第2日程開始まで。未経過の配信だけ実行。","https://drive.usercontent.google.com/download?id=1Hs1omPXAszBt_06r5nnIGFS8kHrRYtAW&export=view&confirm=t","=IF(U52="""","""",IMAGE(U52))","本文直前（画像→本文→CTA）","金子さん向けセミナー日程選択","吉本さんDrive原案 META_SEMINAR_17_金子さん_日程選択.png を原寸・無加工で使用。本文・絵文字・分岐・配信時刻は承認済み行を維持する。","","","","",""
"Meta広告_セミナー直行","REVIEW_METAセミナー直行_20260810","41","レビュー中","メッセージ","セミナー募集","META_SEM_10_セミナー募集_第2日程","META-SEM-D7-10-NEW","セミナー未申込・日程不可未選択・面談未予約","Meta第2日程 7日前10:00（未経過時のみ）","LINE","テキスト＋ボタン","SEM-D7-01（開催7日前10:00）","","【LINEメッセージ 1／text】
セミナー開催まで【あと1週間】です！🗓️✨

今回のセミナーでは、単にAIの知識を
増やすだけではなく、以下の3点を
あなたのペースに合わせて整理していきます🌱✨

１．今のあなたに実践できること🚀
２．あなたの生活・仕事で「AIを活かせる場面」🤖
３．今日からスタートできる「最初の一歩」💪

▼お席の確保はこちらからどうぞ👇😊
[Meta第2日程申込URL]","セミナー内容を確認する","[Meta第2日程申込URL｜ACT-SEM-PAGE]","","","seminar_page_clicked_unregistered / seminar_main_registered / seminar_date_unavailable / offer_vsl_active / roadmap_booked / sales_in_progress / meeting_completed / sales_won / sales_stop","次の第2日程案内","第1日程終了後に開始。第2日程開始まで。未経過の配信だけ実行。","","","本文直前（画像→本文→CTA）","","吉本さん原案 SEM-U17 を基礎。本文・絵文字を優先し、開催1週間前の表記と分岐・変数だけ現行確定ルールへ合わせる。","","","","",""
"Meta広告_セミナー直行","REVIEW_METAセミナー直行_20260810","42","レビュー中","メッセージ","セミナー募集","META_SEM_10_セミナー募集_第2日程","META-SEM-D7-20-NEW","セミナー未申込・日程不可未選択・面談未予約","Meta第2日程 7日前20:00（未経過時のみ）","LINE","テキスト＋ボタン","SEM-D7-02（開催7日前20:00）","","【LINEメッセージ 1／text】
セミナー開催まで【あと1週間】です！🗓️✨

セミナーのお申し込みは、お名前と
メールアドレスを入力するだけで完了します📝✨

ご登録後、参加URLをLINEとメールの
両方へお送りします。
当日都合が悪くなりましたら、キャンセルの連絡をいただければ問題ございませんので、
まずは開催日時が合うかだけでも確認してみてくださいね👇😊
[Meta第2日程申込URL]","日時を確認して申し込む","[Meta第2日程申込URL｜ACT-SEM-PAGE]","","","seminar_page_clicked_unregistered / seminar_main_registered / seminar_date_unavailable / offer_vsl_active / roadmap_booked / sales_in_progress / meeting_completed / sales_won / sales_stop","次の第2日程案内","第1日程終了後に開始。第2日程開始まで。未経過の配信だけ実行。","","","本文直前（画像→本文→CTA）","","吉本さん原案 SEM-U18 を基礎。本文・絵文字を優先し、開催1週間前の表記と分岐・変数だけ現行確定ルールへ合わせる。","","","","",""
"Meta広告_セミナー直行","REVIEW_METAセミナー直行_20260810","43","レビュー中","メッセージ","セミナー募集","META_SEM_10_セミナー募集_第2日程","hwMrSLSGqmde","セミナー未申込・日程不可未選択・面談未予約","Meta第2日程 6日前10:00（未経過時のみ）","LINE","テキスト＋ボタン","SEM-A05（開催6日前10:00）","","【LINEメッセージ 1／text】
AIツールの使い方だけ学んでも、AIで事業は構築できません。😌

今回のセミナーでは、AIで同事業を構築するかをお見せし、ストレスのない働き方を手に入れていただきます👇

【LINEメッセージ 2／button】
{
  ""seq"": 1,
  ""type"": ""button"",
  ""alt_text"": ""【無料セミナー】AIでひとり起業攻略法"",
  ""react_type"": ""free"",
  ""react_press_again_text"": null,
  ""thumbnail_image_url"": null,
  ""title"": ""AIでひとり起業攻略法"",
  ""text"": ""Zoomライブ・最新日程は申込ページへ"",
  ""actions"": [
    {
      ""type"": ""url"",
      ""label"": ""セミナーに申し込む"",
      ""uri"": ""[Meta第2日程申込URL]"",
      ""add_label_id"": null,
      ""del_label_id"": null
    }
  ]
}","セミナーに申し込む","[Meta第2日程申込URL｜ACT-SEM-PAGE]","","","seminar_page_clicked_unregistered / seminar_main_registered / seminar_date_unavailable / offer_vsl_active / roadmap_booked / sales_in_progress / meeting_completed / sales_won / sales_stop","次の第2日程案内","第1日程終了後に開始。第2日程開始まで。未経過の配信だけ実行。","https://drive.usercontent.google.com/download?id=1xxqJTBBM9ICNyq8QRZOEH_eKjlSqSCqR&export=view&confirm=t","=IF(U55="""","""",IMAGE(U55))","本文直前（画像→本文→CTA）","AIひとり起業セミナー訴求","吉本さんDrive原案 META_SEMINAR_02-ai-solo-business.png を原寸・無加工で使用。本文・絵文字・分岐・配信時刻は承認済み行を維持する。","","","","",""
"Meta広告_セミナー直行","REVIEW_METAセミナー直行_20260810","44","レビュー中","メッセージ","セミナー募集","META_SEM_10_セミナー募集_第2日程","UGcaRCoMFOxK","セミナー未申込・日程不可未選択・面談未予約","Meta第2日程 5日前19:00（未経過時のみ）","LINE","テキスト＋ボタン","SEM-A06（開催5日前19:00）","","【LINEメッセージ 1／text】
今回は録画教材ではなく、Zoomライブで開催します。🎥

同じ内容でも、開催日に時間を取り、その場で自分の課題として考えると理解が変わります。参加できる方は今のうちに予定を確保してください。🔥

【LINEメッセージ 2／button】
{
  ""seq"": 1,
  ""type"": ""button"",
  ""alt_text"": ""【無料セミナー】AIでひとり起業攻略法"",
  ""react_type"": ""free"",
  ""react_press_again_text"": null,
  ""thumbnail_image_url"": null,
  ""title"": ""AIでひとり起業攻略法"",
  ""text"": ""Zoomライブ・最新日程は申込ページへ"",
  ""actions"": [
    {
      ""type"": ""url"",
      ""label"": ""セミナーに申し込む"",
      ""uri"": ""[Meta第2日程申込URL]"",
      ""add_label_id"": null,
      ""del_label_id"": null
    }
  ]
}","セミナーに申し込む","[Meta第2日程申込URL｜ACT-SEM-PAGE]","","","seminar_page_clicked_unregistered / seminar_main_registered / seminar_date_unavailable / offer_vsl_active / roadmap_booked / sales_in_progress / meeting_completed / sales_won / sales_stop","次の第2日程案内","第1日程終了後に開始。第2日程開始まで。未経過の配信だけ実行。","","","本文直前（画像→本文→CTA）","","YouTube原文をそのまま使用。","","","","",""
"Meta広告_セミナー直行","REVIEW_METAセミナー直行_20260810","45","レビュー中","メッセージ","セミナー募集","META_SEM_10_セミナー募集_第2日程","RokpcnZILyfj","セミナー未申込・日程不可未選択・面談未予約","Meta第2日程 4日前20:00（未経過時のみ）","LINE","テキスト＋ボタン","SEM-A07（開催4日前20:00）","","【LINEメッセージ 1／text】

仕事の悩みってほとんどが人間関係だといわれています。

でも、AIエージェントを使えば不要な人間関係に悩まされず、自分らしい働き方を手に入れることができます📣

AIでひとり起業攻略法
開催日時は申込ページでご確認ください


【LINEメッセージ 2／button】
{
  ""seq"": 1,
  ""type"": ""button"",
  ""alt_text"": ""【無料セミナー】AIでひとり起業攻略法"",
  ""react_type"": ""free"",
  ""react_press_again_text"": null,
  ""thumbnail_image_url"": null,
  ""title"": ""AIでひとり起業攻略法"",
  ""text"": ""Zoomライブ・最新日程は申込ページへ"",
  ""actions"": [
    {
      ""type"": ""url"",
      ""label"": ""セミナーに申し込む"",
      ""uri"": ""[Meta第2日程申込URL]"",
      ""add_label_id"": null,
      ""del_label_id"": null
    }
  ]
}","セミナーに申し込む","[Meta第2日程申込URL｜ACT-SEM-PAGE]","","","seminar_page_clicked_unregistered / seminar_main_registered / seminar_date_unavailable / offer_vsl_active / roadmap_booked / sales_in_progress / meeting_completed / sales_won / sales_stop","次の第2日程案内","第1日程終了後に開始。第2日程開始まで。未経過の配信だけ実行。","","","本文直前（画像→本文→CTA）","","YouTube原文をそのまま使用。","","","","",""
"Meta広告_セミナー直行","REVIEW_METAセミナー直行_20260810","46","レビュー中","メッセージ","セミナー募集","META_SEM_10_セミナー募集_第2日程","yfZhr4eBiYca","セミナー未申込・日程不可未選択・面談未予約","Meta第2日程 3日前10:00（未経過時のみ）","LINE","テキスト＋ボタン","SEM-B01（開催3日前10:00）","","【LINEメッセージ 1／text】

あなたは指示するだけ。手を動かすのはAIエージェント。
実際にどう働いているのかをZoomライブでお見せします。🙌

開催日時は申込ページでご確認ください

【LINEメッセージ 2／button】
{
  ""seq"": 1,
  ""type"": ""button"",
  ""alt_text"": ""【無料セミナー】AIでひとり起業攻略法"",
  ""react_type"": ""free"",
  ""react_press_again_text"": null,
  ""thumbnail_image_url"": null,
  ""title"": ""AIでひとり起業攻略法"",
  ""text"": ""Zoomライブ・最新日程は申込ページへ"",
  ""actions"": [
    {
      ""type"": ""url"",
      ""label"": ""セミナーに申し込む"",
      ""uri"": ""[Meta第2日程申込URL]"",
      ""add_label_id"": null,
      ""del_label_id"": null
    }
  ]
}","セミナーに申し込む","[Meta第2日程申込URL｜ACT-SEM-PAGE]","","","seminar_page_clicked_unregistered / seminar_main_registered / seminar_date_unavailable / offer_vsl_active / roadmap_booked / sales_in_progress / meeting_completed / sales_won / sales_stop","次の第2日程案内","第1日程終了後に開始。第2日程開始まで。未経過の配信だけ実行。","","","本文直前（画像→本文→CTA）","","YouTube原文をそのまま使用。","","","","",""
"Meta広告_セミナー直行","REVIEW_METAセミナー直行_20260810","47","レビュー中","メッセージ","セミナー募集","META_SEM_10_セミナー募集_第2日程","DDbLkDS5Bs2y","セミナー未申込・日程不可未選択・面談未予約","Meta第2日程 3日前20:00（未経過時のみ）","LINE","テキスト＋ボタン","SEM-B02（開催3日前20:00）","","【LINEメッセージ 1／text】
「自分には売れるものがない」そんな方でも問題ありません。AIエージェントが考えてくれるし、作ってもくれます。😌

「え？どういうこと？」って思われるかもしれませんが、セミナーにお越しいただければ納得できます。👇

【LINEメッセージ 2／button】
{
  ""seq"": 1,
  ""type"": ""button"",
  ""alt_text"": ""【無料セミナー】AIでひとり起業攻略法"",
  ""react_type"": ""free"",
  ""react_press_again_text"": null,
  ""thumbnail_image_url"": null,
  ""title"": ""AIでひとり起業攻略法"",
  ""text"": ""Zoomライブ・最新日程は申込ページへ"",
  ""actions"": [
    {
      ""type"": ""url"",
      ""label"": ""セミナーに申し込む"",
      ""uri"": ""[Meta第2日程申込URL]"",
      ""add_label_id"": null,
      ""del_label_id"": null
    }
  ]
}","セミナーに申し込む","[Meta第2日程申込URL｜ACT-SEM-PAGE]","","","seminar_page_clicked_unregistered / seminar_main_registered / seminar_date_unavailable / offer_vsl_active / roadmap_booked / sales_in_progress / meeting_completed / sales_won / sales_stop","次の第2日程案内","第1日程終了後に開始。第2日程開始まで。未経過の配信だけ実行。","","","本文直前（画像→本文→CTA）","","YouTube原文をそのまま使用。","","","","",""
"Meta広告_セミナー直行","REVIEW_METAセミナー直行_20260810","48","レビュー中","メッセージ","セミナー募集","META_SEM_10_セミナー募集_第2日程","chBZyUC5u0cb","セミナー未申込・日程不可未選択・面談未予約","Meta第2日程 2日前10:00（未経過時のみ）","LINE","テキスト＋ボタン","SEM-B03（開催2日前10:00）","","【LINEメッセージ 1／text】

こんな方に向いています。😊
・AIを仕事や副業につなげたい
・自分の商品を作りたい
・発信しても何を売ればいいか分からない
・一人で回せる仕組みを作りたい🔥

【LINEメッセージ 2／button】
{
  ""seq"": 1,
  ""type"": ""button"",
  ""alt_text"": ""【無料セミナー】AIでひとり起業攻略法"",
  ""react_type"": ""free"",
  ""react_press_again_text"": null,
  ""thumbnail_image_url"": null,
  ""title"": ""AIでひとり起業攻略法"",
  ""text"": ""Zoomライブ・最新日程は申込ページへ"",
  ""actions"": [
    {
      ""type"": ""url"",
      ""label"": ""セミナーに申し込む"",
      ""uri"": ""[Meta第2日程申込URL]"",
      ""add_label_id"": null,
      ""del_label_id"": null
    }
  ]
}","セミナーに申し込む","[Meta第2日程申込URL｜ACT-SEM-PAGE]","","","seminar_page_clicked_unregistered / seminar_main_registered / seminar_date_unavailable / offer_vsl_active / roadmap_booked / sales_in_progress / meeting_completed / sales_won / sales_stop","次の第2日程案内","第1日程終了後に開始。第2日程開始まで。未経過の配信だけ実行。","https://drive.usercontent.google.com/download?id=1TfZL9mHXInWc6LCLOoJNmpwH6znqJLcZ&export=view&confirm=t","=IF(U60="""","""",IMAGE(U60))","本文直前（画像→本文→CTA）","セミナー第2回案内","吉本さんDrive原案 META_SEMINAR_04-seminar-second-session.png を原寸・無加工で使用。本文・絵文字・分岐・配信時刻は承認済み行を維持する。","","","","",""
"Meta広告_セミナー直行","REVIEW_METAセミナー直行_20260810","49","レビュー中","メッセージ","セミナー募集","META_SEM_10_セミナー募集_第2日程","bPqbxIX4OVHi","セミナー未申込・日程不可未選択・面談未予約","Meta第2日程 2日前20:00（未経過時のみ）","LINE","テキスト＋ボタン","SEM-B04（開催2日前20:00）","","【LINEメッセージ 1／text】
社長、営業マン、経理担当者、マーケティング担当者💡

雇わなくてもAIエージェントがあなたの手と足になって働いてくれます。AIエージェントを使って会社を作る方法を学びましょう。📣

【LINEメッセージ 2／button】
{
  ""seq"": 1,
  ""type"": ""button"",
  ""alt_text"": ""【無料セミナー】AIでひとり起業攻略法"",
  ""react_type"": ""free"",
  ""react_press_again_text"": null,
  ""thumbnail_image_url"": null,
  ""title"": ""AIでひとり起業攻略法"",
  ""text"": ""Zoomライブ・最新日程は申込ページへ"",
  ""actions"": [
    {
      ""type"": ""url"",
      ""label"": ""セミナーに申し込む"",
      ""uri"": ""[Meta第2日程申込URL]"",
      ""add_label_id"": null,
      ""del_label_id"": null
    }
  ]
}","セミナーに申し込む","[Meta第2日程申込URL｜ACT-SEM-PAGE]","","","seminar_page_clicked_unregistered / seminar_main_registered / seminar_date_unavailable / offer_vsl_active / roadmap_booked / sales_in_progress / meeting_completed / sales_won / sales_stop","次の第2日程案内","第1日程終了後に開始。第2日程開始まで。未経過の配信だけ実行。","","","本文直前（画像→本文→CTA）","","YouTube原文をそのまま使用。","","","","",""
"Meta広告_セミナー直行","REVIEW_METAセミナー直行_20260810","50","レビュー中","メッセージ","セミナー募集","META_SEM_10_セミナー募集_第2日程","RSqeGyYE2rfk","セミナー未申込・日程不可未選択・面談未予約","Meta第2日程 前日09:00","LINE","テキスト＋ボタン","SEM-B05（開催前日09:00）","","【LINEメッセージ 1／text】

AIでひとり起業攻略法
開催日時は申込ページでご確認ください

申込は名前とメールアドレスの2項目で完了します。✨

【LINEメッセージ 2／button】
{
  ""seq"": 1,
  ""type"": ""button"",
  ""alt_text"": ""【無料セミナー】AIでひとり起業攻略法"",
  ""react_type"": ""free"",
  ""react_press_again_text"": null,
  ""thumbnail_image_url"": null,
  ""title"": ""AIでひとり起業攻略法"",
  ""text"": ""Zoomライブ・最新日程は申込ページへ"",
  ""actions"": [
    {
      ""type"": ""url"",
      ""label"": ""セミナーに申し込む"",
      ""uri"": ""[Meta第2日程申込URL]"",
      ""add_label_id"": null,
      ""del_label_id"": null
    }
  ]
}","セミナーに申し込む","[Meta第2日程申込URL｜ACT-SEM-PAGE]","","","seminar_page_clicked_unregistered / seminar_main_registered / seminar_date_unavailable / offer_vsl_active / roadmap_booked / sales_in_progress / meeting_completed / sales_won / sales_stop","次の第2日程案内","第1日程終了後に開始。第2日程開始まで。未経過の配信だけ実行。","","","本文直前（画像→本文→CTA）","","YouTube原文をそのまま使用。","","","","",""
"Meta広告_セミナー直行","REVIEW_METAセミナー直行_20260810","51","レビュー中","メッセージ","セミナー募集","META_SEM_10_セミナー募集_第2日程","3343Rx0CqrIS","セミナー未申込・日程不可未選択・面談未予約","Meta第2日程 前日15:00","LINE","テキスト＋ボタン","SEM-B06（開催前日15:00）","","【LINEメッセージ 1／text】
AIを使えば、作業時間は短くなり、外注費も雇用も必要なくなります。🚀

ただし、AIエージェントを適切に組織化して運用するテクニックが必要です。明日は、その設計部分を中心にお話しします。👇

【LINEメッセージ 2／button】
{
  ""seq"": 1,
  ""type"": ""button"",
  ""alt_text"": ""【無料セミナー】AIでひとり起業攻略法"",
  ""react_type"": ""free"",
  ""react_press_again_text"": null,
  ""thumbnail_image_url"": null,
  ""title"": ""AIでひとり起業攻略法"",
  ""text"": ""Zoomライブ・最新日程は申込ページへ"",
  ""actions"": [
    {
      ""type"": ""url"",
      ""label"": ""セミナーに申し込む"",
      ""uri"": ""[Meta第2日程申込URL]"",
      ""add_label_id"": null,
      ""del_label_id"": null
    }
  ]
}","セミナーに申し込む","[Meta第2日程申込URL｜ACT-SEM-PAGE]","","","seminar_page_clicked_unregistered / seminar_main_registered / seminar_date_unavailable / offer_vsl_active / roadmap_booked / sales_in_progress / meeting_completed / sales_won / sales_stop","次の第2日程案内","第1日程終了後に開始。第2日程開始まで。未経過の配信だけ実行。","","","本文直前（画像→本文→CTA）","","YouTube原文をそのまま使用。","","","","",""
"Meta広告_セミナー直行","REVIEW_METAセミナー直行_20260810","52","レビュー中","メッセージ","セミナー募集","META_SEM_10_セミナー募集_第2日程","24HUpDar6IB0","セミナー未申込・日程不可未選択・面談未予約","Meta第2日程 前日21:00","LINE","テキスト＋ボタン","SEM-B07（開催前日21:00）","","【LINEメッセージ 1／text】
%line_name%さん、どこか予定は空けられそうですか？😊

セミナーはライブなので、その場で質問も可能です。参加する場合は、今のうちに登録を済ませてください。🔥

【LINEメッセージ 2／button】
{
  ""seq"": 1,
  ""type"": ""button"",
  ""alt_text"": ""【無料セミナー】AIでひとり起業攻略法"",
  ""react_type"": ""free"",
  ""react_press_again_text"": null,
  ""thumbnail_image_url"": null,
  ""title"": ""AIでひとり起業攻略法"",
  ""text"": ""Zoomライブ・最新日程は申込ページへ"",
  ""actions"": [
    {
      ""type"": ""url"",
      ""label"": ""セミナーに申し込む"",
      ""uri"": ""[Meta第2日程申込URL]"",
      ""add_label_id"": null,
      ""del_label_id"": null
    }
  ]
}","セミナーに申し込む","[Meta第2日程申込URL｜ACT-SEM-PAGE]","","","seminar_page_clicked_unregistered / seminar_main_registered / seminar_date_unavailable / offer_vsl_active / roadmap_booked / sales_in_progress / meeting_completed / sales_won / sales_stop","次の第2日程案内","第1日程終了後に開始。第2日程開始まで。未経過の配信だけ実行。","","","本文直前（画像→本文→CTA）","","YouTube原文をそのまま使用。","","","","",""
"Meta広告_セミナー直行","REVIEW_METAセミナー直行_20260810","53","レビュー中","メッセージ","セミナー募集","META_SEM_10_セミナー募集_第2日程","WvjKarVV5Oh3","セミナー未申込・日程不可未選択・面談未予約","Meta第2日程 当日09:00","LINE","テキスト＋ボタン","SEM-B08（開催当日09:00）","","【LINEメッセージ 1／text】

AIでひとり起業攻略法
開催日時は申込ページでご確認ください

AIを自分の事業へつなぐ道筋を、今日のセミナーですべてお伝えします。📣

【LINEメッセージ 2／button】
{
  ""seq"": 1,
  ""type"": ""button"",
  ""alt_text"": ""【無料セミナー】AIでひとり起業攻略法"",
  ""react_type"": ""free"",
  ""react_press_again_text"": null,
  ""thumbnail_image_url"": null,
  ""title"": ""AIでひとり起業攻略法"",
  ""text"": ""Zoomライブ・最新日程は申込ページへ"",
  ""actions"": [
    {
      ""type"": ""url"",
      ""label"": ""セミナーに申し込む"",
      ""uri"": ""[Meta第2日程申込URL]"",
      ""add_label_id"": null,
      ""del_label_id"": null
    }
  ]
}","セミナーに申し込む","[Meta第2日程申込URL｜ACT-SEM-PAGE]","","","seminar_page_clicked_unregistered / seminar_main_registered / seminar_date_unavailable / offer_vsl_active / roadmap_booked / sales_in_progress / meeting_completed / sales_won / sales_stop","次の第2日程案内","第1日程終了後に開始。第2日程開始まで。未経過の配信だけ実行。","https://drive.usercontent.google.com/download?id=1yrLlzX5f_0dyNEwmmawSqjPnFl55cQtN&export=view&confirm=t","=IF(U65="""","""",IMAGE(U65))","本文直前（画像→本文→CTA）","セミナー本日開催","吉本さんDrive原案 META_SEMINAR_03-seminar-today.png を原寸・無加工で使用。本文・絵文字・分岐・配信時刻は承認済み行を維持する。","","","","",""
"Meta広告_セミナー直行","REVIEW_METAセミナー直行_20260810","54","レビュー中","メッセージ","セミナー募集","META_SEM_10_セミナー募集_第2日程","uFvnt0A4Njsx","セミナー未申込・日程不可未選択・面談未予約","Meta第2日程 開始3時間前","LINE","テキスト＋ボタン","SEM-B09（開始3時間前）","","【LINEメッセージ 1／text】


まだ申込は間に合います。名前とメールアドレスを入力すると、参加用Zoom URLが届きます。👇

【LINEメッセージ 2／button】
{
  ""seq"": 1,
  ""type"": ""button"",
  ""alt_text"": ""【無料セミナー】AIでひとり起業攻略法"",
  ""react_type"": ""free"",
  ""react_press_again_text"": null,
  ""thumbnail_image_url"": null,
  ""title"": ""AIでひとり起業攻略法"",
  ""text"": ""Zoomライブ・最新日程は申込ページへ"",
  ""actions"": [
    {
      ""type"": ""url"",
      ""label"": ""セミナーに申し込む"",
      ""uri"": ""[Meta第2日程申込URL]"",
      ""add_label_id"": null,
      ""del_label_id"": null
    }
  ]
}","セミナーに申し込む","[Meta第2日程申込URL｜ACT-SEM-PAGE]","","","seminar_page_clicked_unregistered / seminar_main_registered / seminar_date_unavailable / offer_vsl_active / roadmap_booked / sales_in_progress / meeting_completed / sales_won / sales_stop","次の第2日程案内","第1日程終了後に開始。第2日程開始まで。未経過の配信だけ実行。","","","本文直前（画像→本文→CTA）","","YouTube原文をそのまま使用。","","","","",""
"Meta広告_セミナー直行","REVIEW_METAセミナー直行_20260810","55","レビュー中","メッセージ","セミナー募集","META_SEM_10_セミナー募集_第2日程","Dq5k8JrM1aww","セミナー未申込・日程不可未選択・面談未予約","Meta第2日程 開始30分前","LINE","テキスト＋ボタン","SEM-B10（開始30分前）","","【LINEメッセージ 1／text】


今日ここで、AIの情報収集から「自分の事業を作る側」へ進みたい方はご参加ください。🎥

【LINEメッセージ 2／button】
{
  ""seq"": 1,
  ""type"": ""button"",
  ""alt_text"": ""【無料セミナー】AIでひとり起業攻略法"",
  ""react_type"": ""free"",
  ""react_press_again_text"": null,
  ""thumbnail_image_url"": null,
  ""title"": ""AIでひとり起業攻略法"",
  ""text"": ""Zoomライブ・最新日程は申込ページへ"",
  ""actions"": [
    {
      ""type"": ""url"",
      ""label"": ""セミナーに申し込む"",
      ""uri"": ""[Meta第2日程申込URL]"",
      ""add_label_id"": null,
      ""del_label_id"": null
    }
  ]
}","セミナーに申し込む","[Meta第2日程申込URL｜ACT-SEM-PAGE]","","","seminar_page_clicked_unregistered / seminar_main_registered / seminar_date_unavailable / offer_vsl_active / roadmap_booked / sales_in_progress / meeting_completed / sales_won / sales_stop","次の第2日程案内","第1日程終了後に開始。第2日程開始まで。未経過の配信だけ実行。","","","本文直前（画像→本文→CTA）","","YouTube原文をそのまま使用。","","","","",""
"Meta広告_セミナー直行","REVIEW_METAセミナー直行_20260810","56","レビュー中","メッセージ","セミナー募集","META_SEM_10_セミナー募集_第2日程","c4DE7dl6EP7m","セミナー未申込・日程不可未選択・面談未予約","Meta第2日程 開始10分前","LINE","テキスト＋ボタン","SEM-B11（開始10分前）","","【LINEメッセージ 1／text】
セミナーご参加を
迷っていた方は、こちらが最後のご案内です。👇

【LINEメッセージ 2／button】
{
  ""seq"": 1,
  ""type"": ""button"",
  ""alt_text"": ""【無料セミナー】AIでひとり起業攻略法"",
  ""react_type"": ""free"",
  ""react_press_again_text"": null,
  ""thumbnail_image_url"": null,
  ""title"": ""AIでひとり起業攻略法"",
  ""text"": ""Zoomライブ・最新日程は申込ページへ"",
  ""actions"": [
    {
      ""type"": ""url"",
      ""label"": ""セミナーに申し込む"",
      ""uri"": ""[Meta第2日程申込URL]"",
      ""add_label_id"": null,
      ""del_label_id"": null
    }
  ]
}","セミナーに申し込む","[Meta第2日程申込URL｜ACT-SEM-PAGE]","","","seminar_page_clicked_unregistered / seminar_main_registered / seminar_date_unavailable / offer_vsl_active / roadmap_booked / sales_in_progress / meeting_completed / sales_won / sales_stop","META_SEM_29_第2日程終了未申込","第1日程終了後に開始。第2日程開始まで。未経過の配信だけ実行。","https://drive.usercontent.google.com/download?id=1ExnPbEFrCOaYOdqHC0SC9KGVSzmedlQm&export=view&confirm=t","=IF(U68="""","""",IMAGE(U68))","本文直前（画像→本文→CTA）","セミナー最終案内","吉本さんDrive原案 META_SEMINAR_05-seminar-final-day.png を原寸・無加工で使用。本文・絵文字・分岐・配信時刻は承認済み行を維持する。","","","","",""
"Meta広告_セミナー直行","REVIEW_METAセミナー直行_20260810","57","レビュー中","メッセージ","セミナー申込後","META_SEM_20_09 申込者LINE（k6x新規）","fhJhNIy50WL7","セミナー申込済み","登録直後","LINE","テキスト","REG-L01（申込直後・参加URL）","","【LINEメッセージ 1／text】
%line_name%さん、お申し込みありがとうございます。😊

AIでひとり起業攻略法
日時：%event_schedule%
形式：Zoomライブセミナー
参加URL：[ZoomURL]

当日は開始数分前からお入りください。🙌","","","","","面談予約済／商談中／成約／営業停止は除外","次メッセージまたは状態分岐","YouTube原文・絵文字・パネル構成を転用。URLと日時だけ媒体変数へ差し替える。","https://drive.usercontent.google.com/download?id=1VjHp1HnL3vcKWdFwd6fIEmCPHDhyaCFu&export=view&confirm=t","=IF(U69="""","""",IMAGE(U69))","本文直前（画像→本文→CTA）","金子さん向け申込完了案内","吉本さんDrive原案 META_SEMINAR_19_金子さん_申込完了.png を原寸・無加工で使用。本文・絵文字・分岐・配信時刻は承認済み行を維持する。","","","","",""
"Meta広告_セミナー直行","REVIEW_METAセミナー直行_20260810","58","レビュー中","メッセージ","セミナー申込後","META_SEM_20_09 申込者LINE（k6x新規）","QUYj2IR2g1p8","セミナー申込済み","イベント7日前 10:00","LINE","テキスト","REG-L02（D-7）","","【LINEメッセージ 1／text】
開催1週間前になりました。⏰

AIエージェントで会社経営する方法を楽しみにしていてください。
そして、カレンダーに予定が入っているかご確認ください。😊

[ZoomURL]","","","","","面談予約済／商談中／成約／営業停止は除外","次メッセージまたは状態分岐","YouTube原文・絵文字・パネル構成を転用。URLと日時だけ媒体変数へ差し替える。","","","本文直前（画像→本文→CTA）","","YouTube原文をそのまま使用。","","","","",""
"Meta広告_セミナー直行","REVIEW_METAセミナー直行_20260810","59","レビュー中","メッセージ","セミナー申込後","META_SEM_20_09 申込者LINE（k6x新規）","2ciSNpYtRfnb","セミナー申込済み","イベント3日前 10:05","LINE","テキスト","REG-L03（D-3）","","【LINEメッセージ 1／text】
あと3日です。⏰

当日は、準備不要です。😊
AIエージェントで組織を作ることで、仕事における人間関係の悩みから解放されます。楽しみにしていてください。","","","","","面談予約済／商談中／成約／営業停止は除外","次メッセージまたは状態分岐","YouTube原文・絵文字・パネル構成を転用。URLと日時だけ媒体変数へ差し替える。","","","本文直前（画像→本文→CTA）","","YouTube原文をそのまま使用。","","","","",""
"Meta広告_セミナー直行","REVIEW_METAセミナー直行_20260810","60","レビュー中","メッセージ","セミナー申込後","META_SEM_20_09 申込者LINE（k6x新規）","DIEmmzPsfmrf","セミナー申込済み","イベント1日前 19:00","LINE","テキスト","REG-L04（D-1・明日開催）","","【LINEメッセージ 1／text】
いよいよ明日です🎉

AIでひとり起業攻略法
%event_schedule%

参加URL：[ZoomURL]
お会いできるのを楽しみにしています。😊","","","","","面談予約済／商談中／成約／営業停止は除外","次メッセージまたは状態分岐","YouTube原文・絵文字・パネル構成を転用。URLと日時だけ媒体変数へ差し替える。","","","本文直前（画像→本文→CTA）","","YouTube原文をそのまま使用。","","","","",""
"Meta広告_セミナー直行","REVIEW_METAセミナー直行_20260810","61","レビュー中","メッセージ","セミナー申込後","META_SEM_20_09 申込者LINE（k6x新規）","MwJOVPgE3BV4","セミナー申込済み","イベント当日 09:05","LINE","テキスト","REG-L05（当日09:00）","","【LINEメッセージ 1／text】
%line_name%さん、おはようございます。
本日開催です。🎉

開始時刻になりましたら、こちらからZoomへお入りください。
[ZoomURL]

落ち着いて参加できる場所と、メモをご用意ください。😊","","","","","面談予約済／商談中／成約／営業停止は除外","次メッセージまたは状態分岐","YouTube原文・絵文字・パネル構成を転用。URLと日時だけ媒体変数へ差し替える。","","","本文直前（画像→本文→CTA）","","YouTube原文をそのまま使用。","","","","",""
"Meta広告_セミナー直行","REVIEW_METAセミナー直行_20260810","62","レビュー中","メッセージ","セミナー申込後","META_SEM_20_09 申込者LINE（k6x新規）","HA5p8YbgmKae","セミナー申込済み","イベント3時間5分前","LINE","テキスト","REG-L06（開始3時間前）","","【LINEメッセージ 1／text】
開始まであと3時間です。⏰
AIを使った自分らしい働き方を身につけましょう！

%event_schedule%
Zoom：[ZoomURL]

参加URLを今のうちに開けるか確認しておくと安心です。😊","","","","","面談予約済／商談中／成約／営業停止は除外","次メッセージまたは状態分岐","YouTube原文・絵文字・パネル構成を転用。URLと日時だけ媒体変数へ差し替える。","","","本文直前（画像→本文→CTA）","","YouTube原文をそのまま使用。","","","","",""
"Meta広告_セミナー直行","REVIEW_METAセミナー直行_20260810","63","レビュー中","メッセージ","セミナー申込後","META_SEM_20_09 申込者LINE（k6x新規）","2bUCN2biSqlZ","セミナー申込済み","イベント35分前","LINE","テキスト","REG-L07（開始30分前）","","【LINEメッセージ 1／text】
あと30分で開始します。⏰

こちらのZoomからご参加ください。
[ZoomURL]

開始5分前を目安にお入りください。🙌","","","","","面談予約済／商談中／成約／営業停止は除外","次メッセージまたは状態分岐","YouTube原文・絵文字・パネル構成を転用。URLと日時だけ媒体変数へ差し替える。","","","本文直前（画像→本文→CTA）","","YouTube原文をそのまま使用。","","","","",""
"Meta広告_セミナー直行","REVIEW_METAセミナー直行_20260810","64","レビュー中","メッセージ","セミナー申込後","META_SEM_20_09 申込者LINE（k6x新規）","itk1TAwfH0hB","セミナー申込済み","イベント当日 20:00","LINE","テキスト","REG-L08（開始時刻）","","【LINEメッセージ 1／text】
ただいま開始しました。📣

まだ間に合います。こちらからZoomへお入りください。
[ZoomURL]","","","","","面談予約済／商談中／成約／営業停止は除外","次メッセージまたは状態分岐","YouTube原文・絵文字・パネル構成を転用。URLと日時だけ媒体変数へ差し替える。","https://drive.usercontent.google.com/download?id=1tBMYqNwTv8OeKvfo4V_1H--VEujTmVfm&export=view&confirm=t","=IF(U76="""","""",IMAGE(U76))","本文直前（画像→本文→CTA）","金子さん向け本日ライブ案内","吉本さんDrive原案 META_SEMINAR_18_金子さん_本日ライブ.png を原寸・無加工で使用。本文・絵文字・分岐・配信時刻は承認済み行を維持する。","","","","",""
"Meta広告_セミナー直行","REVIEW_METAセミナー直行_20260810","65","レビュー中","メッセージ","セミナー申込後","META_SEM_20_10 申込者メール（k6x新規）","Iadok2cdRNFH","セミナー申込済み","登録直後","メール","テキスト","REG-M01（申込直後メール）","【申込完了】AIでひとり起業攻略法の参加URL","%line_name%さん😊

すやです。
AIでひとり起業攻略法 へお申し込みいただき、ありがとうございます。

【開催日時】%event_schedule%
【形式】Zoomライブセミナー
【参加URL】[ZoomURL]

当日は開始３分前を目安にZoomへお入りください。AIを使って自分に合う事業テーマを見つけ、商品づくり・集客・販売までをどうつなぐか、全体像をお伝えします。

このメールは当日まで保存してください。

すや

配信停止をご希望の方はこちら：%cancel%","","","","","面談予約済／商談中／成約／営業停止は除外","次メッセージまたは状態分岐","YouTube原文・絵文字・パネル構成を転用。URLと日時だけ媒体変数へ差し替える。","","","本文直前（画像→本文→CTA）","","YouTube原文をそのまま使用。","","","","",""
"Meta広告_セミナー直行","REVIEW_METAセミナー直行_20260810","66","レビュー中","メッセージ","セミナー申込後","META_SEM_20_10 申込者メール（k6x新規）","META-REG-M-D7-NEW","セミナー申込済み","イベント7日前 08:00","メール","テキスト","REG-M02（7日前メール）","開催1週間前｜[セミナー名]","%line_name%さん

すやです😊
セミナー開催の【1週間前】となりました！🗓️

「うっかり忘れていた！」とならないように、
カレンダーへのご登録や、参加用URLの保存が
お済みか、今一度ご確認くださいね😊👇

━━━━━━━━━━━━━━━━━━━━
【日時】%event_schedule%
【参加URL】[ZoomURL]
━━━━━━━━━━━━━━━━━━━━

配信停止をご希望の方はこちら：%cancel%","参加情報を確認する","[ZoomURL]","","","面談予約済／商談中／成約／営業停止は除外","次メッセージまたは状態分岐","吉本さん原案 REG-L02 の文章・絵文字をメール形式へ転用。配信時刻・分岐・変数は確定済みMetaセミナー直行設計を優先。","","","本文直前（画像→本文→CTA）","","吉本さん原案 REG-L02 を基礎。本文・絵文字は維持し、メールに必要な宛名・参加情報・配信停止だけ既存メール形式で補う。","","","","",""
"Meta広告_セミナー直行","REVIEW_METAセミナー直行_20260810","67","レビュー中","メッセージ","セミナー申込後","META_SEM_20_10 申込者メール（k6x新規）","META-REG-M-D3-NEW","セミナー申込済み","イベント3日前 08:00","メール","テキスト","REG-M03（3日前メール）","開催3日前｜[セミナー名]","%line_name%さん

すやです😊
セミナー開催まで【あと3日】です！⏰✨

お早めにお申し込みいただいた方にのみ、
よりセミナーを充実した時間にする方法をお伝えします㊙️

以下の3点を参加前に整理しておくのがオススメです！
・今の仕事でのお悩み
・自分の得意なこと
・AIでやってみたいこと

というのも、セミナー時は常に質疑応答を受け付けております。☺️
特に最後には長い時間確保し、壁打ちの時間を用意しているので、
少しだけ質問や解消したい事を考えておくと、
私が全てお答えいたします🚀🔥

楽しみにしていてください😊

━━━━━━━━━━━━━━━━━━━━
【日時】%event_schedule%
【参加URL】[ZoomURL]
━━━━━━━━━━━━━━━━━━━━

配信停止をご希望の方はこちら：%cancel%","参加URLを確認する","[ZoomURL]","","","面談予約済／商談中／成約／営業停止は除外","次メッセージまたは状態分岐","吉本さん原案 REG-L03 の文章・絵文字をメール形式へ転用。配信時刻・分岐・変数は確定済みMetaセミナー直行設計を優先。","","","本文直前（画像→本文→CTA）","","吉本さん原案 REG-L03 を基礎。本文・絵文字は維持し、メールに必要な宛名・参加情報・配信停止だけ既存メール形式で補う。","","","","",""
"Meta広告_セミナー直行","REVIEW_METAセミナー直行_20260810","68","レビュー中","メッセージ","セミナー申込後","META_SEM_20_10 申込者メール（k6x新規）","WjL2iv3dSDDl","セミナー申込済み","イベント1日前 19:00","メール","テキスト","REG-M02（前日19:00メール）","【明日開催】AIでひとり起業攻略法","%line_name%さん😊

すやです。明日はいよいよ AIでひとり起業攻略法 の開催日です。

【開催日時】%event_schedule%
【参加URL】[ZoomURL]

事前準備は必要ありませんが、理想の生活、ストレスのない働き方、を少し思い浮かべておくと、内容を自分に当てはめやすくなります。

Zoomでお会いできるのを楽しみにしています。🙌

すや

配信停止をご希望の方はこちら：%cancel%","","","","","面談予約済／商談中／成約／営業停止は除外","次メッセージまたは状態分岐","YouTube原文・絵文字・パネル構成を転用。URLと日時だけ媒体変数へ差し替える。","","","本文直前（画像→本文→CTA）","","YouTube原文をそのまま使用。","","","","",""
"Meta広告_セミナー直行","REVIEW_METAセミナー直行_20260810","69","レビュー中","メッセージ","セミナー申込後","META_SEM_20_10 申込者メール（k6x新規）","aJvyaQPQ29RP","セミナー申込済み","イベント1時間5分前","メール","テキスト","REG-M03（1時間前メール）","【1時間後スタート】Zoom参加URLはこちら","%line_name%さん😊

すやです。AIでひとり起業攻略法 は1時間後に開始します。

【日時】%event_schedule%
【Zoom】[ZoomURL]

開始３分前を目安にお入りください。接続が不安な場合は、今のうちにURLが開くか確認しておくと安心です。

それでは後ほどお会いしましょう。🙌

すや

配信停止をご希望の方はこちら：%cancel%","","","","","面談予約済／商談中／成約／営業停止は除外","次メッセージまたは状態分岐","YouTube原文・絵文字・パネル構成を転用。URLと日時だけ媒体変数へ差し替える。","","","本文直前（画像→本文→CTA）","","YouTube原文をそのまま使用。","","","","",""
"Meta広告_セミナー直行","REVIEW_METAセミナー直行_20260810","70","レビュー中","メッセージ","セミナー後・面談","META_SEM_30_参加者向け面談案内メール","META-ATT-M01","セミナー申込済み・面談未予約","申込したセミナー開催日の翌朝06:00","メール","テキスト","ATT-M01","セミナー参加者向け｜ロードマップ作成会のご案内","件名：セミナー参加者向け｜ロードマップ作成会のご案内

【LINEメッセージ 1／text】
昨日のセミナー内容を「分かった」で終わらせず、自分の計画に変えたい方へ😊

AIひとり起業ロードマップ作成会 では、今の経験や得意なことをもとに、最初の商品と集客までの順番を30分で整理していきますね🎁

[ロードマップ作成会予約URL]

配信停止をご希望の方はこちら：%cancel%","ロードマップ作成会を予約する","[ロードマップ作成会予約URL｜予約完了ACT-RM-BOOK]","","","roadmap_booked / sales_in_progress / meeting_completed / sales_won / sales_stop","23:59締切→翌朝06:00 VSL","YouTube ATT-N02原文をメール形式へ転用。受付は当日23:59。","","","本文直前（画像→本文→CTA）","","VSL URLは直接記載しない。再公開希望アクションのクリック者だけVSLへ登録する。","","","","",""
"Meta広告_セミナー直行","REVIEW_METAセミナー直行_20260810","71","レビュー中","メッセージ","見逃し配信確認","META_SEM_30_参加者向け面談案内","META-ATT-N02（翌朝06:00）","セミナー申込済み・面談未予約","申込したセミナー開催日の翌朝06:00","LINE","テキスト＋ボタン","ATT-N02（翌朝06:00）","","【LINEメッセージ 1／text】
昨日のセミナー内容を「分かった」で終わらせず、自分の計画に変えたい方へ😊

AIひとり起業ロードマップ作成会 では、今の経験や得意なことをもとに、最初の商品と集客までの順番を30分で整理していきますね🎁","ロードマップ作成会を予約する","[ロードマップ作成会予約URL｜予約完了ACT-RM-BOOK]","vsl_replay_requested","","roadmap_booked / sales_in_progress / meeting_completed / sales_won / sales_stop","未予約→次メッセージ","YouTube原文をそのまま転用。受付は当日23:59で実際に閉じる。","","","本文→CTA","見逃し配信を希望しますか？","未クリック者へVSLを送らない。","","","","",""
"Meta広告_セミナー直行","REVIEW_METAセミナー直行_20260810","72","","","","META_SEM_30_参加者向け面談案内","META-ATT-C09（締切前）","セミナー申込済み・面談未予約","同日20:00","","","ATT-C09（締切前）","","【LINEメッセージ 1／text】
あと数時間で、今回の参加者向け案内を終了しますね⏰

考え続けるより、一度話して方向を明確にしたい方はこちらです👇

────────────

【LINEメッセージ 2／button】
{
  ""alt_text"": ""【個別】ロードマップ作成会・まもなく受付終了"",
  ""react_type"": ""free"",
  ""react_press_again_text"": null,
  ""thumbnail_image_url"": null,
  ""title"": ""AIひとり起業ロードマップ作成会"",
  ""text"": ""今回の案内はまもなく終了"",
  ""actions"": [
    {
      ""type"": ""url"",
      ""label"": ""日程を見て予約する"",
      ""uri"": ""https://utage-system.com/event/DkY6Co3mN1oB/register"",
      ""add_label_id"": null,
      ""del_label_id"": null
    }
  ]
}","ロードマップ作成会を予約する","[ロードマップ作成会予約URL｜予約完了ACT-RM-BOOK]","","","roadmap_booked / sales_in_progress / meeting_completed / sales_won / sales_stop","未予約→次メッセージ","YouTube原文をそのまま転用。受付は当日23:59で実際に閉じる。","","","","","","","","","",""
"Meta広告_セミナー直行","REVIEW_METAセミナー直行_20260810","73","","","","META_SEM_30_参加者向け面談案内","META-ATT-C10（最終）","セミナー申込済み・面談未予約","同日23:00","","","ATT-C10（最終）","","【LINEメッセージ 1／text】
これで最後です🔥

AIひとり起業ロードマップ作成会 の受付をまもなく終了します。参加したい方は、今のうちに予約を完了してくださいね(^^)","ロードマップ作成会を予約する","[ロードマップ作成会予約URL｜予約完了ACT-RM-BOOK]","","","roadmap_booked / sales_in_progress / meeting_completed / sales_won / sales_stop","23:59締切→翌朝06:00 VSL","YouTube原文をそのまま転用。受付は当日23:59で実際に閉じる。","","","","","","","","","",""
"Meta広告_セミナー直行","REVIEW_METAセミナー直行_20260810","74","レビュー中","メッセージ","VSL未視聴","META_SEM_40_VSL_未開封","erP64nKaKQfs","72時間VSL開始済み・VSL状態該当","登録から0日後 10:00","LINE","画像パネル＋本文＋ボタン","VSL-U01","","【LINEメッセージ 1／image】
{
  ""seq"": 0,
  ""type"": ""image"",
  ""original_content_url"": ""https://utagesystem.s3.ap-northeast-1.wasabisys.com/GX6OYW2fVtRD/BP6jdJufvGaM.png""
}

【LINEメッセージ 2／text】
見逃した方・復習したい方へ。😊
日程が合わなかった方向けの特別公開です。✨

AIでひとり起業攻略法 の内容を、本日から3日間だけ視聴できます。
👇

【LINEメッセージ 3／button】
{
  ""seq"": 2,
  ""type"": ""button"",
  ""alt_text"": ""【動画】期間限定・無料公開のご案内"",
  ""react_type"": ""free"",
  ""react_press_again_text"": null,
  ""thumbnail_image_url"": null,
  ""title"": ""LINE友だち限定 プレミアム無料動画"",
  ""text"": ""無料公開は登録から3日間・スマホ視聴OK"",
  ""actions"": [
    {
      ""type"": ""url"",
      ""label"": ""動画を見る"",
      ""uri"": ""[VSLURL]"",
      ""add_label_id"": null,
      ""del_label_id"": null
    }
  ]
}","動画を見る","[
  {
    ""url"": ""[VSLURL]"",
    ""action_id"": ""mjNKfwKZJRag"",
    ""expiration_type"": ""none""
  }
]","","","面談予約済／商談中／成約／営業停止は除外","次メッセージまたは状態分岐","YouTube原文・絵文字・パネル構成を転用。URLと日時だけ媒体変数へ差し替える。","https://drive.usercontent.google.com/download?id=1nKhNf4mPteiuMqUOjWe5GT1bhBRMZ9ld&export=view&confirm=t","=IF(U86="""","""",IMAGE(U86))","本文直前（画像→本文→CTA）","金子さん向けVSL案内","吉本さんDrive原案 META_SEMINAR_21_金子さん_VSL案内.png を原寸・無加工で使用。本文・絵文字・分岐・配信時刻は承認済み行を維持する。","","","","",""
"Meta広告_セミナー直行","REVIEW_METAセミナー直行_20260810","75","レビュー中","メッセージ","VSL未視聴","META_SEM_40_VSL_未開封","t0CViMJ6jbZk","72時間VSL開始済み・VSL状態該当","登録から0日後 13:00","LINE","テキスト＋ボタン","VSL-U02","","【LINEメッセージ 1／text】
先ほど期間限定動画を公開しました。🎥

AIツールの紹介だけではなく、自分に合う事業テーマをどう見つけ、商品・集客・販売へつなげるかを順番に解説しています。👇

【LINEメッセージ 2／button】
{
  ""seq"": 1,
  ""type"": ""button"",
  ""alt_text"": ""【動画】期間限定・無料公開のご案内"",
  ""react_type"": ""free"",
  ""react_press_again_text"": null,
  ""thumbnail_image_url"": null,
  ""title"": ""LINE友だち限定 プレミアム無料動画"",
  ""text"": ""無料公開は登録から3日間・スマホ視聴OK"",
  ""actions"": [
    {
      ""type"": ""url"",
      ""label"": ""動画を見る"",
      ""uri"": ""[VSLURL]"",
      ""add_label_id"": null,
      ""del_label_id"": null
    }
  ]
}","動画を見る","[
  {
    ""url"": ""[VSLURL]"",
    ""action_id"": ""mjNKfwKZJRag"",
    ""expiration_type"": ""none""
  }
]","","","面談予約済／商談中／成約／営業停止は除外","次メッセージまたは状態分岐","YouTube原文・絵文字・パネル構成を転用。URLと日時だけ媒体変数へ差し替える。","","","本文直前（画像→本文→CTA）","","YouTube原文をそのまま使用。","","","","",""
"Meta広告_セミナー直行","REVIEW_METAセミナー直行_20260810","76","レビュー中","メッセージ","VSL未視聴","META_SEM_40_VSL_未開封","WrAkXMAcgVcn","72時間VSL開始済み・VSL状態該当","登録から0日後 18:00","LINE","テキスト","VSL-U03","","【LINEメッセージ 1／text】
%line_name%さん👀

まとまった時間がなくても、まずページを開いて視聴できる状態だけ確認しておいてください。公開は3日間です。🔥","","","","","面談予約済／商談中／成約／営業停止は除外","次メッセージまたは状態分岐","YouTube原文・絵文字・パネル構成を転用。URLと日時だけ媒体変数へ差し替える。","","","本文直前（画像→本文→CTA）","","YouTube原文をそのまま使用。","","","","",""
"Meta広告_セミナー直行","REVIEW_METAセミナー直行_20260810","77","レビュー中","メッセージ","VSL未視聴","META_SEM_40_VSL_未開封","mbbRaBAoA64G","72時間VSL開始済み・VSL状態該当","登録から0日後 21:00","LINE","テキスト＋ボタン","VSL-U04","","【LINEメッセージ 1／text】
AIについて学んでも行動に移せないときは、能力よりも進める順番が曖昧なことが多いです。💡

動画では、AIエージェントで事業を形にする全体の流れをお伝えしています。👇

【LINEメッセージ 2／button】
{
  ""seq"": 1,
  ""type"": ""button"",
  ""alt_text"": ""【動画】期間限定・無料公開のご案内"",
  ""react_type"": ""free"",
  ""react_press_again_text"": null,
  ""thumbnail_image_url"": null,
  ""title"": ""LINE友だち限定 プレミアム無料動画"",
  ""text"": ""無料公開は登録から3日間・スマホ視聴OK"",
  ""actions"": [
    {
      ""type"": ""url"",
      ""label"": ""動画を見る"",
      ""uri"": ""[VSLURL]"",
      ""add_label_id"": null,
      ""del_label_id"": null
    }
  ]
}","動画を見る","[
  {
    ""url"": ""[VSLURL]"",
    ""action_id"": ""mjNKfwKZJRag"",
    ""expiration_type"": ""none""
  }
]","","","面談予約済／商談中／成約／営業停止は除外","次メッセージまたは状態分岐","YouTube原文・絵文字・パネル構成を転用。URLと日時だけ媒体変数へ差し替える。","","","本文直前（画像→本文→CTA）","","YouTube原文をそのまま使用。","","","","",""
"Meta広告_セミナー直行","REVIEW_METAセミナー直行_20260810","78","レビュー中","メッセージ","VSL未視聴","META_SEM_40_VSL_未開封","lhRYYqfY3Z65","72時間VSL開始済み・VSL状態該当","登録から1日後 09:00","LINE","テキスト","VSL-U05","","【LINEメッセージ 1／text】
残り２日です。😊

公開期間中に、AIエージェントで事業を形にする全体の流れをご確認ください。✨","","","","","面談予約済／商談中／成約／営業停止は除外","次メッセージまたは状態分岐","既存3日VSLの期限案内。事実未確認の「今回だけ」は使用しない。","https://drive.usercontent.google.com/download?id=1aDsy7ttWVdlGA-ba8R_EHHam7lYuIi4M&export=view&confirm=t","=IF(U90="""","""",IMAGE(U90))","本文直前（画像→本文→CTA）","VSL残り2日","公開期限が実設定と一致することを確認して配信する。","","","","",""
"Meta広告_セミナー直行","REVIEW_METAセミナー直行_20260810","79","レビュー中","メッセージ","VSL未視聴","META_SEM_40_VSL_未開封","40JbjOH3V041","72時間VSL開始済み・VSL状態該当","登録から1日後 13:00","LINE","テキスト＋ボタン","VSL-U06","","【LINEメッセージ 1／text】
明日で完全終了です👇

【LINEメッセージ 2／button】
{
  ""seq"": 1,
  ""type"": ""button"",
  ""alt_text"": ""【動画】期間限定・無料公開のご案内"",
  ""react_type"": ""free"",
  ""react_press_again_text"": null,
  ""thumbnail_image_url"": null,
  ""title"": ""LINE友だち限定 プレミアム無料動画"",
  ""text"": ""無料公開は登録から3日間・スマホ視聴OK"",
  ""actions"": [
    {
      ""type"": ""url"",
      ""label"": ""動画を見る"",
      ""uri"": ""[VSLURL]"",
      ""add_label_id"": null,
      ""del_label_id"": null
    }
  ]
}","動画を見る","[
  {
    ""url"": ""[VSLURL]"",
    ""action_id"": ""mjNKfwKZJRag"",
    ""expiration_type"": ""none""
  }
]","","","面談予約済／商談中／成約／営業停止は除外","次メッセージまたは状態分岐","YouTube原文・絵文字・パネル構成を転用。URLと日時だけ媒体変数へ差し替える。","","","本文直前（画像→本文→CTA）","","YouTube原文をそのまま使用。","","","","",""
"Meta広告_セミナー直行","REVIEW_METAセミナー直行_20260810","80","レビュー中","メッセージ","VSL未視聴","META_SEM_40_VSL_未開封","pl8XyFNAsg3R","72時間VSL開始済み・VSL状態該当","登録から1日後 18:00","LINE","テキスト","VSL-U07","","【LINEメッセージ 1／text】
%line_name%さん、公開期間は明日までです。⏰

視聴後特典で、AIひとり起業ロードマップ作成会が存在します。まずは内容を見て、自分に必要か判断してください。🔥","","","","","面談予約済／商談中／成約／営業停止は除外","次メッセージまたは状態分岐","YouTube原文・絵文字・パネル構成を転用。URLと日時だけ媒体変数へ差し替える。","","","本文直前（画像→本文→CTA）","","YouTube原文をそのまま使用。","","","","",""
"Meta広告_セミナー直行","REVIEW_METAセミナー直行_20260810","81","レビュー中","メッセージ","VSL未視聴","META_SEM_40_VSL_未開封","eLjR3vW1Po0s","72時間VSL開始済み・VSL状態該当","登録から1日後 21:00","LINE","テキスト＋ボタン","VSL-U08","","【LINEメッセージ 1／text】
今日のうちに見始めておくと、明日は必要な箇所を見直す時間に使えます。😊


【LINEメッセージ 2／button】
{
  ""seq"": 1,
  ""type"": ""button"",
  ""alt_text"": ""【動画】期間限定・無料公開のご案内"",
  ""react_type"": ""free"",
  ""react_press_again_text"": null,
  ""thumbnail_image_url"": null,
  ""title"": ""LINE友だち限定 プレミアム無料動画"",
  ""text"": ""無料公開は登録から3日間・スマホ視聴OK"",
  ""actions"": [
    {
      ""type"": ""url"",
      ""label"": ""動画を見る"",
      ""uri"": ""[VSLURL]"",
      ""add_label_id"": null,
      ""del_label_id"": null
    }
  ]
}","動画を見る","[
  {
    ""url"": ""[VSLURL]"",
    ""action_id"": ""mjNKfwKZJRag"",
    ""expiration_type"": ""none""
  }
]","","","面談予約済／商談中／成約／営業停止は除外","次メッセージまたは状態分岐","YouTube原文・絵文字・パネル構成を転用。URLと日時だけ媒体変数へ差し替える。","","","本文直前（画像→本文→CTA）","","YouTube原文をそのまま使用。","","","","",""
"Meta広告_セミナー直行","REVIEW_METAセミナー直行_20260810","82","レビュー中","メッセージ","VSL未視聴","META_SEM_40_VSL_未開封","pNiEq3QAw7li","72時間VSL開始済み・VSL状態該当","登録から2日後 08:00","LINE","テキスト","VSL-U09","","【LINEメッセージ 1／text】
本日23:59で公開終了です。⏰

日程が合わずセミナーに参加できなかった方も、今日中なら内容を確認できます。✨","","","","","面談予約済／商談中／成約／営業停止は除外","次メッセージまたは状態分岐","YouTube原文・絵文字・パネル構成を転用。URLと日時だけ媒体変数へ差し替える。","","","本文直前（画像→本文→CTA）","","YouTube原文をそのまま使用。","","","","",""
"Meta広告_セミナー直行","REVIEW_METAセミナー直行_20260810","83","レビュー中","メッセージ","VSL未視聴","META_SEM_40_VSL_未開封","rshejwulCzb8","72時間VSL開始済み・VSL状態該当","登録から2日後 10:00","LINE","テキスト＋ボタン","VSL-U10","","【LINEメッセージ 1／text】
公開最終日になりました。🔥

AIでのひとり起業に興味がある方は、今日の予定に視聴時間を入れてください。👇

【LINEメッセージ 2／button】
{
  ""seq"": 1,
  ""type"": ""button"",
  ""alt_text"": ""【動画】本日が公開最終日です"",
  ""react_type"": ""free"",
  ""react_press_again_text"": null,
  ""thumbnail_image_url"": null,
  ""title"": ""LINE友だち限定 プレミアム無料動画"",
  ""text"": ""公開は本日まで・スマホ視聴OK"",
  ""actions"": [
    {
      ""type"": ""url"",
      ""label"": ""動画を見る"",
      ""uri"": ""[VSLURL]"",
      ""add_label_id"": null,
      ""del_label_id"": null
    }
  ]
}","動画を見る","[
  {
    ""url"": ""[VSLURL]"",
    ""action_id"": ""mjNKfwKZJRag"",
    ""expiration_type"": ""none""
  }
]","","","面談予約済／商談中／成約／営業停止は除外","次メッセージまたは状態分岐","YouTube原文・絵文字・パネル構成を転用。URLと日時だけ媒体変数へ差し替える。","https://drive.usercontent.google.com/download?id=1Y9NCfQLupBAplJDlJMD7MgyzMwQlXvPq&export=view&confirm=t","=IF(U95="""","""",IMAGE(U95))","本文直前（画像→本文→CTA）","VSL公開最終日","吉本さんDrive原案 META_SEMINAR_09-vsl-final-day.png を原寸・無加工で使用。本文・絵文字・分岐・配信時刻は承認済み行を維持する。","","","","",""
"Meta広告_セミナー直行","REVIEW_METAセミナー直行_20260810","84","レビュー中","メッセージ","VSL未視聴","META_SEM_40_VSL_未開封","rSdX9Ug0LLj1","72時間VSL開始済み・VSL状態該当","登録から2日後 12:00","LINE","テキスト","VSL-U11","","【LINEメッセージ 1／text】
あと半日ほどで終了します。⏰

ページを開いていないまま期限を迎えると、今回の動画は見られなくなります。
今のうちにご覧ください。🔥","","","","","面談予約済／商談中／成約／営業停止は除外","次メッセージまたは状態分岐","YouTube原文・絵文字・パネル構成を転用。URLと日時だけ媒体変数へ差し替える。","","","本文直前（画像→本文→CTA）","","YouTube原文をそのまま使用。","","","","",""
"Meta広告_セミナー直行","REVIEW_METAセミナー直行_20260810","85","レビュー中","メッセージ","VSL未視聴","META_SEM_40_VSL_未開封","5LCZMUE4Si6x","72時間VSL開始済み・VSL状態該当","登録から2日後 15:00","LINE","テキスト＋ボタン","VSL-U12","","【LINEメッセージ 1／text】
%line_name%さん、まだ間に合います。😊

完璧に理解しようとせず、まず全体像を通して見るのがおすすめです。公開は本日23:59までです。👇

【LINEメッセージ 2／button】
{
  ""seq"": 1,
  ""type"": ""button"",
  ""alt_text"": ""【動画】公開は本日23:59まで"",
  ""react_type"": ""free"",
  ""react_press_again_text"": null,
  ""thumbnail_image_url"": null,
  ""title"": ""LINE友だち限定 プレミアム無料動画"",
  ""text"": ""公開は本日23:59まで"",
  ""actions"": [
    {
      ""type"": ""url"",
      ""label"": ""動画を見る"",
      ""uri"": ""[VSLURL]"",
      ""add_label_id"": null,
      ""del_label_id"": null
    }
  ]
}","動画を見る","[
  {
    ""url"": ""[VSLURL]"",
    ""action_id"": ""mjNKfwKZJRag"",
    ""expiration_type"": ""none""
  }
]","","","面談予約済／商談中／成約／営業停止は除外","次メッセージまたは状態分岐","YouTube原文・絵文字・パネル構成を転用。URLと日時だけ媒体変数へ差し替える。","","","本文直前（画像→本文→CTA）","","YouTube原文をそのまま使用。","","","","",""
"Meta広告_セミナー直行","REVIEW_METAセミナー直行_20260810","86","レビュー中","メッセージ","VSL未視聴","META_SEM_40_VSL_未開封","8lEagN0kny0j","72時間VSL開始済み・VSL状態該当","登録から2日後 18:00","LINE","テキスト","VSL-U13","","【LINEメッセージ 1／text】
残り6時間。⏰

限定公開は今夜で終了します。AIの情報収集から、自分の事業を作る側へ進みたい方はご視聴ください。✨","","","","","面談予約済／商談中／成約／営業停止は除外","次メッセージまたは状態分岐","YouTube原文・絵文字・パネル構成を転用。URLと日時だけ媒体変数へ差し替える。","","","本文直前（画像→本文→CTA）","","YouTube原文をそのまま使用。","","","","",""
"Meta広告_セミナー直行","REVIEW_METAセミナー直行_20260810","87","レビュー中","メッセージ","VSL未視聴","META_SEM_40_VSL_未開封","hYYgJFw7xNEl","72時間VSL開始済み・VSL状態該当","登録から2日後 21:00","LINE","テキスト＋ボタン","VSL-U14","","【LINEメッセージ 1／text】
終了まであと3時間です。⏰

視聴するか迷っていた方へ。ページを開けるのは本日23:59までです。👇

【LINEメッセージ 2／button】
{
  ""seq"": 1,
  ""type"": ""button"",
  ""alt_text"": ""【動画】終了まであと3時間です"",
  ""react_type"": ""free"",
  ""react_press_again_text"": null,
  ""thumbnail_image_url"": null,
  ""title"": ""LINE友だち限定 プレミアム無料動画"",
  ""text"": ""終了まであと3時間"",
  ""actions"": [
    {
      ""type"": ""url"",
      ""label"": ""動画を見る"",
      ""uri"": ""[VSLURL]"",
      ""add_label_id"": null,
      ""del_label_id"": null
    }
  ]
}","動画を見る","[
  {
    ""url"": ""[VSLURL]"",
    ""action_id"": ""mjNKfwKZJRag"",
    ""expiration_type"": ""none""
  }
]","","","面談予約済／商談中／成約／営業停止は除外","次メッセージまたは状態分岐","YouTube原文・絵文字・パネル構成を転用。URLと日時だけ媒体変数へ差し替える。","","","本文直前（画像→本文→CTA）","","YouTube原文をそのまま使用。","","","","",""
"Meta広告_セミナー直行","REVIEW_METAセミナー直行_20260810","88","レビュー中","メッセージ","VSL未視聴","META_SEM_40_VSL_未開封","ZjANTpPHmTOH","72時間VSL開始済み・VSL状態該当","登録から2日後 23:00","LINE","テキスト","VSL-U15","","【LINEメッセージ 1／text】
あと1時間で公開終了です。⏰

これが3日限定公開の最後のご案内です。今すぐ視聴ページを開いてください。🔥","","","","","面談予約済／商談中／成約／営業停止は除外","次メッセージまたは状態分岐","YouTube原文・絵文字・パネル構成を転用。URLと日時だけ媒体変数へ差し替える。","https://drive.usercontent.google.com/download?id=1FLRsX4ZylbiaUUV1J4JM9G0oZ1hm2IA_&export=view&confirm=t","=IF(U100="""","""",IMAGE(U100))","本文直前（画像→本文→CTA）","VSL終了まで1時間","吉本さんDrive原案 META_SEMINAR_10-vsl-one-hour.png を原寸・無加工で使用。本文・絵文字・分岐・配信時刻は承認済み行を維持する。","","","","",""
"Meta広告_セミナー直行","REVIEW_METAセミナー直行_20260810","89","レビュー中","メッセージ","VSL途中","META_SEM_40_VSL_一部視聴","jd8LZ2WGD22p","72時間VSL開始済み・VSL状態該当","登録から 0日 0時間 30分後","LINE","テキスト＋ボタン","VSL-P01","","【LINEメッセージ 1／text】
%line_name%さん、動画を開いてくださりありがとうございます。😊

途中で止めた場合は、こちらから続きに戻れます。👇

【LINEメッセージ 2／button】
{
  ""seq"": 1,
  ""type"": ""button"",
  ""alt_text"": ""【動画】続きはこちらから再生できます"",
  ""react_type"": ""free"",
  ""react_press_again_text"": null,
  ""thumbnail_image_url"": null,
  ""title"": ""LINE友だち限定 プレミアム無料動画"",
  ""text"": ""途中から続きを再生できます"",
  ""actions"": [
    {
      ""type"": ""url"",
      ""label"": ""動画を見る"",
      ""uri"": ""[VSLURL]"",
      ""add_label_id"": null,
      ""del_label_id"": null
    }
  ]
}","動画を見る","[
  {
    ""url"": ""[VSLURL]"",
    ""action_id"": ""mjNKfwKZJRag"",
    ""expiration_type"": ""none""
  }
]","","","面談予約済／商談中／成約／営業停止は除外","次メッセージまたは状態分岐","YouTube原文・絵文字・パネル構成を転用。URLと日時だけ媒体変数へ差し替える。","","","本文直前（画像→本文→CTA）","","YouTube原文をそのまま使用。","","","","",""
"Meta広告_セミナー直行","REVIEW_METAセミナー直行_20260810","90","レビュー中","メッセージ","VSL途中","META_SEM_40_VSL_一部視聴","RLqgOQRNAf29","72時間VSL開始済み・VSL状態該当","登録から0日後 17:00","LINE","テキスト","VSL-P02","","【LINEメッセージ 1／text】
一度で見きれなくても大丈夫です。😊

ただ、視聴期限はお忘れなく✨","","","","","面談予約済／商談中／成約／営業停止は除外","次メッセージまたは状態分岐","YouTube原文・絵文字・パネル構成を転用。URLと日時だけ媒体変数へ差し替える。","","","本文直前（画像→本文→CTA）","","YouTube原文をそのまま使用。","","","","",""
"Meta広告_セミナー直行","REVIEW_METAセミナー直行_20260810","91","レビュー中","メッセージ","VSL途中","META_SEM_40_VSL_一部視聴","1P8u09TqQLyk","72時間VSL開始済み・VSL状態該当","登録から0日後 21:00","LINE","テキスト＋ボタン","VSL-P03","","【LINEメッセージ 1／text】
動画の途中で止まっている方へ。😊

「自分なら何を事業にするか」を考えながら見ると、ただの情報ではなく行動の材料になります✨
特に最後は多くの感想をいただくので、是非最後までご覧ください👇

【LINEメッセージ 2／button】
{
  ""seq"": 1,
  ""type"": ""button"",
  ""alt_text"": ""【動画】続きはこちらから再生できます"",
  ""react_type"": ""free"",
  ""react_press_again_text"": null,
  ""thumbnail_image_url"": null,
  ""title"": ""LINE友だち限定 プレミアム無料動画"",
  ""text"": ""途中から続きを再生できます"",
  ""actions"": [
    {
      ""type"": ""url"",
      ""label"": ""動画を見る"",
      ""uri"": ""[VSLURL]"",
      ""add_label_id"": null,
      ""del_label_id"": null
    }
  ]
}","動画を見る","[
  {
    ""url"": ""[VSLURL]"",
    ""action_id"": ""mjNKfwKZJRag"",
    ""expiration_type"": ""none""
  }
]","","","面談予約済／商談中／成約／営業停止は除外","次メッセージまたは状態分岐","YouTube原文・絵文字・パネル構成を転用。URLと日時だけ媒体変数へ差し替える。","","","本文直前（画像→本文→CTA）","","YouTube原文をそのまま使用。『多くの感想』は公開前に根拠確認。未確認なら該当文のみ削除、または事実ベースへ置換。","","","","",""
"Meta広告_セミナー直行","REVIEW_METAセミナー直行_20260810","92","レビュー中","メッセージ","VSL途中","META_SEM_40_VSL_一部視聴","hZGpXnuEz1xg","72時間VSL開始済み・VSL状態該当","登録から1日後 09:00","LINE","テキスト","VSL-P04","","【LINEメッセージ 1／text】
あと２日で視聴終了です😊🔥","","","","","面談予約済／商談中／成約／営業停止は除外","次メッセージまたは状態分岐","YouTube原文・絵文字・パネル構成を転用。URLと日時だけ媒体変数へ差し替える。","","","本文直前（画像→本文→CTA）","","YouTube原文をそのまま使用。","","","","",""
"Meta広告_セミナー直行","REVIEW_METAセミナー直行_20260810","93","レビュー中","メッセージ","VSL途中","META_SEM_40_VSL_一部視聴","suBXJeaTTYkm","72時間VSL開始済み・VSL状態該当","登録から1日後 14:00","LINE","テキスト","VSL-P05","","【LINEメッセージ 1／text】

後半では、学びを事業につなげる考え方も扱っています。📣","","","","","面談予約済／商談中／成約／営業停止は除外","次メッセージまたは状態分岐","YouTube原文・絵文字・パネル構成を転用。URLと日時だけ媒体変数へ差し替える。","","","本文直前（画像→本文→CTA）","","YouTube原文をそのまま使用。","","","","",""
"Meta広告_セミナー直行","REVIEW_METAセミナー直行_20260810","94","レビュー中","メッセージ","VSL途中","META_SEM_40_VSL_一部視聴","6kJfk5ZhL0ZI","72時間VSL開始済み・VSL状態該当","登録から1日後 20:00","LINE","テキスト","VSL-P06","","【LINEメッセージ 1／text】
公開期限は あと28時間です。⏰

視聴を始めた時刻にかかわらず延長はされないので、余裕があるうちに続きをご覧ください。✨","","","","","面談予約済／商談中／成約／営業停止は除外","次メッセージまたは状態分岐","YouTube原文・絵文字・パネル構成を転用。URLと日時だけ媒体変数へ差し替える。","","","本文直前（画像→本文→CTA）","","YouTube原文をそのまま使用。","","","","",""
"Meta広告_セミナー直行","REVIEW_METAセミナー直行_20260810","95","レビュー中","メッセージ","VSL途中","META_SEM_40_VSL_一部視聴","Pkn7lktciPoS","72時間VSL開始済み・VSL状態該当","登録から2日後 09:00","LINE","テキスト","VSL-P07","","【LINEメッセージ 1／text】
本日が視聴最終日です。⏰🎥","","","","","面談予約済／商談中／成約／営業停止は除外","次メッセージまたは状態分岐","YouTube原文・絵文字・パネル構成を転用。URLと日時だけ媒体変数へ差し替える。","","","本文直前（画像→本文→CTA）","","YouTube原文をそのまま使用。","","","","",""
"Meta広告_セミナー直行","REVIEW_METAセミナー直行_20260810","96","レビュー中","メッセージ","VSL途中","META_SEM_40_VSL_一部視聴","CiZEgXL5O3Uz","72時間VSL開始済み・VSL状態該当","登録から2日後 14:00","LINE","テキスト＋ボタン","VSL-P08","","【LINEメッセージ 1／text】
残り時間が少なくなってきました。⏰

最後には、 AIひとり起業ロードマップ作成会の無料枠も案内しております。👇

【LINEメッセージ 2／button】
{
  ""seq"": 1,
  ""type"": ""button"",
  ""alt_text"": ""【動画】公開は本日23:59まで"",
  ""react_type"": ""free"",
  ""react_press_again_text"": null,
  ""thumbnail_image_url"": null,
  ""title"": ""LINE友だち限定 プレミアム無料動画"",
  ""text"": ""公開は本日23:59まで"",
  ""actions"": [
    {
      ""type"": ""url"",
      ""label"": ""動画を見る"",
      ""uri"": ""[VSLURL]"",
      ""add_label_id"": null,
      ""del_label_id"": null
    }
  ]
}","動画を見る","[
  {
    ""url"": ""[VSLURL]"",
    ""action_id"": ""mjNKfwKZJRag"",
    ""expiration_type"": ""none""
  }
]","","","面談予約済／商談中／成約／営業停止は除外","次メッセージまたは状態分岐","YouTube原文・絵文字・パネル構成を転用。URLと日時だけ媒体変数へ差し替える。","","","本文直前（画像→本文→CTA）","","YouTube原文をそのまま使用。","","","","",""
"Meta広告_セミナー直行","REVIEW_METAセミナー直行_20260810","97","レビュー中","メッセージ","VSL途中","META_SEM_40_VSL_一部視聴","ETjHWlvzXGr3","72時間VSL開始済み・VSL状態該当","登録から2日後 19:00","LINE","テキスト","VSL-P09","","【LINEメッセージ 1／text】
公開終了まであと数時間です。⏰📣","","","","","面談予約済／商談中／成約／営業停止は除外","次メッセージまたは状態分岐","YouTube原文・絵文字・パネル構成を転用。URLと日時だけ媒体変数へ差し替える。","","","本文直前（画像→本文→CTA）","","YouTube原文をそのまま使用。","","","","",""
"Meta広告_セミナー直行","REVIEW_METAセミナー直行_20260810","98","レビュー中","メッセージ","VSL途中","META_SEM_40_VSL_一部視聴","WhfdR94zX0IG","72時間VSL開始済み・VSL状態該当","登録から2日後 22:30","LINE","テキスト＋ボタン","VSL-P10","","【LINEメッセージ 1／text】
23:59で終了します。⏰

視聴途中の方への最後のご案内です。今すぐこちらから続きをご覧ください。👇

【LINEメッセージ 2／button】
{
  ""seq"": 1,
  ""type"": ""button"",
  ""alt_text"": ""【動画】本日23:59で終了します"",
  ""react_type"": ""free"",
  ""react_press_again_text"": null,
  ""thumbnail_image_url"": null,
  ""title"": ""LINE友だち限定 プレミアム無料動画"",
  ""text"": ""本日23:59で終了"",
  ""actions"": [
    {
      ""type"": ""url"",
      ""label"": ""動画を見る"",
      ""uri"": ""[VSLURL]"",
      ""add_label_id"": null,
      ""del_label_id"": null
    }
  ]
}","動画を見る","[
  {
    ""url"": ""[VSLURL]"",
    ""action_id"": ""mjNKfwKZJRag"",
    ""expiration_type"": ""none""
  }
]","","","面談予約済／商談中／成約／営業停止は除外","次メッセージまたは状態分岐","YouTube原文・絵文字・パネル構成を転用。URLと日時だけ媒体変数へ差し替える。","","","本文直前（画像→本文→CTA）","","YouTube原文をそのまま使用。","","","","",""
"Meta広告_セミナー直行","REVIEW_METAセミナー直行_20260810","99","レビュー中","メッセージ","VSL完了・面談","META_SEM_40_VSL_視聴完了","DciEDgOwZDeT","72時間VSL開始済み・VSL状態該当","登録直後","LINE","テキスト","VSL-C01","","【LINEメッセージ 1／text】
%line_name%さん、ロードマップ作成会のお申し込みは完了してますでしょうか？
[ロードマップ作成会URL]

↑
こちらからもお申し込み可能です🎥","","","","","面談予約済／商談中／成約／営業停止は除外","次メッセージまたは状態分岐","YouTube原文・絵文字・パネル構成を転用。URLと日時だけ媒体変数へ差し替える。","https://drive.usercontent.google.com/download?id=1QOiYn2-7lwedp2kBfyTh9N6TqFrgWDoW&export=view&confirm=t","=IF(U111="""","""",IMAGE(U111))","本文直前（画像→本文→CTA）","VSL視聴完了のお礼","吉本さんDrive原案 META_SEMINAR_11-vsl-complete-thanks.png を原寸・無加工で使用。本文・絵文字・分岐・配信時刻は承認済み行を維持する。","","","","",""
"Meta広告_セミナー直行","REVIEW_METAセミナー直行_20260810","100","レビュー中","メッセージ","VSL完了・面談","META_SEM_40_VSL_視聴完了","wh7dGNiiq0ob","72時間VSL開始済み・VSL状態該当","登録から 0日 2時間 0分後","LINE","画像パネル＋本文＋ボタン","VSL-C02","","【LINEメッセージ 1／image】
{
  ""seq"": 0,
  ""type"": ""image"",
  ""original_content_url"": ""https://utagesystem.s3.ap-northeast-1.wasabisys.com/GX6OYW2fVtRD/VoadmjkSafaL.png""
}

【LINEメッセージ 2／text】
動画をご覧いただいた方向けに、ロードマップ作成会をご用意しています。今回を機にぜひお申し込みください👇

【LINEメッセージ 3／button】
{
  ""seq"": 2,
  ""type"": ""button"",
  ""alt_text"": ""【個別】AIひとり起業ロードマップ作成会のご案内"",
  ""react_type"": ""free"",
  ""react_press_again_text"": null,
  ""thumbnail_image_url"": null,
  ""title"": ""AIひとり起業ロードマップ作成会"",
  ""text"": ""Zoom30分・名前とメールだけで予約OK"",
  ""actions"": [
    {
      ""type"": ""url"",
      ""label"": ""日程を見て予約する"",
      ""uri"": ""[ロードマップ作成会URL]"",
      ""add_label_id"": null,
      ""del_label_id"": null
    }
  ]
}","日程を見て予約する","[
  {
    ""url"": ""[ロードマップ作成会URL]"",
    ""action_id"": ""lMxbsrSPWV9W"",
    ""expiration_type"": ""none""
  }
]","","","面談予約済／商談中／成約／営業停止は除外","次メッセージまたは状態分岐","既存VSL視聴完了案内を使用。事実未確認の希少性表現は使用しない。","https://drive.usercontent.google.com/download?id=1G5rZx9tepJhSirDHK19xZwobJiO-wsNg&export=view&confirm=t","=IF(U112="""","""",IMAGE(U112))","本文直前（画像→本文→CTA）","金子さん向けロードマップ作成会","吉本さんDrive原案 META_SEMINAR_20_金子さん_ロードマップ作成会.png を原寸・無加工で使用。本文・絵文字・分岐・配信時刻は承認済み行を維持する。","","","","",""
"Meta広告_セミナー直行","REVIEW_METAセミナー直行_20260810","101","レビュー中","メッセージ","VSL完了・面談","META_SEM_40_VSL_視聴完了","0Qha2c1IJnIT","72時間VSL開始済み・VSL状態該当","登録から 0日 5時間 0分後","LINE","テキスト","VSL-C03","","【LINEメッセージ 1／text】
まだ商品がなくても、AI初心者でも大丈夫です。😊

","","","","","面談予約済／商談中／成約／営業停止は除外","次メッセージまたは状態分岐","YouTube原文・絵文字・パネル構成を転用。URLと日時だけ媒体変数へ差し替える。","","","本文直前（画像→本文→CTA）","","YouTube原文をそのまま使用。","","","","",""
"Meta広告_セミナー直行","REVIEW_METAセミナー直行_20260810","102","レビュー中","メッセージ","VSL完了・面談","META_SEM_40_VSL_視聴完了","QUfY1iY6FCsU","72時間VSL開始済み・VSL状態該当","登録から0日後 10:00","LINE","テキスト","VSL-C04","","【LINEメッセージ 1／text】
「ロードマップ作成会が分岐点になりました😊」

最近こう言われることが増えてきました。
今回は特別開放になります✨","","","","","面談予約済／商談中／成約／営業停止は除外","次メッセージまたは状態分岐","YouTube原文・絵文字・パネル構成を転用。URLと日時だけ媒体変数へ差し替える。","https://drive.usercontent.google.com/download?id=1mxunMVvNIOEN2YSV8dHds6nKx8cCW15k&export=view&confirm=t","=IF(U114="""","""",IMAGE(U114))","本文直前（画像→本文→CTA）","ロードマップ作成会案内","吉本さんDrive原案 META_SEMINAR_06-roadmap-session.png を原寸・無加工で使用。本文・絵文字・分岐・配信時刻は承認済み行を維持する。","","","","",""
"Meta広告_セミナー直行","REVIEW_METAセミナー直行_20260810","103","レビュー中","メッセージ","VSL完了・面談","META_SEM_40_VSL_視聴完了","2nRWHPzRXiBP","72時間VSL開始済み・VSL状態該当","登録から 1日 0時間 0分後","LINE","テキスト","VSL-C05","","【LINEメッセージ 1／text】
%line_name%さん、動画のご感想はいかがでしょうか。😊

一人で整理すると止まりそうなら、ロードマップ作成会を使ってください🎥","","","","","面談予約済／商談中／成約／営業停止は除外","次メッセージまたは状態分岐","YouTube原文・絵文字・パネル構成を転用。URLと日時だけ媒体変数へ差し替える。","https://drive.usercontent.google.com/download?id=1ygs3It2ectQXDTrNhPMcrDcBpAeT8F3Y&export=view&confirm=t","=IF(U115="""","""",IMAGE(U115))","本文直前（画像→本文→CTA）","学びを行動へつなげる案内","吉本さんDrive原案 META_SEMINAR_12-learning-to-action.png を原寸・無加工で使用。本文・絵文字・分岐・配信時刻は承認済み行を維持する。","","","","",""
"Meta広告_セミナー直行","REVIEW_METAセミナー直行_20260810","104","レビュー中","メッセージ","VSL完了・面談","META_SEM_40_VSL_視聴完了","JOAMSplqPBcC","72時間VSL開始済み・VSL状態該当","登録から 1日 4時間 0分後","LINE","テキスト","VSL-C06","","【LINEメッセージ 1／text】
事業テーマ、商品、集客、販売。😌

すべてを同時に考えると動けません。今の自分が最初に決める一つを、30分で明確にします。🔥","","","","","面談予約済／商談中／成約／営業停止は除外","次メッセージまたは状態分岐","YouTube原文・絵文字・パネル構成を転用。URLと日時だけ媒体変数へ差し替える。","","","本文直前（画像→本文→CTA）","","YouTube原文をそのまま使用。","","","","",""
"Meta広告_セミナー直行","REVIEW_METAセミナー直行_20260810","105","レビュー中","メッセージ","VSL完了・面談","META_SEM_40_VSL_視聴完了","xCT9FyxEdkBJ","72時間VSL開始済み・VSL状態該当","登録から1日後 10:00","LINE","テキスト＋ボタン","VSL-C07","","【LINEメッセージ 1／text】
予約は名前とメールアドレスの2項目で完了します😊

都合が変わった場合は日程変更できます。👇

【LINEメッセージ 2／button】
{
  ""seq"": 1,
  ""type"": ""button"",
  ""alt_text"": ""【個別】AIひとり起業ロードマップ作成会のご案内"",
  ""react_type"": ""free"",
  ""react_press_again_text"": null,
  ""thumbnail_image_url"": null,
  ""title"": ""AIひとり起業ロードマップ作成会"",
  ""text"": ""Zoom30分・名前とメールだけで予約OK"",
  ""actions"": [
    {
      ""type"": ""url"",
      ""label"": ""日程を見て予約する"",
      ""uri"": ""[ロードマップ作成会URL]"",
      ""add_label_id"": null,
      ""del_label_id"": null
    }
  ]
}","日程を見て予約する","[
  {
    ""url"": ""[ロードマップ作成会URL]"",
    ""action_id"": ""lMxbsrSPWV9W"",
    ""expiration_type"": ""none""
  }
]","","","面談予約済／商談中／成約／営業停止は除外","次メッセージまたは状態分岐","YouTube原文・絵文字・パネル構成を転用。URLと日時だけ媒体変数へ差し替える。","https://drive.usercontent.google.com/download?id=1-3WyEis8sNJhM0rhJGkOAzsVzN4Xbw1S&export=view&confirm=t","=IF(U117="""","""",IMAGE(U117))","本文直前（画像→本文→CTA）","動画終了・ロードマップ作成会受付","吉本さんDrive原案 META_SEMINAR_13-video-closed-roadmap-open.png を原寸・無加工で使用。本文・絵文字・分岐・配信時刻は承認済み行を維持する。","","","","",""
"Meta広告_セミナー直行","REVIEW_METAセミナー直行_20260810","106","レビュー中","メッセージ","VSL完了・面談","META_SEM_40_VSL_視聴完了","brqYAbNWbjhP","72時間VSL開始済み・VSL状態該当","登録から1日後 15:00","LINE","テキスト","VSL-C08","","【LINEメッセージ 1／text】
あと9時間でロードマップ作成会の申し込みは終了します。⏰

日程を確保してください。✨","","","","","面談予約済／商談中／成約／営業停止は除外","次メッセージまたは状態分岐","YouTube原文・絵文字・パネル構成を転用。URLと日時だけ媒体変数へ差し替える。","","","本文直前（画像→本文→CTA）","","YouTube原文をそのまま使用。","","","","",""
"Meta広告_セミナー直行","REVIEW_METAセミナー直行_20260810","107","レビュー中","メッセージ","VSL完了・面談","META_SEM_40_VSL_視聴完了","zlm87BKwfnhi","72時間VSL開始済み・VSL状態該当","登録から1日後 21:00","LINE","テキスト＋ボタン","VSL-C09","","【LINEメッセージ 1／text】
受付終了まであと3時間です。⏰

自分に合う進め方を直接相談したい方は、こちらから予約してください。👇

【LINEメッセージ 2／button】
{
  ""seq"": 1,
  ""type"": ""button"",
  ""alt_text"": ""【個別】ロードマップ作成会・受付終了まであと3時間"",
  ""react_type"": ""free"",
  ""react_press_again_text"": null,
  ""thumbnail_image_url"": null,
  ""title"": ""AIひとり起業ロードマップ作成会"",
  ""text"": ""受付終了まであと3時間"",
  ""actions"": [
    {
      ""type"": ""url"",
      ""label"": ""日程を見て予約する"",
      ""uri"": ""[ロードマップ作成会URL]"",
      ""add_label_id"": null,
      ""del_label_id"": null
    }
  ]
}","日程を見て予約する","[
  {
    ""url"": ""[ロードマップ作成会URL]"",
    ""action_id"": ""lMxbsrSPWV9W"",
    ""expiration_type"": ""none""
  }
]","","","面談予約済／商談中／成約／営業停止は除外","次メッセージまたは状態分岐","YouTube原文・絵文字・パネル構成を転用。URLと日時だけ媒体変数へ差し替える。","https://drive.usercontent.google.com/download?id=1w32JTpAdRDA2toSYaaQfBKhegpu8h4q3&export=view&confirm=t","=IF(U119="""","""",IMAGE(U119))","本文直前（画像→本文→CTA）","個別案内締切","吉本さんDrive原案 META_SEMINAR_07-direct-invite-deadline.png を原寸・無加工で使用。本文・絵文字・分岐・配信時刻は承認済み行を維持する。","","","","",""
"Meta広告_セミナー直行","REVIEW_METAセミナー直行_20260810","108","レビュー中","メッセージ","VSL完了・面談","META_SEM_40_VSL_視聴完了","Lw5hWl0hKeJK","72時間VSL開始済み・VSL状態該当","登録から1日後 23:00","LINE","テキスト","VSL-C10","","【LINEメッセージ 1／text】
あと1時間で受付終了です。⏰

AIひとり起業ロードマップ作成会 のご案内はこれで最後です。参加したい方は、今すぐ予約を完了してください。🔥","","","","","面談予約済／商談中／成約／営業停止は除外","次メッセージまたは状態分岐","YouTube原文・絵文字・パネル構成を転用。URLと日時だけ媒体変数へ差し替える。","https://drive.usercontent.google.com/download?id=1gxPIqZXdnXrPerx02k5NYiaACf3pMSrU&export=view&confirm=t","=IF(U120="""","""",IMAGE(U120))","本文直前（画像→本文→CTA）","個別案内の最終案内","吉本さんDrive原案 META_SEMINAR_14-final-direct-invite.png を原寸・無加工で使用。本文・絵文字・分岐・配信時刻は承認済み行を維持する。","","","","",""
"Meta広告_セミナー直行","REVIEW_METAセミナー直行_20260810","109","レビュー中","メッセージ","面談予約後","META_SEM_80_05 面談予約リマインド（vVq新規）","k3OhRf27yoJ6","ロードマップ作成会予約済み","登録直後","LINE","テキスト","RSV-01（予約直後）","","【LINEメッセージ 1／text】
%line_name%さん、ロードマップ作成会のご予約ありがとうございます。😊

日時： %event_schedule%
形式： Zoom（30分）
参加URL： %event_info%

当日はよろしくお願いいたします。
","","","","","予約キャンセル済／日程変更済みの旧予約／成約／営業停止は除外（予約済み自体は除外しない）","次メッセージまたは状態分岐","YouTube原文・絵文字・パネル構成を転用。URLと日時だけ媒体変数へ差し替える。","","","本文直前（画像→本文→CTA）","","YouTube原文をそのまま使用。","","","","",""
"Meta広告_セミナー直行","REVIEW_METAセミナー直行_20260810","110","レビュー中","メッセージ","面談予約後","META_SEM_80_05 面談予約リマインド（vVq新規）","v7clpa04Kfjk","ロードマップ作成会予約済み","イベント1日前 19:00","LINE","テキスト","RSV-02（前日19:00）","","【LINEメッセージ 1／text】
明日のリマインドになります。⏰

%event_schedule%／Zoom30分
%event_info%

","","[
  {
    ""url"": ""https://zoom.us/j/*"",
    ""action_id"": null,
    ""expiration_type"": ""none""
  }
]","","","予約キャンセル済／日程変更済みの旧予約／成約／営業停止は除外（予約済み自体は除外しない）","次メッセージまたは状態分岐","YouTube原文・絵文字・パネル構成を転用。URLと日時だけ媒体変数へ差し替える。","","","本文直前（画像→本文→CTA）","","YouTube原文をそのまま使用。","","","","",""
"Meta広告_セミナー直行","REVIEW_METAセミナー直行_20260810","111","レビュー中","メッセージ","面談予約後","META_SEM_80_05 面談予約リマインド（vVq新規）","B7xRXy9LCLzz","ロードマップ作成会予約済み","イベント当日 09:00","LINE","テキスト","RSV-03（当日朝09:00）","","【LINEメッセージ 1／text】
%line_name%さん、本日が面談日です。😊

開始時刻になりましたら、こちらからZoomへお入りください。
%event_info%

お話しできるのを楽しみにしています。🙌","","","","","予約キャンセル済／日程変更済みの旧予約／成約／営業停止は除外（予約済み自体は除外しない）","次メッセージまたは状態分岐","YouTube原文・絵文字・パネル構成を転用。URLと日時だけ媒体変数へ差し替える。","","","本文直前（画像→本文→CTA）","","YouTube原文をそのまま使用。","","","","",""
"Meta広告_セミナー直行","REVIEW_METAセミナー直行_20260810","112","レビュー中","メッセージ","面談予約後","META_SEM_80_05 面談予約リマインド（vVq新規）","OP9miZrixzvV","ロードマップ作成会予約済み","イベント3時間0分前","LINE","テキスト","RSV-04（3時間前）","","【LINEメッセージ 1／text】
面談まであと3時間です。⏰

%event_info%

","","","","","予約キャンセル済／日程変更済みの旧予約／成約／営業停止は除外（予約済み自体は除外しない）","次メッセージまたは状態分岐","YouTube原文・絵文字・パネル構成を転用。URLと日時だけ媒体変数へ差し替える。","","","本文直前（画像→本文→CTA）","","YouTube原文をそのまま使用。","","","","",""
"Meta広告_セミナー直行","REVIEW_METAセミナー直行_20260810","113","レビュー中","メッセージ","面談予約後","META_SEM_80_05 面談予約リマインド（vVq新規）","vDsOxRKEpvb5","ロードマップ作成会予約済み","イベント30分前","LINE","テキスト","RSV-05（30分前）","","【LINEメッセージ 1／text】
あと30分で開始します。⏰

こちらのZoomでお待ちしています。
%event_info%

それでは後ほど、よろしくお願いします。🙌","","","","","予約キャンセル済／日程変更済みの旧予約／成約／営業停止は除外（予約済み自体は除外しない）","次メッセージまたは状態分岐","YouTube原文・絵文字・パネル構成を転用。URLと日時だけ媒体変数へ差し替える。","","","本文直前（画像→本文→CTA）","","YouTube原文をそのまま使用。","","","","",""
"Meta広告_セミナー直行","REVIEW_METAセミナー直行_20260810","114","レビュー中","メッセージ","面談無断欠席","META_SEM_81_面談無断欠席再予約","NS-01","ロードマップ作成会の無断欠席確認","欠席確認直後","LINE","テキスト","NS-01","","[name]さん、こんにちは🌱
本日の個別面談ですが、お会いできず少し心配しております🥺

急なお仕事や、接続のトラブルなどがあったかと思います。
ご事情もあると思いますので、お気になさらないでください😊

もし「改めて相談したいな」と思われましたら、
こちらからご都合の良い日程を再調整いただけます👇✨
[ロードマップ作成会URL]","日程を取り直す","[ロードマップ作成会URL]","","","再予約済／sales_in_progress／meeting_completed／成約／営業停止は除外","再予約→META_SEM_80／3通終了→ACT-NOSHOW-EXPIRE→オプチャ","Instagram/Dさん承認済みNS-01をそのまま転用。技術変数のみ現行名。","","","","","Dさん原文を基礎に使用。独自加筆禁止。","","","","",""
"Meta広告_セミナー直行","REVIEW_METAセミナー直行_20260810","115","レビュー中","メッセージ","面談無断欠席","META_SEM_81_面談無断欠席再予約","NS-02","ロードマップ作成会の無断欠席確認","翌日10:00","LINE","テキスト","NS-02","","昨日の個別面談ですが、まだ日程の
再調整を受け付けておりますのでご安心ください😊✨

事前の準備などは一切不要ですので、
「ちょっとモヤモヤを聞いてほしいな」
というくらいの気持ちでお気軽にどうぞ👇🍀
[ロードマップ作成会URL]","再予約する","[ロードマップ作成会URL]","","","再予約済／sales_in_progress／meeting_completed／成約／営業停止は除外","再予約→META_SEM_80／3通終了→ACT-NOSHOW-EXPIRE→オプチャ","Instagram/Dさん承認済みNS-02をそのまま転用。技術変数のみ現行名。","","","","","Dさん原文を基礎に使用。独自加筆禁止。","","","","",""
"Meta広告_セミナー直行","REVIEW_METAセミナー直行_20260810","116","レビュー中","メッセージ","面談無断欠席","META_SEM_81_面談無断欠席再予約","NS-03","ロードマップ作成会の無断欠席確認","翌日20:00","LINE","テキスト","NS-03","","個別面談の再予約のご案内は、
【これで最後】となります🌱

「やっぱり一度直接話して整理したい！」
と思われた場合は、こちらから都合の良い日時を
選んでくださいね。お待ちしております😊👇
[ロードマップ作成会URL]","再予約枠を見る","[ロードマップ作成会URL]","","","再予約済／sales_in_progress／meeting_completed／成約／営業停止は除外","再予約→META_SEM_80／3通終了→ACT-NOSHOW-EXPIRE→オプチャ","Instagram/Dさん承認済みNS-03をそのまま転用。技術変数のみ現行名。","","","","","Dさん原文を基礎に使用。独自加筆禁止。","","","","",""
"Meta広告_セミナー直行","REVIEW_METAセミナー直行_20260810","117","レビュー中","メッセージ","オプチャ","META_SEM_90_オプチャ_初回参加案内","Keai6IIELEtI","VSL未転換または再公開未希望","登録直後","LINE","テキスト＋ボタン","OC-J01","","【LINEメッセージ 1／text】
%line_name%さん、AIの学びを続けたい方へ。😊

私がやっている無料コミュニティにご招待させていただきます。
AI活用やひとり起業についての無料勉強会が頻繁に行われています。オプチャから匿名で参加できます🙌

【LINEメッセージ 2／button】
{
  ""seq"": 1,
  ""type"": ""button"",
  ""alt_text"":
  ""react_type"": ""one_time"",
  ""react_press_again_text"": null,
  ""thumbnail_image_url"": null,
  ""title"": null,
  ""text"": ""スマートフォンから閲覧してください。"",
  ""actions"": [
    {
      ""type"": ""url"",
      ""label"": ""オプチャに参加する🔥"",
      ""uri"": ""[オプチャURL]"",
      ""add_label_id"": null,
      ""del_label_id"": null
    }
  ]
}","オプチャに参加する🔥","[
  {
    ""url"": "" [オプチャURL]"",
    ""action_id"": null,
    ""expiration_type"": ""none""
  }
]","","","面談予約済／商談中／成約／営業停止は除外","次メッセージまたは状態分岐","YouTube原文・絵文字・パネル構成を転用。URLと日時だけ媒体変数へ差し替える。","https://drive.usercontent.google.com/download?id=12gMRxej-ZC0NN-YwcheiupmCgQWps1Vl&export=view&confirm=t","=IF(U129="""","""",IMAGE(U129))","本文直前（画像→本文→CTA）","AIマニアの放課後オプチャ案内","吉本さんDrive原案 META_SEMINAR_15-openchat-ai-mania.png を原寸・無加工で使用。本文・絵文字・分岐・配信時刻は承認済み行を維持する。","","","","",""
"Meta広告_セミナー直行","REVIEW_METAセミナー直行_20260810","118","レビュー中","メッセージ","オプチャ","META_SEM_90_オプチャ_初回参加案内","NTIhWrYdF9wK","VSL未転換または再公開未希望","登録から1日後 19:00","LINE","テキスト","OC-J02","","【LINEメッセージ 1／text】
AI起業家無料コミュニティにはご参加いただけましたでしょうか😌👇

[オプチャURL]","","[
  {
    ""url"": ""[オプチャURL]"",
    ""action_id"": ""ua4O1UzrwOxm"",
    ""expiration_type"": ""none""
  }
]","","","面談予約済／商談中／成約／営業停止は除外","次メッセージまたは状態分岐","YouTube原文・絵文字・パネル構成を転用。URLと日時だけ媒体変数へ差し替える。","https://drive.usercontent.google.com/download?id=18_-EvW5CpNIrGCZBv1LQ61iuaXjGS7y3&export=view&confirm=t","=IF(U130="""","""",IMAGE(U130))","本文直前（画像→本文→CTA）","金子さん向けオプチャ案内","吉本さんDrive原案 META_SEMINAR_22_金子さん_オプチャ案内.png を原寸・無加工で使用。本文・絵文字・分岐・配信時刻は承認済み行を維持する。","","","","",""
