"ファネル","承認元シート","No.","シナリオ順","シナリオ名","配信区分","区分内順","媒体","管理名称","配信基準","配信タイミング","ステータス","送信元","件名","本文_M（原本）","本文_N（構造化原本）","本文_O（転記候補）","本文_P（補助文）","URL・ボタン／アクション","配信条件","UTAGE編集URL","メッセージID"
"YouTube_ゆっくりAI","REVIEW_YouTube_ゆっくりAI_20260810","1","ACTION","YT_00_ゆっくりAI入口","アクション","1","LINE","ACT-ENTRY","状態遷移","新規LINE登録時","レビュー確定（要UTAGE実装）","","","ゆっくりAI専用の新規読者としてsrc_youtube_yukkuri_aiを付与し、キーワード受付を開始。表示用動画名は[ゆっくりAI動画名]。既存読者は旧ルートを完走させる。","ゆっくりAI専用の新規読者としてsrc_youtube_yukkuri_aiを付与し、キーワード受付を開始。表示用動画名は[ゆっくりAI動画名]。既存読者は旧ルートを完走させる。","ゆっくりAI専用の新規読者としてsrc_youtube_yukkuri_aiを付与し、キーワード受付を開始。表示用動画名は[ゆっくりAI動画名]。既存読者は旧ルートを完走させる。","ゆっくりAI専用の新規読者としてsrc_youtube_yukkuri_aiを付与し、キーワード受付を開始。表示用動画名は[ゆっくりAI動画名]。既存読者は旧ルートを完走させる。","src_youtube_yukkuri_ai付与→登録直後シナリオ開始","ゆっくりAI専用新規LINE登録経路のみ。2026-08-10以降の新規流入。","[UTAGE実装時作成]","ACT-ENTRY"
"YouTube_ゆっくりAI","REVIEW_YouTube_ゆっくりAI_20260810","2","ACTION","YT_05_特典配布完了","アクション","1","LINE","ACT-BENEFIT-DELIVERED","状態遷移","キーワード受信時","レビュー確定（要UTAGE実装）","","","特典受信を成立点として、登録直後・キーワード催促を停止し、特典配布完了へ即時遷移。特典リンクのクリック有無では分岐しない。","特典受信を成立点として、登録直後・キーワード催促を停止し、特典配布完了へ即時遷移。特典リンクのクリック有無では分岐しない。","特典受信を成立点として、登録直後・キーワード催促を停止し、特典配布完了へ即時遷移。特典リンクのクリック有無では分岐しない。","特典受信を成立点として、登録直後・キーワード催促を停止し、特典配布完了へ即時遷移。特典リンクのクリック有無では分岐しない。","登録直後/キーワード催促を停止→特典配布完了シナリオ開始","キーワード受信。予約完了・面談済み・成約・営業停止は除外。","[UTAGE実装時作成]","ACT-BENEFIT-DELIVERED"
"YouTube_ゆっくりAI","REVIEW_YouTube_ゆっくりAI_20260810","3","ACTION","YT_15_Zoomサポート予約完了","アクション","1","LINE","ACT-SUPPORT-BOOKED","状態遷移","予約完了時","レビュー確定（要UTAGE実装）","","","Zoomサポート会の予約完了を停止点とし、Zoomサポート募集と下位オファーを停止。予約リマインドだけを配信する。","Zoomサポート会の予約完了を停止点とし、Zoomサポート募集と下位オファーを停止。予約リマインドだけを配信する。","Zoomサポート会の予約完了を停止点とし、Zoomサポート募集と下位オファーを停止。予約リマインドだけを配信する。","Zoomサポート会の予約完了を停止点とし、Zoomサポート募集と下位オファーを停止。予約リマインドだけを配信する。","Zoomサポート募集停止→予約リマインドへ移行","Zoomサポート予約完了。予約完了が判定できる連携を使用。","[UTAGE実装時作成]","ACT-SUPPORT-BOOKED"
"YouTube_ゆっくりAI","REVIEW_YouTube_ゆっくりAI_20260810","4","ACTION","YT_19_Zoomサポート受付終了","アクション","1","LINE","ACT-SUPPORT-EXPIRE","状態遷移","シナリオ流入翌日 23:59","レビュー確定（要UTAGE実装）","","","Zoomサポート会未予約者の募集を終了し、翌朝06:00からYouTube/Instagram共通セミナー募集へ移行。","Zoomサポート会未予約者の募集を終了し、翌朝06:00からYouTube/Instagram共通セミナー募集へ移行。","Zoomサポート会未予約者の募集を終了し、翌朝06:00からYouTube/Instagram共通セミナー募集へ移行。","Zoomサポート会未予約者の募集を終了し、翌朝06:00からYouTube/Instagram共通セミナー募集へ移行。","Zoomサポート募集停止→翌朝06:00セミナー募集開始","Zoomサポート未予約者のみ。予約完了・面談済み・成約・営業停止は除外。","[UTAGE実装時作成]","ACT-SUPPORT-EXPIRE"
"YouTube_ゆっくりAI","REVIEW_YouTube_ゆっくりAI_20260810","5","ACTION","YT_25_セミナー申込完了","アクション","1","LINE","ACT-SEM-REG","状態遷移","セミナー申込完了時","レビュー確定（要UTAGE実装）","","","選択した日程のセミナー申込完了を成立点とし、未申込者向け募集を全停止。申込日程のリマインドへ移行する。","選択した日程のセミナー申込完了を成立点とし、未申込者向け募集を全停止。申込日程のリマインドへ移行する。","選択した日程のセミナー申込完了を成立点とし、未申込者向け募集を全停止。申込日程のリマインドへ移行する。","選択した日程のセミナー申込完了を成立点とし、未申込者向け募集を全停止。申込日程のリマインドへ移行する。","セミナー募集停止→申込日程リマインドへ移行","セミナー申込完了。日程1・日程2のイベントごとに判定。","[UTAGE実装時作成]","ACT-SEM-REG"
"YouTube_ゆっくりAI","REVIEW_YouTube_ゆっくりAI_20260810","6","ACTION","YT_26_日程不可VSL即時開始","アクション","1","LINE","ACT-NODATE-VSL","状態遷移","「どちらの日程も合わない」初回クリック時","レビュー確定（要UTAGE実装）","","","セミナー募集を即時停止し、「前回企画のダイジェスト版」として72時間VSLを開始。初回クリック時刻を期限起点として固定し、再クリックで延長しない。","セミナー募集を即時停止し、「前回企画のダイジェスト版」として72時間VSLを開始。初回クリック時刻を期限起点として固定し、再クリックで延長しない。","セミナー募集を即時停止し、「前回企画のダイジェスト版」として72時間VSLを開始。初回クリック時刻を期限起点として固定し、再クリックで延長しない。","セミナー募集を即時停止し、「前回企画のダイジェスト版」として72時間VSLを開始。初回クリック時刻を期限起点として固定し、再クリックで延長しない。","セミナー募集停止→72時間VSL即時開始","日程不可ボタン初回クリック。既にVSL中・面談予約済み・面談済みは除外。","[UTAGE実装時作成]","ACT-NODATE-VSL"
"YouTube_ゆっくりAI","REVIEW_YouTube_ゆっくりAI_20260810","7","ACTION","YT_29_第2日程終了未申込","アクション","1","LINE","ACT-SEM2-END-NOREG","状態遷移","第2日程終了の翌朝 06:00","レビュー確定（要UTAGE実装）","","","2日程とも未申込だった人を確認ボタンなしで72時間VSLへ自動移行する。","2日程とも未申込だった人を確認ボタンなしで72時間VSLへ自動移行する。","2日程とも未申込だった人を確認ボタンなしで72時間VSLへ自動移行する。","2日程とも未申込だった人を確認ボタンなしで72時間VSLへ自動移行する。","セミナー募集停止→72時間VSL開始","第2日程終了時点でセミナー未申込。面談予約済み・面談済み・成約・営業停止は除外。","[UTAGE実装時作成]","ACT-SEM2-END-NOREG"
"YouTube_ゆっくりAI","REVIEW_YouTube_ゆっくりAI_20260810","8","ACTION","YT_30_開催翌朝面談案内","アクション","1","LINE","ACT-POSTSEM-CONSULT","状態遷移","本人が申し込んだセミナー開催翌朝 06:00","レビュー確定（要UTAGE実装）","","","セミナー申込済み・個別ロードマップ作成会未予約者へ面談案内を開始。受付は当日23:59で厳密に終了する。","セミナー申込済み・個別ロードマップ作成会未予約者へ面談案内を開始。受付は当日23:59で厳密に終了する。","セミナー申込済み・個別ロードマップ作成会未予約者へ面談案内を開始。受付は当日23:59で厳密に終了する。","セミナー申込済み・個別ロードマップ作成会未予約者へ面談案内を開始。受付は当日23:59で厳密に終了する。","セミナーリマインド停止→面談案内開始","セミナー申込済みかつ面談未予約。参加/欠席は判定しない。","[UTAGE実装時作成]","ACT-POSTSEM-CONSULT"
"YouTube_ゆっくりAI","REVIEW_YouTube_ゆっくりAI_20260810","9","ACTION","YT_39_面談受付終了","アクション","1","LINE","ACT-POSTSEM-CONSULT-EXPIRE","状態遷移","面談案内当日 23:59","レビュー確定（要UTAGE実装）","","","個別ロードマップ作成会の受付を実際にクローズし、未予約者を翌朝06:00から72時間VSLへ移行する。","個別ロードマップ作成会の受付を実際にクローズし、未予約者を翌朝06:00から72時間VSLへ移行する。","個別ロードマップ作成会の受付を実際にクローズし、未予約者を翌朝06:00から72時間VSLへ移行する。","個別ロードマップ作成会の受付を実際にクローズし、未予約者を翌朝06:00から72時間VSLへ移行する。","面談案内停止→翌朝06:00に72時間VSL開始","面談未予約者のみ。受付フォームも23:59で閉鎖。","[UTAGE実装時作成]","ACT-POSTSEM-CONSULT-EXPIRE"
"YouTube_ゆっくりAI","REVIEW_YouTube_ゆっくりAI_20260810","10","ACTION","YT_45_VSL視聴開始","アクション","1","LINE","ACT-VSL-START","状態遷移","VSL視聴開始時","レビュー確定（要UTAGE実装）","","","未視聴者向け案内を即時停止し、途中視聴者向けの配信だけを有効化する。","未視聴者向け案内を即時停止し、途中視聴者向けの配信だけを有効化する。","未視聴者向け案内を即時停止し、途中視聴者向けの配信だけを有効化する。","未視聴者向け案内を即時停止し、途中視聴者向けの配信だけを有効化する。","未視聴シーケンス停止→途中視聴シーケンス開始","72時間VSL有効期間内。面談予約済み・面談済みは除外。","[UTAGE実装時作成]","ACT-VSL-START"
"YouTube_ゆっくりAI","REVIEW_YouTube_ゆっくりAI_20260810","11","ACTION","YT_55_VSL視聴完了","アクション","1","LINE","ACT-VSL-COMPLETE","状態遷移","VSL視聴完了時","レビュー確定（要UTAGE実装）","","","未視聴・途中視聴シーケンスを即時停止し、個別面談案内へ移行する。","未視聴・途中視聴シーケンスを即時停止し、個別面談案内へ移行する。","未視聴・途中視聴シーケンスを即時停止し、個別面談案内へ移行する。","未視聴・途中視聴シーケンスを即時停止し、個別面談案内へ移行する。","VSL視聴催促停止→面談案内開始","VSL視聴完了かつ面談未予約。","[UTAGE実装時作成]","ACT-VSL-COMPLETE"
"YouTube_ゆっくりAI","REVIEW_YouTube_ゆっくりAI_20260810","12","ACTION","YT_65_VSL期限切れ","アクション","1","LINE","ACT-VSL-EXPIRE","状態遷移","VSL起点から72時間後","レビュー確定（要UTAGE実装）","","","VSL関連配信をすべて停止。面談未予約者をオープンチャット案内へ移行する。","VSL関連配信をすべて停止。面談未予約者をオープンチャット案内へ移行する。","VSL関連配信をすべて停止。面談未予約者をオープンチャット案内へ移行する。","VSL関連配信をすべて停止。面談未予約者をオープンチャット案内へ移行する。","VSL全配信停止→オプチャ案内開始","VSL開始から72時間経過かつ面談未予約・面談未実施。","[UTAGE実装時作成]","ACT-VSL-EXPIRE"
"YouTube_ゆっくりAI","REVIEW_YouTube_ゆっくりAI_20260810","13","ACTION","YT_70_面談予約完了","アクション","1","LINE","ACT-RM-BOOK","状態遷移","個別面談の予約完了時","レビュー確定（要UTAGE実装）","","","メインLINEと個別面談LINEの両方で、VSL・面談催促・期限・オプチャなど他オファーを全停止。面談リマインドだけを残す。","メインLINEと個別面談LINEの両方で、VSL・面談催促・期限・オプチャなど他オファーを全停止。面談リマインドだけを残す。","メインLINEと個別面談LINEの両方で、VSL・面談催促・期限・オプチャなど他オファーを全停止。面談リマインドだけを残す。","メインLINEと個別面談LINEの両方で、VSL・面談催促・期限・オプチャなど他オファーを全停止。面談リマインドだけを残す。","全オファー停止→面談リマインドのみ","予約ページクリックではなく予約完了。別LINEとの連携IDはUTAGE実装時に実値確認。","[UTAGE実装時作成]","ACT-RM-BOOK"
"YouTube_ゆっくりAI","REVIEW_YouTube_ゆっくりAI_20260810","14","ACTION","YT_81_無断欠席","アクション","1","LINE","ACT-RM-NOSHOW","状態遷移","面談無断欠席判定時","レビュー確定（要UTAGE実装）","","","YouTube既存運用と同じ3通の再案内を開始。3通後も再予約がなければ見込み弱としてオプチャへ移行する。","YouTube既存運用と同じ3通の再案内を開始。3通後も再予約がなければ見込み弱としてオプチャへ移行する。","YouTube既存運用と同じ3通の再案内を開始。3通後も再予約がなければ見込み弱としてオプチャへ移行する。","YouTube既存運用と同じ3通の再案内を開始。3通後も再予約がなければ見込み弱としてオプチャへ移行する。","面談再案内3通→未再予約ならオプチャ","無断欠席者。再予約完了時は全催促を停止。","[UTAGE実装時作成]","ACT-RM-NOSHOW"
"YouTube_ゆっくりAI","REVIEW_YouTube_ゆっくりAI_20260810","15","ACTION","YT_90_オプチャクリック","アクション","1","LINE","ACT-OPENCHAT-CLICK","状態遷移","オプチャリンク初回クリック時","レビュー確定（要UTAGE実装）","","","オプチャ案内シーケンスを停止し、同じ案内の重複送信を防止する。","オプチャ案内シーケンスを停止し、同じ案内の重複送信を防止する。","オプチャ案内シーケンスを停止し、同じ案内の重複送信を防止する。","オプチャ案内シーケンスを停止し、同じ案内の重複送信を防止する。","オプチャ案内停止","面談未実施者のみ。面談済みは自動配信対象外。","[UTAGE実装時作成]","ACT-OPENCHAT-CLICK"
"YouTube_ゆっくりAI","REVIEW_YouTube_ゆっくりAI_20260810","16","ACTION","YT_99_面談完了","アクション","1","LINE","ACT-MEETING-COMPLETE","状態遷移","面談完了を手動または連携で確定時","レビュー確定（要UTAGE実装）","","","面談済みをゴールとし、すべての自動営業配信から除外する。失注後のオプチャ案内は手動で切り替える。","面談済みをゴールとし、すべての自動営業配信から除外する。失注後のオプチャ案内は手動で切り替える。","面談済みをゴールとし、すべての自動営業配信から除外する。失注後のオプチャ案内は手動で切り替える。","面談済みをゴールとし、すべての自動営業配信から除外する。失注後のオプチャ案内は手動で切り替える。","全自動営業配信停止→ゴール","面談完了者。自動オプチャ対象から除外。","[UTAGE実装時作成]","ACT-MEETING-COMPLETE"
"YouTube_ゆっくりAI","REVIEW_YouTube_ゆっくりAI_20260810","17","1","登録直後","ステップ配信","1","LINE","","","登録直後","稼働中","","","
%line_name%さん、登録ありがとうございます！すやです😊🎉

さっそくですが、ご覧いただいた動画の特典をお渡ししますね🎁

このLINEに 👇
▶️ 動画概要欄に記載のキーワード
を、そのまま送ってください✨

確認でき次第、その場ですぐにお届けします📩🔥","【LINEメッセージ 1／text】
%line_name%さん、登録ありがとうございます！すやです😊🎉

さっそくですが、ご覧いただいた動画の特典をお渡ししますね🎁

このLINEに 👇
▶️ 動画概要欄に記載のキーワード
を、そのまま送ってください✨

確認でき次第、その場ですぐにお届けします📩🔥","%line_name%さん、登録ありがとうございます！すやです😊🎉

さっそくですが、ご覧いただいた動画の特典をお渡ししますね🎁

このLINEに 👇
▶️ 動画概要欄に記載のキーワード
を、そのまま送ってください✨

確認でき次第、その場ですぐにお届けします📩🔥","[name]さん、登録ありがとうございます。すやです。

特典をお送りします。

このLINEに
動画内でお伝えしたキーワードを、そのまま送ってください。確認でき次第、すぐにお渡しします。","","ゆっくりAI専用LINE登録経路／src_youtube_yukkuri_aiを付与／キーワード未送信。予約完了・面談済み・成約・営業停止は除外。","https://utage-system.com/account/Y86og5tIw1hZ/scenario/LtfGAaFIOBrD/step/line/HgjvN8CYjPDK/edit","HgjvN8CYjPDK"
"YouTube_ゆっくりAI","REVIEW_YouTube_ゆっくりAI_20260810","18","1","登録直後","ステップ配信","2","LINE","","","0日後 0:10","稼働中","","","
%line_name%さん、キーワードの送信は大丈夫そうですか？👀

このLINEに 💬  動画概要欄に記載のキーワードを送ると、特典がその場でパッと届きます🎁✨

「あれ、どの動画だったっけ…？」ってなっちゃった方は、動画名やURLを送ってくださいね🙆‍♂️ こちらで確認します！😌","【LINEメッセージ 1／text】
%line_name%さん、キーワードの送信は大丈夫そうですか？👀

このLINEに 💬 動画で案内された合言葉 を送ると、特典がその場でパッと届きます🎁✨

「あれ、どの動画だったっけ…？」ってなっちゃった方は、動画名やURLを送ってくださいね🙆‍♂️ こちらで確認します！😌","%line_name%さん、キーワードの送信は大丈夫そうですか？👀

このLINEに 💬 動画で案内された合言葉 を送ると、特典がその場でパッと届きます🎁✨

「あれ、どの動画だったっけ…？」ってなっちゃった方は、動画名やURLを送ってくださいね🙆‍♂️ こちらで確認します！😌","[name]さん、キーワードの送信は大丈夫そうですか？

このLINEに キーワードを送っていただけると、動画でご案内した特典を受け取れます。

どの動画だったか分からなくなった場合は、動画名やURLを送ってください。こちらで確認します。","","ゆっくりAI専用LINE登録経路／src_youtube_yukkuri_ai／キーワード未送信者のみ。キーワード受信時に登録直後シナリオを停止し、特典配布完了シナリオへ遷移。","https://utage-system.com/account/Y86og5tIw1hZ/scenario/LtfGAaFIOBrD/step/line/jhGqM81RS7kn/edit","jhGqM81RS7kn"
"YouTube_ゆっくりAI","REVIEW_YouTube_ゆっくりAI_20260810","19","2","サポート会_特典リンク未クリック","ステップ配信","1","LINE","SUP-A01","","30分 後","廃止対象（UTAGEで停止）","","","
%line_name%さん、先ほどの「特典」、まだ開けていないみたいでした👀

忙しいと、受け取っただけで後回しになっちゃいますよね😌 まず保存だけでもしておいてくださいね。

※もう一度受け取りたい場合は、先ほどのキーワードをこのLINEに送ってくださいね💡","【LINEメッセージ 1／text】
%line_name%さん、先ほどの「特典」、まだ開けていないみたいでした👀

忙しいと、受け取っただけで後回しになっちゃいますよね😌 まず保存だけでもしておいてくださいね。

※もう一度受け取りたい場合は、先ほどの合言葉をこのLINEに送ってくださいね💡","%line_name%さん、先ほどの「特典」、まだ開けていないみたいでした👀

忙しいと、受け取っただけで後回しになっちゃいますよね😌 まず保存だけでもしておいてくださいね。

※もう一度受け取りたい場合は、先ほどの合言葉をこのLINEに送ってくださいね💡","送っていただきありがとうございます。

こちらで特典を特定したいので、見ていたYouTube動画のタイトルかURLを送ってもらえますか？確認でき次第、該当の特典をお送りします。","","使用禁止：特典リンクのクリック有無では分岐しない","https://utage-system.com/account/Y86og5tIw1hZ/scenario/PH1yn5gcw4yb/step/line/bvZVJd3EkGg5/edit","bvZVJd3EkGg5"
"YouTube_ゆっくりAI","REVIEW_YouTube_ゆっくりAI_20260810","20","2","サポート会_特典リンク未クリック","ステップ配信","2","LINE","SUP-A02","","4時間 後","廃止対象（UTAGEで停止）","","","特典🎁を受け取っていただいた方には、特典を活用していただくための30分のZoomサポート会を用意しています😊
是非この機会にご活用ください👇
https://utage-system.com/event/HKyoHqSFnPvU/register","【LINEメッセージ 1／text】
特典を見る前でも参加OKな、30分のZoom活用サポート会を用意していますよ😊

「自分の場合はどこから使えばいい？」を一緒に整理する場です👀 必要があれば私たちのサービスもご案内しますが、無理に決める必要はまったくありません✨","特典を見る前でも参加OKな、30分のZoom活用サポート会を用意していますよ😊

「自分の場合はどこから使えばいい？」を一緒に整理する場です👀 必要があれば私たちのサービスもご案内しますが、無理に決める必要はまったくありません✨","[name]さん、お待たせしました。

特典の 「[特典名]」 です。

これを使うと、[特典で得られること]。まずはこちらから受け取ってください。

[特典URL]

受け取ったあと、使い方で迷わないための無料サポートも案内します。","","使用禁止：特典リンクのクリック有無では分岐しない","https://utage-system.com/account/Y86og5tIw1hZ/scenario/PH1yn5gcw4yb/step/line/CQ6G6Icjx77d/edit","CQ6G6Icjx77d"
"YouTube_ゆっくりAI","REVIEW_YouTube_ゆっくりAI_20260810","21","2","サポート会_特典リンク未クリック","ステップ配信","3","LINE","SUP-A03","","1日後 10:00","廃止対象（UTAGEで停止）","","","
{
  ""original_content_url"": ""https://utagesystem.s3.ap-northeast-1.wasabisys.com/GX6OYW2fVtRD/jJ4FvI0TtE50.png""
}

────────────

【LINEメッセージ 2／text】
%line_name%さん、Zoomサポート会の申し込みはお済みでしょうか？

特典をご覧になっていなくても全く問題ございません🔥 一緒に使い方をマスターしてしまいましょう👇

────────────

【LINEメッセージ 3／button】
{
  ""alt_text"": ""【個別】ZOOMサポート会のご案内"",
  ""react_type"": ""free"",
  ""react_press_again_text"": null,
  ""thumbnail_image_url"": null,
  ""title"": ""ZOOMサポート会"",
  ""text"": ""Zoom30分・名前とメールだけで予約OK"",
  ""actions"": [
    {
      ""type"": ""url"",
      ""label"": ""ZOOMサポート会に申し込む"",
      ""uri"": ""https://utage-system.com/event/HKyoHqSFnPvU/register"",
      ""add_label_id"": null,
      ""del_label_id"": null
    }
  ]
}","【LINEメッセージ 1／image】
{
  ""original_content_url"": ""https://utagesystem.s3.ap-northeast-1.wasabisys.com/GX6OYW2fVtRD/jJ4FvI0TtE50.png""
}

────────────

【LINEメッセージ 2／text】
%line_name%さん、特典は読んでから面談に来なくても大丈夫ですよ😊

むしろ、まだ手を付けられていない状態から「最初の一歩」を決めるために使っちゃいましょう🔥 Zoomで３０分です👇

────────────

【LINEメッセージ 3／button】
{
  ""alt_text"": ""【個別】AI活用サポート会（Zoom30分）のご案内"",
  ""react_type"": ""free"",
  ""react_press_again_text"": null,
  ""thumbnail_image_url"": null,
  ""title"": ""AI個別サポート会"",
  ""text"": ""Zoom30分・名前とメールだけで予約OK"",
  ""actions"": [
    {
      ""type"": ""url"",
      ""label"": ""サポート会に申し込む"",
      ""uri"": ""https://utage-system.com/event/HKyoHqSFnPvU/register"",
      ""add_label_id"": null,
      ""del_label_id"": null
    }
  ]
}","%line_name%さん、特典は読んでから面談に来なくても大丈夫ですよ😊

むしろ、まだ手を付けられていない状態から「最初の一歩」を決めるために使っちゃいましょう🔥 Zoomで３０分です👇","[name]さん、先ほどの「[特典名]」はまだ開けていないようでした。

忙しいと、受け取っただけで後回しになりやすいですよね。まず保存だけでもしておいてください。

[特典URL]","[
  {
    ""url"": ""https://utage-system.com/event/HKyoHqSFnPvU/register"",
    ""action_id"": ""CuTNunOkS4Ul"",
    ""expiration_type"": ""none""
  }
]","使用禁止：特典リンクのクリック有無では分岐しない","https://utage-system.com/account/Y86og5tIw1hZ/scenario/PH1yn5gcw4yb/step/line/ifotTltN9ImD/edit","ifotTltN9ImD"
"YouTube_ゆっくりAI","REVIEW_YouTube_ゆっくりAI_20260810","22","2","サポート会_特典リンク未クリック","ステップ配信","4","LINE","SUP-A04","","1日後 19:00","廃止対象（UTAGEで停止）","","","
情報を集めるだけで終わらせないために😌

Zoomサポート会にぜひお越しください🎁","【LINEメッセージ 1／text】
情報を集めるだけで終わらせないために😌

AIで何ができるかより、自分の状況で何をやるかが決まると、ぐっと動きやすくなりますよ💪 特典の使い方を、あなた向けに整理しますね🎁","情報を集めるだけで終わらせないために😌

AIで何ができるかより、自分の状況で何をやるかが決まると、ぐっと動きやすくなりますよ💪 特典の使い方を、あなた向けに整理しますね🎁","特典を見る前でも参加できる、30分のZoom活用サポート会を用意しています。

「自分の場合はどこから使えばいい？」を一緒に整理する場です。是非ご活用ください。","","使用禁止：特典リンクのクリック有無では分岐しない","https://utage-system.com/account/Y86og5tIw1hZ/scenario/PH1yn5gcw4yb/step/line/OndQwf3kv8kl/edit","OndQwf3kv8kl"
"YouTube_ゆっくりAI","REVIEW_YouTube_ゆっくりAI_20260810","23","2","サポート会_特典リンク未クリック","ステップ配信","5","LINE","SUP-A05","","2日後 10:00","廃止対象（UTAGEで停止）","","","
無料のZoomサポート会をご案内できるのは、本日までとなります⏰

お早めにお申し込みください👇

────────────

【LINEメッセージ 2／button】
{
  ""alt_text"": ""【個別】ZOOMサポート会（本日まで）のご案内"",
  ""react_type"": ""free"",
  ""react_press_again_text"": null,
  ""thumbnail_image_url"": null,
  ""title"": ""ZOOMサポート会"",
  ""text"": ""無料受付は本日まで・Zoom30分"",
  ""actions"": [
    {
      ""type"": ""url"",
      ""label"": ""ZOOMサポート会に申し込む"",
      ""uri"": ""https://utage-system.com/event/HKyoHqSFnPvU/register"",
      ""add_label_id"": null,
      ""del_label_id"": null
    }
  ]
}","【LINEメッセージ 1／text】
無料の活用サポート会をご案内できるのは、本日までなんです⏰

特典はこの後も見られますよ😊 今日までなのは、私たちが個別に整理する30分枠の受付だけです👇

────────────

【LINEメッセージ 2／button】
{
  ""alt_text"": ""【個別】AI活用サポート会（本日まで）のご案内"",
  ""react_type"": ""free"",
  ""react_press_again_text"": null,
  ""thumbnail_image_url"": null,
  ""title"": ""AI個別サポート会"",
  ""text"": ""無料受付は本日まで・Zoom30分"",
  ""actions"": [
    {
      ""type"": ""url"",
      ""label"": ""サポート会に申し込む"",
      ""uri"": ""https://utage-system.com/event/HKyoHqSFnPvU/register"",
      ""add_label_id"": null,
      ""del_label_id"": null
    }
  ]
}","無料の活用サポート会をご案内できるのは、本日までなんです⏰

特典はこの後も見られますよ😊 今日までなのは、私たちが個別に整理する30分枠の受付だけです👇","[name]さん、特典を使う前に面談に来ていただいても全く問題ありません。

むしろ、まだ手を付けられていない状態から「最初の一歩」を決めるために使ってください。

[サポート会予約URL]","[
  {
    ""url"": ""https://utage-system.com/event/HKyoHqSFnPvU/register"",
    ""action_id"": ""CuTNunOkS4Ul"",
    ""expiration_type"": ""none""
  }
]","使用禁止：特典リンクのクリック有無では分岐しない","https://utage-system.com/account/Y86og5tIw1hZ/scenario/PH1yn5gcw4yb/step/line/ivBKWMlrnLV6/edit","ivBKWMlrnLV6"
"YouTube_ゆっくりAI","REVIEW_YouTube_ゆっくりAI_20260810","24","2","サポート会_特典リンク未クリック","ステップ配信","6","LINE","SUP-A06","","2日後 20:00","廃止対象（UTAGEで停止）","","","【LINEメッセージ 1／text】
%line_name%さん、最後のご案内です📣

特典の使い方をレクチャーする30分Zoomサポート会は、今日で受付を終了します⏰
まだ特典を見てなくても大丈夫ですよ😊
今のうちに枠だけ確保しちゃってください🙌","【LINEメッセージ 1／text】
%line_name%さん、最後のご案内です📣

特典を自分の行動に落とす30分Zoomは、今日で受付を終了します⏰
まだ特典を開いていなくても大丈夫ですよ😊
必要なら今のうちに枠だけ確保しちゃってくださいね🙌","%line_name%さん、最後のご案内です📣

特典を自分の行動に落とす30分Zoomは、今日で受付を終了します⏰
まだ特典を開いていなくても大丈夫ですよ😊
必要なら今のうちに枠だけ確保しちゃってくださいね🙌","情報を集めるだけで終わらせないために。

AIで何ができるかより、自分の状況で何をやるかが決まると動きやすくなります。[特典名]の使い方を、あなた向けにお伝えします。","","使用禁止：特典リンクのクリック有無では分岐しない","https://utage-system.com/account/Y86og5tIw1hZ/scenario/PH1yn5gcw4yb/step/line/bnlTD8AAv6rX/edit","bnlTD8AAv6rX"
"YouTube_ゆっくりAI","REVIEW_YouTube_ゆっくりAI_20260810","25","3","サポート会_特典クリック済・未予約","ステップ配信","1","LINE","SUP-B01","","0日後 0:30","稼働中","","","【LINEメッセージ 1／text】
%line_name%さん、お受け取りいただきありがとうございます😊

特典🎁を受け取っていただいた方には、特典を活用していただくための30分のZoomサポート会を用意しています🙌
是非この機会にご活用ください👇
https://utage-system.com/event/HKyoHqSFnPvU/register","【LINEメッセージ 1／text】
%line_name%さん、お受け取りいただきありがとうございます😊

読んで「自分なら何から始める？」が少しでも曖昧なら、30分の活用サポート会で一緒に整理できますよ✨","%line_name%さん、お受け取りいただきありがとうございます😊

読んで「自分なら何から始める？」が少しでも曖昧なら、30分の活用サポート会で一緒に整理できますよ✨","無料の活用サポート会をご案内できるのは、本日までです。

[サポート会予約URL]","","キーワード受信・特典配布完了／Zoomサポート未予約／サポートシナリオ入場の翌日23:59まで／予約完了・面談済み・営業停止は除外","https://utage-system.com/account/Y86og5tIw1hZ/scenario/0hGvItT6YXmd/step/line/VSxWlsxjSOm4/edit","VSxWlsxjSOm4"
"YouTube_ゆっくりAI","REVIEW_YouTube_ゆっくりAI_20260810","26","3","サポート会_特典クリック済・未予約","ステップ配信","2","LINE","SUP-B02","","0日後 3:00","稼働中","","","【LINEメッセージ 1／text】
特典は、自分の状況に当てはめると、一気に使いやすくなります💡

今の仕事・得意なこと・AI経験を伺いながら、特典の活用法をレクチャーいたします。
Zoomで30分、無料です😊","【LINEメッセージ 1／text】
特典は、読むだけより自分の状況に当てはめると、一気に使いやすくなるんです💡

今の仕事・得意なこと・AI経験を伺って、最初にやることを一緒に絞りますね。Zoom30分、無料です😊","特典は、読むだけより自分の状況に当てはめると、一気に使いやすくなるんです💡

今の仕事・得意なこと・AI経験を伺って、最初にやることを一緒に絞りますね。Zoom30分、無料です😊","[name]さん、最後のご案内です。

[特典名]を自分の行動に落とす30分Zoomは、今日で受付を終了します。まだ特典を開いていなくても大丈夫です。必要なら今のうちに予約だけ確保してください。","","キーワード受信・特典配布完了／Zoomサポート未予約／サポートシナリオ入場の翌日23:59まで／予約完了・面談済み・営業停止は除外","https://utage-system.com/account/Y86og5tIw1hZ/scenario/0hGvItT6YXmd/step/line/H72dD475005l/edit","H72dD475005l"
"YouTube_ゆっくりAI","REVIEW_YouTube_ゆっくりAI_20260810","27","3","サポート会_特典クリック済・未予約","ステップ配信","3","LINE","SUP-B03","","0日後 8:00","稼働中","","","【LINEメッセージ 1／text】
「まだ特典をしっかり読んでない」と思っている方でもお申込みいただいて大丈夫です😌

お気軽に申し込んでしまってください👇

────────────

【LINEメッセージ 2／button】
{
  ""alt_text"": ""【個別】ZOOMサポート会（準備不要）のご案内"",
  ""react_type"": ""free"",
  ""react_press_again_text"": null,
  ""thumbnail_image_url"": null,
  ""title"": ""ZOOMサポート会"",
  ""text"": ""準備・資料不要・Zoom30分"",
  ""actions"": [
    {
      ""type"": ""url"",
      ""label"": ""ZOOMサポート会に申し込む"",
      ""uri"": ""https://utage-system.com/event/HKyoHqSFnPvU/register"",
      ""add_label_id"": null,
      ""del_label_id"": null
    }
  ]
}","【LINEメッセージ 1／text】
「まだ相談するほど整理できていない」と思っている方ほど大丈夫ですよ😌

整理するための会なので、準備や資料はいりません🙆‍♂️ 必要があればサービスの案内もしますが、まずは特典を使える形にすることから始めましょう👇

────────────

【LINEメッセージ 2／button】
{
  ""alt_text"": ""【個別】AI活用サポート会（準備不要）のご案内"",
  ""react_type"": ""free"",
  ""react_press_again_text"": null,
  ""thumbnail_image_url"": null,
  ""title"": ""AI個別サポート会"",
  ""text"": ""準備・資料不要・Zoom30分"",
  ""actions"": [
    {
      ""type"": ""url"",
      ""label"": ""サポート会に申し込む"",
      ""uri"": ""https://utage-system.com/event/HKyoHqSFnPvU/register"",
      ""add_label_id"": null,
      ""del_label_id"": null
    }
  ]
}","「まだ相談するほど整理できていない」と思っている方ほど大丈夫ですよ😌

整理するための会なので、準備や資料はいりません🙆‍♂️ 必要があればサービスの案内もしますが、まずは特典を使える形にすることから始めましょう👇","[name]さん、特典をお受け取りくださりありがとうございます。

読んで「自分なら何から始める？」が少しでも曖昧なら、30分の活用サポート会で一緒に整理できます。","[
  {
    ""url"": ""https://utage-system.com/event/HKyoHqSFnPvU/register"",
    ""action_id"": ""CuTNunOkS4Ul"",
    ""expiration_type"": ""none""
  }
]","キーワード受信・特典配布完了／Zoomサポート未予約／サポートシナリオ入場の翌日23:59まで／予約完了・面談済み・営業停止は除外","https://utage-system.com/account/Y86og5tIw1hZ/scenario/0hGvItT6YXmd/step/line/ISdPRuI50WC6/edit","ISdPRuI50WC6"
"YouTube_ゆっくりAI","REVIEW_YouTube_ゆっくりAI_20260810","28","3","サポート会_特典クリック済・未予約","ステップ配信","4","LINE","SUP-B04","","1日後 9:00","稼働中","","","【LINEメッセージ 1／text】
今日のうちに予約だけしておけば、面談日までにゆっくり特典を読み直せます😊

名前とメールアドレスの2項目でサクッと予約できます🙆‍♂️","【LINEメッセージ 1／text】
知ったことを、今日の一歩へ🚀

特典の内容を、あなたの状況に合わせた行動へ一緒に落とし込みますね🙌","知ったことを、今日の一歩へ🚀

特典の内容を、あなたの状況に合わせた行動へ一緒に落とし込みますね🙌","特典は、読むだけより自分の状況に当てはめると一気に使いやすくなります。

今の仕事・得意なこと・AI経験を伺い、使い方をお伝えします。Zoom30分、無料です。","","キーワード受信・特典配布完了／Zoomサポート未予約／サポートシナリオ入場の翌日23:59まで／予約完了・面談済み・営業停止は除外","https://utage-system.com/account/Y86og5tIw1hZ/scenario/0hGvItT6YXmd/step/line/KLLhgMm16H3d/edit","KLLhgMm16H3d"
"YouTube_ゆっくりAI","REVIEW_YouTube_ゆっくりAI_20260810","29","3","サポート会_特典クリック済・未予約","ステップ配信","5","LINE","SUP-B05","","1日後 14:00","稼働中","","","","【LINEメッセージ 1／text】
%line_name%さんが今つまずいているのは、AIツールの不足ではなく「何に使うか」が決まっていないからかもしれません😌

その優先順位を、30分で一緒に整理しちゃいましょう💡","%line_name%さんが今つまずいているのは、AIツールの不足ではなく「何に使うか」が決まっていないからかもしれません😌

その優先順位を、30分で一緒に整理しちゃいましょう💡","「まだ相談するほど整理できていない」と思っている方でも大丈夫です。

準備や資料は不要です。お気軽にお越しください
[サポート会予約URL]","","キーワード受信・特典配布完了／Zoomサポート未予約／サポートシナリオ入場の翌日23:59まで／予約完了・面談済み・営業停止は除外","https://utage-system.com/account/Y86og5tIw1hZ/scenario/0hGvItT6YXmd/step/line/3GFwBEpTWkxT/edit","3GFwBEpTWkxT"
"YouTube_ゆっくりAI","REVIEW_YouTube_ゆっくりAI_20260810","30","3","サポート会_特典クリック済・未予約","ステップ配信","6","LINE","SUP-B06","","1日後 20:00","稼働中","","","【LINEメッセージ 1／text】
「まだ相談するほど特典を読み込んでいない」と思っている方でも大丈夫です🙆‍♂️

準備は不要です。お気軽にお越しください💡
https://utage-system.com/event/HKyoHqSFnPvU/register","【LINEメッセージ 1／text】
今日のうちに予約だけ取っておけば、面談日までにゆっくり特典を読み直せますよ😊

名前とメールアドレスの2項目でサクッと予約できます🙆‍♂️","今日のうちに予約だけ取っておけば、面談日までにゆっくり特典を読み直せますよ😊

名前とメールアドレスの2項目でサクッと予約できます🙆‍♂️","知ったことを、今日の一歩へ。

[特典名]の内容を、あなたの状況に合わせた行動へ落とし込みます。","","キーワード受信・特典配布完了／Zoomサポート未予約／サポートシナリオ入場の翌日23:59まで／予約完了・面談済み・営業停止は除外","https://utage-system.com/account/Y86og5tIw1hZ/scenario/0hGvItT6YXmd/step/line/zlqvHGMvQu6k/edit","zlqvHGMvQu6k"
"YouTube_ゆっくりAI","REVIEW_YouTube_ゆっくりAI_20260810","31","3","サポート会_特典クリック済・未予約","ステップ配信","7","LINE","SUP-B07","","1日後 22:00","稼働中","","","【LINEメッセージ 1／text】
ZOOMサポート会の無料受付は、本日までとなります⏰

一緒に特典を触ってみる機会が必要なら、今日中に日程を押さえておいてくださいね👇

────────────

【LINEメッセージ 2／button】
{
  ""alt_text"": ""【個別】ZOOMサポート会（本日まで）のご案内"",
  ""react_type"": ""free"",
  ""react_press_again_text"": null,
  ""thumbnail_image_url"": null,
  ""title"": ""ZOOMサポート会"",
  ""text"": ""無料受付は本日まで・Zoom30分"",
  ""actions"": [
    {
      ""type"": ""url"",
      ""label"": ""ZOOMサポート会に申し込む"",
      ""uri"": ""https://utage-system.com/event/HKyoHqSFnPvU/register"",
      ""add_label_id"": null,
      ""del_label_id"": null
    }
  ]
}","【LINEメッセージ 1／text】
活用サポート会の無料受付は、本日までなんです⏰

特典は引き続き使えますが、個別に一緒に整理する機会が必要なら、今日中に日程を押さえておいてくださいね👇

────────────

【LINEメッセージ 2／button】
{
  ""alt_text"": ""【個別】AI活用サポート会（本日まで）のご案内"",
  ""react_type"": ""free"",
  ""react_press_again_text"": null,
  ""thumbnail_image_url"": null,
  ""title"": ""AI個別サポート会"",
  ""text"": ""無料受付は本日まで・Zoom30分"",
  ""actions"": [
    {
      ""type"": ""url"",
      ""label"": ""サポート会に申し込む"",
      ""uri"": ""https://utage-system.com/event/HKyoHqSFnPvU/register"",
      ""add_label_id"": null,
      ""del_label_id"": null
    }
  ]
}","活用サポート会の無料受付は、本日までなんです⏰

特典は引き続き使えますが、個別に一緒に整理する機会が必要なら、今日中に日程を押さえておいてくださいね👇","[name]さんが今つまずいているのは、AIツールの不足ではなく「何に使うか」が決まっていないからかもしれません。

その優先順位を30分で一緒に整理します。","[
  {
    ""url"": ""https://utage-system.com/event/HKyoHqSFnPvU/register"",
    ""action_id"": ""CuTNunOkS4Ul"",
    ""expiration_type"": ""none""
  }
]","キーワード受信・特典配布完了／Zoomサポート未予約／受付終了前／予約完了・面談済み・営業停止は除外","https://utage-system.com/account/Y86og5tIw1hZ/scenario/0hGvItT6YXmd/step/line/dgt0YyCgh5YJ/edit","dgt0YyCgh5YJ"
"YouTube_ゆっくりAI","REVIEW_YouTube_ゆっくりAI_20260810","32","3","サポート会_特典クリック済・未予約","ステップ配信","8","LINE","SUP-B08","","1日後 23:30","稼働中","","","【LINEメッセージ 1／text】
本日で受付終了です⏰

特典を「いつか使う情報」で終わらせず、自分の行動へ変えたい方は、是非予約してくださいね🎁","【LINEメッセージ 1／text】
本日で受付終了です⏰

特典を「いつか使う情報」で終わらせず、自分の行動へ変えたい方は、最後にこちらから予約してくださいね🎁","本日で受付終了です⏰

特典を「いつか使う情報」で終わらせず、自分の行動へ変えたい方は、最後にこちらから予約してくださいね🎁","今日のうちに予約だけ取っておけば、面談日までに特典を読み直せます。

名前とメールアドレスの2項目だけで予約できます。","","キーワード受信・特典配布完了／Zoomサポート未予約／23:59で締切／予約完了・面談済み・営業停止は除外","https://utage-system.com/account/Y86og5tIw1hZ/scenario/0hGvItT6YXmd/step/line/4QUV65MbV9mp/edit","4QUV65MbV9mp"
"YouTube_ゆっくりAI","REVIEW_YouTube_ゆっくりAI_20260810","33","4","サポート会_予約ページ済・未予約","ステップ配信","1","LINE","SUP-C01","","15分 後","稼働中","","","【LINEメッセージ 1／text】
%line_name%さん、合う時間が見つからなかったでしょうか？枠は随時変わるので、もう一度のぞいてみてください😊","【LINEメッセージ 1／text】
%line_name%さん、日程ページまで見てくださったんですね👀

合う時間が見つからなかったでしょうか？枠は随時変わるので、もう一度のぞいてみてくださいね😊","%line_name%さん、日程ページまで見てくださったんですね👀

合う時間が見つからなかったでしょうか？枠は随時変わるので、もう一度のぞいてみてくださいね😊","活用サポート会の無料受付は本日までです。

特典は引き続き使えますが、個別に一緒に整理する機会が必要なら、今日中に日程を押さえてください。

[サポート会予約URL]","","Zoomサポート予約ページクリック済み・未予約／サポートシナリオ入場の翌日23:59まで／予約完了・面談済み・営業停止は除外","https://utage-system.com/account/Y86og5tIw1hZ/scenario/GFocMBuu6yEe/step/line/yLTL5md6OpN4/edit","yLTL5md6OpN4"
"YouTube_ゆっくりAI","REVIEW_YouTube_ゆっくりAI_20260810","34","4","サポート会_予約ページ済・未予約","ステップ配信","2","LINE","SUP-C02","","2時間 後","稼働中","","","【LINEメッセージ 1／text】
予約は名前とメールアドレスだけでサクッと完了します🙆‍♂️ 事前課題も準備もありません。

30分で「特典をどう使うか」「今どこから動くか」を一緒に整理しますね💡","【LINEメッセージ 1／text】
予約は名前とメールアドレスだけでサクッと完了します🙆‍♂️ 事前課題も資料準備もありません。

30分で「特典をどう使うか」「今どこから動くか」を一緒に整理しますね💡","予約は名前とメールアドレスだけでサクッと完了します🙆‍♂️ 事前課題も資料準備もありません。

30分で「特典をどう使うか」「今どこから動くか」を一緒に整理しますね💡","本日で受付終了です。

[特典名]を「いつか使う情報」で終わらせず、自分の行動へ変えたい方は、こちらから予約してください。","","Zoomサポート予約ページクリック済み・未予約／サポートシナリオ入場の翌日23:59まで／予約完了・面談済み・営業停止は除外","https://utage-system.com/account/Y86og5tIw1hZ/scenario/GFocMBuu6yEe/step/line/f8HFyXBreGR1/edit","f8HFyXBreGR1"
"YouTube_ゆっくりAI","REVIEW_YouTube_ゆっくりAI_20260810","35","4","サポート会_予約ページ済・未予約","ステップ配信","3","LINE","SUP-C03","","5時間 後","稼働中","","","【LINEメッセージ 1／text】
面談では、今の状況を聞いたうえで、特典の使い方を１on１でレクチャーいたします😊
AI活用でほかにも気になることがあれば、なんでも相談可能です
👇

────────────

【LINEメッセージ 2／button】
{
  ""alt_text"": ""【個別】ZOOMサポート会（Zoom30分）のご案内"",
  ""react_type"": ""free"",
  ""react_press_again_text"": null,
  ""thumbnail_image_url"": null,
  ""title"": ""ZOOMサポート会"",
  ""text"": ""ZOOM30分・その場で決断不要"",
  ""actions"": [
    {
      ""type"": ""url"",
      ""label"": ""ZOOMサポート会に申し込む"",
      ""uri"": ""https://utage-system.com/event/HKyoHqSFnPvU/register"",
      ""add_label_id"": null,
      ""del_label_id"": null
    }
  ]
}","【LINEメッセージ 1／text】
面談では、今の状況を聞いたうえで、具体的な次の一歩を一緒に作っていきます😊

必要に応じてAIひとり起業スクールもご案内しますが、その場で決断する必要はまったくありません👇

────────────

【LINEメッセージ 2／button】
{
  ""alt_text"": ""【個別】AI活用サポート会（Zoom30分）のご案内"",
  ""react_type"": ""free"",
  ""react_press_again_text"": null,
  ""thumbnail_image_url"": null,
  ""title"": ""AI個別サポート会"",
  ""text"": ""Zoom30分・その場で決断不要"",
  ""actions"": [
    {
      ""type"": ""url"",
      ""label"": ""サポート会に申し込む"",
      ""uri"": ""https://utage-system.com/event/HKyoHqSFnPvU/register"",
      ""add_label_id"": null,
      ""del_label_id"": null
    }
  ]
}","面談では、今の状況を聞いたうえで、具体的な次の一歩を一緒に作っていきます😊

必要に応じてAIひとり起業スクールもご案内しますが、その場で決断する必要はまったくありません👇","[name]さん、
予約可能日時は随時変わるので、もう一度確認してみてください。","[
  {
    ""url"": ""https://utage-system.com/event/HKyoHqSFnPvU/register"",
    ""action_id"": ""CuTNunOkS4Ul"",
    ""expiration_type"": ""none""
  }
]","Zoomサポート予約ページクリック済み・未予約／サポートシナリオ入場の翌日23:59まで／予約完了・面談済み・営業停止は除外","https://utage-system.com/account/Y86og5tIw1hZ/scenario/GFocMBuu6yEe/step/line/m50niGYgjnil/edit","m50niGYgjnil"
"YouTube_ゆっくりAI","REVIEW_YouTube_ゆっくりAI_20260810","36","4","サポート会_予約ページ済・未予約","ステップ配信","4","LINE","SUP-C04","","1日後 9:00","稼働中","","","【LINEメッセージ 1／text】
もし、迷われているようでしたら、予約しちゃいましょう🙌

まだ方向性が決まっていなくても、そこから一緒に整理できますよ😊","【LINEメッセージ 1／text】
迷っているうちに、まず30分だけ確保しちゃいましょう🙌

まだ方向性が決まっていなくても、そこから一緒に整理できますよ😊","迷っているうちに、まず30分だけ確保しちゃいましょう🙌

まだ方向性が決まっていなくても、そこから一緒に整理できますよ😊","予約は名前とメールアドレスだけで完了します。事前課題も資料準備もありません。

30分で「特典をどう使うか」をマスターできます。","","Zoomサポート予約ページクリック済み・未予約／サポートシナリオ入場の翌日23:59まで／予約完了・面談済み・営業停止は除外","https://utage-system.com/account/Y86og5tIw1hZ/scenario/GFocMBuu6yEe/step/line/JQUNV2nGfz4h/edit","JQUNV2nGfz4h"
"YouTube_ゆっくりAI","REVIEW_YouTube_ゆっくりAI_20260810","37","4","サポート会_予約ページ済・未予約","ステップ配信","5","LINE","SUP-C05","","1日後 12:00","稼働中","","","【LINEメッセージ 1／text】
「自分のレベルで申し込んで大丈夫かな？」という心配は不要です😌

AI初心者でも大丈夫です🙆‍♂️ ０から使い方を教えますのでご安心ください🎁","【LINEメッセージ 1／text】
「自分に相談していい内容かな？」という心配はいりませんよ😌

AI初心者でも、まだ商品がなくても大丈夫です🙆‍♂️ 特典を入口に、現状に合う使い方を一緒に考えますね🎁","「自分に相談していい内容かな？」という心配はいりませんよ😌

AI初心者でも、まだ商品がなくても大丈夫です🙆‍♂️ 特典を入口に、現状に合う使い方を一緒に考えますね🎁","面談では、今の状況を聞いたうえで具体的な次の一歩を一緒に作ります。


[サポート会予約URL]","","Zoomサポート予約ページクリック済み・未予約／サポートシナリオ入場の翌日23:59まで／予約完了・面談済み・営業停止は除外","https://utage-system.com/account/Y86og5tIw1hZ/scenario/GFocMBuu6yEe/step/line/h29JrXdkVU6w/edit","h29JrXdkVU6w"
"YouTube_ゆっくりAI","REVIEW_YouTube_ゆっくりAI_20260810","38","4","サポート会_予約ページ済・未予約","ステップ配信","6","LINE","SUP-C06","","1日後 18:00","稼働中","","","【LINEメッセージ 1／text】
日程ページを開いたまま予約を忘れちゃう方が多いので、念のためリマインドしますね😊

都合が変わった場合は、予約後の日程変更も可能です🙌","【LINEメッセージ 1／text】
日程ページを開いたまま予約を忘れちゃう方が多いので、念のためお送りしますね😊

都合が変わった場合は、予約後の日程変更もできますよ🙌","日程ページを開いたまま予約を忘れちゃう方が多いので、念のためお送りしますね😊

都合が変わった場合は、予約後の日程変更もできますよ🙌","迷っているうちに、まず30分だけ確保してみてください。

まだ方向性が決まっていなくても、問題ございません。","","Zoomサポート予約ページクリック済み・未予約／サポートシナリオ入場の翌日23:59まで／予約完了・面談済み・営業停止は除外","https://utage-system.com/account/Y86og5tIw1hZ/scenario/GFocMBuu6yEe/step/line/2HI0abxePPzX/edit","2HI0abxePPzX"
"YouTube_ゆっくりAI","REVIEW_YouTube_ゆっくりAI_20260810","39","4","サポート会_予約ページ済・未予約","ステップ配信","7","LINE","SUP-C07","","1日後 21:00","稼働中","","","【LINEメッセージ 1／text】
特典の内容、せっかくだから手を動かしてみたいんだけど・・・👀
と思われている方こそ、 ZOOMサポート会にお申し込みください。
一緒にAIを触りましょう👇

────────────

【LINEメッセージ 2／button】
{
  ""alt_text"": ""【個別】ZOOMサポート会（まず30分）のご案内"",
  ""react_type"": ""free"",
  ""react_press_again_text"": null,
  ""thumbnail_image_url"": null,
  ""title"": ""ZOOMサポート会"",
  ""text"": ""まず30分で道筋を明確に"",
  ""actions"": [
    {
      ""type"": ""url"",
      ""label"": ""ZOOMサポート会に申し込む"",
      ""uri"": ""https://utage-system.com/event/HKyoHqSFnPvU/register"",
      ""add_label_id"": null,
      ""del_label_id"": null
    }
  ]
}","【LINEメッセージ 1／text】
今日決めるのは、スクールへの参加ではありませんよ😌

まず30分話して、今の自分に必要な道筋を明らかにするかどうかです👀 必要ならこちらから枠を選んでくださいね👇

────────────

【LINEメッセージ 2／button】
{
  ""alt_text"": ""【個別】AI活用サポート会（まず30分）のご案内"",
  ""react_type"": ""free"",
  ""react_press_again_text"": null,
  ""thumbnail_image_url"": null,
  ""title"": ""AI個別サポート会"",
  ""text"": ""まず30分で道筋を明確に"",
  ""actions"": [
    {
      ""type"": ""url"",
      ""label"": ""サポート会に申し込む"",
      ""uri"": ""https://utage-system.com/event/HKyoHqSFnPvU/register"",
      ""add_label_id"": null,
      ""del_label_id"": null
    }
  ]
}","今日決めるのは、スクールへの参加ではありませんよ😌

まず30分話して、今の自分に必要な道筋を明らかにするかどうかです👀 必要ならこちらから枠を選んでくださいね👇","「自分が相談していい内容かな？」という心配は不要です。

AI初心者でも、まだビジネスを始めてなくても大丈夫。[特典名]を入口に、現状に合う使い方を考えます。","[
  {
    ""url"": ""https://utage-system.com/event/HKyoHqSFnPvU/register"",
    ""action_id"": ""CuTNunOkS4Ul"",
    ""expiration_type"": ""none""
  }
]","Zoomサポート予約ページクリック済み・未予約／サポートシナリオ入場の翌日23:59まで／予約完了・面談済み・営業停止は除外","https://utage-system.com/account/Y86og5tIw1hZ/scenario/GFocMBuu6yEe/step/line/CMf64P6WngBD/edit","CMf64P6WngBD"
"YouTube_ゆっくりAI","REVIEW_YouTube_ゆっくりAI_20260810","40","4","サポート会_予約ページ済・未予約","ステップ配信","8","LINE","SUP-C08","","1日後 22:00","稼働中","","","【LINEメッセージ 1／text】
Zoomサポート会の受付は本日までです⏰
","【LINEメッセージ 1／text】
無料受付は本日までです⏰

ページまで見て迷っていた方へ😊 準備なし・Zoom30分で参加できますよ✨","無料受付は本日までです⏰

ページまで見て迷っていた方へ😊 準備なし・Zoom30分で参加できますよ✨","日程ページを開いたまま予約を忘れてしまう方が多いので、念のためお送りします。

都合が変わった場合は、予約後の日程変更も可能です。","","Zoomサポート予約ページクリック済み・未予約／23:59で締切／予約完了・面談済み・営業停止は除外","https://utage-system.com/account/Y86og5tIw1hZ/scenario/GFocMBuu6yEe/step/line/3vvFFE2QRybT/edit","3vvFFE2QRybT"
"YouTube_ゆっくりAI","REVIEW_YouTube_ゆっくりAI_20260810","41","4","サポート会_予約ページ済・未予約","ステップ配信","9","LINE","SUP-C09","","1日後 23:00","稼働中","","","【LINEメッセージ 1／text】
%line_name%さん、受付終了が近づいてきました⏰

Zoomサポート会の無料枠は今日までです。合う時間があるかだけでも、のぞいてみてくださいね😊

https://utage-system.com/event/HKyoHqSFnPvU/register","【LINEメッセージ 1／text】
%line_name%さん、受付終了が近づいてきました⏰

特典は残りますが、個別に活用方法を整理する無料枠は今日までなんです。合う時間があるかだけでも、のぞいてみてくださいね😊","%line_name%さん、受付終了が近づいてきました⏰

特典は残りますが、個別に活用方法を整理する無料枠は今日までなんです。合う時間があるかだけでも、のぞいてみてくださいね😊","AIをまだ触ったことがない人こそ、まず30分話してみてください。こちらから予約枠を選んでください。

[サポート会予約URL]","","Zoomサポート予約ページクリック済み・未予約／23:59で締切／予約完了・面談済み・営業停止は除外","https://utage-system.com/account/Y86og5tIw1hZ/scenario/GFocMBuu6yEe/step/line/cAhwPE8tVflF/edit","cAhwPE8tVflF"
"YouTube_ゆっくりAI","REVIEW_YouTube_ゆっくりAI_20260810","42","4","サポート会_予約ページ済・未予約","ステップ配信","10","LINE","SUP-C10","","1日後 23:30","稼働中","","","【LINEメッセージ 1／text】
これで最後のご案内です📣

特典をきっかけに、AIを自分の仕事や事業へどうつなげるかを一緒に整理したい方は、受付終了前に予約を完了しておいてくださいね🙌","【LINEメッセージ 1／text】
これで最後のご案内です📣

特典をきっかけに、AIを自分の仕事や事業へどうつなげるかを一緒に整理したい方は、受付終了前に予約を完了しておいてくださいね🙌","これで最後のご案内です📣

特典をきっかけに、AIを自分の仕事や事業へどうつなげるかを一緒に整理したい方は、受付終了前に予約を完了しておいてくださいね🙌","無料受付は本日まで。

ページまで見て迷っていた方へ。準備なし・Zoomで参加できます。顔出しも不要です。","","Zoomサポート予約ページクリック済み・未予約／23:59で締切／予約完了・面談済み・営業停止は除外","https://utage-system.com/account/Y86og5tIw1hZ/scenario/GFocMBuu6yEe/step/line/tltNdpSYF83z/edit","tltNdpSYF83z"
"YouTube_ゆっくりAI","REVIEW_YouTube_ゆっくりAI_20260810","43","5","AI個別サポートセッションリマインダ","ステップ配信","1","メール","申込時","","登録直後","稼働中","すや / info-cosmos@xenomagic.com","【重要】%event_name%へのお申込みが完了しました","%name% 様

この度はお申込み頂き、本当にありがとうございます😊

お申込み頂いたご予約について
ご案内をお送りしますね📩


■　日程・参加方法
━━━━━━━━━━━━━━━━

%event_info%



当日は楽しみにしておりますのでよろしくお願いいたします🙌","%name% 様

この度は
%event_name%
にお申込み頂き、本当にありがとうございます😊

お申込み頂いたご予約について
ご案内をお送りしますね📩

■　お申込者情報
━━━━━━━━━━━━━━━━

お名前：%name%
メールアドレス：%mail%
電話番号：%phone%


■　日程・参加方法
━━━━━━━━━━━━━━━━

%event_info%


■　キャンセルについて
━━━━━━━━━━━━━━━━

キャンセルを希望される場合は事前に『必ず』ご連絡ください。


━━━━━━━━━━━━━━━━
%event_name%運営事務局
%from_mail%
━━━━━━━━━━━━━━━━","","[name]さん、受付終了が近づいています。

個別に活用方法を整理する無料枠は今日までです。合う時間があるかだけでも確認してみてください。","","Zoomサポート予約完了者のみ。予約完了時点でセミナー・VSL・オプチャを停止し、この予約リマインドだけ配信。","https://utage-system.com/account/Y86og5tIw1hZ/scenario/UFibyE5xmPyh/step/hcFlzVdtklq8/edit","hcFlzVdtklq8"
"YouTube_ゆっくりAI","REVIEW_YouTube_ゆっくりAI_20260810","44","5","AI個別サポートセッションリマインダ","リマインダ配信","1","メール","開催14日前","イベント参加日時","14日前の 8:00","稼働中","すや / info-cosmos@xenomagic.com","【開催14日前】%event_name%","%name% 様

この度はお申込み頂き、本当にありがとうございます😊

開催14日前になりましたので
リマインドをお送りしますね📩

■　日程・参加方法
━━━━━━━━━━━━━━━━

%event_info%



","%name% 様

この度は
%event_name%
にお申込み頂き、本当にありがとうございます😊

開催14日前になりましたので
リマインドをお送りしますね📩

■　お申込者情報
━━━━━━━━━━━━━━━━

お名前：%name%
メールアドレス：%mail%
電話番号：%phone%


■　日程・参加方法
━━━━━━━━━━━━━━━━

%event_info%


■　キャンセルについて
━━━━━━━━━━━━━━━━

キャンセルを希望される場合は事前に『必ず』ご連絡ください。


━━━━━━━━━━━━━━━━
%event_name%運営事務局
%from_mail%
━━━━━━━━━━━━━━━━","","これで最後のご案内です。

[特典名]をきっかけに、AIを自分の仕事や事業へどうつなげるかを一緒に整理したい方は、受付終了前に予約を完了してください。","","Zoomサポート予約完了者のみ。予約完了時点でセミナー・VSL・オプチャを停止し、この予約リマインドだけ配信。","https://utage-system.com/account/Y86og5tIw1hZ/scenario/UFibyE5xmPyh/reminder/ms9KNzEau9gB/edit","ms9KNzEau9gB"
"YouTube_ゆっくりAI","REVIEW_YouTube_ゆっくりAI_20260810","45","5","AI個別サポートセッションリマインダ","リマインダ配信","2","メール","開催7日前","イベント参加日時","7日前の 8:00","稼働中","すや / info-cosmos@xenomagic.com","【開催7日前】%event_name%","%name% 様


開催7日前になりましたので
リマインドをお送りしますね📩

■　日程・参加方法
━━━━━━━━━━━━━━━━

%event_info%


それでは来週、よろしくお願いいたします🙌","%name% 様

この度は
%event_name%
にお申込み頂き、本当にありがとうございます😊

開催7日前になりましたので
リマインドをお送りしますね📩

■　お申込者情報
━━━━━━━━━━━━━━━━

お名前：%name%
メールアドレス：%mail%
電話番号：%phone%


■　日程・参加方法
━━━━━━━━━━━━━━━━

%event_info%


■　キャンセルについて
━━━━━━━━━━━━━━━━

キャンセルを希望される場合は事前に『必ず』ご連絡ください。


━━━━━━━━━━━━━━━━
%event_name%運営事務局
%from_mail%
━━━━━━━━━━━━━━━━","","[name]さん、ご予約ありがとうございます。

日時： [面談日時]
形式： Zoom（30分）
参加URL： [ZoomURL]

当日は、今の状況と目指したいことを伺いながら、次の一歩を一緒に整理します。楽しみにしておりますのでよろしくお願いいたします。

日程変更はこちら：[日程変更URL]","","Zoomサポート予約完了者のみ。予約完了時点でセミナー・VSL・オプチャを停止し、この予約リマインドだけ配信。","https://utage-system.com/account/Y86og5tIw1hZ/scenario/UFibyE5xmPyh/reminder/swzxfS6n0w9k/edit","swzxfS6n0w9k"
"YouTube_ゆっくりAI","REVIEW_YouTube_ゆっくりAI_20260810","46","5","AI個別サポートセッションリマインダ","リマインダ配信","3","メール","開催3日前","イベント参加日時","3日前の 8:00","稼働中","すや / info-cosmos@xenomagic.com","【開催3日前】%event_name%","%name% 様



開催3日前になりましたので
リマインドをお送りしますね📩

■　日程・参加方法
━━━━━━━━━━━━━━━━

%event_info%


当日は何卒よろしくお願いいたします🙌","%name% 様

この度は
%event_name%
にお申込み頂き、本当にありがとうございます😊

開催3日前になりましたので
リマインドをお送りしますね📩

■　お申込者情報
━━━━━━━━━━━━━━━━

お名前：%name%
メールアドレス：%mail%
電話番号：%phone%


■　日程・参加方法
━━━━━━━━━━━━━━━━

%event_info%


■　キャンセルについて
━━━━━━━━━━━━━━━━

キャンセルを希望される場合は事前に『必ず』ご連絡ください。


━━━━━━━━━━━━━━━━
%event_name%運営事務局
%from_mail%
━━━━━━━━━━━━━━━━","","明日の面談の確認です。

[面談日時]／Zoom30分
[ZoomURL]

準備物はありません。都合が変わった場合は、こちらから変更してください。
[日程変更URL]","","Zoomサポート予約完了者のみ。予約完了時点でセミナー・VSL・オプチャを停止し、この予約リマインドだけ配信。","https://utage-system.com/account/Y86og5tIw1hZ/scenario/UFibyE5xmPyh/reminder/oxqv6hQ7XQCs/edit","oxqv6hQ7XQCs"
"YouTube_ゆっくりAI","REVIEW_YouTube_ゆっくりAI_20260810","47","5","AI個別サポートセッションリマインダ","リマインダ配信","4","メール","開催前日","イベント参加日時","1日前の 8:00","稼働中","すや / info-cosmos@xenomagic.com","【明日開催】%event_name%","%name% 様

この度はお申込み頂き、本当にありがとうございます😊

開催前日になりましたので
リマインドをお送りしますね📩

■　日程・参加方法
━━━━━━━━━━━━━━━━

%event_info%


明日は楽しみにしております👀","%name% 様

この度は
%event_name%
にお申込み頂き、本当にありがとうございます😊

開催前日になりましたので
リマインドをお送りしますね📩

■　お申込者情報
━━━━━━━━━━━━━━━━

お名前：%name%
メールアドレス：%mail%
電話番号：%phone%


■　日程・参加方法
━━━━━━━━━━━━━━━━

%event_info%


■　キャンセルについて
━━━━━━━━━━━━━━━━

キャンセルを希望される場合は事前に『必ず』ご連絡ください。


━━━━━━━━━━━━━━━━
%event_name%運営事務局
%from_mail%
━━━━━━━━━━━━━━━━","","[name]さん、本日が面談日です。

開始時刻になりましたら、こちらからZoomへお入りください。
[ZoomURL]

お話しできるのを楽しみにしています。","","Zoomサポート予約完了者のみ。予約完了時点でセミナー・VSL・オプチャを停止し、この予約リマインドだけ配信。","https://utage-system.com/account/Y86og5tIw1hZ/scenario/UFibyE5xmPyh/reminder/9SKShpBczhHZ/edit","9SKShpBczhHZ"
"YouTube_ゆっくりAI","REVIEW_YouTube_ゆっくりAI_20260810","48","5","AI個別サポートセッションリマインダ","リマインダ配信","5","メール","開催当日","イベント参加日時","当日の 8:00","稼働中","すや / info-cosmos@xenomagic.com","【本日開催】%event_name%","%name% 様

開催当日になりましたので
リマインドをお送りしますね📩
■　日程・参加方法
━━━━━━━━━━━━━━━━

%event_info%

本日はよろしくお願いいたします🙌","%name% 様

この度は
%event_name%
にお申込み頂き、本当にありがとうございます😊

開催当日になりましたので
リマインドをお送りしますね📩

■　お申込者情報
━━━━━━━━━━━━━━━━

お名前：%name%
メールアドレス：%mail%
電話番号：%phone%


■　日程・参加方法
━━━━━━━━━━━━━━━━

%event_info%


■　キャンセルについて
━━━━━━━━━━━━━━━━

キャンセルを希望される場合は事前に『必ず』ご連絡ください。


━━━━━━━━━━━━━━━━
%event_name%運営事務局
%from_mail%
━━━━━━━━━━━━━━━━","","面談まであと3時間です。

[面談日時]
[ZoomURL]","","Zoomサポート予約完了者のみ。予約完了時点でセミナー・VSL・オプチャを停止し、この予約リマインドだけ配信。","https://utage-system.com/account/Y86og5tIw1hZ/scenario/UFibyE5xmPyh/reminder/IZEHgwvzE4jz/edit","IZEHgwvzE4jz"
"YouTube_ゆっくりAI","REVIEW_YouTube_ゆっくりAI_20260810","49","5","AI個別サポートセッションリマインダ","リマインダ配信","6","メール","開催60分前","イベント参加日時","1時間 前","稼働中","すや / info-cosmos@xenomagic.com","【開催30分前】%event_name%","%name% 様

この度はお申込み頂き、本当にありがとうございます😊

開催30分前になりましたので
リマインドをお送りしますね📩

■　日程・参加方法
━━━━━━━━━━━━━━━━

%event_info%



後程よろしくお願いいたします🙌","%name% 様

この度は
%event_name%
にお申込み頂き、本当にありがとうございます😊

開催60分前になりましたので
リマインドをお送りしますね📩

■　お申込者情報
━━━━━━━━━━━━━━━━

お名前：%name%
メールアドレス：%mail%
電話番号：%phone%


■　日程・参加方法
━━━━━━━━━━━━━━━━

%event_info%


■　キャンセルについて
━━━━━━━━━━━━━━━━

キャンセルを希望される場合は事前に『必ず』ご連絡ください。


━━━━━━━━━━━━━━━━
%event_name%運営事務局
%from_mail%
━━━━━━━━━━━━━━━━","","あと30分で開始します。

こちらのZoomでお待ちしています。
[ZoomURL]

それでは後ほど、よろしくお願いします。","","Zoomサポート予約完了者のみ。予約完了時点でセミナー・VSL・オプチャを停止し、この予約リマインドだけ配信。","https://utage-system.com/account/Y86og5tIw1hZ/scenario/UFibyE5xmPyh/reminder/NjefxiR7t9tg/edit","NjefxiR7t9tg"
"YouTube_ゆっくりAI","REVIEW_YouTube_ゆっくりAI_20260810","50","6","無断欠席→再予約","ステップ配信","1","LINE","NS-01","","登録直後","稼働中","","","【LINEメッセージ 1／text】
%line_name%さん、本日のZoomでお会いできなかったので、ご連絡しました😊

急な予定や接続トラブルもあると思います。
改めて参加したい場合は、こちらから都合のよい日時をお取り直しください。

%event_schedule_change_url%","【LINEメッセージ 1／text】
%line_name%さん、本日のZoomでお会いできなかったので、ご連絡しました😊

急な予定や接続トラブルもありますよね。改めて参加したい場合は、こちらから都合のよい日時を取り直してくださいね👇
%event_schedule_change_url%","%line_name%さん、本日のZoomでお会いできなかったので、ご連絡しました😊

急な予定や接続トラブルもありますよね。改めて参加したい場合は、こちらから都合のよい日時を取り直してくださいね👇
%event_schedule_change_url%","[name]さん、本日のZoomでお会いできなかったのでご連絡しました。

急な予定や接続トラブルもあると思います。改めて参加したい場合は、こちらから都合のよい日時を取り直してください。
[日程変更URL]","","Zoomサポート無断欠席者／再予約未完了。3通終了後も未再予約ならオプチャ。","https://utage-system.com/account/Y86og5tIw1hZ/scenario/6s37CibWJW8f/step/line/RxuU4dWHGqhI/edit","RxuU4dWHGqhI"
"YouTube_ゆっくりAI","REVIEW_YouTube_ゆっくりAI_20260810","51","6","無断欠席→再予約","ステップ配信","2","LINE","NS-02","","1日後 10:00","稼働中","","","【LINEメッセージ 1／text】
昨日の面談について、再予約を受け付けています😊

事前準備はいりません。AIを使って何を形にするか、今の状況から一緒に整理していきましょう🙏","【LINEメッセージ 1／text】
昨日の面談について、再予約を受け付けていますよ😊

事前準備はいりません。AIを使って何を形にするか、今の状況から一緒に整理していきましょう🙏","昨日の面談について、再予約を受け付けていますよ😊

事前準備はいりません。AIを使って何を形にするか、今の状況から一緒に整理していきましょう🙏","昨日の面談について、再予約を受け付けています。

事前準備は不要です。AIを使って何を形にするか、今の状況から一緒に整理できます。","","Zoomサポート無断欠席者／再予約未完了。3通終了後も未再予約ならオプチャ。","https://utage-system.com/account/Y86og5tIw1hZ/scenario/6s37CibWJW8f/step/line/IRA85CJbLCRs/edit","IRA85CJbLCRs"
"YouTube_ゆっくりAI","REVIEW_YouTube_ゆっくりAI_20260810","52","6","無断欠席→再予約","ステップ配信","3","LINE","NS-03","","1日後 20:00","稼働中","","","【LINEメッセージ 1／text】
再予約については、これでいったん最後のご案内です😌

こちらから好きな日時を選んでください😊
%event_schedule_change_url%","【LINEメッセージ 1／text】
再予約については、これでいったん最後のご案内ですね😌

もう一度話したい場合は、こちらから好きな日時を選んでください😊
今すぐは難しければ、今後のセミナー案内から参加しても大丈夫ですよ👇
%event_schedule_change_url%","再予約については、これでいったん最後のご案内ですね😌

もう一度話したい場合は、こちらから好きな日時を選んでください😊
今すぐは難しければ、今後のセミナー案内から参加しても大丈夫ですよ👇
%event_schedule_change_url%","再予約については、これでいったん最後のご案内です。

こちらから好きな日時を選んでください。
[日程変更URL]","","Zoomサポート無断欠席者／再予約未完了。3通終了後も未再予約ならオプチャ。","https://utage-system.com/account/Y86og5tIw1hZ/scenario/6s37CibWJW8f/step/line/UnzMydkQizNO/edit","UnzMydkQizNO"
"YouTube_ゆっくりAI","REVIEW_YouTube_ゆっくりAI_20260810","53","20260810新規","セミナー募集_2日程提示","ステップ配信","1","LINE","YT-SEM-CHOICE","サポート会受付終了","サポートシナリオ終了後の翌朝06:00","レビュー中","LINE","","%line_name%さん、次回のZoomライブセミナーが決まりました😊

AIでひとり起業攻略法
📅 日程①：[第1日程]
📅 日程②：[第2日程]

AIを触るだけで終わらず、自分に合う事業テーマを見つけ、商品・集客・販売へつなげる考え方をお伝えします。

ご都合の合う日程を選択してください👇","%line_name%さん、次回のZoomライブセミナーが決まりました😊

AIでひとり起業攻略法
📅 日程①：[第1日程]
📅 日程②：[第2日程]

AIを触るだけで終わらず、自分に合う事業テーマを見つけ、商品・集客・販売へつなげる考え方をお伝えします。

ご都合の合う日程を選択してください👇","%line_name%さん、次回のZoomライブセミナーが決まりました😊

AIでひとり起業攻略法
📅 日程①：[第1日程]
📅 日程②：[第2日程]

AIを触るだけで終わらず、自分に合う事業テーマを見つけ、商品・集客・販売へつなげる考え方をお伝えします。

ご都合の合う日程を選択してください👇","%line_name%さん、次回のZoomライブセミナーが決まりました😊

AIでひとり起業攻略法
📅 日程①：[第1日程]
📅 日程②：[第2日程]

AIを触るだけで終わらず、自分に合う事業テーマを見つけ、商品・集客・販売へつなげる考え方をお伝えします。

ご都合の合う日程を選択してください👇","日程①：[第1日程申込URL]／日程②：[第2日程申込URL]／どちらの日程も合わない：[ACT-NODATE-VSL]","Zoomサポート未予約・セミナー未申込・面談未予約。日程不可／VSL中／予約完了／面談済み／営業停止は除外","[UTAGE実装時作成]","NEW-YT-SEM-CHOICE"
"YouTube_ゆっくりAI","REVIEW_YouTube_ゆっくりAI_20260810","54","20260810新規","セミナー募集_第1日程","ステップ配信","1","LINE","YT-D1-SEM-A01（開催14日前10:00）","イベント参加日","第1日程 14日前10:00（未経過時のみ）","レビュー中","LINE","","【LINEメッセージ 1／text】
特典①〜④をご覧になって、
「自分なら、何から始めればいいんだろう？🤔」
と感じた方へ。

先ほど、そのモヤモヤをすっきり解消する
【特典⑤：セミナー招待券】をお送りしました！🎟️🚀
質疑応答の時間もたくさんご用意しているので、まずは現状を変えるための一歩としてご参加していただければと思います☺️
ぜひチェックしてください✨","【LINEメッセージ 1／text】
特典①〜④をご覧になって、
「自分なら、何から始めればいいんだろう？🤔」
と感じた方へ。

先ほど、そのモヤモヤをすっきり解消する
【特典⑤：セミナー招待券】をお送りしました！🎟️🚀
質疑応答の時間もたくさんご用意しているので、まずは現状を変えるための一歩としてご参加していただければと思います☺️
ぜひチェックしてください✨","【LINEメッセージ 1／text】
特典①〜④をご覧になって、
「自分なら、何から始めればいいんだろう？🤔」
と感じた方へ。

先ほど、そのモヤモヤをすっきり解消する
【特典⑤：セミナー招待券】をお送りしました！🎟️🚀
質疑応答の時間もたくさんご用意しているので、まずは現状を変えるための一歩としてご参加していただければと思います☺️
ぜひチェックしてください✨","【LINEメッセージ 1／text】
特典①〜④をご覧になって、
「自分なら、何から始めればいいんだろう？🤔」
と感じた方へ。

先ほど、そのモヤモヤをすっきり解消する
【特典⑤：セミナー招待券】をお送りしました！🎟️🚀
質疑応答の時間もたくさんご用意しているので、まずは現状を変えるための一歩としてご参加していただければと思います☺️
ぜひチェックしてください✨","[第1日程申込URL] / 画像：https://drive.usercontent.google.com/download?id=1hDHYwE25L5n73r3M4u7dnhZP935HQ8-5&export=view&confirm=t","セミナー未申込・面談未予約・日程不可未選択。申込ページクリック済み／VSL中／予約完了／面談済み／営業停止は除外","[UTAGE実装時作成]","NEW-YT-D1-01"
"YouTube_ゆっくりAI","REVIEW_YouTube_ゆっくりAI_20260810","55","20260810新規","セミナー募集_第1日程","ステップ配信","2","LINE","YT-D1-SEM-A02（開催12日前19:00）","イベント参加日","第1日程 12日前19:00（未経過時のみ）","レビュー中","LINE","","【LINEメッセージ 1／text】
先ほどお送りした「セミナー招待状」は
確認できましたか？😊

残りの5大特典（⑥〜⑩）は、
特に有料級の内容となっているため、
セミナーの最後に【参加者限定】でお渡しします🎁

予定が合う方は、忘れないうちに
先に席だけ確保しておいてくださいね👇
[第1日程申込URL]","【LINEメッセージ 1／text】
先ほどお送りした「セミナー招待状」は
確認できましたか？😊

残りの5大特典（⑥〜⑩）は、
特に有料級の内容となっているため、
セミナーの最後に【参加者限定】でお渡しします🎁

予定が合う方は、忘れないうちに
先に席だけ確保しておいてくださいね👇
[第1日程申込URL]","【LINEメッセージ 1／text】
先ほどお送りした「セミナー招待状」は
確認できましたか？😊

残りの5大特典（⑥〜⑩）は、
特に有料級の内容となっているため、
セミナーの最後に【参加者限定】でお渡しします🎁

予定が合う方は、忘れないうちに
先に席だけ確保しておいてくださいね👇
[第1日程申込URL]","【LINEメッセージ 1／text】
先ほどお送りした「セミナー招待状」は
確認できましたか？😊

残りの5大特典（⑥〜⑩）は、
特に有料級の内容となっているため、
セミナーの最後に【参加者限定】でお渡しします🎁

予定が合う方は、忘れないうちに
先に席だけ確保しておいてくださいね👇
[第1日程申込URL]","[第1日程申込URL] / 画像：https://drive.usercontent.google.com/download?id=1N4ce4deT64SE9bn9-tsgLF3B-K6o4coO&export=view&confirm=t","セミナー未申込・面談未予約・日程不可未選択。申込ページクリック済み／VSL中／予約完了／面談済み／営業停止は除外","[UTAGE実装時作成]","NEW-YT-D1-02"
"YouTube_ゆっくりAI","REVIEW_YouTube_ゆっくりAI_20260810","56","20260810新規","セミナー募集_第1日程","ステップ配信","3","LINE","YT-D1-SEM-A03（開催10日前10:00）","イベント参加日","第1日程 10日前10:00（未経過時のみ）","レビュー中","LINE","","【LINEメッセージ 1／text】
セミナーの最後にお渡しする
【限定特典⑥〜⑩】について少しご紹介します✨

内容は、【AIで動画制作法】や、【AIを使ったホームページ制作法】など、
セミナーの理解をさらに深めて「次の一歩」へすぐ踏み出せるような、
超・実践的なお役立ち資料にしています！💡

ぜひ楽しみにしていてくださいね😊
▼セミナーのお申し込みはこちら
[第1日程申込URL]","【LINEメッセージ 1／text】
セミナーの最後にお渡しする
【限定特典⑥〜⑩】について少しご紹介します✨

内容は、【AIで動画制作法】や、【AIを使ったホームページ制作法】など、
セミナーの理解をさらに深めて「次の一歩」へすぐ踏み出せるような、
超・実践的なお役立ち資料にしています！💡

ぜひ楽しみにしていてくださいね😊
▼セミナーのお申し込みはこちら
[第1日程申込URL]","【LINEメッセージ 1／text】
セミナーの最後にお渡しする
【限定特典⑥〜⑩】について少しご紹介します✨

内容は、【AIで動画制作法】や、【AIを使ったホームページ制作法】など、
セミナーの理解をさらに深めて「次の一歩」へすぐ踏み出せるような、
超・実践的なお役立ち資料にしています！💡

ぜひ楽しみにしていてくださいね😊
▼セミナーのお申し込みはこちら
[第1日程申込URL]","【LINEメッセージ 1／text】
セミナーの最後にお渡しする
【限定特典⑥〜⑩】について少しご紹介します✨

内容は、【AIで動画制作法】や、【AIを使ったホームページ制作法】など、
セミナーの理解をさらに深めて「次の一歩」へすぐ踏み出せるような、
超・実践的なお役立ち資料にしています！💡

ぜひ楽しみにしていてくださいね😊
▼セミナーのお申し込みはこちら
[第1日程申込URL]","[第1日程申込URL]","セミナー未申込・面談未予約・日程不可未選択。申込ページクリック済み／VSL中／予約完了／面談済み／営業停止は除外","[UTAGE実装時作成]","NEW-YT-D1-03"
"YouTube_ゆっくりAI","REVIEW_YouTube_ゆっくりAI_20260810","57","20260810新規","セミナー募集_第1日程","ステップ配信","4","LINE","YT-D1-SEM-A04（開催8日前19:00）","イベント参加日","第1日程 8日前19:00（未経過時のみ）","レビュー中","LINE","","【LINEメッセージ 1／text】
今回のセミナーでは、単にAIの知識を
増やすだけではなく、以下の3点を
あなたのペースに合わせて整理していきます🌱✨

１．今のあなたに実践できること🚀
２．あなたの生活・仕事で「AIを活かせる場面」🤖
３．今日からスタートできる「最初の一歩」💪

▼お席の確保はこちらからどうぞ👇😊
[第1日程申込URL]","【LINEメッセージ 1／text】
今回のセミナーでは、単にAIの知識を
増やすだけではなく、以下の3点を
あなたのペースに合わせて整理していきます🌱✨

１．今のあなたに実践できること🚀
２．あなたの生活・仕事で「AIを活かせる場面」🤖
３．今日からスタートできる「最初の一歩」💪

▼お席の確保はこちらからどうぞ👇😊
[第1日程申込URL]","【LINEメッセージ 1／text】
今回のセミナーでは、単にAIの知識を
増やすだけではなく、以下の3点を
あなたのペースに合わせて整理していきます🌱✨

１．今のあなたに実践できること🚀
２．あなたの生活・仕事で「AIを活かせる場面」🤖
３．今日からスタートできる「最初の一歩」💪

▼お席の確保はこちらからどうぞ👇😊
[第1日程申込URL]","【LINEメッセージ 1／text】
今回のセミナーでは、単にAIの知識を
増やすだけではなく、以下の3点を
あなたのペースに合わせて整理していきます🌱✨

１．今のあなたに実践できること🚀
２．あなたの生活・仕事で「AIを活かせる場面」🤖
３．今日からスタートできる「最初の一歩」💪

▼お席の確保はこちらからどうぞ👇😊
[第1日程申込URL]","[第1日程申込URL]","セミナー未申込・面談未予約・日程不可未選択。申込ページクリック済み／VSL中／予約完了／面談済み／営業停止は除外","[UTAGE実装時作成]","NEW-YT-D1-04"
"YouTube_ゆっくりAI","REVIEW_YouTube_ゆっくりAI_20260810","58","20260810新規","セミナー募集_第1日程","ステップ配信","5","LINE","YT-D1-SEM-D7-01（開催7日前10:00）","イベント参加日","第1日程 7日前10:00（未経過時のみ）","レビュー中","LINE","","【LINEメッセージ 1／text】
セミナー開催まで【あと1週間】です！🗓️✨


▼お席の確保はこちらからどうぞ👇😊
[第1日程申込URL]","【LINEメッセージ 1／text】
セミナー開催まで【あと1週間】です！🗓️✨


▼お席の確保はこちらからどうぞ👇😊
[第1日程申込URL]","【LINEメッセージ 1／text】
セミナー開催まで【あと1週間】です！🗓️✨


▼お席の確保はこちらからどうぞ👇😊
[第1日程申込URL]","【LINEメッセージ 1／text】
セミナー開催まで【あと1週間】です！🗓️✨


▼お席の確保はこちらからどうぞ👇😊
[第1日程申込URL]","[第1日程申込URL]","セミナー未申込・面談未予約・日程不可未選択。申込ページクリック済み／VSL中／予約完了／面談済み／営業停止は除外","[UTAGE実装時作成]","NEW-YT-D1-05"
"YouTube_ゆっくりAI","REVIEW_YouTube_ゆっくりAI_20260810","59","20260810新規","セミナー募集_第1日程","ステップ配信","6","LINE","YT-D1-SEM-D7-02（開催7日前20:00）","イベント参加日","第1日程 7日前20:00（未経過時のみ）","レビュー中","LINE","","【LINEメッセージ 1／text】
セミナー開催まで【あと1週間】です！🗓️✨

セミナーのお申し込みは、お名前と
メールアドレスを入力するだけで完了します📝✨

ご登録後、参加URLをLINEとメールの
両方へお送りします。

まずは開催日時が合うかだけでも確認してみてくださいね👇😊
[第1日程申込URL]","【LINEメッセージ 1／text】
セミナー開催まで【あと1週間】です！🗓️✨

セミナーのお申し込みは、お名前と
メールアドレスを入力するだけで完了します📝✨

ご登録後、参加URLをLINEとメールの
両方へお送りします。

まずは開催日時が合うかだけでも確認してみてくださいね👇😊
[第1日程申込URL]","【LINEメッセージ 1／text】
セミナー開催まで【あと1週間】です！🗓️✨

セミナーのお申し込みは、お名前と
メールアドレスを入力するだけで完了します📝✨

ご登録後、参加URLをLINEとメールの
両方へお送りします。

まずは開催日時が合うかだけでも確認してみてくださいね👇😊
[第1日程申込URL]","【LINEメッセージ 1／text】
セミナー開催まで【あと1週間】です！🗓️✨

セミナーのお申し込みは、お名前と
メールアドレスを入力するだけで完了します📝✨

ご登録後、参加URLをLINEとメールの
両方へお送りします。

まずは開催日時が合うかだけでも確認してみてくださいね👇😊
[第1日程申込URL]","[第1日程申込URL]","セミナー未申込・面談未予約・日程不可未選択。申込ページクリック済み／VSL中／予約完了／面談済み／営業停止は除外","[UTAGE実装時作成]","NEW-YT-D1-06"
"YouTube_ゆっくりAI","REVIEW_YouTube_ゆっくりAI_20260810","60","20260810新規","セミナー募集_第1日程","ステップ配信","7","LINE","YT-D1-SEM-A05（開催6日前10:00）","イベント参加日","第1日程 6日前10:00（未経過時のみ）","レビュー中","LINE","","【LINEメッセージ 1／text】
今回のセミナーは、単に「AIの知識を増やす」
だけのものではありません💡

このセミナーで1番多い声は
「AIを学んだけど成果が出ない理由がすっきり解決した！」✨
「これまでYouTubeで学んできたけど、自分にあったAIの活かし方がようやくわかった！」💡
「今の私が次にやるべきアクションが明確になりました！」🚀

実はAIの知識だけ増やしても、ビジネスへの活かし方に繋がりません。
「AIを自分の仕事やキャリアにどう活かすか」
を整理し、聞いた後に【具体的に何をすればいいか】
まで、一緒に考えられる内容になっています！🚀

▼席の確保はこちらからどうぞ👇
[第1日程申込URL]","【LINEメッセージ 1／text】
今回のセミナーは、単に「AIの知識を増やす」
だけのものではありません💡

このセミナーで1番多い声は
「AIを学んだけど成果が出ない理由がすっきり解決した！」✨
「これまでYouTubeで学んできたけど、自分にあったAIの活かし方がようやくわかった！」💡
「今の私が次にやるべきアクションが明確になりました！」🚀

実はAIの知識だけ増やしても、ビジネスへの活かし方に繋がりません。
「AIを自分の仕事やキャリアにどう活かすか」
を整理し、聞いた後に【具体的に何をすればいいか】
まで、一緒に考えられる内容になっています！🚀

▼席の確保はこちらからどうぞ👇
[第1日程申込URL]","【LINEメッセージ 1／text】
今回のセミナーは、単に「AIの知識を増やす」
だけのものではありません💡

このセミナーで1番多い声は
「AIを学んだけど成果が出ない理由がすっきり解決した！」✨
「これまでYouTubeで学んできたけど、自分にあったAIの活かし方がようやくわかった！」💡
「今の私が次にやるべきアクションが明確になりました！」🚀

実はAIの知識だけ増やしても、ビジネスへの活かし方に繋がりません。
「AIを自分の仕事やキャリアにどう活かすか」
を整理し、聞いた後に【具体的に何をすればいいか】
まで、一緒に考えられる内容になっています！🚀

▼席の確保はこちらからどうぞ👇
[第1日程申込URL]","【LINEメッセージ 1／text】
今回のセミナーは、単に「AIの知識を増やす」
だけのものではありません💡

このセミナーで1番多い声は
「AIを学んだけど成果が出ない理由がすっきり解決した！」✨
「これまでYouTubeで学んできたけど、自分にあったAIの活かし方がようやくわかった！」💡
「今の私が次にやるべきアクションが明確になりました！」🚀

実はAIの知識だけ増やしても、ビジネスへの活かし方に繋がりません。
「AIを自分の仕事やキャリアにどう活かすか」
を整理し、聞いた後に【具体的に何をすればいいか】
まで、一緒に考えられる内容になっています！🚀

▼席の確保はこちらからどうぞ👇
[第1日程申込URL]","[第1日程申込URL]","セミナー未申込・面談未予約・日程不可未選択。申込ページクリック済み／VSL中／予約完了／面談済み／営業停止は除外","[UTAGE実装時作成]","NEW-YT-D1-07"
"YouTube_ゆっくりAI","REVIEW_YouTube_ゆっくりAI_20260810","61","20260810新規","セミナー募集_第1日程","ステップ配信","8","LINE","YT-D1-SEM-A06（開催5日前19:00）","イベント参加日","第1日程 5日前19:00（未経過時のみ）","レビュー中","LINE","","【LINEメッセージ 1／text】
「AI初心者ですが、参加しても大丈夫ですか...？」
というご質問をよくいただきましたが、
全く問題ありませんのでご安心ください！😊

むしろAIは初心者だからこその着眼点がかなり重要なんです！
初心者だからこその、新しい発想や発見がある...!!😳

過去のセミナーの様子や、
参加者の方々のリアルな感想は、
こちらからご確認いただけます👇✨
https://seminar-voices.netlify.app/","【LINEメッセージ 1／text】
「AI初心者ですが、参加しても大丈夫ですか...？」
というご質問をよくいただきましたが、
全く問題ありませんのでご安心ください！😊

むしろAIは初心者だからこその着眼点がかなり重要なんです！
初心者だからこその、新しい発想や発見がある...!!😳

過去のセミナーの様子や、
参加者の方々のリアルな感想は、
こちらからご確認いただけます👇✨
https://seminar-voices.netlify.app/","【LINEメッセージ 1／text】
「AI初心者ですが、参加しても大丈夫ですか...？」
というご質問をよくいただきましたが、
全く問題ありませんのでご安心ください！😊

むしろAIは初心者だからこその着眼点がかなり重要なんです！
初心者だからこその、新しい発想や発見がある...!!😳

過去のセミナーの様子や、
参加者の方々のリアルな感想は、
こちらからご確認いただけます👇✨
https://seminar-voices.netlify.app/","【LINEメッセージ 1／text】
「AI初心者ですが、参加しても大丈夫ですか...？」
というご質問をよくいただきましたが、
全く問題ありませんのでご安心ください！😊

むしろAIは初心者だからこその着眼点がかなり重要なんです！
初心者だからこその、新しい発想や発見がある...!!😳

過去のセミナーの様子や、
参加者の方々のリアルな感想は、
こちらからご確認いただけます👇✨
https://seminar-voices.netlify.app/","[第1日程申込URL]","セミナー未申込・面談未予約・日程不可未選択。申込ページクリック済み／VSL中／予約完了／面談済み／営業停止は除外","[UTAGE実装時作成]","NEW-YT-D1-08"
"YouTube_ゆっくりAI","REVIEW_YouTube_ゆっくりAI_20260810","62","20260810新規","セミナー募集_第1日程","ステップ配信","9","LINE","YT-D1-SEM-A07（開催4日前20:00）","イベント参加日","第1日程 4日前20:00（未経過時のみ）","レビュー中","LINE","","【LINEメッセージ 1／text】
セミナーのお申し込みは、お名前と
メールアドレスを入力するだけで完了します📝✨

ご登録後、参加URLをLINEとメールの
両方へお送りします。👍😊

「当日にLINEのトークからURLを探すのが大変…💦」
という時も、メールに情報が残っているので
スムーズに参加できて安心です
👇😊
[第1日程申込URL]","【LINEメッセージ 1／text】
セミナーのお申し込みは、お名前と
メールアドレスを入力するだけで完了します📝✨

ご登録後、参加URLをLINEとメールの
両方へお送りします。👍😊

「当日にLINEのトークからURLを探すのが大変…💦」
という時も、メールに情報が残っているので
スムーズに参加できて安心です
👇😊
[第1日程申込URL]","【LINEメッセージ 1／text】
セミナーのお申し込みは、お名前と
メールアドレスを入力するだけで完了します📝✨

ご登録後、参加URLをLINEとメールの
両方へお送りします。👍😊

「当日にLINEのトークからURLを探すのが大変…💦」
という時も、メールに情報が残っているので
スムーズに参加できて安心です
👇😊
[第1日程申込URL]","【LINEメッセージ 1／text】
セミナーのお申し込みは、お名前と
メールアドレスを入力するだけで完了します📝✨

ご登録後、参加URLをLINEとメールの
両方へお送りします。👍😊

「当日にLINEのトークからURLを探すのが大変…💦」
という時も、メールに情報が残っているので
スムーズに参加できて安心です
👇😊
[第1日程申込URL]","[第1日程申込URL]","セミナー未申込・面談未予約・日程不可未選択。申込ページクリック済み／VSL中／予約完了／面談済み／営業停止は除外","[UTAGE実装時作成]","NEW-YT-D1-09"
"YouTube_ゆっくりAI","REVIEW_YouTube_ゆっくりAI_20260810","63","20260810新規","セミナー募集_第1日程","ステップ配信","10","LINE","YT-D1-SEM-B01（開催3日前10:00）","イベント参加日","第1日程 3日前10:00（未経過時のみ）","レビュー中","LINE","","【LINEメッセージ 1／text】
セミナー開催まで【あと3日】となりました！⏰


このセミナーでは「AIの深い知識」ではなく、
「AIをどうビジネスに繋げるか」を体系的に学べる時間になっています☺️✨

""AIでホームページが作れる""、""AIで動画制作ができる""、
ではその後は...？😥

AIを学ぶだけではビジネスは出来ません💦
その知識を発展させるための時間になっています🚀

少しでもご興味ある方は、ぜひお早めにお申し込みください！✨

📅 日時：[第1日程]
💻 形式：オンライン（Zoomなど）

参加用のURLは、お申し込み後に
LINEとメールでお送りいたします。

▼席の確保はお早めにどうぞ👇😊
[第1日程申込URL]","【LINEメッセージ 1／text】
セミナー開催まで【あと3日】となりました！⏰


このセミナーでは「AIの深い知識」ではなく、
「AIをどうビジネスに繋げるか」を体系的に学べる時間になっています☺️✨

""AIでホームページが作れる""、""AIで動画制作ができる""、
ではその後は...？😥

AIを学ぶだけではビジネスは出来ません💦
その知識を発展させるための時間になっています🚀

少しでもご興味ある方は、ぜひお早めにお申し込みください！✨

📅 日時：[第1日程]
💻 形式：オンライン（Zoomなど）

参加用のURLは、お申し込み後に
LINEとメールでお送りいたします。

▼席の確保はお早めにどうぞ👇😊
[第1日程申込URL]","【LINEメッセージ 1／text】
セミナー開催まで【あと3日】となりました！⏰


このセミナーでは「AIの深い知識」ではなく、
「AIをどうビジネスに繋げるか」を体系的に学べる時間になっています☺️✨

""AIでホームページが作れる""、""AIで動画制作ができる""、
ではその後は...？😥

AIを学ぶだけではビジネスは出来ません💦
その知識を発展させるための時間になっています🚀

少しでもご興味ある方は、ぜひお早めにお申し込みください！✨

📅 日時：[第1日程]
💻 形式：オンライン（Zoomなど）

参加用のURLは、お申し込み後に
LINEとメールでお送りいたします。

▼席の確保はお早めにどうぞ👇😊
[第1日程申込URL]","【LINEメッセージ 1／text】
セミナー開催まで【あと3日】となりました！⏰


このセミナーでは「AIの深い知識」ではなく、
「AIをどうビジネスに繋げるか」を体系的に学べる時間になっています☺️✨

""AIでホームページが作れる""、""AIで動画制作ができる""、
ではその後は...？😥

AIを学ぶだけではビジネスは出来ません💦
その知識を発展させるための時間になっています🚀

少しでもご興味ある方は、ぜひお早めにお申し込みください！✨

📅 日時：[第1日程]
💻 形式：オンライン（Zoomなど）

参加用のURLは、お申し込み後に
LINEとメールでお送りいたします。

▼席の確保はお早めにどうぞ👇😊
[第1日程申込URL]","[第1日程申込URL]","セミナー未申込・面談未予約・日程不可未選択。申込ページクリック済み／VSL中／予約完了／面談済み／営業停止は除外","[UTAGE実装時作成]","NEW-YT-D1-10"
"YouTube_ゆっくりAI","REVIEW_YouTube_ゆっくりAI_20260810","64","20260810新規","セミナー募集_第1日程","ステップ配信","11","LINE","YT-D1-SEM-B02（開催3日前20:00）","イベント参加日","第1日程 3日前20:00（未経過時のみ）","レビュー中","LINE","","【LINEメッセージ 1／text】
「まだAIを触り始めたばかり…」
という方でも、どうぞご安心ください😊

むしろAIビジネスは触り始めた方の方が有利に働くことが多いです！
その実態をセミナーでお伝えいたします🚀🔥

あなたのこれまでの経験や、得意なことを
振り返りながら、「自分にぴったりのAI活用法」
を見つけるところから優しく進めていきます🌱

▼詳細・お申し込みはこちらから👇
[第1日程申込URL]","【LINEメッセージ 1／text】
「まだAIを触り始めたばかり…」
という方でも、どうぞご安心ください😊

むしろAIビジネスは触り始めた方の方が有利に働くことが多いです！
その実態をセミナーでお伝えいたします🚀🔥

あなたのこれまでの経験や、得意なことを
振り返りながら、「自分にぴったりのAI活用法」
を見つけるところから優しく進めていきます🌱

▼詳細・お申し込みはこちらから👇
[第1日程申込URL]","【LINEメッセージ 1／text】
「まだAIを触り始めたばかり…」
という方でも、どうぞご安心ください😊

むしろAIビジネスは触り始めた方の方が有利に働くことが多いです！
その実態をセミナーでお伝えいたします🚀🔥

あなたのこれまでの経験や、得意なことを
振り返りながら、「自分にぴったりのAI活用法」
を見つけるところから優しく進めていきます🌱

▼詳細・お申し込みはこちらから👇
[第1日程申込URL]","【LINEメッセージ 1／text】
「まだAIを触り始めたばかり…」
という方でも、どうぞご安心ください😊

むしろAIビジネスは触り始めた方の方が有利に働くことが多いです！
その実態をセミナーでお伝えいたします🚀🔥

あなたのこれまでの経験や、得意なことを
振り返りながら、「自分にぴったりのAI活用法」
を見つけるところから優しく進めていきます🌱

▼詳細・お申し込みはこちらから👇
[第1日程申込URL]","[第1日程申込URL]","セミナー未申込・面談未予約・日程不可未選択。申込ページクリック済み／VSL中／予約完了／面談済み／営業停止は除外","[UTAGE実装時作成]","NEW-YT-D1-11"
"YouTube_ゆっくりAI","REVIEW_YouTube_ゆっくりAI_20260810","65","20260810新規","セミナー募集_第1日程","ステップ配信","12","LINE","YT-D1-SEM-B03（開催2日前10:00）","イベント参加日","第1日程 2日前10:00（未経過時のみ）","レビュー中","LINE","","【LINEメッセージ 1／text】
今回のセミナーは、
特にこんな方におすすめです！💡

🌟 AIを自分の仕事に活かしたい
🌟 学ぶ順番をスッキリ整理したい
🌟 自分の「強み」とAIを掛け合わせたい
🌟 今日からできる具体的な一歩を決めたい

1つでも当てはまる方は、
ここが分岐点になると思います...!!
一歩踏み出すか、足踏みをするか。
少しでもご自身にプラスの影響を与えたい方はぜひ👇😊
[第1日程申込URL]","【LINEメッセージ 1／text】
今回のセミナーは、
特にこんな方におすすめです！💡

🌟 AIを自分の仕事に活かしたい
🌟 学ぶ順番をスッキリ整理したい
🌟 自分の「強み」とAIを掛け合わせたい
🌟 今日からできる具体的な一歩を決めたい

1つでも当てはまる方は、
ここが分岐点になると思います...!!
一歩踏み出すか、足踏みをするか。
少しでもご自身にプラスの影響を与えたい方はぜひ👇😊
[第1日程申込URL]","【LINEメッセージ 1／text】
今回のセミナーは、
特にこんな方におすすめです！💡

🌟 AIを自分の仕事に活かしたい
🌟 学ぶ順番をスッキリ整理したい
🌟 自分の「強み」とAIを掛け合わせたい
🌟 今日からできる具体的な一歩を決めたい

1つでも当てはまる方は、
ここが分岐点になると思います...!!
一歩踏み出すか、足踏みをするか。
少しでもご自身にプラスの影響を与えたい方はぜひ👇😊
[第1日程申込URL]","【LINEメッセージ 1／text】
今回のセミナーは、
特にこんな方におすすめです！💡

🌟 AIを自分の仕事に活かしたい
🌟 学ぶ順番をスッキリ整理したい
🌟 自分の「強み」とAIを掛け合わせたい
🌟 今日からできる具体的な一歩を決めたい

1つでも当てはまる方は、
ここが分岐点になると思います...!!
一歩踏み出すか、足踏みをするか。
少しでもご自身にプラスの影響を与えたい方はぜひ👇😊
[第1日程申込URL]","[第1日程申込URL]","セミナー未申込・面談未予約・日程不可未選択。申込ページクリック済み／VSL中／予約完了／面談済み／営業停止は除外","[UTAGE実装時作成]","NEW-YT-D1-12"
"YouTube_ゆっくりAI","REVIEW_YouTube_ゆっくりAI_20260810","66","20260810新規","セミナー募集_第1日程","ステップ配信","13","LINE","YT-D1-SEM-B04（開催2日前20:00）","イベント参加日","第1日程 2日前20:00（未経過時のみ）","レビュー中","LINE","","【LINEメッセージ 1／text】
限定特典⑥〜⑩をお受け取りいただけるのは、
セミナーを最後までご視聴いただいた方のみとなります🎁

もし「途中までは参加できるけど、最後までは時間的に...」
という方は、個別にメールからご連絡ください！
ご参加いただけたことを確認できましたら、特典の方をお礼にお渡しいたします！

「あとで予定を確認しよう」と思っていると
満席になってしまうこともあるので、
忘れないうちに席を確保しておいてくださいね👇✨
[第1日程申込URL]","【LINEメッセージ 1／text】
限定特典⑥〜⑩をお受け取りいただけるのは、
セミナーを最後までご視聴いただいた方のみとなります🎁

もし「途中までは参加できるけど、最後までは時間的に...」
という方は、個別にメールからご連絡ください！
ご参加いただけたことを確認できましたら、特典の方をお礼にお渡しいたします！

「あとで予定を確認しよう」と思っていると
満席になってしまうこともあるので、
忘れないうちに席を確保しておいてくださいね👇✨
[第1日程申込URL]","【LINEメッセージ 1／text】
限定特典⑥〜⑩をお受け取りいただけるのは、
セミナーを最後までご視聴いただいた方のみとなります🎁

もし「途中までは参加できるけど、最後までは時間的に...」
という方は、個別にメールからご連絡ください！
ご参加いただけたことを確認できましたら、特典の方をお礼にお渡しいたします！

「あとで予定を確認しよう」と思っていると
満席になってしまうこともあるので、
忘れないうちに席を確保しておいてくださいね👇✨
[第1日程申込URL]","【LINEメッセージ 1／text】
限定特典⑥〜⑩をお受け取りいただけるのは、
セミナーを最後までご視聴いただいた方のみとなります🎁

もし「途中までは参加できるけど、最後までは時間的に...」
という方は、個別にメールからご連絡ください！
ご参加いただけたことを確認できましたら、特典の方をお礼にお渡しいたします！

「あとで予定を確認しよう」と思っていると
満席になってしまうこともあるので、
忘れないうちに席を確保しておいてくださいね👇✨
[第1日程申込URL]","[第1日程申込URL]","セミナー未申込・面談未予約・日程不可未選択。申込ページクリック済み／VSL中／予約完了／面談済み／営業停止は除外","[UTAGE実装時作成]","NEW-YT-D1-13"
"YouTube_ゆっくりAI","REVIEW_YouTube_ゆっくりAI_20260810","67","20260810新規","セミナー募集_第1日程","ステップ配信","14","LINE","YT-D1-SEM-B05（開催前日09:00）","イベント参加日","第1日程 前日09:00","レビュー中","LINE","","【LINEメッセージ 1／text】
いよいよ【明日開催】となりました！✨

「自分に合う内容かな…？🔰」
と迷われている方へ。

AIを使ったことがない初心者の方でも、
まだやりたい方向が決まっていなくても大丈夫！
あなたの「今の状態」から一緒に整理していくセミナーです😊🌱

むしろ""AI界隈は初心者が有利""だと確信しています！
その理由はセミナーで語っていますので、ぜひ覗いてみてください

📢 セミナー：AIでひとり起業攻略法
📅 日時：[第1日程]

参加を迷われている方、迷われているだけでも半歩先に進んでいる状態です。
もう半歩踏み出すきっかけにしていただけると嬉しいです☺️
忘れないうちにお申し込みを済ませてくださいね👇😊
[第1日程申込URL]","【LINEメッセージ 1／text】
いよいよ【明日開催】となりました！✨

「自分に合う内容かな…？🔰」
と迷われている方へ。

AIを使ったことがない初心者の方でも、
まだやりたい方向が決まっていなくても大丈夫！
あなたの「今の状態」から一緒に整理していくセミナーです😊🌱

むしろ""AI界隈は初心者が有利""だと確信しています！
その理由はセミナーで語っていますので、ぜひ覗いてみてください

📢 セミナー：AIでひとり起業攻略法
📅 日時：[第1日程]

参加を迷われている方、迷われているだけでも半歩先に進んでいる状態です。
もう半歩踏み出すきっかけにしていただけると嬉しいです☺️
忘れないうちにお申し込みを済ませてくださいね👇😊
[第1日程申込URL]","【LINEメッセージ 1／text】
いよいよ【明日開催】となりました！✨

「自分に合う内容かな…？🔰」
と迷われている方へ。

AIを使ったことがない初心者の方でも、
まだやりたい方向が決まっていなくても大丈夫！
あなたの「今の状態」から一緒に整理していくセミナーです😊🌱

むしろ""AI界隈は初心者が有利""だと確信しています！
その理由はセミナーで語っていますので、ぜひ覗いてみてください

📢 セミナー：AIでひとり起業攻略法
📅 日時：[第1日程]

参加を迷われている方、迷われているだけでも半歩先に進んでいる状態です。
もう半歩踏み出すきっかけにしていただけると嬉しいです☺️
忘れないうちにお申し込みを済ませてくださいね👇😊
[第1日程申込URL]","【LINEメッセージ 1／text】
いよいよ【明日開催】となりました！✨

「自分に合う内容かな…？🔰」
と迷われている方へ。

AIを使ったことがない初心者の方でも、
まだやりたい方向が決まっていなくても大丈夫！
あなたの「今の状態」から一緒に整理していくセミナーです😊🌱

むしろ""AI界隈は初心者が有利""だと確信しています！
その理由はセミナーで語っていますので、ぜひ覗いてみてください

📢 セミナー：AIでひとり起業攻略法
📅 日時：[第1日程]

参加を迷われている方、迷われているだけでも半歩先に進んでいる状態です。
もう半歩踏み出すきっかけにしていただけると嬉しいです☺️
忘れないうちにお申し込みを済ませてくださいね👇😊
[第1日程申込URL]","[第1日程申込URL]","セミナー未申込・面談未予約・日程不可未選択。申込ページクリック済み／VSL中／予約完了／面談済み／営業停止は除外","[UTAGE実装時作成]","NEW-YT-D1-14"
"YouTube_ゆっくりAI","REVIEW_YouTube_ゆっくりAI_20260810","68","20260810新規","セミナー募集_第1日程","ステップ配信","15","LINE","YT-D1-SEM-B06（開催前日15:00）","イベント参加日","第1日程 前日15:00","レビュー中","LINE","","【LINEメッセージ 1／text】
【重要なご連絡】
「セミナーに必要な知識はありますか？」
と聞かれますが、知識は不要です！

ほんの少しのAIへの興味と、
ビジネスにしたいという気持ちがあれば十分すぎるぐらいです☺️

あとはリラックスして視聴できる場所と、
メモ用の筆記用具があれば準備はバッチリです👍

顔出し声出しは不要ですので、お気軽にご参加ください🤲
こちらからご確認くださいね👇","【LINEメッセージ 1／text】
【重要なご連絡】
「セミナーに必要な知識はありますか？」
と聞かれますが、知識は不要です！

ほんの少しのAIへの興味と、
ビジネスにしたいという気持ちがあれば十分すぎるぐらいです☺️

あとはリラックスして視聴できる場所と、
メモ用の筆記用具があれば準備はバッチリです👍

顔出し声出しは不要ですので、お気軽にご参加ください🤲
こちらからご確認くださいね👇","【LINEメッセージ 1／text】
【重要なご連絡】
「セミナーに必要な知識はありますか？」
と聞かれますが、知識は不要です！

ほんの少しのAIへの興味と、
ビジネスにしたいという気持ちがあれば十分すぎるぐらいです☺️

あとはリラックスして視聴できる場所と、
メモ用の筆記用具があれば準備はバッチリです👍

顔出し声出しは不要ですので、お気軽にご参加ください🤲
こちらからご確認くださいね👇","【LINEメッセージ 1／text】
【重要なご連絡】
「セミナーに必要な知識はありますか？」
と聞かれますが、知識は不要です！

ほんの少しのAIへの興味と、
ビジネスにしたいという気持ちがあれば十分すぎるぐらいです☺️

あとはリラックスして視聴できる場所と、
メモ用の筆記用具があれば準備はバッチリです👍

顔出し声出しは不要ですので、お気軽にご参加ください🤲
こちらからご確認くださいね👇","[第1日程申込URL]","セミナー未申込・面談未予約・日程不可未選択。申込ページクリック済み／VSL中／予約完了／面談済み／営業停止は除外","[UTAGE実装時作成]","NEW-YT-D1-15"
"YouTube_ゆっくりAI","REVIEW_YouTube_ゆっくりAI_20260810","69","20260810新規","セミナー募集_第1日程","ステップ配信","16","LINE","YT-D1-SEM-B07（開催前日21:00）","イベント参加日","第1日程 前日21:00","レビュー中","LINE","","【LINEメッセージ 1／text】
【大変申し訳ございません】
物凄く現実的で残酷なことをお伝えします。

それは、
""AIは学ぶだけでは、一生成功しません""

これは別に大袈裟にいっているわけではありません。
AIに限ったことではないですが、道具の使い方が分かっても、
実践する場所や、活かす機会がないと意味がないんです。

今回のセミナーでは、
そういった状況から一気に抜け出せる内容となっています。

ご参加いただける場合は、
今夜のうちにお名前とメールアドレスを登録して、
参加用URLを受け取っておいてくださいね👇✨
[第1日程申込URL]","【LINEメッセージ 1／text】
【大変申し訳ございません】
物凄く現実的で残酷なことをお伝えします。

それは、
""AIは学ぶだけでは、一生成功しません""

これは別に大袈裟にいっているわけではありません。
AIに限ったことではないですが、道具の使い方が分かっても、
実践する場所や、活かす機会がないと意味がないんです。

今回のセミナーでは、
そういった状況から一気に抜け出せる内容となっています。

ご参加いただける場合は、
今夜のうちにお名前とメールアドレスを登録して、
参加用URLを受け取っておいてくださいね👇✨
[第1日程申込URL]","【LINEメッセージ 1／text】
【大変申し訳ございません】
物凄く現実的で残酷なことをお伝えします。

それは、
""AIは学ぶだけでは、一生成功しません""

これは別に大袈裟にいっているわけではありません。
AIに限ったことではないですが、道具の使い方が分かっても、
実践する場所や、活かす機会がないと意味がないんです。

今回のセミナーでは、
そういった状況から一気に抜け出せる内容となっています。

ご参加いただける場合は、
今夜のうちにお名前とメールアドレスを登録して、
参加用URLを受け取っておいてくださいね👇✨
[第1日程申込URL]","【LINEメッセージ 1／text】
【大変申し訳ございません】
物凄く現実的で残酷なことをお伝えします。

それは、
""AIは学ぶだけでは、一生成功しません""

これは別に大袈裟にいっているわけではありません。
AIに限ったことではないですが、道具の使い方が分かっても、
実践する場所や、活かす機会がないと意味がないんです。

今回のセミナーでは、
そういった状況から一気に抜け出せる内容となっています。

ご参加いただける場合は、
今夜のうちにお名前とメールアドレスを登録して、
参加用URLを受け取っておいてくださいね👇✨
[第1日程申込URL]","[第1日程申込URL]","セミナー未申込・面談未予約・日程不可未選択。申込ページクリック済み／VSL中／予約完了／面談済み／営業停止は除外","[UTAGE実装時作成]","NEW-YT-D1-16"
"YouTube_ゆっくりAI","REVIEW_YouTube_ゆっくりAI_20260810","70","20260810新規","セミナー募集_第1日程","ステップ配信","17","LINE","YT-D1-SEM-B08（開催当日09:00）","イベント参加日","第1日程 当日09:00","レビュー中","LINE","","【LINEメッセージ 1／text】
＼ いよいよ本日開催です！🎉 ／

📢 AIでひとり起業攻略法
📅 [第1日程]

まだ今からでもお申し込み可能です！

最後までご参加いただいた方には、
実践で使える超有料級の【特典⑥〜⑩】も
プレゼントいたします！🎁

お席が埋まる前に、ぜひご確認くだいね👇✨

▼お申し込みはこちらから👇😊
[第1日程申込URL]","【LINEメッセージ 1／text】
＼ いよいよ本日開催です！🎉 ／

📢 AIでひとり起業攻略法
📅 [第1日程]

まだ今からでもお申し込み可能です！

最後までご参加いただいた方には、
実践で使える超有料級の【特典⑥〜⑩】も
プレゼントいたします！🎁

お席が埋まる前に、ぜひご確認くだいね👇✨

▼お申し込みはこちらから👇😊
[第1日程申込URL]","【LINEメッセージ 1／text】
＼ いよいよ本日開催です！🎉 ／

📢 AIでひとり起業攻略法
📅 [第1日程]

まだ今からでもお申し込み可能です！

最後までご参加いただいた方には、
実践で使える超有料級の【特典⑥〜⑩】も
プレゼントいたします！🎁

お席が埋まる前に、ぜひご確認くだいね👇✨

▼お申し込みはこちらから👇😊
[第1日程申込URL]","【LINEメッセージ 1／text】
＼ いよいよ本日開催です！🎉 ／

📢 AIでひとり起業攻略法
📅 [第1日程]

まだ今からでもお申し込み可能です！

最後までご参加いただいた方には、
実践で使える超有料級の【特典⑥〜⑩】も
プレゼントいたします！🎁

お席が埋まる前に、ぜひご確認くだいね👇✨

▼お申し込みはこちらから👇😊
[第1日程申込URL]","[第1日程申込URL]","セミナー未申込・面談未予約・日程不可未選択。申込ページクリック済み／VSL中／予約完了／面談済み／営業停止は除外","[UTAGE実装時作成]","NEW-YT-D1-17"
"YouTube_ゆっくりAI","REVIEW_YouTube_ゆっくりAI_20260810","71","20260810新規","セミナー募集_第1日程","ステップ配信","18","LINE","YT-D1-SEM-B09（開始3時間前）","イベント参加日","第1日程 開始3時間前","レビュー中","LINE","","【LINEメッセージ 1／text】
セミナー開始まで【あと3時間】となりました！⏰

今からの駆け込みお申し込みも大歓迎です！👍
ご登録後、すぐに参加用URLをお送りします。

事前準備は不要です。
顔出しや声出しも不要です☺️
好きな飲み物を片手にリラックスしてご参加ください😌

昨日の連絡を見て、
「最後まで見るのは時間的に厳しくて...」
というお声がありましたので、セミナーにご参加いただけたのがわかった場合、
後からメールにてご連絡いただければ、特典の方をお送りいたしますのでご安心ください！

ぜひご参加お待ちしております☺️

▼こちらから席を確保してくださいね👇✨
[第1日程申込URL]","【LINEメッセージ 1／text】
セミナー開始まで【あと3時間】となりました！⏰

今からの駆け込みお申し込みも大歓迎です！👍
ご登録後、すぐに参加用URLをお送りします。

事前準備は不要です。
顔出しや声出しも不要です☺️
好きな飲み物を片手にリラックスしてご参加ください😌

昨日の連絡を見て、
「最後まで見るのは時間的に厳しくて...」
というお声がありましたので、セミナーにご参加いただけたのがわかった場合、
後からメールにてご連絡いただければ、特典の方をお送りいたしますのでご安心ください！

ぜひご参加お待ちしております☺️

▼こちらから席を確保してくださいね👇✨
[第1日程申込URL]","【LINEメッセージ 1／text】
セミナー開始まで【あと3時間】となりました！⏰

今からの駆け込みお申し込みも大歓迎です！👍
ご登録後、すぐに参加用URLをお送りします。

事前準備は不要です。
顔出しや声出しも不要です☺️
好きな飲み物を片手にリラックスしてご参加ください😌

昨日の連絡を見て、
「最後まで見るのは時間的に厳しくて...」
というお声がありましたので、セミナーにご参加いただけたのがわかった場合、
後からメールにてご連絡いただければ、特典の方をお送りいたしますのでご安心ください！

ぜひご参加お待ちしております☺️

▼こちらから席を確保してくださいね👇✨
[第1日程申込URL]","【LINEメッセージ 1／text】
セミナー開始まで【あと3時間】となりました！⏰

今からの駆け込みお申し込みも大歓迎です！👍
ご登録後、すぐに参加用URLをお送りします。

事前準備は不要です。
顔出しや声出しも不要です☺️
好きな飲み物を片手にリラックスしてご参加ください😌

昨日の連絡を見て、
「最後まで見るのは時間的に厳しくて...」
というお声がありましたので、セミナーにご参加いただけたのがわかった場合、
後からメールにてご連絡いただければ、特典の方をお送りいたしますのでご安心ください！

ぜひご参加お待ちしております☺️

▼こちらから席を確保してくださいね👇✨
[第1日程申込URL]","[第1日程申込URL]","セミナー未申込・面談未予約・日程不可未選択。申込ページクリック済み／VSL中／予約完了／面談済み／営業停止は除外","[UTAGE実装時作成]","NEW-YT-D1-18"
"YouTube_ゆっくりAI","REVIEW_YouTube_ゆっくりAI_20260810","72","20260810新規","セミナー募集_第1日程","ステップ配信","19","LINE","YT-D1-SEM-B10（開始30分前）","イベント参加日","第1日程 開始30分前","レビュー中","LINE","","【LINEメッセージ 1／text】
あと30分でセミナーが開始します！⏳✨

あと30分でセミナーが始まります！⏳🔥

申込ページを見て迷っていた方への、
これが【最後のご案内】となります。

まだ申し込みが来ているため、時間延長いたしました💦
こちらから滑り込みでのお申し込みをお待ちしております！👇😊
[第1日程申込URL]","【LINEメッセージ 1／text】
あと30分でセミナーが開始します！⏳✨

あと30分でセミナーが始まります！⏳🔥

申込ページを見て迷っていた方への、
これが【最後のご案内】となります。

まだ申し込みが来ているため、時間延長いたしました💦
こちらから滑り込みでのお申し込みをお待ちしております！👇😊
[第1日程申込URL]","【LINEメッセージ 1／text】
あと30分でセミナーが開始します！⏳✨

あと30分でセミナーが始まります！⏳🔥

申込ページを見て迷っていた方への、
これが【最後のご案内】となります。

まだ申し込みが来ているため、時間延長いたしました💦
こちらから滑り込みでのお申し込みをお待ちしております！👇😊
[第1日程申込URL]","【LINEメッセージ 1／text】
あと30分でセミナーが開始します！⏳✨

あと30分でセミナーが始まります！⏳🔥

申込ページを見て迷っていた方への、
これが【最後のご案内】となります。

まだ申し込みが来ているため、時間延長いたしました💦
こちらから滑り込みでのお申し込みをお待ちしております！👇😊
[第1日程申込URL]","[第1日程申込URL]","セミナー未申込・面談未予約・日程不可未選択。申込ページクリック済み／VSL中／予約完了／面談済み／営業停止は除外","[UTAGE実装時作成]","NEW-YT-D1-19"
"YouTube_ゆっくりAI","REVIEW_YouTube_ゆっくりAI_20260810","73","20260810新規","セミナー募集_第1日程","ステップ配信","20","LINE","YT-D1-SEM-B11（開始10分前）","イベント参加日","第1日程 開始10分前","レビュー中","LINE","","【LINEメッセージ 1／text】
まもなくセミナーを開始します！📢

こちらが今回のセミナーお申し込みの
【最後のご案内】となります。

正直ながら見するだけでも、
今回の内容は十分皆さんの分岐点になると確信しています。
AIをビジネスに発展させるのに必要なのは、""知識""ではなく""きっかけ""です。

まだ受付中ですので、こちらから
今すぐ参加登録を完了してくださいね👇✨

【LINEメッセージ 2／button】
{
  ""seq"": 1,
  ""type"": ""button"",
  ""alt_text"": ""【無料セミナー】AIでひとり起業攻略法"",
  ""react_type"": ""free"",
  ""react_press_again_text"": null,
  ""thumbnail_image_url"": null,
  ""title"": ""AIでひとり起業攻略法"",
  ""text"": ""Zoomライブ・最新日程は申込ページへ"",
  ""actions"": [
    {
      ""type"": ""url"",
      ""label"": ""セミナーに申し込む"",
      ""uri"": ""[第1日程申込URL]"",
      ""add_label_id"": null,
      ""del_label_id"": null
    }
  ]
}","【LINEメッセージ 1／text】
まもなくセミナーを開始します！📢

こちらが今回のセミナーお申し込みの
【最後のご案内】となります。

正直ながら見するだけでも、
今回の内容は十分皆さんの分岐点になると確信しています。
AIをビジネスに発展させるのに必要なのは、""知識""ではなく""きっかけ""です。

まだ受付中ですので、こちらから
今すぐ参加登録を完了してくださいね👇✨

【LINEメッセージ 2／button】
{
  ""seq"": 1,
  ""type"": ""button"",
  ""alt_text"": ""【無料セミナー】AIでひとり起業攻略法"",
  ""react_type"": ""free"",
  ""react_press_again_text"": null,
  ""thumbnail_image_url"": null,
  ""title"": ""AIでひとり起業攻略法"",
  ""text"": ""Zoomライブ・最新日程は申込ページへ"",
  ""actions"": [
    {
      ""type"": ""url"",
      ""label"": ""セミナーに申し込む"",
      ""uri"": ""[第1日程申込URL]"",
      ""add_label_id"": null,
      ""del_label_id"": null
    }
  ]
}","【LINEメッセージ 1／text】
まもなくセミナーを開始します！📢

こちらが今回のセミナーお申し込みの
【最後のご案内】となります。

正直ながら見するだけでも、
今回の内容は十分皆さんの分岐点になると確信しています。
AIをビジネスに発展させるのに必要なのは、""知識""ではなく""きっかけ""です。

まだ受付中ですので、こちらから
今すぐ参加登録を完了してくださいね👇✨

【LINEメッセージ 2／button】
{
  ""seq"": 1,
  ""type"": ""button"",
  ""alt_text"": ""【無料セミナー】AIでひとり起業攻略法"",
  ""react_type"": ""free"",
  ""react_press_again_text"": null,
  ""thumbnail_image_url"": null,
  ""title"": ""AIでひとり起業攻略法"",
  ""text"": ""Zoomライブ・最新日程は申込ページへ"",
  ""actions"": [
    {
      ""type"": ""url"",
      ""label"": ""セミナーに申し込む"",
      ""uri"": ""[第1日程申込URL]"",
      ""add_label_id"": null,
      ""del_label_id"": null
    }
  ]
}","【LINEメッセージ 1／text】
まもなくセミナーを開始します！📢

こちらが今回のセミナーお申し込みの
【最後のご案内】となります。

正直ながら見するだけでも、
今回の内容は十分皆さんの分岐点になると確信しています。
AIをビジネスに発展させるのに必要なのは、""知識""ではなく""きっかけ""です。

まだ受付中ですので、こちらから
今すぐ参加登録を完了してくださいね👇✨

【LINEメッセージ 2／button】
{
  ""seq"": 1,
  ""type"": ""button"",
  ""alt_text"": ""【無料セミナー】AIでひとり起業攻略法"",
  ""react_type"": ""free"",
  ""react_press_again_text"": null,
  ""thumbnail_image_url"": null,
  ""title"": ""AIでひとり起業攻略法"",
  ""text"": ""Zoomライブ・最新日程は申込ページへ"",
  ""actions"": [
    {
      ""type"": ""url"",
      ""label"": ""セミナーに申し込む"",
      ""uri"": ""[第1日程申込URL]"",
      ""add_label_id"": null,
      ""del_label_id"": null
    }
  ]
}","[第1日程申込URL]","セミナー未申込・面談未予約・日程不可未選択。申込ページクリック済み／VSL中／予約完了／面談済み／営業停止は除外","[UTAGE実装時作成]","NEW-YT-D1-20"
"YouTube_ゆっくりAI","REVIEW_YouTube_ゆっくりAI_20260810","74","20260810新規","セミナー募集_次が最後","ステップ配信","1","LINE","YT-SEM-LAST-DATE","第1日程終了","第1日程終了後（第2日程の募集開始時刻）","レビュー中","LINE","","【LINEメッセージ 1／text】
第1日程は終了しました。
次が最後の日程です！📢

📅 [第2日程]

まだお申し込みでない方は、こちらから参加枠をご確認ください👇","【LINEメッセージ 1／text】
第1日程は終了しました。
次が最後の日程です！📢

📅 [第2日程]

まだお申し込みでない方は、こちらから参加枠をご確認ください👇","【LINEメッセージ 1／text】
第1日程は終了しました。
次が最後の日程です！📢

📅 [第2日程]

まだお申し込みでない方は、こちらから参加枠をご確認ください👇","【LINEメッセージ 1／text】
第1日程は終了しました。
次が最後の日程です！📢

📅 [第2日程]

まだお申し込みでない方は、こちらから参加枠をご確認ください👇","[第2日程申込URL]","セミナー未申込・日程不可未選択・面談未予約。予約完了／面談済み／営業停止は除外","[UTAGE実装時作成]","NEW-YT-SEM-LAST"
"YouTube_ゆっくりAI","REVIEW_YouTube_ゆっくりAI_20260810","75","20260810新規","セミナー募集_第2日程","ステップ配信","1","LINE","YT-D2-SEM-A01（開催14日前10:00）","イベント参加日","第2日程 14日前10:00（未経過時のみ）","レビュー中","LINE","","【LINEメッセージ 1／text】
特典①〜④をご覧になって、
「自分なら、何から始めればいいんだろう？🤔」
と感じた方へ。

先ほど、そのモヤモヤをすっきり解消する
【特典⑤：セミナー招待券】をお送りしました！🎟️🚀
質疑応答の時間もたくさんご用意しているので、まずは現状を変えるための一歩としてご参加していただければと思います☺️
ぜひチェックしてください✨","【LINEメッセージ 1／text】
特典①〜④をご覧になって、
「自分なら、何から始めればいいんだろう？🤔」
と感じた方へ。

先ほど、そのモヤモヤをすっきり解消する
【特典⑤：セミナー招待券】をお送りしました！🎟️🚀
質疑応答の時間もたくさんご用意しているので、まずは現状を変えるための一歩としてご参加していただければと思います☺️
ぜひチェックしてください✨","【LINEメッセージ 1／text】
特典①〜④をご覧になって、
「自分なら、何から始めればいいんだろう？🤔」
と感じた方へ。

先ほど、そのモヤモヤをすっきり解消する
【特典⑤：セミナー招待券】をお送りしました！🎟️🚀
質疑応答の時間もたくさんご用意しているので、まずは現状を変えるための一歩としてご参加していただければと思います☺️
ぜひチェックしてください✨","【LINEメッセージ 1／text】
特典①〜④をご覧になって、
「自分なら、何から始めればいいんだろう？🤔」
と感じた方へ。

先ほど、そのモヤモヤをすっきり解消する
【特典⑤：セミナー招待券】をお送りしました！🎟️🚀
質疑応答の時間もたくさんご用意しているので、まずは現状を変えるための一歩としてご参加していただければと思います☺️
ぜひチェックしてください✨","[第2日程申込URL] / 画像：https://drive.usercontent.google.com/download?id=1hDHYwE25L5n73r3M4u7dnhZP935HQ8-5&export=view&confirm=t","セミナー未申込・面談未予約・日程不可未選択。申込ページクリック済み／VSL中／予約完了／面談済み／営業停止は除外","[UTAGE実装時作成]","NEW-YT-D2-01"
"YouTube_ゆっくりAI","REVIEW_YouTube_ゆっくりAI_20260810","76","20260810新規","セミナー募集_第2日程","ステップ配信","2","LINE","YT-D2-SEM-A02（開催12日前19:00）","イベント参加日","第2日程 12日前19:00（未経過時のみ）","レビュー中","LINE","","【LINEメッセージ 1／text】
先ほどお送りした「セミナー招待状」は
確認できましたか？😊

残りの5大特典（⑥〜⑩）は、
特に有料級の内容となっているため、
セミナーの最後に【参加者限定】でお渡しします🎁

予定が合う方は、忘れないうちに
先に席だけ確保しておいてくださいね👇
[第2日程申込URL]","【LINEメッセージ 1／text】
先ほどお送りした「セミナー招待状」は
確認できましたか？😊

残りの5大特典（⑥〜⑩）は、
特に有料級の内容となっているため、
セミナーの最後に【参加者限定】でお渡しします🎁

予定が合う方は、忘れないうちに
先に席だけ確保しておいてくださいね👇
[第2日程申込URL]","【LINEメッセージ 1／text】
先ほどお送りした「セミナー招待状」は
確認できましたか？😊

残りの5大特典（⑥〜⑩）は、
特に有料級の内容となっているため、
セミナーの最後に【参加者限定】でお渡しします🎁

予定が合う方は、忘れないうちに
先に席だけ確保しておいてくださいね👇
[第2日程申込URL]","【LINEメッセージ 1／text】
先ほどお送りした「セミナー招待状」は
確認できましたか？😊

残りの5大特典（⑥〜⑩）は、
特に有料級の内容となっているため、
セミナーの最後に【参加者限定】でお渡しします🎁

予定が合う方は、忘れないうちに
先に席だけ確保しておいてくださいね👇
[第2日程申込URL]","[第2日程申込URL] / 画像：https://drive.usercontent.google.com/download?id=1N4ce4deT64SE9bn9-tsgLF3B-K6o4coO&export=view&confirm=t","セミナー未申込・面談未予約・日程不可未選択。申込ページクリック済み／VSL中／予約完了／面談済み／営業停止は除外","[UTAGE実装時作成]","NEW-YT-D2-02"
"YouTube_ゆっくりAI","REVIEW_YouTube_ゆっくりAI_20260810","77","20260810新規","セミナー募集_第2日程","ステップ配信","3","LINE","YT-D2-SEM-A03（開催10日前10:00）","イベント参加日","第2日程 10日前10:00（未経過時のみ）","レビュー中","LINE","","【LINEメッセージ 1／text】
セミナーの最後にお渡しする
【限定特典⑥〜⑩】について少しご紹介します✨

内容は、【AIで動画制作法】や、【AIを使ったホームページ制作法】など、
セミナーの理解をさらに深めて「次の一歩」へすぐ踏み出せるような、
超・実践的なお役立ち資料にしています！💡

ぜひ楽しみにしていてくださいね😊
▼セミナーのお申し込みはこちら
[第2日程申込URL]","【LINEメッセージ 1／text】
セミナーの最後にお渡しする
【限定特典⑥〜⑩】について少しご紹介します✨

内容は、【AIで動画制作法】や、【AIを使ったホームページ制作法】など、
セミナーの理解をさらに深めて「次の一歩」へすぐ踏み出せるような、
超・実践的なお役立ち資料にしています！💡

ぜひ楽しみにしていてくださいね😊
▼セミナーのお申し込みはこちら
[第2日程申込URL]","【LINEメッセージ 1／text】
セミナーの最後にお渡しする
【限定特典⑥〜⑩】について少しご紹介します✨

内容は、【AIで動画制作法】や、【AIを使ったホームページ制作法】など、
セミナーの理解をさらに深めて「次の一歩」へすぐ踏み出せるような、
超・実践的なお役立ち資料にしています！💡

ぜひ楽しみにしていてくださいね😊
▼セミナーのお申し込みはこちら
[第2日程申込URL]","【LINEメッセージ 1／text】
セミナーの最後にお渡しする
【限定特典⑥〜⑩】について少しご紹介します✨

内容は、【AIで動画制作法】や、【AIを使ったホームページ制作法】など、
セミナーの理解をさらに深めて「次の一歩」へすぐ踏み出せるような、
超・実践的なお役立ち資料にしています！💡

ぜひ楽しみにしていてくださいね😊
▼セミナーのお申し込みはこちら
[第2日程申込URL]","[第2日程申込URL]","セミナー未申込・面談未予約・日程不可未選択。申込ページクリック済み／VSL中／予約完了／面談済み／営業停止は除外","[UTAGE実装時作成]","NEW-YT-D2-03"
"YouTube_ゆっくりAI","REVIEW_YouTube_ゆっくりAI_20260810","78","20260810新規","セミナー募集_第2日程","ステップ配信","4","LINE","YT-D2-SEM-A04（開催8日前19:00）","イベント参加日","第2日程 8日前19:00（未経過時のみ）","レビュー中","LINE","","【LINEメッセージ 1／text】
今回のセミナーでは、単にAIの知識を
増やすだけではなく、以下の3点を
あなたのペースに合わせて整理していきます🌱✨

１．今のあなたに実践できること🚀
２．あなたの生活・仕事で「AIを活かせる場面」🤖
３．今日からスタートできる「最初の一歩」💪

▼お席の確保はこちらからどうぞ👇😊
[第2日程申込URL]","【LINEメッセージ 1／text】
今回のセミナーでは、単にAIの知識を
増やすだけではなく、以下の3点を
あなたのペースに合わせて整理していきます🌱✨

１．今のあなたに実践できること🚀
２．あなたの生活・仕事で「AIを活かせる場面」🤖
３．今日からスタートできる「最初の一歩」💪

▼お席の確保はこちらからどうぞ👇😊
[第2日程申込URL]","【LINEメッセージ 1／text】
今回のセミナーでは、単にAIの知識を
増やすだけではなく、以下の3点を
あなたのペースに合わせて整理していきます🌱✨

１．今のあなたに実践できること🚀
２．あなたの生活・仕事で「AIを活かせる場面」🤖
３．今日からスタートできる「最初の一歩」💪

▼お席の確保はこちらからどうぞ👇😊
[第2日程申込URL]","【LINEメッセージ 1／text】
今回のセミナーでは、単にAIの知識を
増やすだけではなく、以下の3点を
あなたのペースに合わせて整理していきます🌱✨

１．今のあなたに実践できること🚀
２．あなたの生活・仕事で「AIを活かせる場面」🤖
３．今日からスタートできる「最初の一歩」💪

▼お席の確保はこちらからどうぞ👇😊
[第2日程申込URL]","[第2日程申込URL]","セミナー未申込・面談未予約・日程不可未選択。申込ページクリック済み／VSL中／予約完了／面談済み／営業停止は除外","[UTAGE実装時作成]","NEW-YT-D2-04"
"YouTube_ゆっくりAI","REVIEW_YouTube_ゆっくりAI_20260810","79","20260810新規","セミナー募集_第2日程","ステップ配信","5","LINE","YT-D2-SEM-D7-01（開催7日前10:00）","イベント参加日","第2日程 7日前10:00（未経過時のみ）","レビュー中","LINE","","【LINEメッセージ 1／text】
セミナー開催まで【あと1週間】です！🗓️✨


▼お席の確保はこちらからどうぞ👇😊
[第2日程申込URL]","【LINEメッセージ 1／text】
セミナー開催まで【あと1週間】です！🗓️✨


▼お席の確保はこちらからどうぞ👇😊
[第2日程申込URL]","【LINEメッセージ 1／text】
セミナー開催まで【あと1週間】です！🗓️✨


▼お席の確保はこちらからどうぞ👇😊
[第2日程申込URL]","【LINEメッセージ 1／text】
セミナー開催まで【あと1週間】です！🗓️✨


▼お席の確保はこちらからどうぞ👇😊
[第2日程申込URL]","[第2日程申込URL]","セミナー未申込・面談未予約・日程不可未選択。申込ページクリック済み／VSL中／予約完了／面談済み／営業停止は除外","[UTAGE実装時作成]","NEW-YT-D2-05"
"YouTube_ゆっくりAI","REVIEW_YouTube_ゆっくりAI_20260810","80","20260810新規","セミナー募集_第2日程","ステップ配信","6","LINE","YT-D2-SEM-D7-02（開催7日前20:00）","イベント参加日","第2日程 7日前20:00（未経過時のみ）","レビュー中","LINE","","【LINEメッセージ 1／text】
セミナー開催まで【あと1週間】です！🗓️✨

セミナーのお申し込みは、お名前と
メールアドレスを入力するだけで完了します📝✨

ご登録後、参加URLをLINEとメールの
両方へお送りします。

まずは開催日時が合うかだけでも確認してみてくださいね👇😊
[第2日程申込URL]","【LINEメッセージ 1／text】
セミナー開催まで【あと1週間】です！🗓️✨

セミナーのお申し込みは、お名前と
メールアドレスを入力するだけで完了します📝✨

ご登録後、参加URLをLINEとメールの
両方へお送りします。

まずは開催日時が合うかだけでも確認してみてくださいね👇😊
[第2日程申込URL]","【LINEメッセージ 1／text】
セミナー開催まで【あと1週間】です！🗓️✨

セミナーのお申し込みは、お名前と
メールアドレスを入力するだけで完了します📝✨

ご登録後、参加URLをLINEとメールの
両方へお送りします。

まずは開催日時が合うかだけでも確認してみてくださいね👇😊
[第2日程申込URL]","【LINEメッセージ 1／text】
セミナー開催まで【あと1週間】です！🗓️✨

セミナーのお申し込みは、お名前と
メールアドレスを入力するだけで完了します📝✨

ご登録後、参加URLをLINEとメールの
両方へお送りします。

まずは開催日時が合うかだけでも確認してみてくださいね👇😊
[第2日程申込URL]","[第2日程申込URL]","セミナー未申込・面談未予約・日程不可未選択。申込ページクリック済み／VSL中／予約完了／面談済み／営業停止は除外","[UTAGE実装時作成]","NEW-YT-D2-06"
"YouTube_ゆっくりAI","REVIEW_YouTube_ゆっくりAI_20260810","81","20260810新規","セミナー募集_第2日程","ステップ配信","7","LINE","YT-D2-SEM-A05（開催6日前10:00）","イベント参加日","第2日程 6日前10:00（未経過時のみ）","レビュー中","LINE","","【LINEメッセージ 1／text】
今回のセミナーは、単に「AIの知識を増やす」
だけのものではありません💡

このセミナーで1番多い声は
「AIを学んだけど成果が出ない理由がすっきり解決した！」✨
「これまでYouTubeで学んできたけど、自分にあったAIの活かし方がようやくわかった！」💡
「今の私が次にやるべきアクションが明確になりました！」🚀

実はAIの知識だけ増やしても、ビジネスへの活かし方に繋がりません。
「AIを自分の仕事やキャリアにどう活かすか」
を整理し、聞いた後に【具体的に何をすればいいか】
まで、一緒に考えられる内容になっています！🚀

▼席の確保はこちらからどうぞ👇
[第2日程申込URL]","【LINEメッセージ 1／text】
今回のセミナーは、単に「AIの知識を増やす」
だけのものではありません💡

このセミナーで1番多い声は
「AIを学んだけど成果が出ない理由がすっきり解決した！」✨
「これまでYouTubeで学んできたけど、自分にあったAIの活かし方がようやくわかった！」💡
「今の私が次にやるべきアクションが明確になりました！」🚀

実はAIの知識だけ増やしても、ビジネスへの活かし方に繋がりません。
「AIを自分の仕事やキャリアにどう活かすか」
を整理し、聞いた後に【具体的に何をすればいいか】
まで、一緒に考えられる内容になっています！🚀

▼席の確保はこちらからどうぞ👇
[第2日程申込URL]","【LINEメッセージ 1／text】
今回のセミナーは、単に「AIの知識を増やす」
だけのものではありません💡

このセミナーで1番多い声は
「AIを学んだけど成果が出ない理由がすっきり解決した！」✨
「これまでYouTubeで学んできたけど、自分にあったAIの活かし方がようやくわかった！」💡
「今の私が次にやるべきアクションが明確になりました！」🚀

実はAIの知識だけ増やしても、ビジネスへの活かし方に繋がりません。
「AIを自分の仕事やキャリアにどう活かすか」
を整理し、聞いた後に【具体的に何をすればいいか】
まで、一緒に考えられる内容になっています！🚀

▼席の確保はこちらからどうぞ👇
[第2日程申込URL]","【LINEメッセージ 1／text】
今回のセミナーは、単に「AIの知識を増やす」
だけのものではありません💡

このセミナーで1番多い声は
「AIを学んだけど成果が出ない理由がすっきり解決した！」✨
「これまでYouTubeで学んできたけど、自分にあったAIの活かし方がようやくわかった！」💡
「今の私が次にやるべきアクションが明確になりました！」🚀

実はAIの知識だけ増やしても、ビジネスへの活かし方に繋がりません。
「AIを自分の仕事やキャリアにどう活かすか」
を整理し、聞いた後に【具体的に何をすればいいか】
まで、一緒に考えられる内容になっています！🚀

▼席の確保はこちらからどうぞ👇
[第2日程申込URL]","[第2日程申込URL]","セミナー未申込・面談未予約・日程不可未選択。申込ページクリック済み／VSL中／予約完了／面談済み／営業停止は除外","[UTAGE実装時作成]","NEW-YT-D2-07"
"YouTube_ゆっくりAI","REVIEW_YouTube_ゆっくりAI_20260810","82","20260810新規","セミナー募集_第2日程","ステップ配信","8","LINE","YT-D2-SEM-A06（開催5日前19:00）","イベント参加日","第2日程 5日前19:00（未経過時のみ）","レビュー中","LINE","","【LINEメッセージ 1／text】
「AI初心者ですが、参加しても大丈夫ですか...？」
というご質問をよくいただきましたが、
全く問題ありませんのでご安心ください！😊

むしろAIは初心者だからこその着眼点がかなり重要なんです！
初心者だからこその、新しい発想や発見がある...!!😳

過去のセミナーの様子や、
参加者の方々のリアルな感想は、
こちらからご確認いただけます👇✨
https://seminar-voices.netlify.app/","【LINEメッセージ 1／text】
「AI初心者ですが、参加しても大丈夫ですか...？」
というご質問をよくいただきましたが、
全く問題ありませんのでご安心ください！😊

むしろAIは初心者だからこその着眼点がかなり重要なんです！
初心者だからこその、新しい発想や発見がある...!!😳

過去のセミナーの様子や、
参加者の方々のリアルな感想は、
こちらからご確認いただけます👇✨
https://seminar-voices.netlify.app/","【LINEメッセージ 1／text】
「AI初心者ですが、参加しても大丈夫ですか...？」
というご質問をよくいただきましたが、
全く問題ありませんのでご安心ください！😊

むしろAIは初心者だからこその着眼点がかなり重要なんです！
初心者だからこその、新しい発想や発見がある...!!😳

過去のセミナーの様子や、
参加者の方々のリアルな感想は、
こちらからご確認いただけます👇✨
https://seminar-voices.netlify.app/","【LINEメッセージ 1／text】
「AI初心者ですが、参加しても大丈夫ですか...？」
というご質問をよくいただきましたが、
全く問題ありませんのでご安心ください！😊

むしろAIは初心者だからこその着眼点がかなり重要なんです！
初心者だからこその、新しい発想や発見がある...!!😳

過去のセミナーの様子や、
参加者の方々のリアルな感想は、
こちらからご確認いただけます👇✨
https://seminar-voices.netlify.app/","[第2日程申込URL]","セミナー未申込・面談未予約・日程不可未選択。申込ページクリック済み／VSL中／予約完了／面談済み／営業停止は除外","[UTAGE実装時作成]","NEW-YT-D2-08"
"YouTube_ゆっくりAI","REVIEW_YouTube_ゆっくりAI_20260810","83","20260810新規","セミナー募集_第2日程","ステップ配信","9","LINE","YT-D2-SEM-A07（開催4日前20:00）","イベント参加日","第2日程 4日前20:00（未経過時のみ）","レビュー中","LINE","","【LINEメッセージ 1／text】
セミナーのお申し込みは、お名前と
メールアドレスを入力するだけで完了します📝✨

ご登録後、参加URLをLINEとメールの
両方へお送りします。👍😊

「当日にLINEのトークからURLを探すのが大変…💦」
という時も、メールに情報が残っているので
スムーズに参加できて安心です
👇😊
[第2日程申込URL]","【LINEメッセージ 1／text】
セミナーのお申し込みは、お名前と
メールアドレスを入力するだけで完了します📝✨

ご登録後、参加URLをLINEとメールの
両方へお送りします。👍😊

「当日にLINEのトークからURLを探すのが大変…💦」
という時も、メールに情報が残っているので
スムーズに参加できて安心です
👇😊
[第2日程申込URL]","【LINEメッセージ 1／text】
セミナーのお申し込みは、お名前と
メールアドレスを入力するだけで完了します📝✨

ご登録後、参加URLをLINEとメールの
両方へお送りします。👍😊

「当日にLINEのトークからURLを探すのが大変…💦」
という時も、メールに情報が残っているので
スムーズに参加できて安心です
👇😊
[第2日程申込URL]","【LINEメッセージ 1／text】
セミナーのお申し込みは、お名前と
メールアドレスを入力するだけで完了します📝✨

ご登録後、参加URLをLINEとメールの
両方へお送りします。👍😊

「当日にLINEのトークからURLを探すのが大変…💦」
という時も、メールに情報が残っているので
スムーズに参加できて安心です
👇😊
[第2日程申込URL]","[第2日程申込URL]","セミナー未申込・面談未予約・日程不可未選択。申込ページクリック済み／VSL中／予約完了／面談済み／営業停止は除外","[UTAGE実装時作成]","NEW-YT-D2-09"
"YouTube_ゆっくりAI","REVIEW_YouTube_ゆっくりAI_20260810","84","20260810新規","セミナー募集_第2日程","ステップ配信","10","LINE","YT-D2-SEM-B01（開催3日前10:00）","イベント参加日","第2日程 3日前10:00（未経過時のみ）","レビュー中","LINE","","【LINEメッセージ 1／text】
セミナー開催まで【あと3日】となりました！⏰


このセミナーでは「AIの深い知識」ではなく、
「AIをどうビジネスに繋げるか」を体系的に学べる時間になっています☺️✨

""AIでホームページが作れる""、""AIで動画制作ができる""、
ではその後は...？😥

AIを学ぶだけではビジネスは出来ません💦
その知識を発展させるための時間になっています🚀

少しでもご興味ある方は、ぜひお早めにお申し込みください！✨

📅 日時：[第2日程]
💻 形式：オンライン（Zoomなど）

参加用のURLは、お申し込み後に
LINEとメールでお送りいたします。

▼席の確保はお早めにどうぞ👇😊
[第2日程申込URL]","【LINEメッセージ 1／text】
セミナー開催まで【あと3日】となりました！⏰


このセミナーでは「AIの深い知識」ではなく、
「AIをどうビジネスに繋げるか」を体系的に学べる時間になっています☺️✨

""AIでホームページが作れる""、""AIで動画制作ができる""、
ではその後は...？😥

AIを学ぶだけではビジネスは出来ません💦
その知識を発展させるための時間になっています🚀

少しでもご興味ある方は、ぜひお早めにお申し込みください！✨

📅 日時：[第2日程]
💻 形式：オンライン（Zoomなど）

参加用のURLは、お申し込み後に
LINEとメールでお送りいたします。

▼席の確保はお早めにどうぞ👇😊
[第2日程申込URL]","【LINEメッセージ 1／text】
セミナー開催まで【あと3日】となりました！⏰


このセミナーでは「AIの深い知識」ではなく、
「AIをどうビジネスに繋げるか」を体系的に学べる時間になっています☺️✨

""AIでホームページが作れる""、""AIで動画制作ができる""、
ではその後は...？😥

AIを学ぶだけではビジネスは出来ません💦
その知識を発展させるための時間になっています🚀

少しでもご興味ある方は、ぜひお早めにお申し込みください！✨

📅 日時：[第2日程]
💻 形式：オンライン（Zoomなど）

参加用のURLは、お申し込み後に
LINEとメールでお送りいたします。

▼席の確保はお早めにどうぞ👇😊
[第2日程申込URL]","【LINEメッセージ 1／text】
セミナー開催まで【あと3日】となりました！⏰


このセミナーでは「AIの深い知識」ではなく、
「AIをどうビジネスに繋げるか」を体系的に学べる時間になっています☺️✨

""AIでホームページが作れる""、""AIで動画制作ができる""、
ではその後は...？😥

AIを学ぶだけではビジネスは出来ません💦
その知識を発展させるための時間になっています🚀

少しでもご興味ある方は、ぜひお早めにお申し込みください！✨

📅 日時：[第2日程]
💻 形式：オンライン（Zoomなど）

参加用のURLは、お申し込み後に
LINEとメールでお送りいたします。

▼席の確保はお早めにどうぞ👇😊
[第2日程申込URL]","[第2日程申込URL]","セミナー未申込・面談未予約・日程不可未選択。申込ページクリック済み／VSL中／予約完了／面談済み／営業停止は除外","[UTAGE実装時作成]","NEW-YT-D2-10"
"YouTube_ゆっくりAI","REVIEW_YouTube_ゆっくりAI_20260810","85","20260810新規","セミナー募集_第2日程","ステップ配信","11","LINE","YT-D2-SEM-B02（開催3日前20:00）","イベント参加日","第2日程 3日前20:00（未経過時のみ）","レビュー中","LINE","","【LINEメッセージ 1／text】
「まだAIを触り始めたばかり…」
という方でも、どうぞご安心ください😊

むしろAIビジネスは触り始めた方の方が有利に働くことが多いです！
その実態をセミナーでお伝えいたします🚀🔥

あなたのこれまでの経験や、得意なことを
振り返りながら、「自分にぴったりのAI活用法」
を見つけるところから優しく進めていきます🌱

▼詳細・お申し込みはこちらから👇
[第2日程申込URL]","【LINEメッセージ 1／text】
「まだAIを触り始めたばかり…」
という方でも、どうぞご安心ください😊

むしろAIビジネスは触り始めた方の方が有利に働くことが多いです！
その実態をセミナーでお伝えいたします🚀🔥

あなたのこれまでの経験や、得意なことを
振り返りながら、「自分にぴったりのAI活用法」
を見つけるところから優しく進めていきます🌱

▼詳細・お申し込みはこちらから👇
[第2日程申込URL]","【LINEメッセージ 1／text】
「まだAIを触り始めたばかり…」
という方でも、どうぞご安心ください😊

むしろAIビジネスは触り始めた方の方が有利に働くことが多いです！
その実態をセミナーでお伝えいたします🚀🔥

あなたのこれまでの経験や、得意なことを
振り返りながら、「自分にぴったりのAI活用法」
を見つけるところから優しく進めていきます🌱

▼詳細・お申し込みはこちらから👇
[第2日程申込URL]","【LINEメッセージ 1／text】
「まだAIを触り始めたばかり…」
という方でも、どうぞご安心ください😊

むしろAIビジネスは触り始めた方の方が有利に働くことが多いです！
その実態をセミナーでお伝えいたします🚀🔥

あなたのこれまでの経験や、得意なことを
振り返りながら、「自分にぴったりのAI活用法」
を見つけるところから優しく進めていきます🌱

▼詳細・お申し込みはこちらから👇
[第2日程申込URL]","[第2日程申込URL]","セミナー未申込・面談未予約・日程不可未選択。申込ページクリック済み／VSL中／予約完了／面談済み／営業停止は除外","[UTAGE実装時作成]","NEW-YT-D2-11"
"YouTube_ゆっくりAI","REVIEW_YouTube_ゆっくりAI_20260810","86","20260810新規","セミナー募集_第2日程","ステップ配信","12","LINE","YT-D2-SEM-B03（開催2日前10:00）","イベント参加日","第2日程 2日前10:00（未経過時のみ）","レビュー中","LINE","","【LINEメッセージ 1／text】
今回のセミナーは、
特にこんな方におすすめです！💡

🌟 AIを自分の仕事に活かしたい
🌟 学ぶ順番をスッキリ整理したい
🌟 自分の「強み」とAIを掛け合わせたい
🌟 今日からできる具体的な一歩を決めたい

1つでも当てはまる方は、
ここが分岐点になると思います...!!
一歩踏み出すか、足踏みをするか。
少しでもご自身にプラスの影響を与えたい方はぜひ👇😊
[第2日程申込URL]","【LINEメッセージ 1／text】
今回のセミナーは、
特にこんな方におすすめです！💡

🌟 AIを自分の仕事に活かしたい
🌟 学ぶ順番をスッキリ整理したい
🌟 自分の「強み」とAIを掛け合わせたい
🌟 今日からできる具体的な一歩を決めたい

1つでも当てはまる方は、
ここが分岐点になると思います...!!
一歩踏み出すか、足踏みをするか。
少しでもご自身にプラスの影響を与えたい方はぜひ👇😊
[第2日程申込URL]","【LINEメッセージ 1／text】
今回のセミナーは、
特にこんな方におすすめです！💡

🌟 AIを自分の仕事に活かしたい
🌟 学ぶ順番をスッキリ整理したい
🌟 自分の「強み」とAIを掛け合わせたい
🌟 今日からできる具体的な一歩を決めたい

1つでも当てはまる方は、
ここが分岐点になると思います...!!
一歩踏み出すか、足踏みをするか。
少しでもご自身にプラスの影響を与えたい方はぜひ👇😊
[第2日程申込URL]","【LINEメッセージ 1／text】
今回のセミナーは、
特にこんな方におすすめです！💡

🌟 AIを自分の仕事に活かしたい
🌟 学ぶ順番をスッキリ整理したい
🌟 自分の「強み」とAIを掛け合わせたい
🌟 今日からできる具体的な一歩を決めたい

1つでも当てはまる方は、
ここが分岐点になると思います...!!
一歩踏み出すか、足踏みをするか。
少しでもご自身にプラスの影響を与えたい方はぜひ👇😊
[第2日程申込URL]","[第2日程申込URL]","セミナー未申込・面談未予約・日程不可未選択。申込ページクリック済み／VSL中／予約完了／面談済み／営業停止は除外","[UTAGE実装時作成]","NEW-YT-D2-12"
"YouTube_ゆっくりAI","REVIEW_YouTube_ゆっくりAI_20260810","87","20260810新規","セミナー募集_第2日程","ステップ配信","13","LINE","YT-D2-SEM-B04（開催2日前20:00）","イベント参加日","第2日程 2日前20:00（未経過時のみ）","レビュー中","LINE","","【LINEメッセージ 1／text】
限定特典⑥〜⑩をお受け取りいただけるのは、
セミナーを最後までご視聴いただいた方のみとなります🎁

もし「途中までは参加できるけど、最後までは時間的に...」
という方は、個別にメールからご連絡ください！
ご参加いただけたことを確認できましたら、特典の方をお礼にお渡しいたします！

「あとで予定を確認しよう」と思っていると
満席になってしまうこともあるので、
忘れないうちに席を確保しておいてくださいね👇✨
[第2日程申込URL]","【LINEメッセージ 1／text】
限定特典⑥〜⑩をお受け取りいただけるのは、
セミナーを最後までご視聴いただいた方のみとなります🎁

もし「途中までは参加できるけど、最後までは時間的に...」
という方は、個別にメールからご連絡ください！
ご参加いただけたことを確認できましたら、特典の方をお礼にお渡しいたします！

「あとで予定を確認しよう」と思っていると
満席になってしまうこともあるので、
忘れないうちに席を確保しておいてくださいね👇✨
[第2日程申込URL]","【LINEメッセージ 1／text】
限定特典⑥〜⑩をお受け取りいただけるのは、
セミナーを最後までご視聴いただいた方のみとなります🎁

もし「途中までは参加できるけど、最後までは時間的に...」
という方は、個別にメールからご連絡ください！
ご参加いただけたことを確認できましたら、特典の方をお礼にお渡しいたします！

「あとで予定を確認しよう」と思っていると
満席になってしまうこともあるので、
忘れないうちに席を確保しておいてくださいね👇✨
[第2日程申込URL]","【LINEメッセージ 1／text】
限定特典⑥〜⑩をお受け取りいただけるのは、
セミナーを最後までご視聴いただいた方のみとなります🎁

もし「途中までは参加できるけど、最後までは時間的に...」
という方は、個別にメールからご連絡ください！
ご参加いただけたことを確認できましたら、特典の方をお礼にお渡しいたします！

「あとで予定を確認しよう」と思っていると
満席になってしまうこともあるので、
忘れないうちに席を確保しておいてくださいね👇✨
[第2日程申込URL]","[第2日程申込URL]","セミナー未申込・面談未予約・日程不可未選択。申込ページクリック済み／VSL中／予約完了／面談済み／営業停止は除外","[UTAGE実装時作成]","NEW-YT-D2-13"
"YouTube_ゆっくりAI","REVIEW_YouTube_ゆっくりAI_20260810","88","20260810新規","セミナー募集_第2日程","ステップ配信","14","LINE","YT-D2-SEM-B05（開催前日09:00）","イベント参加日","第2日程 前日09:00","レビュー中","LINE","","【LINEメッセージ 1／text】
いよいよ【明日開催】となりました！✨

「自分に合う内容かな…？🔰」
と迷われている方へ。

AIを使ったことがない初心者の方でも、
まだやりたい方向が決まっていなくても大丈夫！
あなたの「今の状態」から一緒に整理していくセミナーです😊🌱

むしろ""AI界隈は初心者が有利""だと確信しています！
その理由はセミナーで語っていますので、ぜひ覗いてみてください

📢 セミナー：AIでひとり起業攻略法
📅 日時：[第2日程]

参加を迷われている方、迷われているだけでも半歩先に進んでいる状態です。
もう半歩踏み出すきっかけにしていただけると嬉しいです☺️
忘れないうちにお申し込みを済ませてくださいね👇😊
[第2日程申込URL]","【LINEメッセージ 1／text】
いよいよ【明日開催】となりました！✨

「自分に合う内容かな…？🔰」
と迷われている方へ。

AIを使ったことがない初心者の方でも、
まだやりたい方向が決まっていなくても大丈夫！
あなたの「今の状態」から一緒に整理していくセミナーです😊🌱

むしろ""AI界隈は初心者が有利""だと確信しています！
その理由はセミナーで語っていますので、ぜひ覗いてみてください

📢 セミナー：AIでひとり起業攻略法
📅 日時：[第2日程]

参加を迷われている方、迷われているだけでも半歩先に進んでいる状態です。
もう半歩踏み出すきっかけにしていただけると嬉しいです☺️
忘れないうちにお申し込みを済ませてくださいね👇😊
[第2日程申込URL]","【LINEメッセージ 1／text】
いよいよ【明日開催】となりました！✨

「自分に合う内容かな…？🔰」
と迷われている方へ。

AIを使ったことがない初心者の方でも、
まだやりたい方向が決まっていなくても大丈夫！
あなたの「今の状態」から一緒に整理していくセミナーです😊🌱

むしろ""AI界隈は初心者が有利""だと確信しています！
その理由はセミナーで語っていますので、ぜひ覗いてみてください

📢 セミナー：AIでひとり起業攻略法
📅 日時：[第2日程]

参加を迷われている方、迷われているだけでも半歩先に進んでいる状態です。
もう半歩踏み出すきっかけにしていただけると嬉しいです☺️
忘れないうちにお申し込みを済ませてくださいね👇😊
[第2日程申込URL]","【LINEメッセージ 1／text】
いよいよ【明日開催】となりました！✨

「自分に合う内容かな…？🔰」
と迷われている方へ。

AIを使ったことがない初心者の方でも、
まだやりたい方向が決まっていなくても大丈夫！
あなたの「今の状態」から一緒に整理していくセミナーです😊🌱

むしろ""AI界隈は初心者が有利""だと確信しています！
その理由はセミナーで語っていますので、ぜひ覗いてみてください

📢 セミナー：AIでひとり起業攻略法
📅 日時：[第2日程]

参加を迷われている方、迷われているだけでも半歩先に進んでいる状態です。
もう半歩踏み出すきっかけにしていただけると嬉しいです☺️
忘れないうちにお申し込みを済ませてくださいね👇😊
[第2日程申込URL]","[第2日程申込URL]","セミナー未申込・面談未予約・日程不可未選択。申込ページクリック済み／VSL中／予約完了／面談済み／営業停止は除外","[UTAGE実装時作成]","NEW-YT-D2-14"
"YouTube_ゆっくりAI","REVIEW_YouTube_ゆっくりAI_20260810","89","20260810新規","セミナー募集_第2日程","ステップ配信","15","LINE","YT-D2-SEM-B06（開催前日15:00）","イベント参加日","第2日程 前日15:00","レビュー中","LINE","","【LINEメッセージ 1／text】
【重要なご連絡】
「セミナーに必要な知識はありますか？」
と聞かれますが、知識は不要です！

ほんの少しのAIへの興味と、
ビジネスにしたいという気持ちがあれば十分すぎるぐらいです☺️

あとはリラックスして視聴できる場所と、
メモ用の筆記用具があれば準備はバッチリです👍

顔出し声出しは不要ですので、お気軽にご参加ください🤲
こちらからご確認くださいね👇","【LINEメッセージ 1／text】
【重要なご連絡】
「セミナーに必要な知識はありますか？」
と聞かれますが、知識は不要です！

ほんの少しのAIへの興味と、
ビジネスにしたいという気持ちがあれば十分すぎるぐらいです☺️

あとはリラックスして視聴できる場所と、
メモ用の筆記用具があれば準備はバッチリです👍

顔出し声出しは不要ですので、お気軽にご参加ください🤲
こちらからご確認くださいね👇","【LINEメッセージ 1／text】
【重要なご連絡】
「セミナーに必要な知識はありますか？」
と聞かれますが、知識は不要です！

ほんの少しのAIへの興味と、
ビジネスにしたいという気持ちがあれば十分すぎるぐらいです☺️

あとはリラックスして視聴できる場所と、
メモ用の筆記用具があれば準備はバッチリです👍

顔出し声出しは不要ですので、お気軽にご参加ください🤲
こちらからご確認くださいね👇","【LINEメッセージ 1／text】
【重要なご連絡】
「セミナーに必要な知識はありますか？」
と聞かれますが、知識は不要です！

ほんの少しのAIへの興味と、
ビジネスにしたいという気持ちがあれば十分すぎるぐらいです☺️

あとはリラックスして視聴できる場所と、
メモ用の筆記用具があれば準備はバッチリです👍

顔出し声出しは不要ですので、お気軽にご参加ください🤲
こちらからご確認くださいね👇","[第2日程申込URL]","セミナー未申込・面談未予約・日程不可未選択。申込ページクリック済み／VSL中／予約完了／面談済み／営業停止は除外","[UTAGE実装時作成]","NEW-YT-D2-15"
"YouTube_ゆっくりAI","REVIEW_YouTube_ゆっくりAI_20260810","90","20260810新規","セミナー募集_第2日程","ステップ配信","16","LINE","YT-D2-SEM-B07（開催前日21:00）","イベント参加日","第2日程 前日21:00","レビュー中","LINE","","【LINEメッセージ 1／text】
【大変申し訳ございません】
物凄く現実的で残酷なことをお伝えします。

それは、
""AIは学ぶだけでは、一生成功しません""

これは別に大袈裟にいっているわけではありません。
AIに限ったことではないですが、道具の使い方が分かっても、
実践する場所や、活かす機会がないと意味がないんです。

今回のセミナーでは、
そういった状況から一気に抜け出せる内容となっています。

ご参加いただける場合は、
今夜のうちにお名前とメールアドレスを登録して、
参加用URLを受け取っておいてくださいね👇✨
[第2日程申込URL]","【LINEメッセージ 1／text】
【大変申し訳ございません】
物凄く現実的で残酷なことをお伝えします。

それは、
""AIは学ぶだけでは、一生成功しません""

これは別に大袈裟にいっているわけではありません。
AIに限ったことではないですが、道具の使い方が分かっても、
実践する場所や、活かす機会がないと意味がないんです。

今回のセミナーでは、
そういった状況から一気に抜け出せる内容となっています。

ご参加いただける場合は、
今夜のうちにお名前とメールアドレスを登録して、
参加用URLを受け取っておいてくださいね👇✨
[第2日程申込URL]","【LINEメッセージ 1／text】
【大変申し訳ございません】
物凄く現実的で残酷なことをお伝えします。

それは、
""AIは学ぶだけでは、一生成功しません""

これは別に大袈裟にいっているわけではありません。
AIに限ったことではないですが、道具の使い方が分かっても、
実践する場所や、活かす機会がないと意味がないんです。

今回のセミナーでは、
そういった状況から一気に抜け出せる内容となっています。

ご参加いただける場合は、
今夜のうちにお名前とメールアドレスを登録して、
参加用URLを受け取っておいてくださいね👇✨
[第2日程申込URL]","【LINEメッセージ 1／text】
【大変申し訳ございません】
物凄く現実的で残酷なことをお伝えします。

それは、
""AIは学ぶだけでは、一生成功しません""

これは別に大袈裟にいっているわけではありません。
AIに限ったことではないですが、道具の使い方が分かっても、
実践する場所や、活かす機会がないと意味がないんです。

今回のセミナーでは、
そういった状況から一気に抜け出せる内容となっています。

ご参加いただける場合は、
今夜のうちにお名前とメールアドレスを登録して、
参加用URLを受け取っておいてくださいね👇✨
[第2日程申込URL]","[第2日程申込URL]","セミナー未申込・面談未予約・日程不可未選択。申込ページクリック済み／VSL中／予約完了／面談済み／営業停止は除外","[UTAGE実装時作成]","NEW-YT-D2-16"
"YouTube_ゆっくりAI","REVIEW_YouTube_ゆっくりAI_20260810","91","20260810新規","セミナー募集_第2日程","ステップ配信","17","LINE","YT-D2-SEM-B08（開催当日09:00）","イベント参加日","第2日程 当日09:00","レビュー中","LINE","","【LINEメッセージ 1／text】
＼ いよいよ本日開催です！🎉 ／

📢 AIでひとり起業攻略法
📅 [第2日程]

まだ今からでもお申し込み可能です！

最後までご参加いただいた方には、
実践で使える超有料級の【特典⑥〜⑩】も
プレゼントいたします！🎁

お席が埋まる前に、ぜひご確認くだいね👇✨

▼お申し込みはこちらから👇😊
[第2日程申込URL]","【LINEメッセージ 1／text】
＼ いよいよ本日開催です！🎉 ／

📢 AIでひとり起業攻略法
📅 [第2日程]

まだ今からでもお申し込み可能です！

最後までご参加いただいた方には、
実践で使える超有料級の【特典⑥〜⑩】も
プレゼントいたします！🎁

お席が埋まる前に、ぜひご確認くだいね👇✨

▼お申し込みはこちらから👇😊
[第2日程申込URL]","【LINEメッセージ 1／text】
＼ いよいよ本日開催です！🎉 ／

📢 AIでひとり起業攻略法
📅 [第2日程]

まだ今からでもお申し込み可能です！

最後までご参加いただいた方には、
実践で使える超有料級の【特典⑥〜⑩】も
プレゼントいたします！🎁

お席が埋まる前に、ぜひご確認くだいね👇✨

▼お申し込みはこちらから👇😊
[第2日程申込URL]","【LINEメッセージ 1／text】
＼ いよいよ本日開催です！🎉 ／

📢 AIでひとり起業攻略法
📅 [第2日程]

まだ今からでもお申し込み可能です！

最後までご参加いただいた方には、
実践で使える超有料級の【特典⑥〜⑩】も
プレゼントいたします！🎁

お席が埋まる前に、ぜひご確認くだいね👇✨

▼お申し込みはこちらから👇😊
[第2日程申込URL]","[第2日程申込URL]","セミナー未申込・面談未予約・日程不可未選択。申込ページクリック済み／VSL中／予約完了／面談済み／営業停止は除外","[UTAGE実装時作成]","NEW-YT-D2-17"
"YouTube_ゆっくりAI","REVIEW_YouTube_ゆっくりAI_20260810","92","20260810新規","セミナー募集_第2日程","ステップ配信","18","LINE","YT-D2-SEM-B09（開始3時間前）","イベント参加日","第2日程 開始3時間前","レビュー中","LINE","","【LINEメッセージ 1／text】
セミナー開始まで【あと3時間】となりました！⏰

今からの駆け込みお申し込みも大歓迎です！👍
ご登録後、すぐに参加用URLをお送りします。

事前準備は不要です。
顔出しや声出しも不要です☺️
好きな飲み物を片手にリラックスしてご参加ください😌

昨日の連絡を見て、
「最後まで見るのは時間的に厳しくて...」
というお声がありましたので、セミナーにご参加いただけたのがわかった場合、
後からメールにてご連絡いただければ、特典の方をお送りいたしますのでご安心ください！

ぜひご参加お待ちしております☺️

▼こちらから席を確保してくださいね👇✨
[第2日程申込URL]","【LINEメッセージ 1／text】
セミナー開始まで【あと3時間】となりました！⏰

今からの駆け込みお申し込みも大歓迎です！👍
ご登録後、すぐに参加用URLをお送りします。

事前準備は不要です。
顔出しや声出しも不要です☺️
好きな飲み物を片手にリラックスしてご参加ください😌

昨日の連絡を見て、
「最後まで見るのは時間的に厳しくて...」
というお声がありましたので、セミナーにご参加いただけたのがわかった場合、
後からメールにてご連絡いただければ、特典の方をお送りいたしますのでご安心ください！

ぜひご参加お待ちしております☺️

▼こちらから席を確保してくださいね👇✨
[第2日程申込URL]","【LINEメッセージ 1／text】
セミナー開始まで【あと3時間】となりました！⏰

今からの駆け込みお申し込みも大歓迎です！👍
ご登録後、すぐに参加用URLをお送りします。

事前準備は不要です。
顔出しや声出しも不要です☺️
好きな飲み物を片手にリラックスしてご参加ください😌

昨日の連絡を見て、
「最後まで見るのは時間的に厳しくて...」
というお声がありましたので、セミナーにご参加いただけたのがわかった場合、
後からメールにてご連絡いただければ、特典の方をお送りいたしますのでご安心ください！

ぜひご参加お待ちしております☺️

▼こちらから席を確保してくださいね👇✨
[第2日程申込URL]","【LINEメッセージ 1／text】
セミナー開始まで【あと3時間】となりました！⏰

今からの駆け込みお申し込みも大歓迎です！👍
ご登録後、すぐに参加用URLをお送りします。

事前準備は不要です。
顔出しや声出しも不要です☺️
好きな飲み物を片手にリラックスしてご参加ください😌

昨日の連絡を見て、
「最後まで見るのは時間的に厳しくて...」
というお声がありましたので、セミナーにご参加いただけたのがわかった場合、
後からメールにてご連絡いただければ、特典の方をお送りいたしますのでご安心ください！

ぜひご参加お待ちしております☺️

▼こちらから席を確保してくださいね👇✨
[第2日程申込URL]","[第2日程申込URL]","セミナー未申込・面談未予約・日程不可未選択。申込ページクリック済み／VSL中／予約完了／面談済み／営業停止は除外","[UTAGE実装時作成]","NEW-YT-D2-18"
"YouTube_ゆっくりAI","REVIEW_YouTube_ゆっくりAI_20260810","93","20260810新規","セミナー募集_第2日程","ステップ配信","19","LINE","YT-D2-SEM-B10（開始30分前）","イベント参加日","第2日程 開始30分前","レビュー中","LINE","","【LINEメッセージ 1／text】
あと30分でセミナーが開始します！⏳✨

あと30分でセミナーが始まります！⏳🔥

申込ページを見て迷っていた方への、
これが【最後のご案内】となります。

まだ申し込みが来ているため、時間延長いたしました💦
こちらから滑り込みでのお申し込みをお待ちしております！👇😊
[第2日程申込URL]","【LINEメッセージ 1／text】
あと30分でセミナーが開始します！⏳✨

あと30分でセミナーが始まります！⏳🔥

申込ページを見て迷っていた方への、
これが【最後のご案内】となります。

まだ申し込みが来ているため、時間延長いたしました💦
こちらから滑り込みでのお申し込みをお待ちしております！👇😊
[第2日程申込URL]","【LINEメッセージ 1／text】
あと30分でセミナーが開始します！⏳✨

あと30分でセミナーが始まります！⏳🔥

申込ページを見て迷っていた方への、
これが【最後のご案内】となります。

まだ申し込みが来ているため、時間延長いたしました💦
こちらから滑り込みでのお申し込みをお待ちしております！👇😊
[第2日程申込URL]","【LINEメッセージ 1／text】
あと30分でセミナーが開始します！⏳✨

あと30分でセミナーが始まります！⏳🔥

申込ページを見て迷っていた方への、
これが【最後のご案内】となります。

まだ申し込みが来ているため、時間延長いたしました💦
こちらから滑り込みでのお申し込みをお待ちしております！👇😊
[第2日程申込URL]","[第2日程申込URL]","セミナー未申込・面談未予約・日程不可未選択。申込ページクリック済み／VSL中／予約完了／面談済み／営業停止は除外","[UTAGE実装時作成]","NEW-YT-D2-19"
"YouTube_ゆっくりAI","REVIEW_YouTube_ゆっくりAI_20260810","94","20260810新規","セミナー募集_第2日程","ステップ配信","20","LINE","YT-D2-SEM-B11（開始10分前）","イベント参加日","第2日程 開始10分前","レビュー中","LINE","","【LINEメッセージ 1／text】
まもなくセミナーを開始します！📢

こちらが今回のセミナーお申し込みの
【最後のご案内】となります。

正直ながら見するだけでも、
今回の内容は十分皆さんの分岐点になると確信しています。
AIをビジネスに発展させるのに必要なのは、""知識""ではなく""きっかけ""です。

まだ受付中ですので、こちらから
今すぐ参加登録を完了してくださいね👇✨

【LINEメッセージ 2／button】
{
  ""seq"": 1,
  ""type"": ""button"",
  ""alt_text"": ""【無料セミナー】AIでひとり起業攻略法"",
  ""react_type"": ""free"",
  ""react_press_again_text"": null,
  ""thumbnail_image_url"": null,
  ""title"": ""AIでひとり起業攻略法"",
  ""text"": ""Zoomライブ・最新日程は申込ページへ"",
  ""actions"": [
    {
      ""type"": ""url"",
      ""label"": ""セミナーに申し込む"",
      ""uri"": ""[第2日程申込URL]"",
      ""add_label_id"": null,
      ""del_label_id"": null
    }
  ]
}","【LINEメッセージ 1／text】
まもなくセミナーを開始します！📢

こちらが今回のセミナーお申し込みの
【最後のご案内】となります。

正直ながら見するだけでも、
今回の内容は十分皆さんの分岐点になると確信しています。
AIをビジネスに発展させるのに必要なのは、""知識""ではなく""きっかけ""です。

まだ受付中ですので、こちらから
今すぐ参加登録を完了してくださいね👇✨

【LINEメッセージ 2／button】
{
  ""seq"": 1,
  ""type"": ""button"",
  ""alt_text"": ""【無料セミナー】AIでひとり起業攻略法"",
  ""react_type"": ""free"",
  ""react_press_again_text"": null,
  ""thumbnail_image_url"": null,
  ""title"": ""AIでひとり起業攻略法"",
  ""text"": ""Zoomライブ・最新日程は申込ページへ"",
  ""actions"": [
    {
      ""type"": ""url"",
      ""label"": ""セミナーに申し込む"",
      ""uri"": ""[第2日程申込URL]"",
      ""add_label_id"": null,
      ""del_label_id"": null
    }
  ]
}","【LINEメッセージ 1／text】
まもなくセミナーを開始します！📢

こちらが今回のセミナーお申し込みの
【最後のご案内】となります。

正直ながら見するだけでも、
今回の内容は十分皆さんの分岐点になると確信しています。
AIをビジネスに発展させるのに必要なのは、""知識""ではなく""きっかけ""です。

まだ受付中ですので、こちらから
今すぐ参加登録を完了してくださいね👇✨

【LINEメッセージ 2／button】
{
  ""seq"": 1,
  ""type"": ""button"",
  ""alt_text"": ""【無料セミナー】AIでひとり起業攻略法"",
  ""react_type"": ""free"",
  ""react_press_again_text"": null,
  ""thumbnail_image_url"": null,
  ""title"": ""AIでひとり起業攻略法"",
  ""text"": ""Zoomライブ・最新日程は申込ページへ"",
  ""actions"": [
    {
      ""type"": ""url"",
      ""label"": ""セミナーに申し込む"",
      ""uri"": ""[第2日程申込URL]"",
      ""add_label_id"": null,
      ""del_label_id"": null
    }
  ]
}","【LINEメッセージ 1／text】
まもなくセミナーを開始します！📢

こちらが今回のセミナーお申し込みの
【最後のご案内】となります。

正直ながら見するだけでも、
今回の内容は十分皆さんの分岐点になると確信しています。
AIをビジネスに発展させるのに必要なのは、""知識""ではなく""きっかけ""です。

まだ受付中ですので、こちらから
今すぐ参加登録を完了してくださいね👇✨

【LINEメッセージ 2／button】
{
  ""seq"": 1,
  ""type"": ""button"",
  ""alt_text"": ""【無料セミナー】AIでひとり起業攻略法"",
  ""react_type"": ""free"",
  ""react_press_again_text"": null,
  ""thumbnail_image_url"": null,
  ""title"": ""AIでひとり起業攻略法"",
  ""text"": ""Zoomライブ・最新日程は申込ページへ"",
  ""actions"": [
    {
      ""type"": ""url"",
      ""label"": ""セミナーに申し込む"",
      ""uri"": ""[第2日程申込URL]"",
      ""add_label_id"": null,
      ""del_label_id"": null
    }
  ]
}","[第2日程申込URL]","セミナー未申込・面談未予約・日程不可未選択。申込ページクリック済み／VSL中／予約完了／面談済み／営業停止は除外","[UTAGE実装時作成]","NEW-YT-D2-20"
"YouTube_ゆっくりAI","REVIEW_YouTube_ゆっくりAI_20260810","95","8","AIでひとり起業リマインダ（選択した日程基準）","ステップ配信","1","メール","申込時","","登録直後","稼働中","すや / info-cosmos@xenomagic.com","【重要】%event_name%へのお申込みが完了しました","%name% 様

この度はお申込み頂きありがとうございます。

お申込み頂いたイベントについて
ご案内をさせて頂きます。

■　日程・参加方法
━━━━━━━━━━━━━━━━

%event_info%","%name% 様

この度は
%event_name%
にお申込み頂きありがとうございます。

お申込み頂いたイベントについて
ご案内をさせて頂きます。

■　お申込者情報
━━━━━━━━━━━━━━━━

お名前：%name%
メールアドレス：%mail%
電話番号：%phone%


■　開催日時・会場
━━━━━━━━━━━━━━━━

%event_info%


■　キャンセルについて
━━━━━━━━━━━━━━━━

キャンセルを希望される場合は事前に『必ず』ご連絡ください。


━━━━━━━━━━━━━━━━
%event_name%運営事務局
%from_mail%
━━━━━━━━━━━━━━━━","","開催まであと4日です。

AIでひとり起業攻略法
[セミナー日時]

「AIで何ができるか」から、「AIを使って自分は何を事業にするか」へ進みたい方へ。明日から開催直前の案内に入ります。","","第1または第2日程の申込完了者。選択した開催日時を基準に配信。面談予約完了／面談済み／営業停止は除外。","https://utage-system.com/account/Y86og5tIw1hZ/scenario/k6xTtx6rInVq/step/Q78Z15SlfHME/edit","Q78Z15SlfHME"
"YouTube_ゆっくりAI","REVIEW_YouTube_ゆっくりAI_20260810","96","8","AIでひとり起業リマインダ（選択した日程基準）","リマインダ配信","1","メール","開催14日前","イベント参加日時","14日前の 8:00","稼働中","すや / info-cosmos@xenomagic.com","【開催14日前】%event_name%","%name% 様

この度はお申込み頂きありがとうございます。

開催14日前になりましたので
リマインドをさせて頂きます。

■　日程・参加方法
━━━━━━━━━━━━━━━━

%event_info%","%name% 様

この度は
%event_name%
にお申込み頂きありがとうございます。

開催14日前になりましたので
リマインドをさせて頂きます。

■　お申込者情報
━━━━━━━━━━━━━━━━

お名前：%name%
メールアドレス：%mail%
電話番号：%phone%


■　開催日時・会場
━━━━━━━━━━━━━━━━

%event_info%


■　キャンセルについて
━━━━━━━━━━━━━━━━

キャンセルを希望される場合は事前に『必ず』ご連絡ください。


━━━━━━━━━━━━━━━━
%event_name%運営事務局
%from_mail%
━━━━━━━━━━━━━━━━","","開催まで3日。

AIを学ぶだけでなく、自分の商品・集客・販売につなげる全体像を、Zoomライブでお伝えします。

日時：[セミナー日時]","","第1または第2日程の申込完了者。選択した開催日時を基準に配信。面談予約完了／面談済み／営業停止は除外。","https://utage-system.com/account/Y86og5tIw1hZ/scenario/k6xTtx6rInVq/reminder/bncjtTMsscfK/edit","bncjtTMsscfK"
"YouTube_ゆっくりAI","REVIEW_YouTube_ゆっくりAI_20260810","97","8","AIでひとり起業リマインダ（選択した日程基準）","リマインダ配信","2","LINE","SEM-A01（開催14日前10:00）","イベント参加日時","14日前の 10:00","稼働中","","","【LINEメッセージ 1／image】
{
  ""original_content_url"": ""https://utagesystem.s3.ap-northeast-1.wasabisys.com/GX6OYW2fVtRD/Bhq9uf1WWavu.png""
}

────────────

【LINEメッセージ 2／text】
%line_name%さん、次回のZoomライブセミナーが決まりました〜！✨

AIでひとり起業攻略法
日時：7月30日(木) 20:00〜

AIを触るだけで終わらず、自分に合う事業テーマを見つけて、商品・集客・販売へつなげる考え方をお伝えしますね😊🎥","【LINEメッセージ 1／image】
{
  ""original_content_url"": ""https://utagesystem.s3.ap-northeast-1.wasabisys.com/GX6OYW2fVtRD/Bhq9uf1WWavu.png""
}

────────────

【LINEメッセージ 2／text】
%line_name%さん、次回のZoomライブセミナーが決まりました〜！✨

AIでひとり起業攻略法
日時：7月30日(木) 20:00〜

AIを触るだけで終わらず、自分に合う事業テーマを見つけて、商品・集客・販売へつなげる考え方をお伝えしますね😊🎥","%line_name%さん、次回のZoomライブセミナーが決まりました〜！✨

AIでひとり起業攻略法
日時：7月30日(木) 20:00〜

AIを触るだけで終わらず、自分に合う事業テーマを見つけて、商品・集客・販売へつなげる考え方をお伝えしますね😊🎥","「自分には売れるものがない」と感じていても、最初から完成した答えを持つ必要はありません。

経験・得意・興味をAIと一緒に掘り下げ、事業テーマの候補を作るところから始められます。

[申込URL]","","第1または第2日程の申込完了者。選択した開催日時を基準に配信。面談予約完了／面談済み／営業停止は除外。","https://utage-system.com/account/Y86og5tIw1hZ/scenario/k6xTtx6rInVq/reminder/line/s8IGVv7QrLqd/edit","s8IGVv7QrLqd"
"YouTube_ゆっくりAI","REVIEW_YouTube_ゆっくりAI_20260810","98","8","AIでひとり起業リマインダ（選択した日程基準）","リマインダ配信","3","LINE","SEM-A02（開催12日前19:00）","イベント参加日時","12日前の 19:00","稼働中","","","【LINEメッセージ 1／text】
AIの情報は増えているのに、「自分は何をすればいいか」が決まらない…。そんなふうに感じること、ありませんか？😌

そこから抜け出すには、ツールを増やすより“事業にする順番”を知ることが大事なんですよ。Zoomライブで、その全体像を一緒に整理していきますね😊👇

────────────

【LINEメッセージ 2／button】
{
  ""alt_text"": ""【無料セミナー】AIでひとり起業攻略法のご案内"",
  ""react_type"": ""free"",
  ""react_press_again_text"": null,
  ""thumbnail_image_url"": null,
  ""title"": ""AIでひとり起業攻略法"",
  ""text"": ""7/30(木)20:00〜・Zoomライブ"",
  ""actions"": [
    {
      ""type"": ""url"",
      ""label"": ""セミナーに申し込む"",
      ""uri"": ""https://utage-system.com/event/uxPuWYWcc1DD/register"",
      ""add_label_id"": null,
      ""del_label_id"": null
    }
  ]
}","【LINEメッセージ 1／text】
AIの情報は増えているのに、「自分は何をすればいいか」が決まらない…。そんなふうに感じること、ありませんか？😌

そこから抜け出すには、ツールを増やすより“事業にする順番”を知ることが大事なんですよ。Zoomライブで、その全体像を一緒に整理していきますね😊👇

────────────

【LINEメッセージ 2／button】
{
  ""alt_text"": ""【無料セミナー】AIでひとり起業攻略法のご案内"",
  ""react_type"": ""free"",
  ""react_press_again_text"": null,
  ""thumbnail_image_url"": null,
  ""title"": ""AIでひとり起業攻略法"",
  ""text"": ""7/30(木)20:00〜・Zoomライブ"",
  ""actions"": [
    {
      ""type"": ""url"",
      ""label"": ""セミナーに申し込む"",
      ""uri"": ""https://utage-system.com/event/uxPuWYWcc1DD/register"",
      ""add_label_id"": null,
      ""del_label_id"": null
    }
  ]
}","AIの情報は増えているのに、「自分は何をすればいいか」が決まらない…。そんなふうに感じること、ありませんか？😌

そこから抜け出すには、ツールを増やすより“事業にする順番”を知ることが大事なんですよ。Zoomライブで、その全体像を一緒に整理していきますね😊👇","あと2日です。

こんな方に向いています。
・AIを仕事や副業につなげたい
・自分の商品を作りたい
・発信しても何を売ればいいか分からない
・一人で会社を回せる仕組みを作りたい","","第1または第2日程の申込完了者。選択した開催日時を基準に配信。面談予約完了／面談済み／営業停止は除外。","https://utage-system.com/account/Y86og5tIw1hZ/scenario/k6xTtx6rInVq/reminder/line/GgATKBKS6nJh/edit","GgATKBKS6nJh"
"YouTube_ゆっくりAI","REVIEW_YouTube_ゆっくりAI_20260810","99","8","AIでひとり起業リマインダ（選択した日程基準）","リマインダ配信","4","LINE","SEM-A03（開催10日前10:00）","イベント参加日時","10日前の 10:00","稼働中","","","【LINEメッセージ 1／text】
ひとり起業って、全部を一人で抱えて頑張ることじゃないんですよ😊

AIに任せることで不要な人間関係のストレスを受けず、のびのびと事業を始められます🙆‍♂️ 「AIでひとり起業攻略法」で具体的に解説しますね📣","【LINEメッセージ 1／text】
ひとり起業って、全部を一人で抱えて頑張ることじゃないんですよ😊

AIに任せる部分と、自分が判断する部分を分けると、商品づくり・発信・販売を小さく回し始められます🙆‍♂️ AIでひとり起業攻略法 で具体的に解説しますね📣","ひとり起業って、全部を一人で抱えて頑張ることじゃないんですよ😊

AIに任せる部分と、自分が判断する部分を分けると、商品づくり・発信・販売を小さく回し始められます🙆‍♂️ AIでひとり起業攻略法 で具体的に解説しますね📣","知識より、順番。

事業テーマ、商品、集客、販売。この順番がバラバラだと、AIを使っても動きは止まります。セミナーで一本のロードマップとして整理してください。","","第1または第2日程の申込完了者。選択した開催日時を基準に配信。面談予約完了／面談済み／営業停止は除外。","https://utage-system.com/account/Y86og5tIw1hZ/scenario/k6xTtx6rInVq/reminder/line/T8nDAcUFnUbQ/edit","T8nDAcUFnUbQ"
"YouTube_ゆっくりAI","REVIEW_YouTube_ゆっくりAI_20260810","100","8","AIでひとり起業リマインダ（選択した日程基準）","リマインダ配信","5","LINE","SEM-A04（開催8日前19:00）","イベント参加日時","8日前の 19:00","稼働中","","","【LINEメッセージ 1／text】
AI初心者の方でも大丈夫、安心して参加してくださいね😊

まだ商品がない、自分の強みが分からない、方向性も決まっていない。そんな状態の人こそおすすめです💡

日時：7月30日(木) 20:00〜✨","【LINEメッセージ 1／text】
AI初心者の方でも大丈夫、安心して参加してくださいね😊

まだ商品がない、強みが分からない、副業の方向性も決まっていない。そんな状態から「誰に何を届けるか」を一緒に考えるライブですよ💡

日時：7月30日(木) 20:00〜✨","AI初心者の方でも大丈夫、安心して参加してくださいね😊

まだ商品がない、強みが分からない、副業の方向性も決まっていない。そんな状態から「誰に何を届けるか」を一緒に考えるライブですよ💡

日時：7月30日(木) 20:00〜✨","明日開催です。

AIでひとり起業攻略法
[セミナー日時]／Zoomライブ

申込は名前とメールアドレスの2項目だけで完了します。
[申込URL]","","第1または第2日程の申込完了者。選択した開催日時を基準に配信。面談予約完了／面談済み／営業停止は除外。","https://utage-system.com/account/Y86og5tIw1hZ/scenario/k6xTtx6rInVq/reminder/line/epA6GY8KUGwU/edit","epA6GY8KUGwU"
"YouTube_ゆっくりAI","REVIEW_YouTube_ゆっくりAI_20260810","101","8","AIでひとり起業リマインダ（選択した日程基準）","リマインダ配信","6","メール","開催7日前","イベント参加日時","7日前の 8:00","稼働中","すや / info-cosmos@xenomagic.com","【開催7日前】%event_name%","%name% 様

この度は
%event_name%
にお申込み頂きありがとうございます。

開催7日前になりましたので
リマインドをさせて頂きます。

■　お申込者情報
━━━━━━━━━━━━━━━━

お名前：%name%
メールアドレス：%mail%
電話番号：%phone%


■　開催日時・会場
━━━━━━━━━━━━━━━━

%event_info%


■　キャンセルについて
━━━━━━━━━━━━━━━━

キャンセルを希望される場合は事前に『必ず』ご連絡ください。


━━━━━━━━━━━━━━━━
%event_name%運営事務局
%from_mail%
━━━━━━━━━━━━━━━━","%name% 様

この度は
%event_name%
にお申込み頂きありがとうございます。

開催7日前になりましたので
リマインドをさせて頂きます。

■　お申込者情報
━━━━━━━━━━━━━━━━

お名前：%name%
メールアドレス：%mail%
電話番号：%phone%


■　開催日時・会場
━━━━━━━━━━━━━━━━

%event_info%


■　キャンセルについて
━━━━━━━━━━━━━━━━

キャンセルを希望される場合は事前に『必ず』ご連絡ください。


━━━━━━━━━━━━━━━━
%event_name%運営事務局
%from_mail%
━━━━━━━━━━━━━━━━","","AIを使えば、作業時間は短くできます。

ただし、誰に何を届けるかという判断まで曖昧なままでは、作業が速くなっても事業にはなりません。明日は、その設計部分を中心にお話しします。

[申込URL]","","第1または第2日程の申込完了者。選択した開催日時を基準に配信。面談予約完了／面談済み／営業停止は除外。","https://utage-system.com/account/Y86og5tIw1hZ/scenario/k6xTtx6rInVq/reminder/bMcMfO7emtsh/edit","bMcMfO7emtsh"
"YouTube_ゆっくりAI","REVIEW_YouTube_ゆっくりAI_20260810","102","8","AIでひとり起業リマインダ（選択した日程基準）","リマインダ配信","7","LINE","SEM-A05（開催6日前10:00）","イベント参加日時","6日前の 10:00","稼働中","","","【LINEメッセージ 1／text】
AIツールの使い方だけ学んでも、事業はできあがらないんですよね😌

大事なのは、テーマ選びから商品化・集客・販売までを一つの流れとして設計すること。今回のセミナーで、そのつながりをまるっとお見せします😊👇

────────────

【LINEメッセージ 2／button】
{
  ""alt_text"": ""【無料セミナー】AIでひとり起業攻略法のご案内"",
  ""react_type"": ""free"",
  ""react_press_again_text"": null,
  ""thumbnail_image_url"": null,
  ""title"": ""AIでひとり起業攻略法"",
  ""text"": ""7/30(木)20:00〜・Zoomライブ"",
  ""actions"": [
    {
      ""type"": ""url"",
      ""label"": ""セミナーに申し込む"",
      ""uri"": ""https://utage-system.com/event/uxPuWYWcc1DD/register"",
      ""add_label_id"": null,
      ""del_label_id"": null
    }
  ]
}","【LINEメッセージ 1／text】
AIツールの使い方だけ学んでも、売上までの道筋って自動ではできないんですよね😌

大事なのは、テーマ選びから商品化・集客・販売までを一つの流れとして設計すること。今回のセミナーで、そのつながりをまるっとお見せしますね😊👇

────────────

【LINEメッセージ 2／button】
{
  ""alt_text"": ""【無料セミナー】AIでひとり起業攻略法のご案内"",
  ""react_type"": ""free"",
  ""react_press_again_text"": null,
  ""thumbnail_image_url"": null,
  ""title"": ""AIでひとり起業攻略法"",
  ""text"": ""7/30(木)20:00〜・Zoomライブ"",
  ""actions"": [
    {
      ""type"": ""url"",
      ""label"": ""セミナーに申し込む"",
      ""uri"": ""https://utage-system.com/event/uxPuWYWcc1DD/register"",
      ""add_label_id"": null,
      ""del_label_id"": null
    }
  ]
}","AIツールの使い方だけ学んでも、売上までの道筋って自動ではできないんですよね😌

大事なのは、テーマ選びから商品化・集客・販売までを一つの流れとして設計すること。今回のセミナーで、そのつながりをまるっとお見せしますね😊👇","[name]さん、明日の予定は空けられそうですか？

ライブで受けるからこそ、その場で自分の現状と照らし合わせられます。参加する場合は、今夜のうちに登録を済ませてください。
[申込URL]","","第1または第2日程の申込完了者。選択した開催日時を基準に配信。面談予約完了／面談済み／営業停止は除外。","https://utage-system.com/account/Y86og5tIw1hZ/scenario/k6xTtx6rInVq/reminder/line/3E6E25mtftpc/edit","3E6E25mtftpc"
"YouTube_ゆっくりAI","REVIEW_YouTube_ゆっくりAI_20260810","103","8","AIでひとり起業リマインダ（選択した日程基準）","リマインダ配信","8","LINE","SEM-A06（開催5日前19:00）","イベント参加日時","5日前の 19:00","稼働中","","","【LINEメッセージ 1／text】
今回は録画教材ではなく、Zoomライブでの開催です🎥

同じ内容でも、開催日に時間を取って、その場で自分の課題として考えると理解がぐっと変わりますよ😊
毎回質疑の応答も盛り上がります。

参加できる方は、今のうちに予定を確保しておいてくださいね🔥","【LINEメッセージ 1／text】
今回は録画教材ではなく、Zoomライブでの開催です🎥

同じ内容でも、開催日に時間を取って、その場で自分の課題として考えると理解がぐっと変わりますよ😊 参加できる方は、今のうちに予定を確保しておいてくださいね🔥","今回は録画教材ではなく、Zoomライブでの開催です🎥

同じ内容でも、開催日に時間を取って、その場で自分の課題として考えると理解がぐっと変わりますよ😊 参加できる方は、今のうちに予定を確保しておいてくださいね🔥","本日開催。

AIでひとり起業攻略法
[セミナー日時]／Zoom

AIを自分の事業へつなぐ道筋を、今日のライブで整理します。
[申込URL]","","第1または第2日程の申込完了者。選択した開催日時を基準に配信。面談予約完了／面談済み／営業停止は除外。","https://utage-system.com/account/Y86og5tIw1hZ/scenario/k6xTtx6rInVq/reminder/line/siAvg0yTDFhf/edit","siAvg0yTDFhf"
"YouTube_ゆっくりAI","REVIEW_YouTube_ゆっくりAI_20260810","104","8","AIでひとり起業リマインダ（選択した日程基準）","リマインダ配信","9","LINE","SEM-A07（開催4日前20:00）","イベント参加日時","4日前の 20:00","稼働中","","","【LINEメッセージ 1／text】
開催まであと4日です⏰

AIでひとり起業攻略法
7月30日(木) 20:00〜

「AIで何ができるか」から、「AIを使って仕組みを作る」へ進みたい方へ😊 明日から開催直前のご案内に入りますね📣","【LINEメッセージ 1／text】
開催まであと4日です⏰

AIでひとり起業攻略法
7月30日(木) 20:00〜

「AIで何ができるか」から、「AIを使って自分は何を事業にするか」へ進みたい方へ😊 明日から開催直前のご案内に入りますね📣","開催まであと4日です⏰

AIでひとり起業攻略法
7月30日(木) 20:00〜

「AIで何ができるか」から、「AIを使って自分は何を事業にするか」へ進みたい方へ😊 明日から開催直前のご案内に入りますね📣","開始まであと3時間です。

まだ申込は間に合います。名前とメールアドレスを入力すると、参加用Zoom URLが届きます。

[申込URL]","","第1または第2日程の申込完了者。選択した開催日時を基準に配信。面談予約完了／面談済み／営業停止は除外。","https://utage-system.com/account/Y86og5tIw1hZ/scenario/k6xTtx6rInVq/reminder/line/PWaav3ryRLrd/edit","PWaav3ryRLrd"
"YouTube_ゆっくりAI","REVIEW_YouTube_ゆっくりAI_20260810","105","8","AIでひとり起業リマインダ（選択した日程基準）","リマインダ配信","10","メール","開催3日前","イベント参加日時","3日前の 8:00","稼働中","すや / info-cosmos@xenomagic.com","【開催3日前】%event_name%","%name% 様

この度は
%event_name%
にお申込み頂きありがとうございます。

開催3日前になりましたので
リマインドをさせて頂きます。

■　お申込者情報
━━━━━━━━━━━━━━━━

お名前：%name%
メールアドレス：%mail%
電話番号：%phone%


■　開催日時・会場
━━━━━━━━━━━━━━━━

%event_info%


■　キャンセルについて
━━━━━━━━━━━━━━━━

キャンセルを希望される場合は事前に『必ず』ご連絡ください。


━━━━━━━━━━━━━━━━
%event_name%運営事務局
%from_mail%
━━━━━━━━━━━━━━━━","%name% 様

この度は
%event_name%
にお申込み頂きありがとうございます。

開催3日前になりましたので
リマインドをさせて頂きます。

■　お申込者情報
━━━━━━━━━━━━━━━━

お名前：%name%
メールアドレス：%mail%
電話番号：%phone%


■　開催日時・会場
━━━━━━━━━━━━━━━━

%event_info%


■　キャンセルについて
━━━━━━━━━━━━━━━━

キャンセルを希望される場合は事前に『必ず』ご連絡ください。


━━━━━━━━━━━━━━━━
%event_name%運営事務局
%from_mail%
━━━━━━━━━━━━━━━━","","あと30分で開始します。

今日ここで、AIの情報収集から「自分の事業を作る側」へ進みたい方はご参加ください。
[申込URL]","","第1または第2日程の申込完了者。選択した開催日時を基準に配信。面談予約完了／面談済み／営業停止は除外。","https://utage-system.com/account/Y86og5tIw1hZ/scenario/k6xTtx6rInVq/reminder/Dn4tac7u9S6t/edit","Dn4tac7u9S6t"
"YouTube_ゆっくりAI","REVIEW_YouTube_ゆっくりAI_20260810","106","8","AIでひとり起業リマインダ（選択した日程基準）","リマインダ配信","11","LINE","SEM-B01（開催3日前10:00）","イベント参加日時","3日前の 10:00","稼働中","","","【LINEメッセージ 1／text】
開催まであと3日です😊

AIを学ぶだけでなく、自分の商品・集客・販売につなげる全体像を、Zoomライブでお伝えしますね🙌

日時：7月30日(木) 20:00〜✨","【LINEメッセージ 1／text】
開催まであと3日です😊

AIを学ぶだけでなく、自分の商品・集客・販売につなげる全体像を、Zoomライブでお伝えしますね🙌

日時：7月30日(木) 20:00〜✨","開催まであと3日です😊

AIを学ぶだけでなく、自分の商品・集客・販売につなげる全体像を、Zoomライブでお伝えしますね🙌

日時：7月30日(木) 20:00〜✨","まもなく開始します。申込受付は開始3分前までです。

迷っていた方は、こちらが最後のご案内です。
[申込URL]","","第1または第2日程の申込完了者。選択した開催日時を基準に配信。面談予約完了／面談済み／営業停止は除外。","https://utage-system.com/account/Y86og5tIw1hZ/scenario/k6xTtx6rInVq/reminder/line/OWXIVcHMLYKo/edit","OWXIVcHMLYKo"
"YouTube_ゆっくりAI","REVIEW_YouTube_ゆっくりAI_20260810","107","8","AIでひとり起業リマインダ（選択した日程基準）","リマインダ配信","12","LINE","SEM-B02（開催3日前20:00）","イベント参加日時","3日前の 20:00","稼働中","","","【LINEメッセージ 1／text】
「自分には売れるものがない」と感じていても、大丈夫。最初から完成した答えを持っている必要はないんですよ😌

経験・得意・興味をAIと一緒に掘り下げて、事業テーマの候補を作るところから始められます😊👇

────────────

【LINEメッセージ 2／button】
{
  ""alt_text"": ""【無料セミナー】AIでひとり起業攻略法のご案内"",
  ""react_type"": ""free"",
  ""react_press_again_text"": null,
  ""thumbnail_image_url"": null,
  ""title"": ""AIでひとり起業攻略法"",
  ""text"": ""7/30(木)20:00〜・Zoomライブ"",
  ""actions"": [
    {
      ""type"": ""url"",
      ""label"": ""セミナーに申し込む"",
      ""uri"": ""https://utage-system.com/event/uxPuWYWcc1DD/register"",
      ""add_label_id"": null,
      ""del_label_id"": null
    }
  ]
}","【LINEメッセージ 1／text】
「自分には売れるものがない」と感じていても、大丈夫。最初から完成した答えを持っている必要はないんですよ😌

経験・得意・興味をAIと一緒に掘り下げて、事業テーマの候補を作るところから始められます😊👇

────────────

【LINEメッセージ 2／button】
{
  ""alt_text"": ""【無料セミナー】AIでひとり起業攻略法のご案内"",
  ""react_type"": ""free"",
  ""react_press_again_text"": null,
  ""thumbnail_image_url"": null,
  ""title"": ""AIでひとり起業攻略法"",
  ""text"": ""7/30(木)20:00〜・Zoomライブ"",
  ""actions"": [
    {
      ""type"": ""url"",
      ""label"": ""セミナーに申し込む"",
      ""uri"": ""https://utage-system.com/event/uxPuWYWcc1DD/register"",
      ""add_label_id"": null,
      ""del_label_id"": null
    }
  ]
}","「自分には売れるものがない」と感じていても、大丈夫。最初から完成した答えを持っている必要はないんですよ😌

経験・得意・興味をAIと一緒に掘り下げて、事業テーマの候補を作るところから始められます😊👇","[name]さん、お申し込みありがとうございます。

AIでひとり起業攻略法
日時：[セミナー日時]
形式：Zoomライブ
参加URL：[参加URL]

当日は開始３分前からお入りください。","","第1または第2日程の申込完了者。選択した開催日時を基準に配信。面談予約完了／面談済み／営業停止は除外。","https://utage-system.com/account/Y86og5tIw1hZ/scenario/k6xTtx6rInVq/reminder/line/9sihvptXzwte/edit","9sihvptXzwte"
"YouTube_ゆっくりAI","REVIEW_YouTube_ゆっくりAI_20260810","108","8","AIでひとり起業リマインダ（選択した日程基準）","リマインダ配信","13","LINE","SEM-B03（開催2日前10:00）","イベント参加日時","2日前の 10:00","稼働中","","","【LINEメッセージ 1／text】
開催まであと2日です⏰

こんな方にぴったりですよ😊
・AIを仕事や副業につなげたい
・自分の商品を作りたい
・発信しても何を売ればいいか分からない
・一人で回せる仕組みを作りたい🔥","【LINEメッセージ 1／text】
開催まであと2日です⏰

こんな方にぴったりですよ😊
・AIを仕事や副業につなげたい
・自分の商品を作りたい
・発信しても何を売ればいいか分からない
・一人で回せる仕組みを作りたい🔥","開催まであと2日です⏰

こんな方にぴったりですよ😊
・AIを仕事や副業につなげたい
・自分の商品を作りたい
・発信しても何を売ればいいか分からない
・一人で回せる仕組みを作りたい🔥","開催1週間前になりました。

AIで何を学ぶかだけでなく、自分は何を事業にするかを考える時間にします。カレンダーに予定が入っているかご確認ください。

[参加URL]","","第1または第2日程の申込完了者。選択した開催日時を基準に配信。面談予約完了／面談済み／営業停止は除外。","https://utage-system.com/account/Y86og5tIw1hZ/scenario/k6xTtx6rInVq/reminder/line/7GLrzdEk8FbV/edit","7GLrzdEk8FbV"
"YouTube_ゆっくりAI","REVIEW_YouTube_ゆっくりAI_20260810","109","8","AIでひとり起業リマインダ（選択した日程基準）","リマインダ配信","14","LINE","SEM-B04（開催2日前20:00）","イベント参加日時","2日前の 20:00","稼働中","","","【LINEメッセージ 1／text】
知識より、順番なんです💡

事業テーマ、商品、集客、販売。この順番がバラバラだと、AIを使っても動きは止まっちゃうんですよね😌 セミナーで、一本のロードマップとして一緒に整理していきましょう😊📣","【LINEメッセージ 1／text】
知識より、順番なんです💡

事業テーマ、商品、集客、販売。この順番がバラバラだと、AIを使っても動きは止まっちゃうんですよね😌 セミナーで、一本のロードマップとして一緒に整理していきましょう😊📣","知識より、順番なんです💡

事業テーマ、商品、集客、販売。この順番がバラバラだと、AIを使っても動きは止まっちゃうんですよね😌 セミナーで、一本のロードマップとして一緒に整理していきましょう😊📣","あと3日です。

当日は、今の仕事・得意なこと・興味を自分なりに思い浮かべておくと、内容をより自分事にできます。資料の準備は不要です。","","第1または第2日程の申込完了者。選択した開催日時を基準に配信。面談予約完了／面談済み／営業停止は除外。","https://utage-system.com/account/Y86og5tIw1hZ/scenario/k6xTtx6rInVq/reminder/line/SxUMQUpRWqbO/edit","SxUMQUpRWqbO"
"YouTube_ゆっくりAI","REVIEW_YouTube_ゆっくりAI_20260810","110","8","AIでひとり起業リマインダ（選択した日程基準）","リマインダ配信","15","メール","開催前日","イベント参加日時","1日前の 8:00","稼働中","すや / info-cosmos@xenomagic.com","【明日開催】%event_name%","%name% 様

この度は
%event_name%
にお申込み頂きありがとうございます。

開催前日になりましたので
リマインドをさせて頂きます。

■　お申込者情報
━━━━━━━━━━━━━━━━

お名前：%name%
メールアドレス：%mail%
電話番号：%phone%


■　開催日時・会場
━━━━━━━━━━━━━━━━

%event_info%


■　キャンセルについて
━━━━━━━━━━━━━━━━

キャンセルを希望される場合は事前に『必ず』ご連絡ください。


━━━━━━━━━━━━━━━━
%event_name%運営事務局
%from_mail%
━━━━━━━━━━━━━━━━","%name% 様

この度は
%event_name%
にお申込み頂きありがとうございます。

開催前日になりましたので
リマインドをさせて頂きます。

■　お申込者情報
━━━━━━━━━━━━━━━━

お名前：%name%
メールアドレス：%mail%
電話番号：%phone%


■　開催日時・会場
━━━━━━━━━━━━━━━━

%event_info%


■　キャンセルについて
━━━━━━━━━━━━━━━━

キャンセルを希望される場合は事前に『必ず』ご連絡ください。


━━━━━━━━━━━━━━━━
%event_name%運営事務局
%from_mail%
━━━━━━━━━━━━━━━━","","明日開催

AIでひとり起業攻略法
[セミナー日時]

参加URL：[参加URL]
ライブでお会いできるのを楽しみにしています。","","第1または第2日程の申込完了者。選択した開催日時を基準に配信。面談予約完了／面談済み／営業停止は除外。","https://utage-system.com/account/Y86og5tIw1hZ/scenario/k6xTtx6rInVq/reminder/Ml3G0kXISlpu/edit","Ml3G0kXISlpu"
"YouTube_ゆっくりAI","REVIEW_YouTube_ゆっくりAI_20260810","111","8","AIでひとり起業リマインダ（選択した日程基準）","リマインダ配信","16","LINE","SEM-B05（開催前日09:00）","イベント参加日時","1日前の 9:00","稼働中","","","【LINEメッセージ 1／text】
いよいよ明日開催です🎉

AIでひとり起業攻略法
7月30日(木) 20:00〜／Zoomライブ

申込は名前とメールアドレスの2項目だけでサクッと完了しますよ😊✨","【LINEメッセージ 1／text】
いよいよ明日開催です🎉

AIでひとり起業攻略法
7月30日(木) 20:00〜／Zoomライブ

申込は名前とメールアドレスの2項目だけでサクッと完了しますよ😊✨","いよいよ明日開催です🎉

AIでひとり起業攻略法
7月30日(木) 20:00〜／Zoomライブ

申込は名前とメールアドレスの2項目だけでサクッと完了しますよ😊✨","[name]さん、本日開催です。

開始時刻になりましたら、こちらからZoomへお入りください。
[参加URL]

落ち着いて参加できる場所と、メモをご用意ください。","","第1または第2日程の申込完了者。選択した開催日時を基準に配信。面談予約完了／面談済み／営業停止は除外。","https://utage-system.com/account/Y86og5tIw1hZ/scenario/k6xTtx6rInVq/reminder/line/P3YNIZDP42tl/edit","P3YNIZDP42tl"
"YouTube_ゆっくりAI","REVIEW_YouTube_ゆっくりAI_20260810","112","8","AIでひとり起業リマインダ（選択した日程基準）","リマインダ配信","17","LINE","SEM-B06（開催前日15:00）","イベント参加日時","1日前の 15:00","稼働中","","","【LINEメッセージ 1／text】
AIを使えば、作業時間はぐっと短くできます🚀

ただ、「誰に何を届けるか」という判断が曖昧なままだと、作業が速くなっても事業にはならないんですよね😌 明日は、その設計部分を中心にお話ししますね😊👇

────────────

【LINEメッセージ 2／button】
{
  ""alt_text"": ""【無料セミナー】明日開催・AIでひとり起業攻略法"",
  ""react_type"": ""free"",
  ""react_press_again_text"": null,
  ""thumbnail_image_url"": null,
  ""title"": ""AIでひとり起業攻略法"",
  ""text"": ""7/30(木)20:00〜・Zoomライブ"",
  ""actions"": [
    {
      ""type"": ""url"",
      ""label"": ""セミナーに申し込む"",
      ""uri"": ""https://utage-system.com/event/uxPuWYWcc1DD/register"",
      ""add_label_id"": null,
      ""del_label_id"": null
    }
  ]
}","【LINEメッセージ 1／text】
AIを使えば、作業時間はぐっと短くできます🚀

ただ、「誰に何を届けるか」という判断が曖昧なままだと、作業が速くなっても事業にはならないんですよね😌 明日は、その設計部分を中心にお話ししますね😊👇

────────────

【LINEメッセージ 2／button】
{
  ""alt_text"": ""【無料セミナー】明日開催・AIでひとり起業攻略法"",
  ""react_type"": ""free"",
  ""react_press_again_text"": null,
  ""thumbnail_image_url"": null,
  ""title"": ""AIでひとり起業攻略法"",
  ""text"": ""7/30(木)20:00〜・Zoomライブ"",
  ""actions"": [
    {
      ""type"": ""url"",
      ""label"": ""セミナーに申し込む"",
      ""uri"": ""https://utage-system.com/event/uxPuWYWcc1DD/register"",
      ""add_label_id"": null,
      ""del_label_id"": null
    }
  ]
}","AIを使えば、作業時間はぐっと短くできます🚀

ただ、「誰に何を届けるか」という判断が曖昧なままだと、作業が速くなっても事業にはならないんですよね😌 明日は、その設計部分を中心にお話ししますね😊👇","開始まであと3時間です。

[セミナー日時]
Zoom：[参加URL]

参加URLを今のうちに開けるか確認しておくと安心です。","","第1または第2日程の申込完了者。選択した開催日時を基準に配信。面談予約完了／面談済み／営業停止は除外。","https://utage-system.com/account/Y86og5tIw1hZ/scenario/k6xTtx6rInVq/reminder/line/NLOMhG84Ci6Q/edit","NLOMhG84Ci6Q"
"YouTube_ゆっくりAI","REVIEW_YouTube_ゆっくりAI_20260810","113","8","AIでひとり起業リマインダ（選択した日程基準）","リマインダ配信","18","LINE","SEM-B07（開催前日21:00）","イベント参加日時","1日前の 21:00","稼働中","","","【LINEメッセージ 1／text】
%line_name%さん、明日の予定は空けられそうですか？😊

ライブで受けるからこそ、その場で自分の現状と照らし合わせられますよ💬 参加される方は、今夜のうちに登録を済ませておいてくださいね🔥","【LINEメッセージ 1／text】
%line_name%さん、明日の予定は空けられそうですか？😊

ライブで受けるからこそ、その場で自分の現状と照らし合わせられますよ💬 参加される方は、今夜のうちに登録を済ませておいてくださいね🔥","%line_name%さん、明日の予定は空けられそうですか？😊

ライブで受けるからこそ、その場で自分の現状と照らし合わせられますよ💬 参加される方は、今夜のうちに登録を済ませておいてくださいね🔥","あと30分で開始します。

こちらのZoomからご参加ください。
[参加URL]

開始３分前を目安にお入りください。","","第1または第2日程の申込完了者。選択した開催日時を基準に配信。面談予約完了／面談済み／営業停止は除外。","https://utage-system.com/account/Y86og5tIw1hZ/scenario/k6xTtx6rInVq/reminder/line/J4IfqonkEI86/edit","J4IfqonkEI86"
"YouTube_ゆっくりAI","REVIEW_YouTube_ゆっくりAI_20260810","114","8","AIでひとり起業リマインダ（選択した日程基準）","リマインダ配信","19","メール","開催当日","イベント参加日時","当日の 8:00","稼働中","すや / info-cosmos@xenomagic.com","【本日開催】%event_name%","%name% 様

この度は
%event_name%
にお申込み頂きありがとうございます。

開催当日になりましたので
リマインドをさせて頂きます。

■　お申込者情報
━━━━━━━━━━━━━━━━

お名前：%name%
メールアドレス：%mail%
電話番号：%phone%


■　開催日時・会場
━━━━━━━━━━━━━━━━

%event_info%


■　キャンセルについて
━━━━━━━━━━━━━━━━

キャンセルを希望される場合は事前に『必ず』ご連絡ください。


━━━━━━━━━━━━━━━━
%event_name%運営事務局
%from_mail%
━━━━━━━━━━━━━━━━","%name% 様

この度は
%event_name%
にお申込み頂きありがとうございます。

開催当日になりましたので
リマインドをさせて頂きます。

■　お申込者情報
━━━━━━━━━━━━━━━━

お名前：%name%
メールアドレス：%mail%
電話番号：%phone%


■　開催日時・会場
━━━━━━━━━━━━━━━━

%event_info%


■　キャンセルについて
━━━━━━━━━━━━━━━━

キャンセルを希望される場合は事前に『必ず』ご連絡ください。


━━━━━━━━━━━━━━━━
%event_name%運営事務局
%from_mail%
━━━━━━━━━━━━━━━━","","ただいま開始しました。

まだ間に合います。こちらからZoomへお入りください。
[参加URL]","","第1または第2日程の申込完了者。選択した開催日時を基準に配信。面談予約完了／面談済み／営業停止は除外。","https://utage-system.com/account/Y86og5tIw1hZ/scenario/k6xTtx6rInVq/reminder/eBdgYPhuuHDS/edit","eBdgYPhuuHDS"
"YouTube_ゆっくりAI","REVIEW_YouTube_ゆっくりAI_20260810","115","8","AIでひとり起業リマインダ（選択した日程基準）","リマインダ配信","20","LINE","SEM-B08（開催当日09:00）","イベント参加日時","当日の 9:00","稼働中","","","【LINEメッセージ 1／text】
いよいよ本日開催です🎉

AIでひとり起業攻略法
7月30日(木) 20:00〜／Zoom

AIを自分の事業へつなぐ道筋を、今日のライブで一緒に整理していきましょう😊📣","【LINEメッセージ 1／text】
いよいよ本日開催です🎉

AIでひとり起業攻略法
7月30日(木) 20:00〜／Zoom

AIを自分の事業へつなぐ道筋を、今日のライブで一緒に整理していきましょう😊📣","いよいよ本日開催です🎉

AIでひとり起業攻略法
7月30日(木) 20:00〜／Zoom

AIを自分の事業へつなぐ道筋を、今日のライブで一緒に整理していきましょう😊📣","[name]さん

すやです。
AIでひとり起業攻略法 へお申し込みいただき、ありがとうございます。

【開催日時】[セミナー日時]
【形式】Zoomライブ
【参加URL】[参加URL]

当日は開始３分前を目安にZoomへお入りください。AIを使って自分に合う事業テーマを見つけ、商品づくり・集客・販売までをどうつなぐか、全体像をお伝えします。

このメールは当日まで保存してください。

すや","","第1または第2日程の申込完了者。選択した開催日時を基準に配信。面談予約完了／面談済み／営業停止は除外。","https://utage-system.com/account/Y86og5tIw1hZ/scenario/k6xTtx6rInVq/reminder/line/1t46K2YxFytZ/edit","1t46K2YxFytZ"
"YouTube_ゆっくりAI","REVIEW_YouTube_ゆっくりAI_20260810","116","8","AIでひとり起業リマインダ（選択した日程基準）","リマインダ配信","21","LINE","SEM-B09（開始3時間前）","イベント参加日時","3時間 前","稼働中","","","【LINEメッセージ 1／text】
開始まであと3時間です⏰

まだ申込は間に合いますよ😊 名前とメールアドレスを入力すると、参加用のZoom URLが届きます👇

────────────

【LINEメッセージ 2／button】
{
  ""alt_text"": ""【無料セミナー】本日20:00〜・申込受付中"",
  ""react_type"": ""free"",
  ""react_press_again_text"": null,
  ""thumbnail_image_url"": null,
  ""title"": ""AIでひとり起業攻略法"",
  ""text"": ""本日20:00〜・Zoomライブ"",
  ""actions"": [
    {
      ""type"": ""url"",
      ""label"": ""セミナーに申し込む"",
      ""uri"": ""https://utage-system.com/event/uxPuWYWcc1DD/register"",
      ""add_label_id"": null,
      ""del_label_id"": null
    }
  ]
}","【LINEメッセージ 1／text】
開始まであと3時間です⏰

まだ申込は間に合いますよ😊 名前とメールアドレスを入力すると、参加用のZoom URLが届きます👇

────────────

【LINEメッセージ 2／button】
{
  ""alt_text"": ""【無料セミナー】本日20:00〜・申込受付中"",
  ""react_type"": ""free"",
  ""react_press_again_text"": null,
  ""thumbnail_image_url"": null,
  ""title"": ""AIでひとり起業攻略法"",
  ""text"": ""本日20:00〜・Zoomライブ"",
  ""actions"": [
    {
      ""type"": ""url"",
      ""label"": ""セミナーに申し込む"",
      ""uri"": ""https://utage-system.com/event/uxPuWYWcc1DD/register"",
      ""add_label_id"": null,
      ""del_label_id"": null
    }
  ]
}","開始まであと3時間です⏰

まだ申込は間に合いますよ😊 名前とメールアドレスを入力すると、参加用のZoom URLが届きます👇","[name]さん

すやです。明日はいよいよ AIでひとり起業攻略法 の開催日です。

【開催日時】[セミナー日時]
【参加URL】[参加URL]

事前課題はありません。今の仕事、得意なこと、これから作ってみたいものを少し思い浮かべておくと、内容を自分に当てはめやすくなります。

Zoomでお会いできるのを楽しみにしています。

すや","","第1または第2日程の申込完了者。選択した開催日時を基準に配信。面談予約完了／面談済み／営業停止は除外。","https://utage-system.com/account/Y86og5tIw1hZ/scenario/k6xTtx6rInVq/reminder/line/eEW6iUHnTRoG/edit","eEW6iUHnTRoG"
"YouTube_ゆっくりAI","REVIEW_YouTube_ゆっくりAI_20260810","117","8","AIでひとり起業リマインダ（選択した日程基準）","リマインダ配信","22","メール","開催60分前","イベント参加日時","1時間 前","稼働中","すや / info-cosmos@xenomagic.com","【開催60分前】%event_name%","%name% 様

この度は
%event_name%
にお申込み頂きありがとうございます。

開催60分前になりましたので
リマインドをさせて頂きます。

■　お申込者情報
━━━━━━━━━━━━━━━━

お名前：%name%
メールアドレス：%mail%
電話番号：%phone%


■　開催日時・会場
━━━━━━━━━━━━━━━━

%event_info%


■　キャンセルについて
━━━━━━━━━━━━━━━━

キャンセルを希望される場合は事前に『必ず』ご連絡ください。


━━━━━━━━━━━━━━━━
%event_name%運営事務局
%from_mail%
━━━━━━━━━━━━━━━━","%name% 様

この度は
%event_name%
にお申込み頂きありがとうございます。

開催60分前になりましたので
リマインドをさせて頂きます。

■　お申込者情報
━━━━━━━━━━━━━━━━

お名前：%name%
メールアドレス：%mail%
電話番号：%phone%


■　開催日時・会場
━━━━━━━━━━━━━━━━

%event_info%


■　キャンセルについて
━━━━━━━━━━━━━━━━

キャンセルを希望される場合は事前に『必ず』ご連絡ください。


━━━━━━━━━━━━━━━━
%event_name%運営事務局
%from_mail%
━━━━━━━━━━━━━━━━","","[name]さん

すやです。AIでひとり起業攻略法 は1時間後に開始します。

【日時】[セミナー日時]
【Zoom】[参加URL]

開始３分前を目安にお入りください。接続が不安な場合は、今のうちにURLが開くか確認しておくと安心です。

それでは後ほどお会いしましょう。

すや","","第1または第2日程の申込完了者。選択した開催日時を基準に配信。面談予約完了／面談済み／営業停止は除外。","https://utage-system.com/account/Y86og5tIw1hZ/scenario/k6xTtx6rInVq/reminder/hRspe99qRdRB/edit","hRspe99qRdRB"
"YouTube_ゆっくりAI","REVIEW_YouTube_ゆっくりAI_20260810","118","8","AIでひとり起業リマインダ（選択した日程基準）","リマインダ配信","23","LINE","SEM-B10（開始30分前）","イベント参加日時","30分 前","稼働中","","","【LINEメッセージ 1／text】
あと３０分で開始します⏰

今日ここで、AIの情報収集から「自分の事業を作る側」へ進みたい方は、ぜひご参加くださいね😊🎥","【LINEメッセージ 1／text】
あと３０分で開始します⏰

今日ここで、AIの情報収集から「自分の事業を作る側」へ進みたい方は、ぜひご参加くださいね😊🎥","あと３０分で開始します⏰

今日ここで、AIの情報収集から「自分の事業を作る側」へ進みたい方は、ぜひご参加くださいね😊🎥","[name]さん

すやです。昨日の AIでひとり起業攻略法 について、見逃した方・もう一度確認したい方向けに、内容を3日間だけ公開します。

【視聴ページ】[VSLURL]
【公開終了】[VSL終了日時]

AIを使ったテーマ選びから商品・集客・販売まで、途中で止めずに一本の流れとして確認してください。視聴後、スクールに興味がある方は AIひとり起業ロードマップ作成会 を予約できます。

すや","","第1または第2日程の申込完了者。選択した開催日時を基準に配信。面談予約完了／面談済み／営業停止は除外。","https://utage-system.com/account/Y86og5tIw1hZ/scenario/k6xTtx6rInVq/reminder/line/siHNqgx45bVs/edit","siHNqgx45bVs"
"YouTube_ゆっくりAI","REVIEW_YouTube_ゆっくりAI_20260810","119","8","AIでひとり起業リマインダ（選択した日程基準）","リマインダ配信","24","LINE","SEM-B11（開始10分前）","イベント参加日時","10分 前","稼働中","","","【LINEメッセージ 1／text】
まもなく開始します🎬 申込受付は開始3分前までです。

迷っていた方へ、こちらが最後のご案内ですよ😊👇

────────────

【LINEメッセージ 2／button】
{
  ""alt_text"": ""【無料セミナー】まもなく開始・最後の受付"",
  ""react_type"": ""free"",
  ""react_press_again_text"": null,
  ""thumbnail_image_url"": null,
  ""title"": ""AIでひとり起業攻略法"",
  ""text"": ""まもなく開始・受付は開始3分前まで"",
  ""actions"": [
    {
      ""type"": ""url"",
      ""label"": ""セミナーに申し込む"",
      ""uri"": ""https://utage-system.com/event/uxPuWYWcc1DD/register"",
      ""add_label_id"": null,
      ""del_label_id"": null
    }
  ]
}","【LINEメッセージ 1／text】
まもなく開始します🎬 申込受付は開始3分前までです。

迷っていた方へ、こちらが最後のご案内ですよ😊👇

────────────

【LINEメッセージ 2／button】
{
  ""alt_text"": ""【無料セミナー】まもなく開始・最後の受付"",
  ""react_type"": ""free"",
  ""react_press_again_text"": null,
  ""thumbnail_image_url"": null,
  ""title"": ""AIでひとり起業攻略法"",
  ""text"": ""まもなく開始・受付は開始3分前まで"",
  ""actions"": [
    {
      ""type"": ""url"",
      ""label"": ""セミナーに申し込む"",
      ""uri"": ""https://utage-system.com/event/uxPuWYWcc1DD/register"",
      ""add_label_id"": null,
      ""del_label_id"": null
    }
  ]
}","まもなく開始します🎬 申込受付は開始3分前までです。

迷っていた方へ、こちらが最後のご案内ですよ😊👇","[name]さん、本日はご参加ありがとうございました。

参加特典の 「[参加特典名]」 はこちらです。
[参加特典URL]

今日の内容を自分の場合に落とし込み、AIで何を事業にするか、商品・集客・販売をどの順番で作るかを一緒に整理したい方へ。AIひとり起業ロードマップ作成会を用意しました。Zoom30分です。スクールの案内も含みますので、興味がある方だけ日程をご覧ください。","","第1または第2日程の申込完了者。選択した開催日時を基準に配信。面談予約完了／面談済み／営業停止は除外。","https://utage-system.com/account/Y86og5tIw1hZ/scenario/k6xTtx6rInVq/reminder/line/V2eXqcNB22PM/edit","V2eXqcNB22PM"
"YouTube_ゆっくりAI","REVIEW_YouTube_ゆっくりAI_20260810","120","9","ロードマップ案内_未クリック","ステップ配信","1","LINE","ATT-N02","","申込したセミナー開催日の翌朝06:00","稼働中","","","【LINEメッセージ 1／text】
昨日のセミナー内容を「分かった」で終わらせず、自分の計画に変えたい方へ😊

AIひとり起業ロードマップ作成会 では、今の経験や得意なことをもとに、最初の商品と集客までの順番を30分で整理していきますね🎁","【LINEメッセージ 1／text】
昨日のセミナー内容を「分かった」で終わらせず、自分の計画に変えたい方へ😊

AIひとり起業ロードマップ作成会 では、今の経験や得意なことをもとに、最初の商品と集客までの順番を30分で整理していきますね🎁","昨日のセミナー内容を「分かった」で終わらせず、自分の計画に変えたい方へ😊

AIひとり起業ロードマップ作成会 では、今の経験や得意なことをもとに、最初の商品と集客までの順番を30分で整理していきますね🎁","昨日のセミナー内容を「分かった」で終わらせず、自分の計画に変えたい方へ。

AIひとり起業ロードマップ作成会 では、今の経験や得意なことをもとに、最初の商品と集客までの順番を30分で整理します。","","セミナー申込済み・面談未予約。参加／欠席は判定しない。受付は当日23:59で実際に終了。予約完了／面談済み／営業停止は除外。","https://utage-system.com/account/Y86og5tIw1hZ/scenario/9uJfawAYUqeR/step/line/cO2LU7CnUnkj/edit","cO2LU7CnUnkj"
"YouTube_ゆっくりAI","REVIEW_YouTube_ゆっくりAI_20260810","121","9","ロードマップ案内_未クリック","ステップ配信","2","LINE","ATT-N03","","同日20:00","稼働中","","","【LINEメッセージ 1／text】
参加者向けのロードマップ作成会については、これで最後のご案内ですね😌

スクールに興味があって、自分の場合の進め方を直接相談したい方だけご予約くださいね。名前とメールアドレスで予約できますよ👇

────────────

【LINEメッセージ 2／button】
{
  ""alt_text"": ""【個別】ロードマップ作成会・最後のご案内"",
  ""react_type"": ""free"",
  ""react_press_again_text"": null,
  ""thumbnail_image_url"": null,
  ""title"": ""AIひとり起業ロードマップ作成会"",
  ""text"": ""これが最後のご案内・Zoom30分"",
  ""actions"": [
    {
      ""type"": ""url"",
      ""label"": ""日程を見て予約する"",
      ""uri"": ""https://utage-system.com/event/DkY6Co3mN1oB/register"",
      ""add_label_id"": null,
      ""del_label_id"": null
    }
  ]
}","【LINEメッセージ 1／text】
参加者向けのロードマップ作成会については、これで最後のご案内ですね😌

スクールに興味があって、自分の場合の進め方を直接相談したい方だけご予約くださいね。名前とメールアドレスで予約できますよ👇

────────────

【LINEメッセージ 2／button】
{
  ""alt_text"": ""【個別】ロードマップ作成会・最後のご案内"",
  ""react_type"": ""free"",
  ""react_press_again_text"": null,
  ""thumbnail_image_url"": null,
  ""title"": ""AIひとり起業ロードマップ作成会"",
  ""text"": ""これが最後のご案内・Zoom30分"",
  ""actions"": [
    {
      ""type"": ""url"",
      ""label"": ""日程を見て予約する"",
      ""uri"": ""https://utage-system.com/event/DkY6Co3mN1oB/register"",
      ""add_label_id"": null,
      ""del_label_id"": null
    }
  ]
}","参加者向けのロードマップ作成会については、これで最後のご案内ですね😌

スクールに興味があって、自分の場合の進め方を直接相談したい方だけご予約くださいね。名前とメールアドレスで予約できますよ👇","参加者向けのロードマップ作成会については、これで最後のご案内です。

自分の場合の進め方を直接相談したい方はぜひご予約ください。名前とメールアドレスで予約できます。

[面談予約URL]","[
  {
    ""url"": ""https://utage-system.com/event/DkY6Co3mN1oB/register"",
    ""action_id"": ""lMxbsrSPWV9W"",
    ""expiration_type"": ""none""
  }
]","セミナー申込済み・面談未予約。参加／欠席は判定しない。受付は当日23:59で実際に終了。予約完了／面談済み／営業停止は除外。","https://utage-system.com/account/Y86og5tIw1hZ/scenario/9uJfawAYUqeR/step/line/xbw9oHnCwN8w/edit","xbw9oHnCwN8w"
"YouTube_ゆっくりAI","REVIEW_YouTube_ゆっくりAI_20260810","122","10","ロードマップ案内_クリック済","ステップ配信","1","LINE","ATT-C01","","ページクリック15分後（同日23:59まで）","稼働中","","","【LINEメッセージ 1／text】
%line_name%さん、ロードマップ作成会の日程ページまで見てくださってありがとうございます😊

合う枠が見つからなかった場合も、時間を置くと空き状況が変わることがありますよ。もう一度こちらから確認できます(^^)","【LINEメッセージ 1／text】
%line_name%さん、ロードマップ作成会の日程ページまで見てくださってありがとうございます😊

合う枠が見つからなかった場合も、時間を置くと空き状況が変わることがありますよ。もう一度こちらから確認できます(^^)","%line_name%さん、ロードマップ作成会の日程ページまで見てくださってありがとうございます😊

合う枠が見つからなかった場合も、時間を置くと空き状況が変わることがありますよ。もう一度こちらから確認できます(^^)","[name]さん、ロードマップ作成会の日程ページまでありがとうございます。

合う枠が見つからなかった場合は、時間を置くと空き状況が変わることがあります。もう一度こちらから確認できます。","","セミナー申込済み・面談未予約。参加／欠席は判定しない。受付は当日23:59で実際に終了。予約完了／面談済み／営業停止は除外。","https://utage-system.com/account/Y86og5tIw1hZ/scenario/WaWrM4BWtUx3/step/line/SYNF1KACwEzd/edit","SYNF1KACwEzd"
"YouTube_ゆっくりAI","REVIEW_YouTube_ゆっくりAI_20260810","123","10","ロードマップ案内_クリック済","ステップ配信","2","LINE","ATT-C02","","ページクリック2時間後（同日23:59まで）","稼働中","","","【LINEメッセージ 1／text】
作成会はZoom30分です😊 事前課題はなく、予約は名前とメールアドレスだけでOKですよ。

セミナーで学んだ全体像を、あなたの経験・時間・目標に合わせて具体化していきますね✨","【LINEメッセージ 1／text】
作成会はZoom30分です😊 事前課題はなく、予約は名前とメールアドレスだけでOKですよ。

セミナーで学んだ全体像を、あなたの経験・時間・目標に合わせて具体化していきますね✨","作成会はZoom30分です😊 事前課題はなく、予約は名前とメールアドレスだけでOKですよ。

セミナーで学んだ全体像を、あなたの経験・時間・目標に合わせて具体化していきますね✨","ロードマップ作成会はZoom30分です。事前課題はなく、予約は名前とメールアドレスだけ。

セミナーで学んだ全体像を、あなたの経験・時間・目標に合わせて具体化します。","","セミナー申込済み・面談未予約。参加／欠席は判定しない。受付は当日23:59で実際に終了。予約完了／面談済み／営業停止は除外。","https://utage-system.com/account/Y86og5tIw1hZ/scenario/WaWrM4BWtUx3/step/line/do913Up1Agmm/edit","do913Up1Agmm"
"YouTube_ゆっくりAI","REVIEW_YouTube_ゆっくりAI_20260810","124","10","ロードマップ案内_クリック済","ステップ配信","3","LINE","ATT-C03","","ページクリック5時間後（同日23:59まで）","稼働中","","","【LINEメッセージ 1／text】
「まだ商品も発信テーマも決まっていない」という状態でも大丈夫ですよ😌

何を作るかを決めるところからロードマップにしていきますね。スクールの説明も行うので、受講に関心がある方に向いた会です👇

────────────

【LINEメッセージ 2／button】
{
  ""alt_text"": ""【個別】AIひとり起業ロードマップ作成会のご案内"",
  ""react_type"": ""free"",
  ""react_press_again_text"": null,
  ""thumbnail_image_url"": null,
  ""title"": ""AIひとり起業ロードマップ作成会"",
  ""text"": ""Zoom30分・名前とメールだけで予約OK"",
  ""actions"": [
    {
      ""type"": ""url"",
      ""label"": ""日程を見て予約する"",
      ""uri"": ""https://utage-system.com/event/DkY6Co3mN1oB/register"",
      ""add_label_id"": null,
      ""del_label_id"": null
    }
  ]
}","【LINEメッセージ 1／text】
「まだ商品も発信テーマも決まっていない」という状態でも大丈夫ですよ😌

何を作るかを決めるところからロードマップにしていきますね。スクールの説明も行うので、受講に関心がある方に向いた会です👇

────────────

【LINEメッセージ 2／button】
{
  ""alt_text"": ""【個別】AIひとり起業ロードマップ作成会のご案内"",
  ""react_type"": ""free"",
  ""react_press_again_text"": null,
  ""thumbnail_image_url"": null,
  ""title"": ""AIひとり起業ロードマップ作成会"",
  ""text"": ""Zoom30分・名前とメールだけで予約OK"",
  ""actions"": [
    {
      ""type"": ""url"",
      ""label"": ""日程を見て予約する"",
      ""uri"": ""https://utage-system.com/event/DkY6Co3mN1oB/register"",
      ""add_label_id"": null,
      ""del_label_id"": null
    }
  ]
}","「まだ商品も発信テーマも決まっていない」という状態でも大丈夫ですよ😌

何を作るかを決めるところからロードマップにしていきますね。スクールの説明も行うので、受講に関心がある方に向いた会です👇","「まだ商品も発信テーマも決まっていない」という状態で大丈夫です。

何を作るかを決めるところからロードマップにします。AI未経験者、初心者でも全く問題ございません。
[面談予約URL]","[
  {
    ""url"": ""https://utage-system.com/event/DkY6Co3mN1oB/register"",
    ""action_id"": ""lMxbsrSPWV9W"",
    ""expiration_type"": ""none""
  }
]","セミナー申込済み・面談未予約。参加／欠席は判定しない。受付は当日23:59で実際に終了。予約完了／面談済み／営業停止は除外。","https://utage-system.com/account/Y86og5tIw1hZ/scenario/WaWrM4BWtUx3/step/line/UQK3EIApCLhQ/edit","UQK3EIApCLhQ"
"YouTube_ゆっくりAI","REVIEW_YouTube_ゆっくりAI_20260810","125","10","ロードマップ案内_クリック済","ステップ配信","4","LINE","ATT-C04","","ページクリック10時間後（同日23:59まで）","稼働中","","","【LINEメッセージ 1／text】
セミナーの熱があるうちに、次の一歩を決めちゃいましょう😊

一人で考えて止まりそうなら、30分で優先順位を整理しましょうね(^^)","【LINEメッセージ 1／text】
セミナーの熱があるうちに、次の一歩を決めちゃいましょう😊

一人で考えて止まりそうなら、30分で優先順位を整理しましょうね(^^)","セミナーの熱があるうちに、次の一歩を決めちゃいましょう😊

一人で考えて止まりそうなら、30分で優先順位を整理しましょうね(^^)","セミナーの熱があるうちに、次の一歩を決める。

一人で考えて止まりそうなら、30分で優先順位を整理しましょう。","","セミナー申込済み・面談未予約。参加／欠席は判定しない。受付は当日23:59で実際に終了。予約完了／面談済み／営業停止は除外。","https://utage-system.com/account/Y86og5tIw1hZ/scenario/WaWrM4BWtUx3/step/line/DqIbgdnGuXWJ/edit","DqIbgdnGuXWJ"
"YouTube_ゆっくりAI","REVIEW_YouTube_ゆっくりAI_20260810","126","10","ロードマップ案内_クリック済","ステップ配信","5","LINE","ATT-C05","","同日12:00（未経過時のみ）","稼働中","","","【LINEメッセージ 1／text】
%line_name%さん、昨日ページを見て迷っていた方へ😌

作成会で決めるのは、いきなり受講するかどうかだけではないんです。まず「自分に合う事業テーマと進め方」を一緒に確認していきますね🙌","【LINEメッセージ 1／text】
%line_name%さん、昨日ページを見て迷っていた方へ😌

作成会で決めるのは、いきなり受講するかどうかだけではないんです。まず「自分に合う事業テーマと進め方」を一緒に確認していきますね🙌","%line_name%さん、昨日ページを見て迷っていた方へ😌

作成会で決めるのは、いきなり受講するかどうかだけではないんです。まず「自分に合う事業テーマと進め方」を一緒に確認していきますね🙌","[name]さん、昨日ページを見て迷っていた方へ。

作成会で決めるのは、いきなり受講するかどうかだけではありません。まず「自分に合う事業テーマと進め方」を一緒に確認します。","","セミナー申込済み・面談未予約。参加／欠席は判定しない。受付は当日23:59で実際に終了。予約完了／面談済み／営業停止は除外。","https://utage-system.com/account/Y86og5tIw1hZ/scenario/WaWrM4BWtUx3/step/line/R6S0f0lJiip5/edit","R6S0f0lJiip5"
"YouTube_ゆっくりAI","REVIEW_YouTube_ゆっくりAI_20260810","127","10","ロードマップ案内_クリック済","ステップ配信","6","LINE","ATT-C06","","同日15:00（未経過時のみ）","稼働中","","","【LINEメッセージ 1／text】
AIを使ったひとり起業では、やることを増やすより、何をやらないかまで決めることが大切なんですよ😊

今の状況から、最短の順番を一緒に組み立てていきますね💡","【LINEメッセージ 1／text】
AIを使ったひとり起業では、やることを増やすより、何をやらないかまで決めることが大切なんですよ😊

今の状況から、最短の順番を一緒に組み立てていきますね💡","AIを使ったひとり起業では、やることを増やすより、何をやらないかまで決めることが大切なんですよ😊

今の状況から、最短の順番を一緒に組み立てていきますね💡","AIを使ったひとり起業では、やることを増やすより、何をやらないかまで決めることが重要です。

今の状況から、最短の順番を組み立てます。","","セミナー申込済み・面談未予約。参加／欠席は判定しない。受付は当日23:59で実際に終了。予約完了／面談済み／営業停止は除外。","https://utage-system.com/account/Y86og5tIw1hZ/scenario/WaWrM4BWtUx3/step/line/nHv86RZEKktF/edit","nHv86RZEKktF"
"YouTube_ゆっくりAI","REVIEW_YouTube_ゆっくりAI_20260810","128","10","ロードマップ案内_クリック済","ステップ配信","7","LINE","ATT-C07","","同日18:00（未経過時のみ）","稼働中","","","【LINEメッセージ 1／text】
予約後に都合が変わった場合も、日程変更できるので安心してくださいね😊

時間が合うかだけでも、こちらから気軽に確認してください👇

────────────

【LINEメッセージ 2／button】
{
  ""alt_text"": ""【個別】ロードマップ作成会・予約後も日程変更OK"",
  ""react_type"": ""free"",
  ""react_press_again_text"": null,
  ""thumbnail_image_url"": null,
  ""title"": ""AIひとり起業ロードマップ作成会"",
  ""text"": ""予約後の日程変更OK・Zoom30分"",
  ""actions"": [
    {
      ""type"": ""url"",
      ""label"": ""日程を見て予約する"",
      ""uri"": ""https://utage-system.com/event/DkY6Co3mN1oB/register"",
      ""add_label_id"": null,
      ""del_label_id"": null
    }
  ]
}","【LINEメッセージ 1／text】
予約後に都合が変わった場合も、日程変更できるので安心してくださいね😊

時間が合うかだけでも、こちらから気軽に確認してください👇

────────────

【LINEメッセージ 2／button】
{
  ""alt_text"": ""【個別】ロードマップ作成会・予約後も日程変更OK"",
  ""react_type"": ""free"",
  ""react_press_again_text"": null,
  ""thumbnail_image_url"": null,
  ""title"": ""AIひとり起業ロードマップ作成会"",
  ""text"": ""予約後の日程変更OK・Zoom30分"",
  ""actions"": [
    {
      ""type"": ""url"",
      ""label"": ""日程を見て予約する"",
      ""uri"": ""https://utage-system.com/event/DkY6Co3mN1oB/register"",
      ""add_label_id"": null,
      ""del_label_id"": null
    }
  ]
}","予約後に都合が変わった場合も、日程変更できるので安心してくださいね😊

時間が合うかだけでも、こちらから気軽に確認してください👇","予約後に都合が変わった場合は、日程変更できます。

時間が合うかだけでも、こちらから確認してください。
[面談予約URL]","[
  {
    ""url"": ""https://utage-system.com/event/DkY6Co3mN1oB/register"",
    ""action_id"": ""lMxbsrSPWV9W"",
    ""expiration_type"": ""none""
  }
]","セミナー申込済み・面談未予約。参加／欠席は判定しない。受付は当日23:59で実際に終了。予約完了／面談済み／営業停止は除外。","https://utage-system.com/account/Y86og5tIw1hZ/scenario/WaWrM4BWtUx3/step/line/IHNRxZag2dSb/edit","IHNRxZag2dSb"
"YouTube_ゆっくりAI","REVIEW_YouTube_ゆっくりAI_20260810","129","10","ロードマップ案内_クリック済","ステップ配信","8","LINE","ATT-C08","","同日20:00（未経過時のみ）","稼働中","","","【LINEメッセージ 1／text】
受付は残りわずかな時間です⏰

これは実際の受付期限に基づくご案内です。スクールの内容も聞いたうえで、自分に必要かを判断したい方はご予約くださいね😊","【LINEメッセージ 1／text】
受付は残りわずかな時間です⏰

これは実際の受付期限に基づくご案内です。スクールの内容も聞いたうえで、自分に必要かを判断したい方はご予約くださいね😊","受付は残りわずかな時間です⏰

これは実際の受付期限に基づくご案内です。スクールの内容も聞いたうえで、自分に必要かを判断したい方はご予約くださいね😊","受付は残りわずかな時間です。

これは実際の受付期限に基づくご案内です。スクールの内容も聞いたうえで、自分に必要かを判断したい方はご予約ください。
[面談予約URL]","","セミナー申込済み・面談未予約。参加／欠席は判定しない。受付は当日23:59で実際に終了。予約完了／面談済み／営業停止は除外。","https://utage-system.com/account/Y86og5tIw1hZ/scenario/WaWrM4BWtUx3/step/line/hIwrgVWlkj7R/edit","hIwrgVWlkj7R"
"YouTube_ゆっくりAI","REVIEW_YouTube_ゆっくりAI_20260810","130","10","ロードマップ案内_クリック済","ステップ配信","9","LINE","ATT-C09","","同日22:00（未経過時のみ）","稼働中","","","【LINEメッセージ 1／text】
あと数時間で、今回の参加者向け案内を終了しますね⏰

考え続けるより、一度話して方向を明確にしたい方はこちらです👇

────────────

【LINEメッセージ 2／button】
{
  ""alt_text"": ""【個別】ロードマップ作成会・まもなく受付終了"",
  ""react_type"": ""free"",
  ""react_press_again_text"": null,
  ""thumbnail_image_url"": null,
  ""title"": ""AIひとり起業ロードマップ作成会"",
  ""text"": ""今回の案内はまもなく終了"",
  ""actions"": [
    {
      ""type"": ""url"",
      ""label"": ""日程を見て予約する"",
      ""uri"": ""https://utage-system.com/event/DkY6Co3mN1oB/register"",
      ""add_label_id"": null,
      ""del_label_id"": null
    }
  ]
}","【LINEメッセージ 1／text】
あと数時間で、今回の参加者向け案内を終了しますね⏰

考え続けるより、一度話して方向を明確にしたい方はこちらです👇

────────────

【LINEメッセージ 2／button】
{
  ""alt_text"": ""【個別】ロードマップ作成会・まもなく受付終了"",
  ""react_type"": ""free"",
  ""react_press_again_text"": null,
  ""thumbnail_image_url"": null,
  ""title"": ""AIひとり起業ロードマップ作成会"",
  ""text"": ""今回の案内はまもなく終了"",
  ""actions"": [
    {
      ""type"": ""url"",
      ""label"": ""日程を見て予約する"",
      ""uri"": ""https://utage-system.com/event/DkY6Co3mN1oB/register"",
      ""add_label_id"": null,
      ""del_label_id"": null
    }
  ]
}","あと数時間で、今回の参加者向け案内を終了しますね⏰

考え続けるより、一度話して方向を明確にしたい方はこちらです👇","あと数時間で、今回の参加者向け案内を終了します。

考え続けるより、一度話して方向を明確にしたい方はこちらです。
[面談予約URL]","[
  {
    ""url"": ""https://utage-system.com/event/DkY6Co3mN1oB/register"",
    ""action_id"": ""lMxbsrSPWV9W"",
    ""expiration_type"": ""none""
  }
]","セミナー申込済み・面談未予約。参加／欠席は判定しない。受付は当日23:59で実際に終了。予約完了／面談済み／営業停止は除外。","https://utage-system.com/account/Y86og5tIw1hZ/scenario/WaWrM4BWtUx3/step/line/vjWTxNc4SzJR/edit","vjWTxNc4SzJR"
"YouTube_ゆっくりAI","REVIEW_YouTube_ゆっくりAI_20260810","131","10","ロードマップ案内_クリック済","ステップ配信","10","LINE","ATT-C10","","同日23:00（最終）","稼働中","","","【LINEメッセージ 1／text】
これで最後です🔥

AIひとり起業ロードマップ作成会 の受付をまもなく終了します。参加したい方は、今のうちに予約を完了してくださいね(^^)","【LINEメッセージ 1／text】
これで最後です🔥

AIひとり起業ロードマップ作成会 の受付をまもなく終了します。参加したい方は、今のうちに予約を完了してくださいね(^^)","これで最後です🔥

AIひとり起業ロードマップ作成会 の受付をまもなく終了します。参加したい方は、今のうちに予約を完了してくださいね(^^)","これで最後です。

AIひとり起業ロードマップ作成会 の受付をまもなく終了します。参加したい方は、今のうちに予約を完了してください。","","セミナー申込済み・面談未予約。参加／欠席は判定しない。受付は当日23:59で実際に終了。予約完了／面談済み／営業停止は除外。","https://utage-system.com/account/Y86og5tIw1hZ/scenario/WaWrM4BWtUx3/step/line/qjo7yaI34Vo1/edit","qjo7yaI34Vo1"
"YouTube_ゆっくりAI","REVIEW_YouTube_ゆっくりAI_20260810","132","11","VSL_未開封","ステップ配信","1","LINE","VSL-U01","","0日後 10:00","稼働中","","","【LINEメッセージ 1／image】
{
  ""original_content_url"": ""https://utagesystem.s3.ap-northeast-1.wasabisys.com/GX6OYW2fVtRD/BP6jdJufvGaM.png""
}

────────────

【LINEメッセージ 2／text】
欠席・参加不明の方：見逃した方・復習したい方へ😊
未申込の方：日程が合わなかった方向けの特別公開です✨

AIでひとり起業攻略法 の内容を、本日から3日間だけ視聴できちゃいます🎁
公開終了：8月2日(土)23:59👇

────────────

【LINEメッセージ 3／button】
{
  ""alt_text"": ""【動画】期間限定・無料公開のご案内"",
  ""react_type"": ""free"",
  ""react_press_again_text"": null,
  ""thumbnail_image_url"": null,
  ""title"": ""LINE友だち限定 プレミアム無料動画"",
  ""text"": ""無料公開は登録から3日間・スマホ視聴OK"",
  ""actions"": [
    {
      ""type"": ""url"",
      ""label"": ""動画を見る"",
      ""uri"": ""https://utage-system.com/p/m6COEDrJH2BP"",
      ""add_label_id"": null,
      ""del_label_id"": null
    }
  ]
}","【LINEメッセージ 1／image】
{
  ""original_content_url"": ""https://utagesystem.s3.ap-northeast-1.wasabisys.com/GX6OYW2fVtRD/BP6jdJufvGaM.png""
}

────────────

【LINEメッセージ 2／text】
欠席・参加不明の方：見逃した方・復習したい方へ😊
未申込の方：日程が合わなかった方向けの特別公開です✨

AIでひとり起業攻略法 の内容を、本日から3日間だけ視聴できちゃいます🎁
公開終了：8月2日(土)23:59👇

────────────

【LINEメッセージ 3／button】
{
  ""alt_text"": ""【動画】期間限定・無料公開のご案内"",
  ""react_type"": ""free"",
  ""react_press_again_text"": null,
  ""thumbnail_image_url"": null,
  ""title"": ""LINE友だち限定 プレミアム無料動画"",
  ""text"": ""無料公開は登録から3日間・スマホ視聴OK"",
  ""actions"": [
    {
      ""type"": ""url"",
      ""label"": ""動画を見る"",
      ""uri"": ""https://utage-system.com/p/m6COEDrJH2BP"",
      ""add_label_id"": null,
      ""del_label_id"": null
    }
  ]
}","欠席・参加不明の方：見逃した方・復習したい方へ😊
未申込の方：日程が合わなかった方向けの特別公開です✨

AIでひとり起業攻略法 の内容を、本日から3日間だけ視聴できちゃいます🎁
公開終了：8月2日(土)23:59👇","欠席・参加不明の方：見逃した方・復習したい方へ。
未申込の方：日程が合わなかった方向けの特別公開です。

AIでひとり起業攻略法 の内容を、本日から3日間だけ視聴できます。
公開終了：[VSL終了日時]

[VSLURL]","[
  {
    ""url"": ""https://utage-system.com/p/m6COEDrJH2BP"",
    ""action_id"": ""mjNKfwKZJRag"",
    ""expiration_type"": ""none""
  }
]","VSL未視聴・面談未予約。視聴開始で未視聴を停止、視聴完了で未視聴・途中を停止。予約完了／面談済み／営業停止は除外。VSL初回開始から72時間。","https://utage-system.com/account/Y86og5tIw1hZ/scenario/6vW01x7mDumA/step/line/erP64nKaKQfs/edit","erP64nKaKQfs"
"YouTube_ゆっくりAI","REVIEW_YouTube_ゆっくりAI_20260810","133","11","VSL_未開封","ステップ配信","2","LINE","VSL-U02","","0日後 13:00","稼働中","","","【LINEメッセージ 1／text】
先ほど期間限定の動画を公開しましたよ〜🎥

AIツールの紹介だけじゃなくて、自分に合う事業テーマをどう見つけて、商品・集客・販売へつなげるかを順番に解説しています😊👇

────────────

【LINEメッセージ 2／button】
{
  ""alt_text"": ""【動画】期間限定・無料公開のご案内"",
  ""react_type"": ""free"",
  ""react_press_again_text"": null,
  ""thumbnail_image_url"": null,
  ""title"": ""LINE友だち限定 プレミアム無料動画"",
  ""text"": ""無料公開は登録から3日間・スマホ視聴OK"",
  ""actions"": [
    {
      ""type"": ""url"",
      ""label"": ""動画を見る"",
      ""uri"": ""https://utage-system.com/p/m6COEDrJH2BP"",
      ""add_label_id"": null,
      ""del_label_id"": null
    }
  ]
}","【LINEメッセージ 1／text】
先ほど期間限定の動画を公開しましたよ〜🎥

AIツールの紹介だけじゃなくて、自分に合う事業テーマをどう見つけて、商品・集客・販売へつなげるかを順番に解説しています😊👇

────────────

【LINEメッセージ 2／button】
{
  ""alt_text"": ""【動画】期間限定・無料公開のご案内"",
  ""react_type"": ""free"",
  ""react_press_again_text"": null,
  ""thumbnail_image_url"": null,
  ""title"": ""LINE友だち限定 プレミアム無料動画"",
  ""text"": ""無料公開は登録から3日間・スマホ視聴OK"",
  ""actions"": [
    {
      ""type"": ""url"",
      ""label"": ""動画を見る"",
      ""uri"": ""https://utage-system.com/p/m6COEDrJH2BP"",
      ""add_label_id"": null,
      ""del_label_id"": null
    }
  ]
}","先ほど期間限定の動画を公開しましたよ〜🎥

AIツールの紹介だけじゃなくて、自分に合う事業テーマをどう見つけて、商品・集客・販売へつなげるかを順番に解説しています😊👇","先ほど期間限定動画を公開しました。

AIツールの紹介だけではなく、自分に合う事業テーマをどう見つけ、商品・集客・販売へつなげるかを順番に解説しています。

[VSLURL]","[
  {
    ""url"": ""https://utage-system.com/p/m6COEDrJH2BP"",
    ""action_id"": ""mjNKfwKZJRag"",
    ""expiration_type"": ""none""
  }
]","VSL未視聴・面談未予約。視聴開始で未視聴を停止、視聴完了で未視聴・途中を停止。予約完了／面談済み／営業停止は除外。VSL初回開始から72時間。","https://utage-system.com/account/Y86og5tIw1hZ/scenario/6vW01x7mDumA/step/line/t0CViMJ6jbZk/edit","t0CViMJ6jbZk"
"YouTube_ゆっくりAI","REVIEW_YouTube_ゆっくりAI_20260810","134","11","VSL_未開封","ステップ配信","3","LINE","VSL-U03","","0日後 18:00","稼働中","","","【LINEメッセージ 1／text】
%line_name%さん、まだ動画を開いていないみたいでした👀

まとまった時間がなくても大丈夫なので、まずはページを開いて視聴できる状態だけ確認しておいてくださいね😊 公開は3日間です🔥","【LINEメッセージ 1／text】
%line_name%さん、まだ動画を開いていないみたいでした👀

まとまった時間がなくても大丈夫なので、まずはページを開いて視聴できる状態だけ確認しておいてくださいね😊 公開は3日間です🔥","%line_name%さん、まだ動画を開いていないみたいでした👀

まとまった時間がなくても大丈夫なので、まずはページを開いて視聴できる状態だけ確認しておいてくださいね😊 公開は3日間です🔥","[name]さん、まだ動画を開いていないようでしたら、

まとまった時間がなくても、まずページを開いて視聴できる状態だけ確認しておいてください。公開は3日間限定です。","","VSL未視聴・面談未予約。視聴開始で未視聴を停止、視聴完了で未視聴・途中を停止。予約完了／面談済み／営業停止は除外。VSL初回開始から72時間。","https://utage-system.com/account/Y86og5tIw1hZ/scenario/6vW01x7mDumA/step/line/WrAkXMAcgVcn/edit","WrAkXMAcgVcn"
"YouTube_ゆっくりAI","REVIEW_YouTube_ゆっくりAI_20260810","135","11","VSL_未開封","ステップ配信","4","LINE","VSL-U04","","0日後 21:00","稼働中","","","【LINEメッセージ 1／text】
AIについて学んでも行動に移せないときって、能力よりも進める順番が曖昧なことが多いんです💡

動画では、ひとりで事業を形にする全体の流れをまるっとお伝えしていますよ😊👇

────────────

【LINEメッセージ 2／button】
{
  ""alt_text"": ""【動画】期間限定・無料公開のご案内"",
  ""react_type"": ""free"",
  ""react_press_again_text"": null,
  ""thumbnail_image_url"": null,
  ""title"": ""LINE友だち限定 プレミアム無料動画"",
  ""text"": ""無料公開は登録から3日間・スマホ視聴OK"",
  ""actions"": [
    {
      ""type"": ""url"",
      ""label"": ""動画を見る"",
      ""uri"": ""https://utage-system.com/p/m6COEDrJH2BP"",
      ""add_label_id"": null,
      ""del_label_id"": null
    }
  ]
}","【LINEメッセージ 1／text】
AIについて学んでも行動に移せないときって、能力よりも進める順番が曖昧なことが多いんです💡

動画では、ひとりで事業を形にする全体の流れをまるっとお伝えしていますよ😊👇

────────────

【LINEメッセージ 2／button】
{
  ""alt_text"": ""【動画】期間限定・無料公開のご案内"",
  ""react_type"": ""free"",
  ""react_press_again_text"": null,
  ""thumbnail_image_url"": null,
  ""title"": ""LINE友だち限定 プレミアム無料動画"",
  ""text"": ""無料公開は登録から3日間・スマホ視聴OK"",
  ""actions"": [
    {
      ""type"": ""url"",
      ""label"": ""動画を見る"",
      ""uri"": ""https://utage-system.com/p/m6COEDrJH2BP"",
      ""add_label_id"": null,
      ""del_label_id"": null
    }
  ]
}","AIについて学んでも行動に移せないときって、能力よりも進める順番が曖昧なことが多いんです💡

動画では、ひとりで事業を形にする全体の流れをまるっとお伝えしていますよ😊👇","AIについて学んでも行動に移せないときは、能力よりも進める順番が曖昧なことが多いです。

動画では、ひとりで事業を形にする全体の流れをお伝えしています。
[VSLURL]","[
  {
    ""url"": ""https://utage-system.com/p/m6COEDrJH2BP"",
    ""action_id"": ""mjNKfwKZJRag"",
    ""expiration_type"": ""none""
  }
]","VSL未視聴・面談未予約。視聴開始で未視聴を停止、視聴完了で未視聴・途中を停止。予約完了／面談済み／営業停止は除外。VSL初回開始から72時間。","https://utage-system.com/account/Y86og5tIw1hZ/scenario/6vW01x7mDumA/step/line/mbbRaBAoA64G/edit","mbbRaBAoA64G"
"YouTube_ゆっくりAI","REVIEW_YouTube_ゆっくりAI_20260810","136","11","VSL_未開封","ステップ配信","5","LINE","VSL-U05","","1日後 9:00","稼働中","","","【LINEメッセージ 1／text】
公開2日目です😊

まだ視聴を始めていない方へ。自分の商品がない状態からでも考えられる内容になっていますよ✨","【LINEメッセージ 1／text】
公開2日目です😊

まだ視聴を始めていない方へ。自分の商品がない状態からでも考えられる内容になっていますよ✨","公開2日目です😊

まだ視聴を始めていない方へ。自分の商品がない状態からでも考えられる内容になっていますよ✨","公開2日目。

多くの感想をいただきありがとうございます。
AIで会社経営する未来が現実的になったなどの声をたくさんいただいております。","","VSL未視聴・面談未予約。視聴開始で未視聴を停止、視聴完了で未視聴・途中を停止。予約完了／面談済み／営業停止は除外。VSL初回開始から72時間。","https://utage-system.com/account/Y86og5tIw1hZ/scenario/6vW01x7mDumA/step/line/lhRYYqfY3Z65/edit","lhRYYqfY3Z65"
"YouTube_ゆっくりAI","REVIEW_YouTube_ゆっくりAI_20260810","137","11","VSL_未開封","ステップ配信","6","LINE","VSL-U06","","1日後 13:00","稼働中","","","【LINEメッセージ 1／text】
「AIを使えるようになってから事業を考える」必要は、実はないんです😌

何を作りたいかを考えながら、必要なAIの使い方を身につけていく方法もありますよ💡 動画でその考え方をぜひ確認してみてくださいね👇

────────────

【LINEメッセージ 2／button】
{
  ""alt_text"": ""【動画】期間限定・無料公開のご案内"",
  ""react_type"": ""free"",
  ""react_press_again_text"": null,
  ""thumbnail_image_url"": null,
  ""title"": ""LINE友だち限定 プレミアム無料動画"",
  ""text"": ""無料公開は登録から3日間・スマホ視聴OK"",
  ""actions"": [
    {
      ""type"": ""url"",
      ""label"": ""動画を見る"",
      ""uri"": ""https://utage-system.com/p/m6COEDrJH2BP"",
      ""add_label_id"": null,
      ""del_label_id"": null
    }
  ]
}","【LINEメッセージ 1／text】
「AIを使えるようになってから事業を考える」必要は、実はないんです😌

何を作りたいかを考えながら、必要なAIの使い方を身につけていく方法もありますよ💡 動画でその考え方をぜひ確認してみてくださいね👇

────────────

【LINEメッセージ 2／button】
{
  ""alt_text"": ""【動画】期間限定・無料公開のご案内"",
  ""react_type"": ""free"",
  ""react_press_again_text"": null,
  ""thumbnail_image_url"": null,
  ""title"": ""LINE友だち限定 プレミアム無料動画"",
  ""text"": ""無料公開は登録から3日間・スマホ視聴OK"",
  ""actions"": [
    {
      ""type"": ""url"",
      ""label"": ""動画を見る"",
      ""uri"": ""https://utage-system.com/p/m6COEDrJH2BP"",
      ""add_label_id"": null,
      ""del_label_id"": null
    }
  ]
}","「AIを使えるようになってから事業を考える」必要は、実はないんです😌

何を作りたいかを考えながら、必要なAIの使い方を身につけていく方法もありますよ💡 動画でその考え方をぜひ確認してみてくださいね👇","「AIを使えるようになってから事業を考える」必要はありません。

何を作りたいかを考えながら、必要なAIの使い方を身につける方法もあります。動画でその考え方を確認してください。
[VSLURL]","[
  {
    ""url"": ""https://utage-system.com/p/m6COEDrJH2BP"",
    ""action_id"": ""mjNKfwKZJRag"",
    ""expiration_type"": ""none""
  }
]","VSL未視聴・面談未予約。視聴開始で未視聴を停止、視聴完了で未視聴・途中を停止。予約完了／面談済み／営業停止は除外。VSL初回開始から72時間。","https://utage-system.com/account/Y86og5tIw1hZ/scenario/6vW01x7mDumA/step/line/40JbjOH3V041/edit","40JbjOH3V041"
"YouTube_ゆっくりAI","REVIEW_YouTube_ゆっくりAI_20260810","138","11","VSL_未開封","ステップ配信","7","LINE","VSL-U07","","1日後 18:00","稼働中","","","【LINEメッセージ 1／text】
%line_name%さん、公開期間は明日までですよ⏰

視聴後、スクールに興味がある方は AIひとり起業ロードマップ作成会 へ進めます😊 まずは内容を見て、自分に必要かどうか判断してみてくださいね🔥","【LINEメッセージ 1／text】
%line_name%さん、公開期間は明日までですよ⏰

視聴後、スクールに興味がある方は AIひとり起業ロードマップ作成会 へ進めます😊 まずは内容を見て、自分に必要かどうか判断してみてくださいね🔥","%line_name%さん、公開期間は明日までですよ⏰

視聴後、スクールに興味がある方は AIひとり起業ロードマップ作成会 へ進めます😊 まずは内容を見て、自分に必要かどうか判断してみてくださいね🔥","[name]さん、公開期間は明日までです。

視聴後、スクールに興味がある方は AIひとり起業ロードマップ作成会 へ進めます。まずは内容を見て、自分に必要か判断してください。","","VSL未視聴・面談未予約。視聴開始で未視聴を停止、視聴完了で未視聴・途中を停止。予約完了／面談済み／営業停止は除外。VSL初回開始から72時間。","https://utage-system.com/account/Y86og5tIw1hZ/scenario/6vW01x7mDumA/step/line/pl8XyFNAsg3R/edit","pl8XyFNAsg3R"
"YouTube_ゆっくりAI","REVIEW_YouTube_ゆっくりAI_20260810","139","11","VSL_未開封","ステップ配信","8","LINE","VSL-U08","","1日後 21:00","稼働中","","","【LINEメッセージ 1／text】
今日のうちに見始めておくと、明日は必要な箇所をじっくり見直す時間に使えますよ😊

終了：8月2日(土)23:59📣

────────────

【LINEメッセージ 2／button】
{
  ""alt_text"": ""【動画】期間限定・無料公開のご案内"",
  ""react_type"": ""free"",
  ""react_press_again_text"": null,
  ""thumbnail_image_url"": null,
  ""title"": ""LINE友だち限定 プレミアム無料動画"",
  ""text"": ""無料公開は登録から3日間・スマホ視聴OK"",
  ""actions"": [
    {
      ""type"": ""url"",
      ""label"": ""動画を見る"",
      ""uri"": ""https://utage-system.com/p/m6COEDrJH2BP"",
      ""add_label_id"": null,
      ""del_label_id"": null
    }
  ]
}","【LINEメッセージ 1／text】
今日のうちに見始めておくと、明日は必要な箇所をじっくり見直す時間に使えますよ😊

終了：8月2日(土)23:59📣

────────────

【LINEメッセージ 2／button】
{
  ""alt_text"": ""【動画】期間限定・無料公開のご案内"",
  ""react_type"": ""free"",
  ""react_press_again_text"": null,
  ""thumbnail_image_url"": null,
  ""title"": ""LINE友だち限定 プレミアム無料動画"",
  ""text"": ""無料公開は登録から3日間・スマホ視聴OK"",
  ""actions"": [
    {
      ""type"": ""url"",
      ""label"": ""動画を見る"",
      ""uri"": ""https://utage-system.com/p/m6COEDrJH2BP"",
      ""add_label_id"": null,
      ""del_label_id"": null
    }
  ]
}","今日のうちに見始めておくと、明日は必要な箇所をじっくり見直す時間に使えますよ😊

終了：8月2日(土)23:59📣","今日のうちに見始めておくと、明日は必要な箇所を見直す時間に使えます。

視聴ページ：[VSLURL]
終了：[VSL終了日時]","[
  {
    ""url"": ""https://utage-system.com/p/m6COEDrJH2BP"",
    ""action_id"": ""mjNKfwKZJRag"",
    ""expiration_type"": ""none""
  }
]","VSL未視聴・面談未予約。視聴開始で未視聴を停止、視聴完了で未視聴・途中を停止。予約完了／面談済み／営業停止は除外。VSL初回開始から72時間。","https://utage-system.com/account/Y86og5tIw1hZ/scenario/6vW01x7mDumA/step/line/eLjR3vW1Po0s/edit","eLjR3vW1Po0s"
"YouTube_ゆっくりAI","REVIEW_YouTube_ゆっくりAI_20260810","140","11","VSL_未開封","ステップ配信","9","LINE","VSL-U09","","2日後 8:00","稼働中","","","【LINEメッセージ 1／text】
本日23:59で公開終了です⏰

日程が合わずライブに参加できなかった方も、今日中ならまだ内容を確認できますよ😊✨","【LINEメッセージ 1／text】
本日23:59で公開終了です⏰

日程が合わずライブに参加できなかった方も、今日中ならまだ内容を確認できますよ😊✨","本日23:59で公開終了です⏰

日程が合わずライブに参加できなかった方も、今日中ならまだ内容を確認できますよ😊✨","本日23:59で公開終了です。

日程が合わずライブに参加できなかった方も、今日中なら内容を確認できます。","","VSL未視聴・面談未予約。視聴開始で未視聴を停止、視聴完了で未視聴・途中を停止。予約完了／面談済み／営業停止は除外。VSL初回開始から72時間。","https://utage-system.com/account/Y86og5tIw1hZ/scenario/6vW01x7mDumA/step/line/pNiEq3QAw7li/edit","pNiEq3QAw7li"
"YouTube_ゆっくりAI","REVIEW_YouTube_ゆっくりAI_20260810","141","11","VSL_未開封","ステップ配信","10","LINE","VSL-U10","","2日後 10:00","稼働中","","","【LINEメッセージ 1／text】
いよいよ公開最終日になりました🔥

AIでひとり起業するために、テーマ・商品・集客・販売をどうつなぐのか。まだ見ていない方は、今日の予定にぜひ視聴時間を入れてくださいね😊👇

────────────

【LINEメッセージ 2／button】
{
  ""alt_text"": ""【動画】本日が公開最終日です"",
  ""react_type"": ""free"",
  ""react_press_again_text"": null,
  ""thumbnail_image_url"": null,
  ""title"": ""LINE友だち限定 プレミアム無料動画"",
  ""text"": ""公開は本日まで・スマホ視聴OK"",
  ""actions"": [
    {
      ""type"": ""url"",
      ""label"": ""動画を見る"",
      ""uri"": ""https://utage-system.com/p/m6COEDrJH2BP"",
      ""add_label_id"": null,
      ""del_label_id"": null
    }
  ]
}","【LINEメッセージ 1／text】
いよいよ公開最終日になりました🔥

AIでひとり起業するために、テーマ・商品・集客・販売をどうつなぐのか。まだ見ていない方は、今日の予定にぜひ視聴時間を入れてくださいね😊👇

────────────

【LINEメッセージ 2／button】
{
  ""alt_text"": ""【動画】本日が公開最終日です"",
  ""react_type"": ""free"",
  ""react_press_again_text"": null,
  ""thumbnail_image_url"": null,
  ""title"": ""LINE友だち限定 プレミアム無料動画"",
  ""text"": ""公開は本日まで・スマホ視聴OK"",
  ""actions"": [
    {
      ""type"": ""url"",
      ""label"": ""動画を見る"",
      ""uri"": ""https://utage-system.com/p/m6COEDrJH2BP"",
      ""add_label_id"": null,
      ""del_label_id"": null
    }
  ]
}","いよいよ公開最終日になりました🔥

AIでひとり起業するために、テーマ・商品・集客・販売をどうつなぐのか。まだ見ていない方は、今日の予定にぜひ視聴時間を入れてくださいね😊👇","公開最終日になりました。

AIでひとり起業するために、テーマ・商品・集客・販売をどうつなぐのか。まだ見ていない方は、今日の予定に視聴時間を入れてください。
[VSLURL]","[
  {
    ""url"": ""https://utage-system.com/p/m6COEDrJH2BP"",
    ""action_id"": ""mjNKfwKZJRag"",
    ""expiration_type"": ""none""
  }
]","VSL未視聴・面談未予約。視聴開始で未視聴を停止、視聴完了で未視聴・途中を停止。予約完了／面談済み／営業停止は除外。VSL初回開始から72時間。","https://utage-system.com/account/Y86og5tIw1hZ/scenario/6vW01x7mDumA/step/line/rshejwulCzb8/edit","rshejwulCzb8"
"YouTube_ゆっくりAI","REVIEW_YouTube_ゆっくりAI_20260810","142","11","VSL_未開封","ステップ配信","11","LINE","VSL-U11","","2日後 12:00","稼働中","","","【LINEメッセージ 1／text】
あと半日ほどで終了しちゃいます⏰

ページを開いていないまま期限を迎えると、今回の動画は見られなくなります。必要なら今のうちにぜひご覧くださいね🔥","【LINEメッセージ 1／text】
あと半日ほどで終了しちゃいます⏰

ページを開いていないまま期限を迎えると、今回の動画は見られなくなります。必要なら今のうちにぜひご覧くださいね🔥","あと半日ほどで終了しちゃいます⏰

ページを開いていないまま期限を迎えると、今回の動画は見られなくなります。必要なら今のうちにぜひご覧くださいね🔥","あと半日ほどで終了します。

ページを開いていないまま期限を迎えると、今回の動画は見られなくなります。必要なら今のうちにご覧ください。","","VSL未視聴・面談未予約。視聴開始で未視聴を停止、視聴完了で未視聴・途中を停止。予約完了／面談済み／営業停止は除外。VSL初回開始から72時間。","https://utage-system.com/account/Y86og5tIw1hZ/scenario/6vW01x7mDumA/step/line/rSdX9Ug0LLj1/edit","rSdX9Ug0LLj1"
"YouTube_ゆっくりAI","REVIEW_YouTube_ゆっくりAI_20260810","143","11","VSL_未開封","ステップ配信","12","LINE","VSL-U12","","2日後 15:00","稼働中","","","【LINEメッセージ 1／text】
%line_name%さん、まだ間に合いますよ😊

完璧に理解しようとせず、まずは全体像をざっと通して見るのがおすすめです✨ 公開は本日23:59までです👇

────────────

【LINEメッセージ 2／button】
{
  ""alt_text"": ""【動画】公開は本日23:59まで"",
  ""react_type"": ""free"",
  ""react_press_again_text"": null,
  ""thumbnail_image_url"": null,
  ""title"": ""LINE友だち限定 プレミアム無料動画"",
  ""text"": ""公開は本日23:59まで"",
  ""actions"": [
    {
      ""type"": ""url"",
      ""label"": ""動画を見る"",
      ""uri"": ""https://utage-system.com/p/m6COEDrJH2BP"",
      ""add_label_id"": null,
      ""del_label_id"": null
    }
  ]
}","【LINEメッセージ 1／text】
%line_name%さん、まだ間に合いますよ😊

完璧に理解しようとせず、まずは全体像をざっと通して見るのがおすすめです✨ 公開は本日23:59までです👇

────────────

【LINEメッセージ 2／button】
{
  ""alt_text"": ""【動画】公開は本日23:59まで"",
  ""react_type"": ""free"",
  ""react_press_again_text"": null,
  ""thumbnail_image_url"": null,
  ""title"": ""LINE友だち限定 プレミアム無料動画"",
  ""text"": ""公開は本日23:59まで"",
  ""actions"": [
    {
      ""type"": ""url"",
      ""label"": ""動画を見る"",
      ""uri"": ""https://utage-system.com/p/m6COEDrJH2BP"",
      ""add_label_id"": null,
      ""del_label_id"": null
    }
  ]
}","%line_name%さん、まだ間に合いますよ😊

完璧に理解しようとせず、まずは全体像をざっと通して見るのがおすすめです✨ 公開は本日23:59までです👇","[name]さん、まだ間に合います。

完璧に理解しようとせず、まず全体像を通して見るのがおすすめです。公開は本日23:59までです。
[VSLURL]","[
  {
    ""url"": ""https://utage-system.com/p/m6COEDrJH2BP"",
    ""action_id"": ""mjNKfwKZJRag"",
    ""expiration_type"": ""none""
  }
]","VSL未視聴・面談未予約。視聴開始で未視聴を停止、視聴完了で未視聴・途中を停止。予約完了／面談済み／営業停止は除外。VSL初回開始から72時間。","https://utage-system.com/account/Y86og5tIw1hZ/scenario/6vW01x7mDumA/step/line/5LCZMUE4Si6x/edit","5LCZMUE4Si6x"
"YouTube_ゆっくりAI","REVIEW_YouTube_ゆっくりAI_20260810","144","11","VSL_未開封","ステップ配信","13","LINE","VSL-U13","","2日後 18:00","稼働中","","","【LINEメッセージ 1／text】
残り6時間です⏰

今回の3日限定公開は、今夜で終了します。AIの情報収集から、自分の事業を作る側へ進みたい方はぜひご視聴くださいね😊✨","【LINEメッセージ 1／text】
残り6時間です⏰

今回の3日限定公開は、今夜で終了します。AIの情報収集から、自分の事業を作る側へ進みたい方はぜひご視聴くださいね😊✨","残り6時間です⏰

今回の3日限定公開は、今夜で終了します。AIの情報収集から、自分の事業を作る側へ進みたい方はぜひご視聴くださいね😊✨","残り6時間。

今回の3日限定公開は今夜で終了します。AIの情報収集から、自分の事業を作る側へ進みたい方はご視聴ください。","","VSL未視聴・面談未予約。視聴開始で未視聴を停止、視聴完了で未視聴・途中を停止。予約完了／面談済み／営業停止は除外。VSL初回開始から72時間。","https://utage-system.com/account/Y86og5tIw1hZ/scenario/6vW01x7mDumA/step/line/8lEagN0kny0j/edit","8lEagN0kny0j"
"YouTube_ゆっくりAI","REVIEW_YouTube_ゆっくりAI_20260810","145","11","VSL_未開封","ステップ配信","14","LINE","VSL-U14","","2日後 21:00","稼働中","","","【LINEメッセージ 1／text】
終了まであと3時間です⏰

視聴するか迷っていた方へ😊 ページを開けるのは本日23:59までですよ👇

────────────

【LINEメッセージ 2／button】
{
  ""alt_text"": ""【動画】終了まであと3時間です"",
  ""react_type"": ""free"",
  ""react_press_again_text"": null,
  ""thumbnail_image_url"": null,
  ""title"": ""LINE友だち限定 プレミアム無料動画"",
  ""text"": ""終了まであと3時間"",
  ""actions"": [
    {
      ""type"": ""url"",
      ""label"": ""動画を見る"",
      ""uri"": ""https://utage-system.com/p/m6COEDrJH2BP"",
      ""add_label_id"": null,
      ""del_label_id"": null
    }
  ]
}","【LINEメッセージ 1／text】
終了まであと3時間です⏰

視聴するか迷っていた方へ😊 ページを開けるのは本日23:59までですよ👇

────────────

【LINEメッセージ 2／button】
{
  ""alt_text"": ""【動画】終了まであと3時間です"",
  ""react_type"": ""free"",
  ""react_press_again_text"": null,
  ""thumbnail_image_url"": null,
  ""title"": ""LINE友だち限定 プレミアム無料動画"",
  ""text"": ""終了まであと3時間"",
  ""actions"": [
    {
      ""type"": ""url"",
      ""label"": ""動画を見る"",
      ""uri"": ""https://utage-system.com/p/m6COEDrJH2BP"",
      ""add_label_id"": null,
      ""del_label_id"": null
    }
  ]
}","終了まであと3時間です⏰

視聴するか迷っていた方へ😊 ページを開けるのは本日23:59までですよ👇","終了まであと3時間です。

視聴するか迷っていた方へ。ページを開けるのは本日23:59までです。
[VSLURL]","[
  {
    ""url"": ""https://utage-system.com/p/m6COEDrJH2BP"",
    ""action_id"": ""mjNKfwKZJRag"",
    ""expiration_type"": ""none""
  }
]","VSL未視聴・面談未予約。視聴開始で未視聴を停止、視聴完了で未視聴・途中を停止。予約完了／面談済み／営業停止は除外。VSL初回開始から72時間。","https://utage-system.com/account/Y86og5tIw1hZ/scenario/6vW01x7mDumA/step/line/hYYgJFw7xNEl/edit","hYYgJFw7xNEl"
"YouTube_ゆっくりAI","REVIEW_YouTube_ゆっくりAI_20260810","146","11","VSL_未開封","ステップ配信","15","LINE","VSL-U15","","2日後 23:00","稼働中","","","【LINEメッセージ 1／text】
あと1時間で公開終了です⏰

これが3日限定公開の最後のご案内になります🙏 見ておきたい方は、今すぐ視聴ページを開いてくださいね🔥","【LINEメッセージ 1／text】
あと1時間で公開終了です⏰

これが3日限定公開の最後のご案内になります🙏 見ておきたい方は、今すぐ視聴ページを開いてくださいね🔥","あと1時間で公開終了です⏰

これが3日限定公開の最後のご案内になります🙏 見ておきたい方は、今すぐ視聴ページを開いてくださいね🔥","あと1時間で公開終了です。

これが3日限定公開の最後のご案内です。見ておきたい方は、今すぐ視聴ページを開いてください。","","VSL未視聴・面談未予約。視聴開始で未視聴を停止、視聴完了で未視聴・途中を停止。予約完了／面談済み／営業停止は除外。VSL初回開始から72時間。","https://utage-system.com/account/Y86og5tIw1hZ/scenario/6vW01x7mDumA/step/line/ZjANTpPHmTOH/edit","ZjANTpPHmTOH"
"YouTube_ゆっくりAI","REVIEW_YouTube_ゆっくりAI_20260810","147","12","VSL_一部視聴","ステップ配信","1","LINE","VSL-P01","","30分 後","稼働中","","","【LINEメッセージ 1／text】
%line_name%さん、動画を開いてくださってありがとうございます😊🎉

途中で止めちゃった場合も、こちらから続きに戻れますよ👇

────────────

【LINEメッセージ 2／button】
{
  ""alt_text"": ""【動画】続きはこちらから再生できます"",
  ""react_type"": ""free"",
  ""react_press_again_text"": null,
  ""thumbnail_image_url"": null,
  ""title"": ""LINE友だち限定 プレミアム無料動画"",
  ""text"": ""途中から続きを再生できます"",
  ""actions"": [
    {
      ""type"": ""url"",
      ""label"": ""動画を見る"",
      ""uri"": ""https://utage-system.com/p/m6COEDrJH2BP"",
      ""add_label_id"": null,
      ""del_label_id"": null
    }
  ]
}","【LINEメッセージ 1／text】
%line_name%さん、動画を開いてくださってありがとうございます😊🎉

途中で止めちゃった場合も、こちらから続きに戻れますよ👇

────────────

【LINEメッセージ 2／button】
{
  ""alt_text"": ""【動画】続きはこちらから再生できます"",
  ""react_type"": ""free"",
  ""react_press_again_text"": null,
  ""thumbnail_image_url"": null,
  ""title"": ""LINE友だち限定 プレミアム無料動画"",
  ""text"": ""途中から続きを再生できます"",
  ""actions"": [
    {
      ""type"": ""url"",
      ""label"": ""動画を見る"",
      ""uri"": ""https://utage-system.com/p/m6COEDrJH2BP"",
      ""add_label_id"": null,
      ""del_label_id"": null
    }
  ]
}","%line_name%さん、動画を開いてくださってありがとうございます😊🎉

途中で止めちゃった場合も、こちらから続きに戻れますよ👇","[name]さん、動画を開いてくださりありがとうございます。

途中で止めた場合は、こちらから続きに戻れます。
[VSLURL]","[
  {
    ""url"": ""https://utage-system.com/p/m6COEDrJH2BP"",
    ""action_id"": ""mjNKfwKZJRag"",
    ""expiration_type"": ""none""
  }
]","VSL途中視聴・面談未予約。視聴開始で未視聴を停止、視聴完了で未視聴・途中を停止。予約完了／面談済み／営業停止は除外。VSL初回開始から72時間。","https://utage-system.com/account/Y86og5tIw1hZ/scenario/XjJ8DIN9vJ1f/step/line/jd8LZ2WGD22p/edit","jd8LZ2WGD22p"
"YouTube_ゆっくりAI","REVIEW_YouTube_ゆっくりAI_20260810","148","12","VSL_一部視聴","ステップ配信","2","LINE","VSL-P02","","0日後 17:00","稼働中","","","【LINEメッセージ 1／text】
一度で見切れなくても大丈夫ですよ😊

ただ、テーマ選びから販売までがちゃんとつながっているので、公開期間中に最後まで通して見るのがおすすめです✨","【LINEメッセージ 1／text】
一度で見切れなくても大丈夫ですよ😊

ただ、テーマ選びから販売までがちゃんとつながっているので、公開期間中に最後まで通して見るのがおすすめです✨","一度で見切れなくても大丈夫ですよ😊

ただ、テーマ選びから販売までがちゃんとつながっているので、公開期間中に最後まで通して見るのがおすすめです✨","一度で見切れなくても大丈夫です。

ただ、テーマ選びから販売までがつながっているので、公開期間中に最後まで通して見るのがおすすめです。","","VSL途中視聴・面談未予約。視聴開始で未視聴を停止、視聴完了で未視聴・途中を停止。予約完了／面談済み／営業停止は除外。VSL初回開始から72時間。","https://utage-system.com/account/Y86og5tIw1hZ/scenario/XjJ8DIN9vJ1f/step/line/RLqgOQRNAf29/edit","RLqgOQRNAf29"
"YouTube_ゆっくりAI","REVIEW_YouTube_ゆっくりAI_20260810","149","12","VSL_一部視聴","ステップ配信","3","LINE","VSL-P03","","0日後 21:00","稼働中","","","【LINEメッセージ 1／text】
動画の途中で止まっている方へ😊

「自分なら何を事業にするか」を考えながら見ると、ただの情報じゃなくて行動の材料になりますよ💡👇

────────────

【LINEメッセージ 2／button】
{
  ""alt_text"": ""【動画】続きはこちらから再生できます"",
  ""react_type"": ""free"",
  ""react_press_again_text"": null,
  ""thumbnail_image_url"": null,
  ""title"": ""LINE友だち限定 プレミアム無料動画"",
  ""text"": ""途中から続きを再生できます"",
  ""actions"": [
    {
      ""type"": ""url"",
      ""label"": ""動画を見る"",
      ""uri"": ""https://utage-system.com/p/m6COEDrJH2BP"",
      ""add_label_id"": null,
      ""del_label_id"": null
    }
  ]
}","【LINEメッセージ 1／text】
動画の途中で止まっている方へ😊

「自分なら何を事業にするか」を考えながら見ると、ただの情報じゃなくて行動の材料になりますよ💡👇

────────────

【LINEメッセージ 2／button】
{
  ""alt_text"": ""【動画】続きはこちらから再生できます"",
  ""react_type"": ""free"",
  ""react_press_again_text"": null,
  ""thumbnail_image_url"": null,
  ""title"": ""LINE友だち限定 プレミアム無料動画"",
  ""text"": ""途中から続きを再生できます"",
  ""actions"": [
    {
      ""type"": ""url"",
      ""label"": ""動画を見る"",
      ""uri"": ""https://utage-system.com/p/m6COEDrJH2BP"",
      ""add_label_id"": null,
      ""del_label_id"": null
    }
  ]
}","動画の途中で止まっている方へ😊

「自分なら何を事業にするか」を考えながら見ると、ただの情報じゃなくて行動の材料になりますよ💡👇","動画の途中で止まっている方へ。

「自分なら何を事業にするか」を考えながら見ると、ただの情報ではなく行動の材料になります。
[VSLURL]","[
  {
    ""url"": ""https://utage-system.com/p/m6COEDrJH2BP"",
    ""action_id"": ""mjNKfwKZJRag"",
    ""expiration_type"": ""none""
  }
]","VSL途中視聴・面談未予約。視聴開始で未視聴を停止、視聴完了で未視聴・途中を停止。予約完了／面談済み／営業停止は除外。VSL初回開始から72時間。","https://utage-system.com/account/Y86og5tIw1hZ/scenario/XjJ8DIN9vJ1f/step/line/1P8u09TqQLyk/edit","1P8u09TqQLyk"
"YouTube_ゆっくりAI","REVIEW_YouTube_ゆっくりAI_20260810","150","12","VSL_一部視聴","ステップ配信","4","LINE","VSL-P04","","1日後 9:00","稼働中","","","【LINEメッセージ 1／text】
昨日の続きから、いきましょう😊

視聴ページを開いて、商品・集客・販売までの流れを最後まで確認してみてくださいね🔥","【LINEメッセージ 1／text】
昨日の続きから、いきましょう😊

視聴ページを開いて、商品・集客・販売までの流れを最後まで確認してみてくださいね🔥","昨日の続きから、いきましょう😊

視聴ページを開いて、商品・集客・販売までの流れを最後まで確認してみてくださいね🔥","昨日の続きから。

視聴ページを開き、商品・集客・販売までの流れを最後まで確認してください。","","VSL途中視聴・面談未予約。視聴開始で未視聴を停止、視聴完了で未視聴・途中を停止。予約完了／面談済み／営業停止は除外。VSL初回開始から72時間。","https://utage-system.com/account/Y86og5tIw1hZ/scenario/XjJ8DIN9vJ1f/step/line/hZGpXnuEz1xg/edit","hZGpXnuEz1xg"
"YouTube_ゆっくりAI","REVIEW_YouTube_ゆっくりAI_20260810","151","12","VSL_一部視聴","ステップ配信","5","LINE","VSL-P05","","1日後 14:00","稼働中","","","【LINEメッセージ 1／text】
AIツールを増やすことより、「誰に何を届けるか」を決める方が先なんです💡

後半では、学びを事業につなげる考え方も扱っていますよ😊📣","【LINEメッセージ 1／text】
AIツールを増やすことより、「誰に何を届けるか」を決める方が先なんです💡

後半では、学びを事業につなげる考え方も扱っていますよ😊📣","AIツールを増やすことより、「誰に何を届けるか」を決める方が先なんです💡

後半では、学びを事業につなげる考え方も扱っていますよ😊📣","AIツールを増やすことより、「誰に何を届けるか」を決める方が先です。

後半では、学びを事業につなげる考え方も扱っています。","","VSL途中視聴・面談未予約。視聴開始で未視聴を停止、視聴完了で未視聴・途中を停止。予約完了／面談済み／営業停止は除外。VSL初回開始から72時間。","https://utage-system.com/account/Y86og5tIw1hZ/scenario/XjJ8DIN9vJ1f/step/line/suBXJeaTTYkm/edit","suBXJeaTTYkm"
"YouTube_ゆっくりAI","REVIEW_YouTube_ゆっくりAI_20260810","152","12","VSL_一部視聴","ステップ配信","6","LINE","VSL-P06","","1日後 20:00","稼働中","","","【LINEメッセージ 1／text】
公開期限は 8月2日(土)23:59 です⏰

視聴を始めた時刻にかかわらず延長はされないので、余裕があるうちに続きをご覧くださいね😊✨","【LINEメッセージ 1／text】
公開期限は 8月2日(土)23:59 です⏰

視聴を始めた時刻にかかわらず延長はされないので、余裕があるうちに続きをご覧くださいね😊✨","公開期限は 8月2日(土)23:59 です⏰

視聴を始めた時刻にかかわらず延長はされないので、余裕があるうちに続きをご覧くださいね😊✨","公開期限は [VSL終了日時] です。

視聴を始めた時刻にかかわらず延長はされないので、余裕があるうちに続きをご覧ください。","","VSL途中視聴・面談未予約。視聴開始で未視聴を停止、視聴完了で未視聴・途中を停止。予約完了／面談済み／営業停止は除外。VSL初回開始から72時間。","https://utage-system.com/account/Y86og5tIw1hZ/scenario/XjJ8DIN9vJ1f/step/line/6kJfk5ZhL0ZI/edit","6kJfk5ZhL0ZI"
"YouTube_ゆっくりAI","REVIEW_YouTube_ゆっくりAI_20260810","153","12","VSL_一部視聴","ステップ配信","7","LINE","VSL-P07","","2日後 9:00","稼働中","","","【LINEメッセージ 1／text】
本日が視聴最終日です⏰

途中まで見た方は、今夜23:59までに続きへ戻ってきてくださいね😊🎥","【LINEメッセージ 1／text】
本日が視聴最終日です⏰

途中まで見た方は、今夜23:59までに続きへ戻ってきてくださいね😊🎥","本日が視聴最終日です⏰

途中まで見た方は、今夜23:59までに続きへ戻ってきてくださいね😊🎥","本日が視聴最終日です。

途中まで見た方は、今夜23:59までに続きへ戻ってください。","","VSL途中視聴・面談未予約。視聴開始で未視聴を停止、視聴完了で未視聴・途中を停止。予約完了／面談済み／営業停止は除外。VSL初回開始から72時間。","https://utage-system.com/account/Y86og5tIw1hZ/scenario/XjJ8DIN9vJ1f/step/line/Pkn7lktciPoS/edit","Pkn7lktciPoS"
"YouTube_ゆっくりAI","REVIEW_YouTube_ゆっくりAI_20260810","154","12","VSL_一部視聴","ステップ配信","8","LINE","VSL-P08","","2日後 14:00","稼働中","","","【LINEメッセージ 1／text】
残り時間が少なくなってきました⏰

見終わったら、スクールに興味がある方だけ AIひとり起業ロードマップ作成会 の日程を確認できますよ😊👇

────────────

【LINEメッセージ 2／button】
{
  ""alt_text"": ""【動画】公開は本日23:59まで"",
  ""react_type"": ""free"",
  ""react_press_again_text"": null,
  ""thumbnail_image_url"": null,
  ""title"": ""LINE友だち限定 プレミアム無料動画"",
  ""text"": ""公開は本日23:59まで"",
  ""actions"": [
    {
      ""type"": ""url"",
      ""label"": ""動画を見る"",
      ""uri"": ""https://utage-system.com/p/m6COEDrJH2BP"",
      ""add_label_id"": null,
      ""del_label_id"": null
    }
  ]
}","【LINEメッセージ 1／text】
残り時間が少なくなってきました⏰

見終わったら、スクールに興味がある方だけ AIひとり起業ロードマップ作成会 の日程を確認できますよ😊👇

────────────

【LINEメッセージ 2／button】
{
  ""alt_text"": ""【動画】公開は本日23:59まで"",
  ""react_type"": ""free"",
  ""react_press_again_text"": null,
  ""thumbnail_image_url"": null,
  ""title"": ""LINE友だち限定 プレミアム無料動画"",
  ""text"": ""公開は本日23:59まで"",
  ""actions"": [
    {
      ""type"": ""url"",
      ""label"": ""動画を見る"",
      ""uri"": ""https://utage-system.com/p/m6COEDrJH2BP"",
      ""add_label_id"": null,
      ""del_label_id"": null
    }
  ]
}","残り時間が少なくなってきました⏰

見終わったら、スクールに興味がある方だけ AIひとり起業ロードマップ作成会 の日程を確認できますよ😊👇","残り時間が少なくなってきました。

見終わったら、スクールに興味がある方だけ AIひとり起業ロードマップ作成会 の日程を確認できます。
[VSLURL]","[
  {
    ""url"": ""https://utage-system.com/p/m6COEDrJH2BP"",
    ""action_id"": ""mjNKfwKZJRag"",
    ""expiration_type"": ""none""
  }
]","VSL途中視聴・面談未予約。視聴開始で未視聴を停止、視聴完了で未視聴・途中を停止。予約完了／面談済み／営業停止は除外。VSL初回開始から72時間。","https://utage-system.com/account/Y86og5tIw1hZ/scenario/XjJ8DIN9vJ1f/step/line/CiZEgXL5O3Uz/edit","CiZEgXL5O3Uz"
"YouTube_ゆっくりAI","REVIEW_YouTube_ゆっくりAI_20260810","155","12","VSL_一部視聴","ステップ配信","9","LINE","VSL-P09","","2日後 19:00","稼働中","","","【LINEメッセージ 1／text】
公開終了まであと数時間です⏰

途中のままにせず、AIで事業を作る全体像を今日中にぜひ完成させちゃいましょう😊📣","【LINEメッセージ 1／text】
公開終了まであと数時間です⏰

途中のままにせず、AIで事業を作る全体像を今日中にぜひ完成させちゃいましょう😊📣","公開終了まであと数時間です⏰

途中のままにせず、AIで事業を作る全体像を今日中にぜひ完成させちゃいましょう😊📣","公開終了まであと数時間です。

途中のままにせず、AIで事業を作る全体像を今日中に完成させてください。","","VSL途中視聴・面談未予約。視聴開始で未視聴を停止、視聴完了で未視聴・途中を停止。予約完了／面談済み／営業停止は除外。VSL初回開始から72時間。","https://utage-system.com/account/Y86og5tIw1hZ/scenario/XjJ8DIN9vJ1f/step/line/ETjHWlvzXGr3/edit","ETjHWlvzXGr3"
"YouTube_ゆっくりAI","REVIEW_YouTube_ゆっくりAI_20260810","156","12","VSL_一部視聴","ステップ配信","10","LINE","VSL-P10","","2日後 22:30","稼働中","","","【LINEメッセージ 1／text】
23:59で終了します⏰

視聴途中の方への最後のご案内です🙏 今すぐこちらから続きをご覧くださいね👇

────────────

【LINEメッセージ 2／button】
{
  ""alt_text"": ""【動画】本日23:59で終了します"",
  ""react_type"": ""free"",
  ""react_press_again_text"": null,
  ""thumbnail_image_url"": null,
  ""title"": ""LINE友だち限定 プレミアム無料動画"",
  ""text"": ""本日23:59で終了"",
  ""actions"": [
    {
      ""type"": ""url"",
      ""label"": ""動画を見る"",
      ""uri"": ""https://utage-system.com/p/m6COEDrJH2BP"",
      ""add_label_id"": null,
      ""del_label_id"": null
    }
  ]
}","【LINEメッセージ 1／text】
23:59で終了します⏰

視聴途中の方への最後のご案内です🙏 今すぐこちらから続きをご覧くださいね👇

────────────

【LINEメッセージ 2／button】
{
  ""alt_text"": ""【動画】本日23:59で終了します"",
  ""react_type"": ""free"",
  ""react_press_again_text"": null,
  ""thumbnail_image_url"": null,
  ""title"": ""LINE友だち限定 プレミアム無料動画"",
  ""text"": ""本日23:59で終了"",
  ""actions"": [
    {
      ""type"": ""url"",
      ""label"": ""動画を見る"",
      ""uri"": ""https://utage-system.com/p/m6COEDrJH2BP"",
      ""add_label_id"": null,
      ""del_label_id"": null
    }
  ]
}","23:59で終了します⏰

視聴途中の方への最後のご案内です🙏 今すぐこちらから続きをご覧くださいね👇","23:59で終了します。

視聴途中の方への最後のご案内です。今すぐこちらから続きをご覧ください。
[VSLURL]","[
  {
    ""url"": ""https://utage-system.com/p/m6COEDrJH2BP"",
    ""action_id"": ""mjNKfwKZJRag"",
    ""expiration_type"": ""none""
  }
]","VSL途中視聴・面談未予約。視聴開始で未視聴を停止、視聴完了で未視聴・途中を停止。予約完了／面談済み／営業停止は除外。VSL初回開始から72時間。","https://utage-system.com/account/Y86og5tIw1hZ/scenario/XjJ8DIN9vJ1f/step/line/WhfdR94zX0IG/edit","WhfdR94zX0IG"
"YouTube_ゆっくりAI","REVIEW_YouTube_ゆっくりAI_20260810","157","13","VSL_視聴完了","ステップ配信","1","LINE","VSL-C01","","登録直後","稼働中","","","【LINEメッセージ 1／text】
%line_name%さん、最後までご視聴ありがとうございました😊🎉

内容を自分の場合に落とし込んで、AIで何を事業にするか、商品・集客・販売をどの順番で作るかを整理したい方へ✨

AIひとり起業ロードマップ作成会
Zoom30分／名前・メールで予約

スクールのご案内も含むので、興味がある方だけお申し込みくださいね🎥","【LINEメッセージ 1／text】
%line_name%さん、最後までご視聴ありがとうございました😊🎉

内容を自分の場合に落とし込んで、AIで何を事業にするか、商品・集客・販売をどの順番で作るかを整理したい方へ✨

AIひとり起業ロードマップ作成会
Zoom30分／名前・メールで予約

スクールのご案内も含むので、興味がある方だけお申し込みくださいね🎥","%line_name%さん、最後までご視聴ありがとうございました😊🎉

内容を自分の場合に落とし込んで、AIで何を事業にするか、商品・集客・販売をどの順番で作るかを整理したい方へ✨

AIひとり起業ロードマップ作成会
Zoom30分／名前・メールで予約

スクールのご案内も含むので、興味がある方だけお申し込みくださいね🎥","[name]さん、最後までご視聴ありがとうございました。

内容を自分の場合に落とし込み、AIで何を事業にするか、商品・集客・販売をどの順番で作るかを整理したい方へ。

AIひとり起業ロードマップ作成会
Zoom30分／名前・メールで予約

スクールのご案内も含むため、興味がある方だけお申し込みください。","","VSL視聴完了・面談未予約。視聴開始で未視聴を停止、視聴完了で未視聴・途中を停止。予約完了／面談済み／営業停止は除外。VSL初回開始から72時間。","https://utage-system.com/account/Y86og5tIw1hZ/scenario/LEIqoAknhkmV/step/line/DciEDgOwZDeT/edit","DciEDgOwZDeT"
"YouTube_ゆっくりAI","REVIEW_YouTube_ゆっくりAI_20260810","158","13","VSL_視聴完了","ステップ配信","2","LINE","VSL-C02","","2時間 後","稼働中","","","【LINEメッセージ 1／image】
{
  ""original_content_url"": ""https://utagesystem.s3.ap-northeast-1.wasabisys.com/GX6OYW2fVtRD/VoadmjkSafaL.png""
}

────────────

【LINEメッセージ 2／text】
動画を見て「自分の場合はどうなる？」と思った方へ😊

作成会では、経験・得意・使える時間をもとに、最初のテーマと進める順番を一緒に組み立てていきます🙌👇

────────────

【LINEメッセージ 3／button】
{
  ""alt_text"": ""【個別】AIひとり起業ロードマップ作成会のご案内"",
  ""react_type"": ""free"",
  ""react_press_again_text"": null,
  ""thumbnail_image_url"": null,
  ""title"": ""AIひとり起業ロードマップ作成会"",
  ""text"": ""Zoom30分・名前とメールだけで予約OK"",
  ""actions"": [
    {
      ""type"": ""url"",
      ""label"": ""日程を見て予約する"",
      ""uri"": ""https://utage-system.com/event/DkY6Co3mN1oB/register"",
      ""add_label_id"": null,
      ""del_label_id"": null
    }
  ]
}","【LINEメッセージ 1／image】
{
  ""original_content_url"": ""https://utagesystem.s3.ap-northeast-1.wasabisys.com/GX6OYW2fVtRD/VoadmjkSafaL.png""
}

────────────

【LINEメッセージ 2／text】
動画を見て「自分の場合はどうなる？」と思った方へ😊

作成会では、経験・得意・使える時間をもとに、最初のテーマと進める順番を一緒に組み立てていきます🙌👇

────────────

【LINEメッセージ 3／button】
{
  ""alt_text"": ""【個別】AIひとり起業ロードマップ作成会のご案内"",
  ""react_type"": ""free"",
  ""react_press_again_text"": null,
  ""thumbnail_image_url"": null,
  ""title"": ""AIひとり起業ロードマップ作成会"",
  ""text"": ""Zoom30分・名前とメールだけで予約OK"",
  ""actions"": [
    {
      ""type"": ""url"",
      ""label"": ""日程を見て予約する"",
      ""uri"": ""https://utage-system.com/event/DkY6Co3mN1oB/register"",
      ""add_label_id"": null,
      ""del_label_id"": null
    }
  ]
}","動画を見て「自分の場合はどうなる？」と思った方へ😊

作成会では、経験・得意・使える時間をもとに、最初のテーマと進める順番を一緒に組み立てていきます🙌👇","動画を見て「自分の場合はどうなる？」と思った方へ。

作成会では、経験・得意・使える時間をもとに、最初のテーマと進める順番を一緒に組み立てます。
[面談予約URL]","[
  {
    ""url"": ""https://utage-system.com/event/DkY6Co3mN1oB/register"",
    ""action_id"": ""lMxbsrSPWV9W"",
    ""expiration_type"": ""none""
  }
]","VSL視聴完了・面談未予約。視聴開始で未視聴を停止、視聴完了で未視聴・途中を停止。予約完了／面談済み／営業停止は除外。VSL初回開始から72時間。","https://utage-system.com/account/Y86og5tIw1hZ/scenario/LEIqoAknhkmV/step/line/wh7dGNiiq0ob/edit","wh7dGNiiq0ob"
"YouTube_ゆっくりAI","REVIEW_YouTube_ゆっくりAI_20260810","159","13","VSL_視聴完了","ステップ配信","3","LINE","VSL-C03","","5時間 後","稼働中","","","【LINEメッセージ 1／text】
まだ商品がなくても、AI初心者でも大丈夫ですよ😊

完成した計画を持ってくる場じゃなくて、30分で計画の土台を一緒に作る場です📣","【LINEメッセージ 1／text】
まだ商品がなくても、AI初心者でも大丈夫ですよ😊

完成した計画を持ってくる場じゃなくて、30分で計画の土台を一緒に作る場です📣","まだ商品がなくても、AI初心者でも大丈夫ですよ😊

完成した計画を持ってくる場じゃなくて、30分で計画の土台を一緒に作る場です📣","まだ商品がなくても、AI初心者でも大丈夫です。

完成した計画を持ってくる場ではなく、30分で計画の土台を作る場です。","","VSL視聴完了・面談未予約。視聴開始で未視聴を停止、視聴完了で未視聴・途中を停止。予約完了／面談済み／営業停止は除外。VSL初回開始から72時間。","https://utage-system.com/account/Y86og5tIw1hZ/scenario/LEIqoAknhkmV/step/line/0Qha2c1IJnIT/edit","0Qha2c1IJnIT"
"YouTube_ゆっくりAI","REVIEW_YouTube_ゆっくりAI_20260810","160","13","VSL_視聴完了","ステップ配信","4","LINE","VSL-C04","","0日後 10:00","稼働中","","","【LINEメッセージ 1／text】
見た直後が、いちばん動きやすいタイミングです😊

情報が新しいうちに、自分のロードマップへ変えちゃいましょう✨","【LINEメッセージ 1／text】
見た直後が、いちばん動きやすいタイミングです😊

情報が新しいうちに、自分のロードマップへ変えちゃいましょう✨","見た直後が、いちばん動きやすいタイミングです😊

情報が新しいうちに、自分のロードマップへ変えちゃいましょう✨","見た直後が、最も動きやすい。

情報が新しいうちに、自分のロードマップへ変えましょう。","","VSL視聴完了・面談未予約。視聴開始で未視聴を停止、視聴完了で未視聴・途中を停止。予約完了／面談済み／営業停止は除外。VSL初回開始から72時間。","https://utage-system.com/account/Y86og5tIw1hZ/scenario/LEIqoAknhkmV/step/line/QUfY1iY6FCsU/edit","QUfY1iY6FCsU"
"YouTube_ゆっくりAI","REVIEW_YouTube_ゆっくりAI_20260810","161","13","VSL_視聴完了","ステップ配信","5","LINE","VSL-C05","","1日 後","稼働中","","","【LINEメッセージ 1／text】
%line_name%さん、動画の視聴完了から1日が経ちました😊

一人で整理すると止まりそうなら、ぜひ作成会を使ってくださいね。必要に応じて AIひとり起業スクール でできることもご説明します🎥","【LINEメッセージ 1／text】
%line_name%さん、動画の視聴完了から1日が経ちました😊

一人で整理すると止まりそうなら、ぜひ作成会を使ってくださいね。必要に応じて AIひとり起業スクール でできることもご説明します🎥","%line_name%さん、動画の視聴完了から1日が経ちました😊

一人で整理すると止まりそうなら、ぜひ作成会を使ってくださいね。必要に応じて AIひとり起業スクール でできることもご説明します🎥","[name]さん、動画の視聴完了から1日が経ちました。

一人で整理すると止まりそうなら、作成会を使ってください。必要に応じて AIひとり起業スクール でできることもご説明します。","","VSL視聴完了・面談未予約。視聴開始で未視聴を停止、視聴完了で未視聴・途中を停止。予約完了／面談済み／営業停止は除外。VSL初回開始から72時間。","https://utage-system.com/account/Y86og5tIw1hZ/scenario/LEIqoAknhkmV/step/line/2nRWHPzRXiBP/edit","2nRWHPzRXiBP"
"YouTube_ゆっくりAI","REVIEW_YouTube_ゆっくりAI_20260810","162","13","VSL_視聴完了","ステップ配信","6","LINE","VSL-C06","","1日 4時間 後","稼働中","","","【LINEメッセージ 1／text】
事業テーマ、商品、集客、販売。

ぜんぶを同時に考えると動けなくなっちゃいます😌 今の自分が最初に決める一つを、30分でスッと明確にします🔥","【LINEメッセージ 1／text】
事業テーマ、商品、集客、販売。

ぜんぶを同時に考えると動けなくなっちゃいます😌 今の自分が最初に決める一つを、30分でスッと明確にします🔥","事業テーマ、商品、集客、販売。

ぜんぶを同時に考えると動けなくなっちゃいます😌 今の自分が最初に決める一つを、30分でスッと明確にします🔥","事業テーマ、商品、集客、販売。

すべてを同時に考えると動けません。今の自分が最初に決める一つを、30分で明確にします。","","VSL視聴完了・面談未予約。視聴開始で未視聴を停止、視聴完了で未視聴・途中を停止。予約完了／面談済み／営業停止は除外。VSL初回開始から72時間。","https://utage-system.com/account/Y86og5tIw1hZ/scenario/LEIqoAknhkmV/step/line/JOAMSplqPBcC/edit","JOAMSplqPBcC"
"YouTube_ゆっくりAI","REVIEW_YouTube_ゆっくりAI_20260810","163","13","VSL_視聴完了","ステップ配信","7","LINE","VSL-C07","","1日後 10:00","稼働中","","","【LINEメッセージ 1／text】
予約は名前とメールアドレスの2項目で完了しちゃいます😊 事前課題もありません✨

都合が変わった場合は日程変更もできますよ👇

────────────

【LINEメッセージ 2／button】
{
  ""alt_text"": ""【個別】AIひとり起業ロードマップ作成会のご案内"",
  ""react_type"": ""free"",
  ""react_press_again_text"": null,
  ""thumbnail_image_url"": null,
  ""title"": ""AIひとり起業ロードマップ作成会"",
  ""text"": ""Zoom30分・名前とメールだけで予約OK"",
  ""actions"": [
    {
      ""type"": ""url"",
      ""label"": ""日程を見て予約する"",
      ""uri"": ""https://utage-system.com/event/DkY6Co3mN1oB/register"",
      ""add_label_id"": null,
      ""del_label_id"": null
    }
  ]
}","【LINEメッセージ 1／text】
予約は名前とメールアドレスの2項目で完了しちゃいます😊 事前課題もありません✨

都合が変わった場合は日程変更もできますよ👇

────────────

【LINEメッセージ 2／button】
{
  ""alt_text"": ""【個別】AIひとり起業ロードマップ作成会のご案内"",
  ""react_type"": ""free"",
  ""react_press_again_text"": null,
  ""thumbnail_image_url"": null,
  ""title"": ""AIひとり起業ロードマップ作成会"",
  ""text"": ""Zoom30分・名前とメールだけで予約OK"",
  ""actions"": [
    {
      ""type"": ""url"",
      ""label"": ""日程を見て予約する"",
      ""uri"": ""https://utage-system.com/event/DkY6Co3mN1oB/register"",
      ""add_label_id"": null,
      ""del_label_id"": null
    }
  ]
}","予約は名前とメールアドレスの2項目で完了しちゃいます😊 事前課題もありません✨

都合が変わった場合は日程変更もできますよ👇","予約は名前とメールアドレスの2項目で完了します。事前課題はありません。

都合が変わった場合は日程変更できます。
[面談予約URL]","[
  {
    ""url"": ""https://utage-system.com/event/DkY6Co3mN1oB/register"",
    ""action_id"": ""lMxbsrSPWV9W"",
    ""expiration_type"": ""none""
  }
]","VSL視聴完了・面談未予約。視聴開始で未視聴を停止、視聴完了で未視聴・途中を停止。予約完了／面談済み／営業停止は除外。VSL初回開始から72時間。","https://utage-system.com/account/Y86og5tIw1hZ/scenario/LEIqoAknhkmV/step/line/xCT9FyxEdkBJ/edit","xCT9FyxEdkBJ"
"YouTube_ゆっくりAI","REVIEW_YouTube_ゆっくりAI_20260810","164","13","VSL_視聴完了","ステップ配信","8","LINE","VSL-C08","","1日後 15:00","稼働中","","","【LINEメッセージ 1／text】
視聴完了者向けの受付は、あと9時間です⏰

実際の48時間受付に基づくご案内です。必要な方は、期限内に日程を確保しておいてくださいね😊✨","【LINEメッセージ 1／text】
視聴完了者向けの受付は、あと9時間です⏰

実際の48時間受付に基づくご案内です。必要な方は、期限内に日程を確保しておいてくださいね😊✨","視聴完了者向けの受付は、あと9時間です⏰

実際の48時間受付に基づくご案内です。必要な方は、期限内に日程を確保しておいてくださいね😊✨","視聴完了者向け受付は、あと9時間です。

実際の48時間受付に基づく案内です。必要な方は、期限内に日程を確保してください。","","VSL視聴完了・面談未予約。視聴開始で未視聴を停止、視聴完了で未視聴・途中を停止。予約完了／面談済み／営業停止は除外。VSL初回開始から72時間。","https://utage-system.com/account/Y86og5tIw1hZ/scenario/LEIqoAknhkmV/step/line/brqYAbNWbjhP/edit","brqYAbNWbjhP"
"YouTube_ゆっくりAI","REVIEW_YouTube_ゆっくりAI_20260810","165","13","VSL_視聴完了","ステップ配信","9","LINE","VSL-C09","","1日後 21:00","稼働中","","","【LINEメッセージ 1／text】
受付終了まであと3時間です⏰

スクールに関心があって、自分に合う進め方を直接相談したい方は、こちらから予約してくださいね😊👇

────────────

【LINEメッセージ 2／button】
{
  ""alt_text"": ""【個別】ロードマップ作成会・受付終了まであと3時間"",
  ""react_type"": ""free"",
  ""react_press_again_text"": null,
  ""thumbnail_image_url"": null,
  ""title"": ""AIひとり起業ロードマップ作成会"",
  ""text"": ""受付終了まであと3時間"",
  ""actions"": [
    {
      ""type"": ""url"",
      ""label"": ""日程を見て予約する"",
      ""uri"": ""https://utage-system.com/event/DkY6Co3mN1oB/register"",
      ""add_label_id"": null,
      ""del_label_id"": null
    }
  ]
}","【LINEメッセージ 1／text】
受付終了まであと3時間です⏰

スクールに関心があって、自分に合う進め方を直接相談したい方は、こちらから予約してくださいね😊👇

────────────

【LINEメッセージ 2／button】
{
  ""alt_text"": ""【個別】ロードマップ作成会・受付終了まであと3時間"",
  ""react_type"": ""free"",
  ""react_press_again_text"": null,
  ""thumbnail_image_url"": null,
  ""title"": ""AIひとり起業ロードマップ作成会"",
  ""text"": ""受付終了まであと3時間"",
  ""actions"": [
    {
      ""type"": ""url"",
      ""label"": ""日程を見て予約する"",
      ""uri"": ""https://utage-system.com/event/DkY6Co3mN1oB/register"",
      ""add_label_id"": null,
      ""del_label_id"": null
    }
  ]
}","受付終了まであと3時間です⏰

スクールに関心があって、自分に合う進め方を直接相談したい方は、こちらから予約してくださいね😊👇","受付終了まであと3時間です。

スクールに関心があり、自分に合う進め方を直接相談したい方は、こちらから予約してください。
[面談予約URL]","[
  {
    ""url"": ""https://utage-system.com/event/DkY6Co3mN1oB/register"",
    ""action_id"": ""lMxbsrSPWV9W"",
    ""expiration_type"": ""none""
  }
]","VSL視聴完了・面談未予約。視聴開始で未視聴を停止、視聴完了で未視聴・途中を停止。予約完了／面談済み／営業停止は除外。VSL初回開始から72時間。","https://utage-system.com/account/Y86og5tIw1hZ/scenario/LEIqoAknhkmV/step/line/zlm87BKwfnhi/edit","zlm87BKwfnhi"
"YouTube_ゆっくりAI","REVIEW_YouTube_ゆっくりAI_20260810","166","13","VSL_視聴完了","ステップ配信","10","LINE","VSL-C10","","1日後 23:00","稼働中","","","【LINEメッセージ 1／text】
あと1時間で受付終了です⏰

AIひとり起業ロードマップ作成会 のご案内は、これで最後になります🙏 参加したい方は、今すぐ予約を完了してくださいね🔥","【LINEメッセージ 1／text】
あと1時間で受付終了です⏰

AIひとり起業ロードマップ作成会 のご案内は、これで最後になります🙏 参加したい方は、今すぐ予約を完了してくださいね🔥","あと1時間で受付終了です⏰

AIひとり起業ロードマップ作成会 のご案内は、これで最後になります🙏 参加したい方は、今すぐ予約を完了してくださいね🔥","あと1時間で受付終了です。

AIひとり起業ロードマップ作成会 のご案内はこれで最後です。参加したい方は、今すぐ予約を完了してください。","","VSL視聴完了・面談未予約。視聴開始で未視聴を停止、視聴完了で未視聴・途中を停止。予約完了／面談済み／営業停止は除外。VSL初回開始から72時間。","https://utage-system.com/account/Y86og5tIw1hZ/scenario/LEIqoAknhkmV/step/line/Lw5hWl0hKeJK/edit","Lw5hWl0hKeJK"
"YouTube_ゆっくりAI","REVIEW_YouTube_ゆっくりAI_20260810","167","14","VSL自動開始_参加者面談未予約","ステップ配信","1","LINE","AUTO-VSL-POSTSEM","シナリオ/VSL開始","面談受付終了後の翌朝06:00","レビュー中","","","【LINEメッセージ 1／image】
{
  ""original_content_url"": ""https://utagesystem.s3.ap-northeast-1.wasabisys.com/GX6OYW2fVtRD/BP6jdJufvGaM.png""
}

────────────

【LINEメッセージ 2／text】
欠席・参加不明の方：見逃した方・復習したい方へ😊
未申込の方：日程が合わなかった方向けの特別公開です✨

AIでひとり起業攻略法 の内容を、本日から3日間だけ視聴できちゃいます🎁
公開終了：8月2日(土)23:59👇

────────────

【LINEメッセージ 3／button】
{
  ""alt_text"": ""【動画】期間限定・無料公開のご案内"",
  ""react_type"": ""free"",
  ""react_press_again_text"": null,
  ""thumbnail_image_url"": null,
  ""title"": ""LINE友だち限定 プレミアム無料動画"",
  ""text"": ""無料公開は登録から3日間・スマホ視聴OK"",
  ""actions"": [
    {
      ""type"": ""url"",
      ""label"": ""動画を見る"",
      ""uri"": ""https://utage-system.com/p/m6COEDrJH2BP"",
      ""add_label_id"": null,
      ""del_label_id"": null
    }
  ]
}","【LINEメッセージ 1／image】
{
  ""original_content_url"": ""https://utagesystem.s3.ap-northeast-1.wasabisys.com/GX6OYW2fVtRD/BP6jdJufvGaM.png""
}

────────────

【LINEメッセージ 2／text】
欠席・参加不明の方：見逃した方・復習したい方へ😊
未申込の方：日程が合わなかった方向けの特別公開です✨

AIでひとり起業攻略法 の内容を、本日から3日間だけ視聴できちゃいます🎁
公開終了：8月2日(土)23:59👇

────────────

【LINEメッセージ 3／button】
{
  ""alt_text"": ""【動画】期間限定・無料公開のご案内"",
  ""react_type"": ""free"",
  ""react_press_again_text"": null,
  ""thumbnail_image_url"": null,
  ""title"": ""LINE友だち限定 プレミアム無料動画"",
  ""text"": ""無料公開は登録から3日間・スマホ視聴OK"",
  ""actions"": [
    {
      ""type"": ""url"",
      ""label"": ""動画を見る"",
      ""uri"": ""https://utage-system.com/p/m6COEDrJH2BP"",
      ""add_label_id"": null,
      ""del_label_id"": null
    }
  ]
}","【LINEメッセージ 1／image】
{
  ""original_content_url"": ""https://utagesystem.s3.ap-northeast-1.wasabisys.com/GX6OYW2fVtRD/BP6jdJufvGaM.png""
}

────────────

【LINEメッセージ 2／text】
欠席・参加不明の方：見逃した方・復習したい方へ😊
未申込の方：日程が合わなかった方向けの特別公開です✨

AIでひとり起業攻略法 の内容を、本日から3日間だけ視聴できちゃいます🎁
公開終了：8月2日(土)23:59👇

────────────

【LINEメッセージ 3／button】
{
  ""alt_text"": ""【動画】期間限定・無料公開のご案内"",
  ""react_type"": ""free"",
  ""react_press_again_text"": null,
  ""thumbnail_image_url"": null,
  ""title"": ""LINE友だち限定 プレミアム無料動画"",
  ""text"": ""無料公開は登録から3日間・スマホ視聴OK"",
  ""actions"": [
    {
      ""type"": ""url"",
      ""label"": ""動画を見る"",
      ""uri"": ""https://utage-system.com/p/m6COEDrJH2BP"",
      ""add_label_id"": null,
      ""del_label_id"": null
    }
  ]
}","【LINEメッセージ 1／image】
{
  ""original_content_url"": ""https://utagesystem.s3.ap-northeast-1.wasabisys.com/GX6OYW2fVtRD/BP6jdJufvGaM.png""
}

────────────

【LINEメッセージ 2／text】
欠席・参加不明の方：見逃した方・復習したい方へ😊
未申込の方：日程が合わなかった方向けの特別公開です✨

AIでひとり起業攻略法 の内容を、本日から3日間だけ視聴できちゃいます🎁
公開終了：8月2日(土)23:59👇

────────────

【LINEメッセージ 3／button】
{
  ""alt_text"": ""【動画】期間限定・無料公開のご案内"",
  ""react_type"": ""free"",
  ""react_press_again_text"": null,
  ""thumbnail_image_url"": null,
  ""title"": ""LINE友だち限定 プレミアム無料動画"",
  ""text"": ""無料公開は登録から3日間・スマホ視聴OK"",
  ""actions"": [
    {
      ""type"": ""url"",
      ""label"": ""動画を見る"",
      ""uri"": ""https://utage-system.com/p/m6COEDrJH2BP"",
      ""add_label_id"": null,
      ""del_label_id"": null
    }
  ]
}","[VSLURL]／初回開始日時を保存／終了日時=開始+72時間","セミナー申込済み・面談未予約。前日23:59に面談受付終了。 予約完了／面談済み／営業停止は除外。","[UTAGE実装時作成]","AUTO-VSL-POSTSEM"
"YouTube_ゆっくりAI","REVIEW_YouTube_ゆっくりAI_20260810","168","14","VSL自動開始_第2日程未申込","ステップ配信","2","LINE","AUTO-VSL-UNREG","シナリオ/VSL開始","第2日程終了翌朝06:00","レビュー中","","","【LINEメッセージ 1／image】
{
  ""original_content_url"": ""https://utagesystem.s3.ap-northeast-1.wasabisys.com/GX6OYW2fVtRD/BP6jdJufvGaM.png""
}

────────────

【LINEメッセージ 2／text】
欠席・参加不明の方：見逃した方・復習したい方へ😊
未申込の方：日程が合わなかった方向けの特別公開です✨

AIでひとり起業攻略法 の内容を、本日から3日間だけ視聴できちゃいます🎁
公開終了：8月2日(土)23:59👇

────────────

【LINEメッセージ 3／button】
{
  ""alt_text"": ""【動画】期間限定・無料公開のご案内"",
  ""react_type"": ""free"",
  ""react_press_again_text"": null,
  ""thumbnail_image_url"": null,
  ""title"": ""LINE友だち限定 プレミアム無料動画"",
  ""text"": ""無料公開は登録から3日間・スマホ視聴OK"",
  ""actions"": [
    {
      ""type"": ""url"",
      ""label"": ""動画を見る"",
      ""uri"": ""https://utage-system.com/p/m6COEDrJH2BP"",
      ""add_label_id"": null,
      ""del_label_id"": null
    }
  ]
}","【LINEメッセージ 1／image】
{
  ""original_content_url"": ""https://utagesystem.s3.ap-northeast-1.wasabisys.com/GX6OYW2fVtRD/BP6jdJufvGaM.png""
}

────────────

【LINEメッセージ 2／text】
欠席・参加不明の方：見逃した方・復習したい方へ😊
未申込の方：日程が合わなかった方向けの特別公開です✨

AIでひとり起業攻略法 の内容を、本日から3日間だけ視聴できちゃいます🎁
公開終了：8月2日(土)23:59👇

────────────

【LINEメッセージ 3／button】
{
  ""alt_text"": ""【動画】期間限定・無料公開のご案内"",
  ""react_type"": ""free"",
  ""react_press_again_text"": null,
  ""thumbnail_image_url"": null,
  ""title"": ""LINE友だち限定 プレミアム無料動画"",
  ""text"": ""無料公開は登録から3日間・スマホ視聴OK"",
  ""actions"": [
    {
      ""type"": ""url"",
      ""label"": ""動画を見る"",
      ""uri"": ""https://utage-system.com/p/m6COEDrJH2BP"",
      ""add_label_id"": null,
      ""del_label_id"": null
    }
  ]
}","【LINEメッセージ 1／image】
{
  ""original_content_url"": ""https://utagesystem.s3.ap-northeast-1.wasabisys.com/GX6OYW2fVtRD/BP6jdJufvGaM.png""
}

────────────

【LINEメッセージ 2／text】
欠席・参加不明の方：見逃した方・復習したい方へ😊
未申込の方：日程が合わなかった方向けの特別公開です✨

AIでひとり起業攻略法 の内容を、本日から3日間だけ視聴できちゃいます🎁
公開終了：8月2日(土)23:59👇

────────────

【LINEメッセージ 3／button】
{
  ""alt_text"": ""【動画】期間限定・無料公開のご案内"",
  ""react_type"": ""free"",
  ""react_press_again_text"": null,
  ""thumbnail_image_url"": null,
  ""title"": ""LINE友だち限定 プレミアム無料動画"",
  ""text"": ""無料公開は登録から3日間・スマホ視聴OK"",
  ""actions"": [
    {
      ""type"": ""url"",
      ""label"": ""動画を見る"",
      ""uri"": ""https://utage-system.com/p/m6COEDrJH2BP"",
      ""add_label_id"": null,
      ""del_label_id"": null
    }
  ]
}","【LINEメッセージ 1／image】
{
  ""original_content_url"": ""https://utagesystem.s3.ap-northeast-1.wasabisys.com/GX6OYW2fVtRD/BP6jdJufvGaM.png""
}

────────────

【LINEメッセージ 2／text】
欠席・参加不明の方：見逃した方・復習したい方へ😊
未申込の方：日程が合わなかった方向けの特別公開です✨

AIでひとり起業攻略法 の内容を、本日から3日間だけ視聴できちゃいます🎁
公開終了：8月2日(土)23:59👇

────────────

【LINEメッセージ 3／button】
{
  ""alt_text"": ""【動画】期間限定・無料公開のご案内"",
  ""react_type"": ""free"",
  ""react_press_again_text"": null,
  ""thumbnail_image_url"": null,
  ""title"": ""LINE友だち限定 プレミアム無料動画"",
  ""text"": ""無料公開は登録から3日間・スマホ視聴OK"",
  ""actions"": [
    {
      ""type"": ""url"",
      ""label"": ""動画を見る"",
      ""uri"": ""https://utage-system.com/p/m6COEDrJH2BP"",
      ""add_label_id"": null,
      ""del_label_id"": null
    }
  ]
}","[VSLURL]／初回開始日時を保存／終了日時=開始+72時間","第2日程終了時点でセミナー未申込・面談未予約。確認ボタンなし。 予約完了／面談済み／営業停止は除外。","[UTAGE実装時作成]","AUTO-VSL-UNREG"
"YouTube_ゆっくりAI","REVIEW_YouTube_ゆっくりAI_20260810","169","14","VSL即時開始_日程不可","ステップ配信","3","LINE","AUTO-VSL-NODATE","シナリオ/VSL開始","「どちらの日程も合わない」初回クリック直後","レビュー中","","","【前回企画のダイジェスト版を72時間限定で公開します】

【LINEメッセージ 1／image】
{
  ""original_content_url"": ""https://utagesystem.s3.ap-northeast-1.wasabisys.com/GX6OYW2fVtRD/BP6jdJufvGaM.png""
}

────────────

【LINEメッセージ 2／text】
欠席・参加不明の方：見逃した方・復習したい方へ😊
未申込の方：日程が合わなかった方向けの特別公開です✨

AIでひとり起業攻略法 の内容を、本日から3日間だけ視聴できちゃいます🎁
公開終了：8月2日(土)23:59👇

────────────

【LINEメッセージ 3／button】
{
  ""alt_text"": ""【動画】期間限定・無料公開のご案内"",
  ""react_type"": ""free"",
  ""react_press_again_text"": null,
  ""thumbnail_image_url"": null,
  ""title"": ""LINE友だち限定 プレミアム無料動画"",
  ""text"": ""無料公開は登録から3日間・スマホ視聴OK"",
  ""actions"": [
    {
      ""type"": ""url"",
      ""label"": ""動画を見る"",
      ""uri"": ""https://utage-system.com/p/m6COEDrJH2BP"",
      ""add_label_id"": null,
      ""del_label_id"": null
    }
  ]
}","【前回企画のダイジェスト版を72時間限定で公開します】

【LINEメッセージ 1／image】
{
  ""original_content_url"": ""https://utagesystem.s3.ap-northeast-1.wasabisys.com/GX6OYW2fVtRD/BP6jdJufvGaM.png""
}

────────────

【LINEメッセージ 2／text】
欠席・参加不明の方：見逃した方・復習したい方へ😊
未申込の方：日程が合わなかった方向けの特別公開です✨

AIでひとり起業攻略法 の内容を、本日から3日間だけ視聴できちゃいます🎁
公開終了：8月2日(土)23:59👇

────────────

【LINEメッセージ 3／button】
{
  ""alt_text"": ""【動画】期間限定・無料公開のご案内"",
  ""react_type"": ""free"",
  ""react_press_again_text"": null,
  ""thumbnail_image_url"": null,
  ""title"": ""LINE友だち限定 プレミアム無料動画"",
  ""text"": ""無料公開は登録から3日間・スマホ視聴OK"",
  ""actions"": [
    {
      ""type"": ""url"",
      ""label"": ""動画を見る"",
      ""uri"": ""https://utage-system.com/p/m6COEDrJH2BP"",
      ""add_label_id"": null,
      ""del_label_id"": null
    }
  ]
}","【前回企画のダイジェスト版を72時間限定で公開します】

【LINEメッセージ 1／image】
{
  ""original_content_url"": ""https://utagesystem.s3.ap-northeast-1.wasabisys.com/GX6OYW2fVtRD/BP6jdJufvGaM.png""
}

────────────

【LINEメッセージ 2／text】
欠席・参加不明の方：見逃した方・復習したい方へ😊
未申込の方：日程が合わなかった方向けの特別公開です✨

AIでひとり起業攻略法 の内容を、本日から3日間だけ視聴できちゃいます🎁
公開終了：8月2日(土)23:59👇

────────────

【LINEメッセージ 3／button】
{
  ""alt_text"": ""【動画】期間限定・無料公開のご案内"",
  ""react_type"": ""free"",
  ""react_press_again_text"": null,
  ""thumbnail_image_url"": null,
  ""title"": ""LINE友だち限定 プレミアム無料動画"",
  ""text"": ""無料公開は登録から3日間・スマホ視聴OK"",
  ""actions"": [
    {
      ""type"": ""url"",
      ""label"": ""動画を見る"",
      ""uri"": ""https://utage-system.com/p/m6COEDrJH2BP"",
      ""add_label_id"": null,
      ""del_label_id"": null
    }
  ]
}","【前回企画のダイジェスト版を72時間限定で公開します】

【LINEメッセージ 1／image】
{
  ""original_content_url"": ""https://utagesystem.s3.ap-northeast-1.wasabisys.com/GX6OYW2fVtRD/BP6jdJufvGaM.png""
}

────────────

【LINEメッセージ 2／text】
欠席・参加不明の方：見逃した方・復習したい方へ😊
未申込の方：日程が合わなかった方向けの特別公開です✨

AIでひとり起業攻略法 の内容を、本日から3日間だけ視聴できちゃいます🎁
公開終了：8月2日(土)23:59👇

────────────

【LINEメッセージ 3／button】
{
  ""alt_text"": ""【動画】期間限定・無料公開のご案内"",
  ""react_type"": ""free"",
  ""react_press_again_text"": null,
  ""thumbnail_image_url"": null,
  ""title"": ""LINE友だち限定 プレミアム無料動画"",
  ""text"": ""無料公開は登録から3日間・スマホ視聴OK"",
  ""actions"": [
    {
      ""type"": ""url"",
      ""label"": ""動画を見る"",
      ""uri"": ""https://utage-system.com/p/m6COEDrJH2BP"",
      ""add_label_id"": null,
      ""del_label_id"": null
    }
  ]
}","[VSLURL]／初回開始日時を保存／終了日時=開始+72時間","日程不可ボタン押下者。セミナー募集を即停止し、初回クリックから72時間固定。 予約完了／面談済み／営業停止は除外。","[UTAGE実装時作成]","AUTO-VSL-NODATE"
"YouTube_ゆっくりAI","REVIEW_YouTube_ゆっくりAI_20260810","170","15","旧VSL再公開_24時間限定（既存読者のみ）","ステップ配信","1","LINE","RO-01","","登録直後","旧読者のみ・新規停止","","","【LINEメッセージ 1／text】
%line_name%さん、ご希望ありがとうございます😊🎉

動画を今から２４時間だけ再公開しましたよ🎥
今回は再延長ができないので、先に視聴の時間を確保しておいてくださいね⏰

────────────

【LINEメッセージ 2／button】
{
  ""alt_text"": ""【24時間限定】動画を再公開しました"",
  ""react_type"": ""free"",
  ""react_press_again_text"": null,
  ""thumbnail_image_url"": null,
  ""title"": ""24時間限定 再公開"",
  ""text"": ""公開は再開から24時間・再延長なし"",
  ""actions"": [
    {
      ""type"": ""url"",
      ""label"": ""動画を見る"",
      ""uri"": ""https://utage-system.com/p/J4c9l3YXuHAs"",
      ""add_label_id"": null,
      ""del_label_id"": null
    }
  ]
}","【LINEメッセージ 1／text】
%line_name%さん、ご希望ありがとうございます😊🎉

動画を今から２４時間だけ再公開しましたよ🎥
今回は再延長ができないので、先に視聴の時間を確保しておいてくださいね⏰

────────────

【LINEメッセージ 2／button】
{
  ""alt_text"": ""【24時間限定】動画を再公開しました"",
  ""react_type"": ""free"",
  ""react_press_again_text"": null,
  ""thumbnail_image_url"": null,
  ""title"": ""24時間限定 再公開"",
  ""text"": ""公開は再開から24時間・再延長なし"",
  ""actions"": [
    {
      ""type"": ""url"",
      ""label"": ""動画を見る"",
      ""uri"": ""https://utage-system.com/p/J4c9l3YXuHAs"",
      ""add_label_id"": null,
      ""del_label_id"": null
    }
  ]
}","%line_name%さん、ご希望ありがとうございます😊🎉

動画を今から２４時間だけ再公開しましたよ🎥
今回は再延長ができないので、先に視聴の時間を確保しておいてくださいね⏰","[name]さん、ご希望ありがとうございます。

動画を今から24時間だけ再公開しました。
再公開URL：[再公開URL]
終了：[再公開終了日時]

今回は再延長できないため、先に視聴時間を確保してください。","[
  {
    ""url"": ""https://utage-system.com/p/J4c9l3YXuHAs"",
    ""action_id"": ""ZGjzVrAaUly5"",
    ""expiration_type"": ""none""
  }
]","2026-08-10より前に旧VSL再公開へ入っている既存読者だけ。新規読者は使用禁止。","https://utage-system.com/account/Y86og5tIw1hZ/scenario/wF9rKqVhHmri/step/line/HE8bnuAoHZz2/edit","HE8bnuAoHZz2"
"YouTube_ゆっくりAI","REVIEW_YouTube_ゆっくりAI_20260810","171","15","旧VSL再公開_24時間限定（既存読者のみ）","ステップ配信","2","LINE","RO-02","","2時間 後","旧読者のみ・新規停止","","","【LINEメッセージ 1／text】
再公開の動画は開けましたか？😊

まだの方は、ちゃんと視聴できるかだけでも今のうちに確認しておいてくださいね👇

────────────

【LINEメッセージ 2／button】
{
  ""alt_text"": ""【24時間限定】再公開・視聴確認をどうぞ"",
  ""react_type"": ""free"",
  ""react_press_again_text"": null,
  ""thumbnail_image_url"": null,
  ""title"": ""24時間限定 再公開"",
  ""text"": ""公開は再開から24時間・再延長なし"",
  ""actions"": [
    {
      ""type"": ""url"",
      ""label"": ""動画を見る"",
      ""uri"": ""https://utage-system.com/p/J4c9l3YXuHAs"",
      ""add_label_id"": null,
      ""del_label_id"": null
    }
  ]
}","【LINEメッセージ 1／text】
再公開の動画は開けましたか？😊

まだの方は、ちゃんと視聴できるかだけでも今のうちに確認しておいてくださいね👇

────────────

【LINEメッセージ 2／button】
{
  ""alt_text"": ""【24時間限定】再公開・視聴確認をどうぞ"",
  ""react_type"": ""free"",
  ""react_press_again_text"": null,
  ""thumbnail_image_url"": null,
  ""title"": ""24時間限定 再公開"",
  ""text"": ""公開は再開から24時間・再延長なし"",
  ""actions"": [
    {
      ""type"": ""url"",
      ""label"": ""動画を見る"",
      ""uri"": ""https://utage-system.com/p/J4c9l3YXuHAs"",
      ""add_label_id"": null,
      ""del_label_id"": null
    }
  ]
}","再公開の動画は開けましたか？😊

まだの方は、ちゃんと視聴できるかだけでも今のうちに確認しておいてくださいね👇","再公開動画は開けましたか？

まだの場合は、視聴できることだけでも今のうちに確認してください。
[再公開URL]","[
  {
    ""url"": ""https://utage-system.com/p/J4c9l3YXuHAs"",
    ""action_id"": ""ZGjzVrAaUly5"",
    ""expiration_type"": ""none""
  }
]","2026-08-10より前に旧VSL再公開へ入っている既存読者だけ。新規読者は使用禁止。","https://utage-system.com/account/Y86og5tIw1hZ/scenario/wF9rKqVhHmri/step/line/HBr7Z9JmI3RQ/edit","HBr7Z9JmI3RQ"
"YouTube_ゆっくりAI","REVIEW_YouTube_ゆっくりAI_20260810","172","15","旧VSL再公開_24時間限定（既存読者のみ）","ステップ配信","3","LINE","RO-03","","0日後 6:00","旧読者のみ・新規停止","","","【LINEメッセージ 1／text】
再公開、残り18時間です⏰

テーマ選びから商品・集客・販売まで、途中で切らずに最後まで通して見るのがおすすめですよ😊🔥","【LINEメッセージ 1／text】
再公開、残り18時間です⏰

テーマ選びから商品・集客・販売まで、途中で切らずに最後まで通して見るのがおすすめですよ😊🔥","再公開、残り18時間です⏰

テーマ選びから商品・集客・販売まで、途中で切らずに最後まで通して見るのがおすすめですよ😊🔥","残り18時間です。

テーマ選びから商品・集客・販売まで、途中で分断せず最後まで通して見るのがおすすめです。","","2026-08-10より前に旧VSL再公開へ入っている既存読者だけ。新規読者は使用禁止。","https://utage-system.com/account/Y86og5tIw1hZ/scenario/wF9rKqVhHmri/step/line/Gm1fr2DU4JUT/edit","Gm1fr2DU4JUT"
"YouTube_ゆっくりAI","REVIEW_YouTube_ゆっくりAI_20260810","173","15","旧VSL再公開_24時間限定（既存読者のみ）","ステップ配信","4","LINE","RO-04","","0日後 12:00","旧読者のみ・新規停止","","","【LINEメッセージ 1／text】
再公開は残り12時間ですね⏰

一度だけの24時間公開です。まだ途中の方は、ここから続きに戻ってくださいね😊","【LINEメッセージ 1／text】
再公開は残り12時間ですね⏰

一度だけの24時間公開です。まだ途中の方は、ここから続きに戻ってくださいね😊","再公開は残り12時間ですね⏰

一度だけの24時間公開です。まだ途中の方は、ここから続きに戻ってくださいね😊","再公開は残り12時間。

一度だけの24時間公開です。まだ途中なら、ここから続きへ戻ってください。","","2026-08-10より前に旧VSL再公開へ入っている既存読者だけ。新規読者は使用禁止。","https://utage-system.com/account/Y86og5tIw1hZ/scenario/wF9rKqVhHmri/step/line/8bHQqsOMWT0I/edit","8bHQqsOMWT0I"
"YouTube_ゆっくりAI","REVIEW_YouTube_ゆっくりAI_20260810","174","15","旧VSL再公開_24時間限定（既存読者のみ）","ステップ配信","5","LINE","RO-05","","0日後 18:00","旧読者のみ・新規停止","","","【LINEメッセージ 1／text】
終了まで、あと６時間です⏰

見終わった方には、必要に応じて AIひとり起業ロードマップ作成会 をご案内しますね😊
まずは動画を最後までご覧ください👇

────────────

【LINEメッセージ 2／button】
{
  ""alt_text"": ""【24時間限定】終了まであと6時間"",
  ""react_type"": ""free"",
  ""react_press_again_text"": null,
  ""thumbnail_image_url"": null,
  ""title"": ""24時間限定 再公開"",
  ""text"": ""終了まであと6時間"",
  ""actions"": [
    {
      ""type"": ""url"",
      ""label"": ""動画を見る"",
      ""uri"": ""https://utage-system.com/p/J4c9l3YXuHAs"",
      ""add_label_id"": null,
      ""del_label_id"": null
    }
  ]
}","【LINEメッセージ 1／text】
終了まで、あと６時間です⏰

見終わった方には、必要に応じて AIひとり起業ロードマップ作成会 をご案内しますね😊
まずは動画を最後までご覧ください👇

────────────

【LINEメッセージ 2／button】
{
  ""alt_text"": ""【24時間限定】終了まであと6時間"",
  ""react_type"": ""free"",
  ""react_press_again_text"": null,
  ""thumbnail_image_url"": null,
  ""title"": ""24時間限定 再公開"",
  ""text"": ""終了まであと6時間"",
  ""actions"": [
    {
      ""type"": ""url"",
      ""label"": ""動画を見る"",
      ""uri"": ""https://utage-system.com/p/J4c9l3YXuHAs"",
      ""add_label_id"": null,
      ""del_label_id"": null
    }
  ]
}","終了まで、あと６時間です⏰

見終わった方には、必要に応じて AIひとり起業ロードマップ作成会 をご案内しますね😊
まずは動画を最後までご覧ください👇","終了まであと6時間です。

見終わった方には、必要に応じて AIひとり起業ロードマップ作成会 をご案内します。まずは動画を最後までご覧ください。
[再公開URL]","[
  {
    ""url"": ""https://utage-system.com/p/J4c9l3YXuHAs"",
    ""action_id"": ""ZGjzVrAaUly5"",
    ""expiration_type"": ""none""
  }
]","2026-08-10より前に旧VSL再公開へ入っている既存読者だけ。新規読者は使用禁止。","https://utage-system.com/account/Y86og5tIw1hZ/scenario/wF9rKqVhHmri/step/line/7sSttRWu9nbx/edit","7sSttRWu9nbx"
"YouTube_ゆっくりAI","REVIEW_YouTube_ゆっくりAI_20260810","175","15","旧VSL再公開_24時間限定（既存読者のみ）","ステップ配信","6","LINE","RO-06","","0日後 22:00","旧読者のみ・新規停止","","","【LINEメッセージ 1／text】
あと2時間で終了します⏰

今回を逸すと、同じ動画の再公開はもうありません🙏
必要な部分を、今のうちに確認しておいてくださいね🔥","【LINEメッセージ 1／text】
あと2時間で終了します⏰

今回を逸すと、同じ動画の再公開はもうありません🙏
必要な部分を、今のうちに確認しておいてくださいね🔥","あと2時間で終了します⏰

今回を逸すと、同じ動画の再公開はもうありません🙏
必要な部分を、今のうちに確認しておいてくださいね🔥","あと2時間で終了します。

今回を逃すと、同じ動画の再公開はありません。必要な部分を今のうちに確認してください。","","2026-08-10より前に旧VSL再公開へ入っている既存読者だけ。新規読者は使用禁止。","https://utage-system.com/account/Y86og5tIw1hZ/scenario/wF9rKqVhHmri/step/line/0MbohnxfbLMq/edit","0MbohnxfbLMq"
"YouTube_ゆっくりAI","REVIEW_YouTube_ゆっくりAI_20260810","176","15","旧VSL再公開_24時間限定（既存読者のみ）","ステップ配信","7","LINE","RO-07","","0日後 23:30","旧読者のみ・新規停止","","","【LINEメッセージ 1／text】
あと３０分です⏰

２４時間再公開の、最後のご案内ですね🙏
視聴途中の方は、今すぐこちらから戻ってください👇

────────────

【LINEメッセージ 2／button】
{
  ""alt_text"": ""【24時間限定】まもなく終了・最後の案内"",
  ""react_type"": ""free"",
  ""react_press_again_text"": null,
  ""thumbnail_image_url"": null,
  ""title"": ""24時間限定 再公開"",
  ""text"": ""あと予約の３０分・最後の案内"",
  ""actions"": [
    {
      ""type"": ""url"",
      ""label"": ""動画を見る"",
      ""uri"": ""https://utage-system.com/p/J4c9l3YXuHAs"",
      ""add_label_id"": null,
      ""del_label_id"": null
    }
  ]
}","【LINEメッセージ 1／text】
あと３０分です⏰

２４時間再公開の、最後のご案内ですね🙏
視聴途中の方は、今すぐこちらから戻ってください👇

────────────

【LINEメッセージ 2／button】
{
  ""alt_text"": ""【24時間限定】まもなく終了・最後の案内"",
  ""react_type"": ""free"",
  ""react_press_again_text"": null,
  ""thumbnail_image_url"": null,
  ""title"": ""24時間限定 再公開"",
  ""text"": ""あと予約の３０分・最後の案内"",
  ""actions"": [
    {
      ""type"": ""url"",
      ""label"": ""動画を見る"",
      ""uri"": ""https://utage-system.com/p/J4c9l3YXuHAs"",
      ""add_label_id"": null,
      ""del_label_id"": null
    }
  ]
}","あと３０分です⏰

２４時間再公開の、最後のご案内ですね🙏
視聴途中の方は、今すぐこちらから戻ってください👇","あと30分です。

24時間再公開の最後のご案内です。視聴途中の方は、今すぐこちらから戻ってください。
[再公開URL]","[
  {
    ""url"": ""https://utage-system.com/p/J4c9l3YXuHAs"",
    ""action_id"": ""ZGjzVrAaUly5"",
    ""expiration_type"": ""none""
  }
]","2026-08-10より前に旧VSL再公開へ入っている既存読者だけ。新規読者は使用禁止。","https://utage-system.com/account/Y86og5tIw1hZ/scenario/wF9rKqVhHmri/step/line/kGOpTtbv81QD/edit","kGOpTtbv81QD"
"YouTube_ゆっくりAI","REVIEW_YouTube_ゆっくりAI_20260810","177","16","オプチャ_初回参加案内","ステップ配信","1","LINE","OC-J01","","登録直後","稼働中","","","【LINEメッセージ 1／text】
%line_name%さん、AIの学びを続けたい方へ😊

オープンチャット 「AIマニアの放課後」 をご案内します🎉
AI活用やひとり起業について学べるZoom勉強会を、月2回開催していますよ。まずは気軽に参加してくださいね🙌

────────────

【LINEメッセージ 2／button】
{
  ""alt_text"": ""スマートフォンから閲覧してください。"",
  ""react_type"": ""one_time"",
  ""react_press_again_text"": null,
  ""thumbnail_image_url"": null,
  ""title"": null,
  ""text"": ""AIマニアの放課後はこちら"",
  ""actions"": [
    {
      ""type"": ""url"",
      ""label"": ""オプチャに参加する🔥"",
      ""uri"": ""オープンチャット「AIマニアの放課後」 https://line.me/ti/g2/qtQ6WBe1vMODUq86aG-DL8AlkyGa_5J56xW0Xg?utm_source=invitation&utm_medium=link_copy&utm_campaign=default"",
      ""add_label_id"": null,
      ""del_label_id"": null
    }
  ]
}","【LINEメッセージ 1／text】
%line_name%さん、AIの学びを続けたい方へ😊

オープンチャット 「AIマニアの放課後」 をご案内します🎉
AI活用やひとり起業について学べるZoom勉強会を、月2回開催していますよ。まずは気軽に参加してくださいね🙌

────────────

【LINEメッセージ 2／button】
{
  ""alt_text"": ""スマートフォンから閲覧してください。"",
  ""react_type"": ""one_time"",
  ""react_press_again_text"": null,
  ""thumbnail_image_url"": null,
  ""title"": null,
  ""text"": ""AIマニアの放課後はこちら"",
  ""actions"": [
    {
      ""type"": ""url"",
      ""label"": ""オプチャに参加する🔥"",
      ""uri"": ""オープンチャット「AIマニアの放課後」 https://line.me/ti/g2/qtQ6WBe1vMODUq86aG-DL8AlkyGa_5J56xW0Xg?utm_source=invitation&utm_medium=link_copy&utm_campaign=default"",
      ""add_label_id"": null,
      ""del_label_id"": null
    }
  ]
}","%line_name%さん、AIの学びを続けたい方へ😊

オープンチャット 「AIマニアの放課後」 をご案内します🎉
AI活用やひとり起業について学べるZoom勉強会を、月2回開催していますよ。まずは気軽に参加してくださいね🙌","[name]さん、AIの学びを続けたい方へ。

オープンチャット 「AIマニアの放課後」 をご案内します。AI活用やひとり起業について学べる無料勉強会を不定期で開催しています。匿名で参加できますのでまずは気軽に参加してください。","[
  {
    ""url"": ""オープンチャット「AIマニアの放課後」 https://line.me/ti/g2/qtQ6WBe1vMODUq86aG-DL8AlkyGa_5J56xW0Xg?utm_source=invitation&utm_medium=link_copy&utm_campaign=default"",
    ""action_id"": null,
    ""expiration_type"": ""none""
  }
]","VSL72時間終了または無断欠席3通終了後も面談未予約・未実施。予約完了／面談済み／営業停止は除外。オプチャリンククリックで残り案内停止。","https://utage-system.com/account/Y86og5tIw1hZ/scenario/rB1Rr3C5g2PI/step/line/Keai6IIELEtI/edit","Keai6IIELEtI"
"YouTube_ゆっくりAI","REVIEW_YouTube_ゆっくりAI_20260810","178","16","オプチャ_初回参加案内","ステップ配信","2","LINE","OC-J02","","1日後 19:00","稼働中","","","【LINEメッセージ 1／text】
一人で情報を追い続けると、分からないことが増えるほど動きにくくなりますよね😌

AIマニアの放課後 では、AIの変化を学びながら、自分の仕事や事業にどう使うかを一緒に考えていきます😊👇

https://line.me/ti/g2/qtQ6WBe1vMODUq86aG-DL8AlkyGa_5J56xW0Xg?utm_source=invitation&utm_medium=link_copy&utm_campaign=default","【LINEメッセージ 1／text】
一人で情報を追い続けると、分からないことが増えるほど動きにくくなりますよね😌

AIマニアの放課後 では、AIの変化を学びながら、自分の仕事や事業にどう使うかを一緒に考えていきます😊👇

https://line.me/ti/g2/qtQ6WBe1vMODUq86aG-DL8AlkyGa_5J56xW0Xg?utm_source=invitation&utm_medium=link_copy&utm_campaign=default","一人で情報を追い続けると、分からないことが増えるほど動きにくくなりますよね😌

AIマニアの放課後 では、AIの変化を学びながら、自分の仕事や事業にどう使うかを一緒に考えていきます😊👇

https://line.me/ti/g2/qtQ6WBe1vMODUq86aG-DL8AlkyGa_5J56xW0Xg?utm_source=invitation&utm_medium=link_copy&utm_campaign=default","一人で情報を追い続けると、分からないことが増えるほど動きにくくなります。

オープンチャット「AIマニアの放課後」 では、AIの変化を学びながら、自分の仕事や事業にどう使うかを考えます。

[オプチャURL]","[
  {
    ""url"": ""https://line.me/ti/g2/qtQ6WBe1vMODUq86aG-DL8AlkyGa_5J56xW0Xg?utm_source=invitation&utm_medium=link_copy&utm_campaign=default"",
    ""action_id"": ""ua4O1UzrwOxm"",
    ""expiration_type"": ""none""
  }
]","VSL72時間終了または無断欠席3通終了後も面談未予約・未実施。予約完了／面談済み／営業停止は除外。オプチャリンククリックで残り案内停止。","https://utage-system.com/account/Y86og5tIw1hZ/scenario/rB1Rr3C5g2PI/step/line/NTIhWrYdF9wK/edit","NTIhWrYdF9wK"
"YouTube_ゆっくりAI","REVIEW_YouTube_ゆっくりAI_20260810","179","16","オプチャ_初回参加案内","ステップ配信","3","LINE","OC-J03","","3日後 20:00","稼働中","","","【LINEメッセージ 1／text】
オプチャ参加については、これで最後のご案内ですね😊

今すぐ面談やスクールを考えていなくても大丈夫ですよ🙆‍♂️
月2回のZoom勉強会から、AIを使うきっかけを作ってみてください💬","【LINEメッセージ 1／text】
オプチャ参加については、これで最後のご案内ですね😊

今すぐ面談やスクールを考えていなくても大丈夫ですよ🙆‍♂️
月2回のZoom勉強会から、AIを使うきっかけを作ってみてください💬","オプチャ参加については、これで最後のご案内ですね😊

今すぐ面談やスクールを考えていなくても大丈夫ですよ🙆‍♂️
月2回のZoom勉強会から、AIを使うきっかけを作ってみてください💬","オプチャ参加については、これで最後のご案内です。

今すぐ面談やスクールを考えていなくても大丈夫。無料勉強会から、AIを使うきっかけを作ってください。","","VSL72時間終了または無断欠席3通終了後も面談未予約・未実施。予約完了／面談済み／営業停止は除外。オプチャリンククリックで残り案内停止。","https://utage-system.com/account/Y86og5tIw1hZ/scenario/rB1Rr3C5g2PI/step/line/tqthhMdpJHMS/edit","tqthhMdpJHMS"
"YouTube_ゆっくりAI","REVIEW_YouTube_ゆっくりAI_20260810","180","18","勉強会後ロードマップ_未クリック","ステップ配信","1","LINE","OC-N01","","登録直後","下書き","","","【LINEメッセージ 1／text】
%line_name%さん、本日の勉強会へのご参加、本当にありがとうございました😊🎉

今日の学びを自分の事業計画へ落とし込みたい方へ、AIひとり起業ロードマップ作成会をご案内しますね🎁

Zoom30分で、事業テーマ・商品・集客・販売の順番を一緒に整理していきます。スクールの案内も含むため、興味がある方だけ日程をご覧くださいね💬","【LINEメッセージ 1／text】
%line_name%さん、本日の勉強会へのご参加、本当にありがとうございました😊🎉

今日の学びを自分の事業計画へ落とし込みたい方へ、AIひとり起業ロードマップ作成会をご案内しますね🎁

Zoom30分で、事業テーマ・商品・集客・販売の順番を一緒に整理していきます。スクールの案内も含むため、興味がある方だけ日程をご覧くださいね💬","%line_name%さん、本日の勉強会へのご参加、本当にありがとうございました😊🎉

今日の学びを自分の事業計画へ落とし込みたい方へ、AIひとり起業ロードマップ作成会をご案内しますね🎁

Zoom30分で、事業テーマ・商品・集客・販売の順番を一緒に整理していきます。スクールの案内も含むため、興味がある方だけ日程をご覧くださいね💬","次回の放課後勉強会が決まりました。

テーマ：[勉強会テーマ]
日時：[勉強会日時]
形式：Zoom

AIを知るだけでなく、自分の仕事やひとり起業へどう使うかを一緒に考えます。","","","https://utage-system.com/account/Y86og5tIw1hZ/scenario/YRvcJYoKf5bE/step/line/qHdUnbo4wfh3/edit","qHdUnbo4wfh3"
"YouTube_ゆっくりAI","REVIEW_YouTube_ゆっくりAI_20260810","181","18","勉強会後ロードマップ_未クリック","ステップ配信","2","LINE","OC-N02","","1日後 10:00","稼働中","","","【LINEメッセージ 1／text】
昨日の勉強会で見つけたヒント、そのままにしていませんか？😊

自分の場合の最初の一歩まで決めたい方は、30分のロードマップ作成会を使ってくださいね🙌","【LINEメッセージ 1／text】
昨日の勉強会で見つけたヒント、そのままにしていませんか？😊

自分の場合の最初の一歩まで決めたい方は、30分のロードマップ作成会を使ってくださいね🙌","昨日の勉強会で見つけたヒント、そのままにしていませんか？😊

自分の場合の最初の一歩まで決めたい方は、30分のロードマップ作成会を使ってくださいね🙌","開催まであと3日です。

今回のテーマは [勉強会テーマ]。AI初心者でも参加できる内容です。聞くだけで終わらせず、自分ならどう使うかまで考える時間にします。

[勉強会申込URL]","","","https://utage-system.com/account/Y86og5tIw1hZ/scenario/YRvcJYoKf5bE/step/line/Xx8BcVbTazKj/edit","Xx8BcVbTazKj"
"YouTube_ゆっくりAI","REVIEW_YouTube_ゆっくりAI_20260810","182","18","勉強会後ロードマップ_未クリック","ステップ配信","3","LINE","OC-N03","","2日後 20:00","稼働中","","","【LINEメッセージ 1／text】
今回の勉強会参加者向けの作成会案内は、これで最後ですね😌

スクールに関心があって、具体的な進め方を相談したい方はこちらからご予約くださいね👇

────────────

【LINEメッセージ 2／button】
{
  ""alt_text"": ""【個別】ロードマップ作成会・最後のご案内"",
  ""react_type"": ""free"",
  ""react_press_again_text"": null,
  ""thumbnail_image_url"": null,
  ""title"": ""AIひとり起業ロードマップ作成会"",
  ""text"": ""これが最後のご案内・Zoom30分"",
  ""actions"": [
    {
      ""type"": ""url"",
      ""label"": ""日程を見て予約する"",
      ""uri"": ""https://utage-system.com/event/DkY6Co3mN1oB/register"",
      ""add_label_id"": null,
      ""del_label_id"": null
    }
  ]
}","【LINEメッセージ 1／text】
今回の勉強会参加者向けの作成会案内は、これで最後ですね😌

スクールに関心があって、具体的な進め方を相談したい方はこちらからご予約くださいね👇

────────────

【LINEメッセージ 2／button】
{
  ""alt_text"": ""【個別】ロードマップ作成会・最後のご案内"",
  ""react_type"": ""free"",
  ""react_press_again_text"": null,
  ""thumbnail_image_url"": null,
  ""title"": ""AIひとり起業ロードマップ作成会"",
  ""text"": ""これが最後のご案内・Zoom30分"",
  ""actions"": [
    {
      ""type"": ""url"",
      ""label"": ""日程を見て予約する"",
      ""uri"": ""https://utage-system.com/event/DkY6Co3mN1oB/register"",
      ""add_label_id"": null,
      ""del_label_id"": null
    }
  ]
}","今回の勉強会参加者向けの作成会案内は、これで最後ですね😌

スクールに関心があって、具体的な進め方を相談したい方はこちらからご予約くださいね👇","明日開催。

[勉強会テーマ]
[勉強会日時]／Zoom

参加する方は、忘れないうちに登録を済ませてください。","[
  {
    ""url"": ""https://utage-system.com/event/DkY6Co3mN1oB/register"",
    ""action_id"": ""Rxpev2N4QEL3"",
    ""expiration_type"": ""none""
  }
]","","https://utage-system.com/account/Y86og5tIw1hZ/scenario/YRvcJYoKf5bE/step/line/DCkZURPOLdbZ/edit","DCkZURPOLdbZ"
"YouTube_ゆっくりAI","REVIEW_YouTube_ゆっくりAI_20260810","183","19","勉強会後ロードマップ_クリック済","ステップ配信","1","LINE","OC-C01","","15分 後","稼働中","","","【LINEメッセージ 1／text】
%line_name%さん、作成会の日程ページを見てくださってありがとうございます😊

合う時間がなければ、少し時間を置いてもう一度確認できますよ💬","【LINEメッセージ 1／text】
%line_name%さん、作成会の日程ページを見てくださってありがとうございます😊

合う時間がなければ、少し時間を置いてもう一度確認できますよ💬","%line_name%さん、作成会の日程ページを見てくださってありがとうございます😊

合う時間がなければ、少し時間を置いてもう一度確認できますよ💬","[name]さん、本日が放課後勉強会の日です。

テーマ：[勉強会テーマ]
日時：[勉強会日時]

今日扱う内容を、自分の行動に一つ持ち帰ってください。
[勉強会申込URL]","","","https://utage-system.com/account/Y86og5tIw1hZ/scenario/6s6n2jsuDCIe/step/line/t5809c9etpY3/edit","t5809c9etpY3"
"YouTube_ゆっくりAI","REVIEW_YouTube_ゆっくりAI_20260810","184","19","勉強会後ロードマップ_クリック済","ステップ配信","2","LINE","OC-C02","","2時間 後","稼働中","","","【LINEメッセージ 1／text】
AIひとり起業ロードマップ作成会 はZoom30分です😊

予約は名前とメールアドレスだけでOK。勉強会で得た学びを、あなたの事業テーマと次の行動へつなげていきますね🙌","【LINEメッセージ 1／text】
AIひとり起業ロードマップ作成会 はZoom30分です😊

予約は名前とメールアドレスだけでOK。勉強会で得た学びを、あなたの事業テーマと次の行動へつなげていきますね🙌","AIひとり起業ロードマップ作成会 はZoom30分です😊

予約は名前とメールアドレスだけでOK。勉強会で得た学びを、あなたの事業テーマと次の行動へつなげていきますね🙌","あと1時間で開始します。

AIマニアの放課後 Zoom勉強会
参加URL：[勉強会参加URL]

開始時刻になりましたら、こちらからお入りください。","","","https://utage-system.com/account/Y86og5tIw1hZ/scenario/6s6n2jsuDCIe/step/line/aJTXplcyVf6R/edit","aJTXplcyVf6R"
"YouTube_ゆっくりAI","REVIEW_YouTube_ゆっくりAI_20260810","185","19","勉強会後ロードマップ_クリック済","ステップ配信","3","LINE","OC-C03","","5時間 後","稼働中","","","【LINEメッセージ 1／text】
まだテーマが固まっていなくても、まったく問題ありませんよ😌

経験・得意・興味を確認しながら、AIを使って何を形にするかを一緒に整理していきますね。スクールの説明も含みます👇

────────────

【LINEメッセージ 2／button】
{
  ""alt_text"": ""【個別】AIひとり起業ロードマップ作成会のご案内"",
  ""react_type"": ""free"",
  ""react_press_again_text"": null,
  ""thumbnail_image_url"": null,
  ""title"": ""AIひとり起業ロードマップ作成会"",
  ""text"": ""Zoom30分・名前とメールだけで予約OK"",
  ""actions"": [
    {
      ""type"": ""url"",
      ""label"": ""日程を見て予約する"",
      ""uri"": ""https://utage-system.com/event/DkY6Co3mN1oB/register"",
      ""add_label_id"": null,
      ""del_label_id"": null
    }
  ]
}","【LINEメッセージ 1／text】
まだテーマが固まっていなくても、まったく問題ありませんよ😌

経験・得意・興味を確認しながら、AIを使って何を形にするかを一緒に整理していきますね。スクールの説明も含みます👇

────────────

【LINEメッセージ 2／button】
{
  ""alt_text"": ""【個別】AIひとり起業ロードマップ作成会のご案内"",
  ""react_type"": ""free"",
  ""react_press_again_text"": null,
  ""thumbnail_image_url"": null,
  ""title"": ""AIひとり起業ロードマップ作成会"",
  ""text"": ""Zoom30分・名前とメールだけで予約OK"",
  ""actions"": [
    {
      ""type"": ""url"",
      ""label"": ""日程を見て予約する"",
      ""uri"": ""https://utage-system.com/event/DkY6Co3mN1oB/register"",
      ""add_label_id"": null,
      ""del_label_id"": null
    }
  ]
}","まだテーマが固まっていなくても、まったく問題ありませんよ😌

経験・得意・興味を確認しながら、AIを使って何を形にするかを一緒に整理していきますね。スクールの説明も含みます👇","[name]さん、本日の勉強会へのご参加ありがとうございました。

今日の学びを自分の事業計画へ落とし込みたい方へ、AIひとり起業ロードマップ作成会をご案内します。

Zoom30分で、事業テーマ・商品・集客・販売の順番を一緒に整理します。スクールの案内も含むため、興味がある方だけ日程をご覧ください。","[
  {
    ""url"": ""https://utage-system.com/event/DkY6Co3mN1oB/register"",
    ""action_id"": ""Rxpev2N4QEL3"",
    ""expiration_type"": ""none""
  }
]","","https://utage-system.com/account/Y86og5tIw1hZ/scenario/6s6n2jsuDCIe/step/line/drv279eSHBD2/edit","drv279eSHBD2"
"YouTube_ゆっくりAI","REVIEW_YouTube_ゆっくりAI_20260810","186","19","勉強会後ロードマップ_クリック済","ステップ配信","4","LINE","OC-C04","","10時間 後","稼働中","","","【LINEメッセージ 1／text】
学んだ日の熱を、そのまま行動へ🔥

一人で考えて止まる前に、３０分で優先順位を決めちゃいましょう💬","【LINEメッセージ 1／text】
学んだ日の熱を、そのまま行動へ🔥

一人で考えて止まる前に、３０分で優先順位を決めちゃいましょう💬","学んだ日の熱を、そのまま行動へ🔥

一人で考えて止まる前に、３０分で優先順位を決めちゃいましょう💬","昨日の勉強会で見つけたヒントを、そのままにしていませんか？

自分の場合の最初の一歩まで決めたい方は、30分のロードマップ作成会を使ってください。","","","https://utage-system.com/account/Y86og5tIw1hZ/scenario/6s6n2jsuDCIe/step/line/TQAmLMmMHUwK/edit","TQAmLMmMHUwK"
"YouTube_ゆっくりAI","REVIEW_YouTube_ゆっくりAI_20260810","187","19","勉強会後ロードマップ_クリック済","ステップ配信","5","LINE","OC-C05","","1日 後","稼働中","","","【LINEメッセージ 1／text】
%line_name%さん、ロードマップ作成会へ参加しようか迷われている方へ😌

「今の自分が最初に取り組む課題を明確にしていただけました。」
「AIで事業を作り、労働集約から卒業しようと決意しました。」
などの感想をいただいております🙌

次の開催は未定です。お早めにお申し込みください。","【LINEメッセージ 1／text】
%line_name%さん、昨日ページを開いて迷っていた方へ😌

作成会では、今の自分が最初に取り組む一つを明確にしていきますね。そのうえでスクールが必要かも判断できますよ🙌","%line_name%さん、昨日ページを開いて迷っていた方へ😌

作成会では、今の自分が最初に取り組む一つを明確にしていきますね。そのうえでスクールが必要かも判断できますよ🙌","今回の勉強会参加者向けの作成会案内は、これで最後です。

スクールに関心があり、具体的な進め方を相談したい方はこちらからご予約ください。
[面談予約URL]","","","https://utage-system.com/account/Y86og5tIw1hZ/scenario/6s6n2jsuDCIe/step/line/5y0jtagXKl24/edit","5y0jtagXKl24"
"YouTube_ゆっくりAI","REVIEW_YouTube_ゆっくりAI_20260810","188","19","勉強会後ロードマップ_クリック済","ステップ配信","6","LINE","OC-C06","","1日 4時間 後","稼働中","","","【LINEメッセージ 1／text】
AIでできることが増えるほど、選択肢も増えていきますよね😊

だからこそ、何をやるべきなのか整理する時間を作ってください✨
ロードマップ作成会でお待ちしています。","【LINEメッセージ 1／text】
AIでできることが増えるほど、選択肢も増えていきますよね😊

だからこそ、何をやるかだけでなく、今は何をやらないかまで整理する時間を作ってくださいね✨","AIでできることが増えるほど、選択肢も増えていきますよね😊

だからこそ、何をやるかだけでなく、今は何をやらないかまで整理する時間を作ってくださいね✨","[name]さん、ロードマップ作成会の日程ページを見てくださりありがとうございます。

合う時間がなければ、少し時間を置いてもう一度確認できます。","","","https://utage-system.com/account/Y86og5tIw1hZ/scenario/6s6n2jsuDCIe/step/line/GcAZFq9yUYEu/edit","GcAZFq9yUYEu"
"YouTube_ゆっくりAI","REVIEW_YouTube_ゆっくりAI_20260810","189","19","勉強会後ロードマップ_クリック済","ステップ配信","7","LINE","OC-C07","","1日後 10:00","稼働中","","","【LINEメッセージ 1／text】
事前準備は一切不要です😊 様々な相談の場としてご活用ください👇

────────────

【LINEメッセージ 2／button】
{
  ""alt_text"": ""【個別】ロードマップ作成会・事前課題なし/日程変更OK"",
  ""react_type"": ""free"",
  ""react_press_again_text"": null,
  ""thumbnail_image_url"": null,
  ""title"": ""AIひとり起業ロードマップ作成会"",
  ""text"": ""事前課題なし・日程変更OK"",
  ""actions"": [
    {
      ""type"": ""url"",
      ""label"": ""日程を見て予約する"",
      ""uri"": ""https://utage-system.com/event/DkY6Co3mN1oB/register"",
      ""add_label_id"": null,
      ""del_label_id"": null
    }
  ]
}","【LINEメッセージ 1／text】
事前課題や資料は不要ですよ😊 予約後に都合が変わっても日程変更できるので安心してくださいね👇

────────────

【LINEメッセージ 2／button】
{
  ""alt_text"": ""【個別】ロードマップ作成会・事前課題なし/日程変更OK"",
  ""react_type"": ""free"",
  ""react_press_again_text"": null,
  ""thumbnail_image_url"": null,
  ""title"": ""AIひとり起業ロードマップ作成会"",
  ""text"": ""事前課題なし・日程変更OK"",
  ""actions"": [
    {
      ""type"": ""url"",
      ""label"": ""日程を見て予約する"",
      ""uri"": ""https://utage-system.com/event/DkY6Co3mN1oB/register"",
      ""add_label_id"": null,
      ""del_label_id"": null
    }
  ]
}","事前課題や資料は不要ですよ😊 予約後に都合が変わっても日程変更できるので安心してくださいね👇","AIひとり起業ロードマップ作成会 はZoom30分です。

予約は名前とメールアドレスだけ。勉強会で得た学びを、あなたの事業テーマと次の行動へつなげます。","[
  {
    ""url"": ""https://utage-system.com/event/DkY6Co3mN1oB/register"",
    ""action_id"": ""Rxpev2N4QEL3"",
    ""expiration_type"": ""none""
  }
]","","https://utage-system.com/account/Y86og5tIw1hZ/scenario/6s6n2jsuDCIe/step/line/MxOJAWlXbEbE/edit","MxOJAWlXbEbE"
"YouTube_ゆっくりAI","REVIEW_YouTube_ゆっくりAI_20260810","190","19","勉強会後ロードマップ_クリック済","ステップ配信","8","LINE","OC-C08","","1日後 15:00","稼働中","","","【LINEメッセージ 1／text】
受付終了まで残り9時間です⏰

必要な方は、お早めに日程を確保してください🙌","【LINEメッセージ 1／text】
今回の受付は残り9時間です⏰

実際の48時間受付に基づくご案内です。必要な方は、期限内に日程を確保してくださいね🙌","","まだテーマが固まっていなくても問題ありません。

経験・得意・興味を確認しながら、AIを使って何を形にするかを一緒に整理します。
[面談予約URL]","","","https://utage-system.com/account/Y86og5tIw1hZ/scenario/6s6n2jsuDCIe/step/line/Qx8sfyBu5hqI/edit","Qx8sfyBu5hqI"
"YouTube_ゆっくりAI","REVIEW_YouTube_ゆっくりAI_20260810","191","19","勉強会後ロードマップ_クリック済","ステップ配信","9","LINE","OC-C09","","1日後 21:00","稼働中","","","【LINEメッセージ 1／text】
受付終了まであと3時間です⏰

AIひとり起業スクールに関心があって、自分に合う進め方を直接相談したい方はこちらです👇

────────────

【LINEメッセージ 2／button】
{
  ""alt_text"": ""【個別】ロードマップ作成会・受付終了まであと3時間"",
  ""react_type"": ""free"",
  ""react_press_again_text"": null,
  ""thumbnail_image_url"": null,
  ""title"": ""AIひとり起業ロードマップ作成会"",
  ""text"": ""受付終了まであと3時間"",
  ""actions"": [
    {
      ""type"": ""url"",
      ""label"": ""日程を見て予約する"",
      ""uri"": ""https://utage-system.com/event/DkY6Co3mN1oB/register"",
      ""add_label_id"": null,
      ""del_label_id"": null
    }
  ]
}","【LINEメッセージ 1／text】
受付終了まであと3時間です⏰

AIひとり起業スクールに関心があって、自分に合う進め方を直接相談したい方はこちらです👇

────────────

【LINEメッセージ 2／button】
{
  ""alt_text"": ""【個別】ロードマップ作成会・受付終了まであと3時間"",
  ""react_type"": ""free"",
  ""react_press_again_text"": null,
  ""thumbnail_image_url"": null,
  ""title"": ""AIひとり起業ロードマップ作成会"",
  ""text"": ""受付終了まであと3時間"",
  ""actions"": [
    {
      ""type"": ""url"",
      ""label"": ""日程を見て予約する"",
      ""uri"": ""https://utage-system.com/event/DkY6Co3mN1oB/register"",
      ""add_label_id"": null,
      ""del_label_id"": null
    }
  ]
}","","学んだ日の熱を、行動へ。

一人で考えて止まる前に、30分で優先順位を決めましょう。","[
  {
    ""url"": ""https://utage-system.com/event/DkY6Co3mN1oB/register"",
    ""action_id"": ""Rxpev2N4QEL3"",
    ""expiration_type"": ""none""
  }
]","","https://utage-system.com/account/Y86og5tIw1hZ/scenario/6s6n2jsuDCIe/step/line/EbnJDJasIpid/edit","EbnJDJasIpid"
"YouTube_ゆっくりAI","REVIEW_YouTube_ゆっくりAI_20260810","192","19","勉強会後ロードマップ_クリック済","ステップ配信","10","LINE","OC-C10","","1日後 23:00","稼働中","","","【LINEメッセージ 1／text】
あと1時間で受付を終了します⏰

今回の案内はこれで最後です。参加したい方は今すぐ予約を完了してくださいね💬","【LINEメッセージ 1／text】
あと1時間で受付を終了します⏰

今回の勉強会参加者向け案内はこれで最後です。参加したい方は今すぐ予約を完了してくださいね💬","","[name]さん、昨日ページを開いて迷っていた方へ。

作成会では、今の自分が最初に取り組む一つを明確にします。そのうえでスクールが必要かも判断できます。","","","https://utage-system.com/account/Y86og5tIw1hZ/scenario/6s6n2jsuDCIe/step/line/FYFbS6MjeNru/edit","FYFbS6MjeNru"
"YouTube_ゆっくりAI","REVIEW_YouTube_ゆっくりAI_20260810","193","20","AIでひとり起業【個別相談会】リマインダ","ステップ配信","1","メール","申込時","","登録直後","稼働中","すや / info-cosmos@xenomagic.com","【重要】%event_name%へのお申込みが完了しました","%name% 様

この度は
%event_name%
にお申込み頂きありがとうございます。

お申込み頂いたご予約について
ご案内をさせて頂きます。

■　お申込者情報
━━━━━━━━━━━━━━━━

お名前：%name%
メールアドレス：%mail%
電話番号：%phone%


■　日程・参加方法
━━━━━━━━━━━━━━━━

%event_info%


■　キャンセルについて
━━━━━━━━━━━━━━━━

キャンセルを希望される場合は事前に『必ず』ご連絡ください。


━━━━━━━━━━━━━━━━
%event_name%運営事務局
%from_mail%
━━━━━━━━━━━━━━━━","%name% 様

この度は
%event_name%
にお申込み頂きありがとうございます。

お申込み頂いたご予約について
ご案内をさせて頂きます。

■　お申込者情報
━━━━━━━━━━━━━━━━

お名前：%name%
メールアドレス：%mail%
電話番号：%phone%


■　日程・参加方法
━━━━━━━━━━━━━━━━

%event_info%


■　キャンセルについて
━━━━━━━━━━━━━━━━

キャンセルを希望される場合は事前に『必ず』ご連絡ください。


━━━━━━━━━━━━━━━━
%event_name%運営事務局
%from_mail%
━━━━━━━━━━━━━━━━","","AIでできることが増えるほど、選択肢も増えます。

だからこそ、何をやるかだけでなく、今は何をやらないかまで整理する時間を作ってください。","","","https://utage-system.com/account/Y86og5tIw1hZ/scenario/vVqowqBT63pQ/step/70sjTO8HmghJ/edit","70sjTO8HmghJ"
"YouTube_ゆっくりAI","REVIEW_YouTube_ゆっくりAI_20260810","194","20","AIでひとり起業【個別相談会】リマインダ","リマインダ配信","1","メール","開催14日前","イベント参加日時","14日前の 8:00","稼働中","すや / info-cosmos@xenomagic.com","【開催14日前】%event_name%","%name% 様

この度は
%event_name%
にお申込み頂きありがとうございます。

開催14日前になりましたので
リマインドをさせて頂きます。

■　お申込者情報
━━━━━━━━━━━━━━━━

お名前：%name%
メールアドレス：%mail%
電話番号：%phone%


■　日程・参加方法
━━━━━━━━━━━━━━━━

%event_info%


■　キャンセルについて
━━━━━━━━━━━━━━━━

キャンセルを希望される場合は事前に『必ず』ご連絡ください。


━━━━━━━━━━━━━━━━
%event_name%運営事務局
%from_mail%
━━━━━━━━━━━━━━━━","%name% 様

この度は
%event_name%
にお申込み頂きありがとうございます。

開催14日前になりましたので
リマインドをさせて頂きます。

■　お申込者情報
━━━━━━━━━━━━━━━━

お名前：%name%
メールアドレス：%mail%
電話番号：%phone%


■　日程・参加方法
━━━━━━━━━━━━━━━━

%event_info%


■　キャンセルについて
━━━━━━━━━━━━━━━━

キャンセルを希望される場合は事前に『必ず』ご連絡ください。


━━━━━━━━━━━━━━━━
%event_name%運営事務局
%from_mail%
━━━━━━━━━━━━━━━━","","事前課題や資料は不要です。予約後に都合が変われば日程変更できます。

[面談予約URL]","","","https://utage-system.com/account/Y86og5tIw1hZ/scenario/vVqowqBT63pQ/reminder/jdhZUdOrDuDa/edit","jdhZUdOrDuDa"
"YouTube_ゆっくりAI","REVIEW_YouTube_ゆっくりAI_20260810","195","20","AIでひとり起業【個別相談会】リマインダ","リマインダ配信","2","メール","開催7日前","イベント参加日時","7日前の 8:00","稼働中","すや / info-cosmos@xenomagic.com","【開催7日前】%event_name%","%name% 様

この度は
%event_name%
にお申込み頂きありがとうございます。

開催7日前になりましたので
リマインドをさせて頂きます。

■　お申込者情報
━━━━━━━━━━━━━━━━

お名前：%name%
メールアドレス：%mail%
電話番号：%phone%


■　日程・参加方法
━━━━━━━━━━━━━━━━

%event_info%


■　キャンセルについて
━━━━━━━━━━━━━━━━

キャンセルを希望される場合は事前に『必ず』ご連絡ください。


━━━━━━━━━━━━━━━━
%event_name%運営事務局
%from_mail%
━━━━━━━━━━━━━━━━","%name% 様

この度は
%event_name%
にお申込み頂きありがとうございます。

開催7日前になりましたので
リマインドをさせて頂きます。

■　お申込者情報
━━━━━━━━━━━━━━━━

お名前：%name%
メールアドレス：%mail%
電話番号：%phone%


■　日程・参加方法
━━━━━━━━━━━━━━━━

%event_info%


■　キャンセルについて
━━━━━━━━━━━━━━━━

キャンセルを希望される場合は事前に『必ず』ご連絡ください。


━━━━━━━━━━━━━━━━
%event_name%運営事務局
%from_mail%
━━━━━━━━━━━━━━━━","","今回の受付は残り9時間です。

実際の48時間受付に基づくご案内です。必要な方は、期限内に日程を確保してください。","","","https://utage-system.com/account/Y86og5tIw1hZ/scenario/vVqowqBT63pQ/reminder/jK7xNyNa1cMJ/edit","jK7xNyNa1cMJ"
"YouTube_ゆっくりAI","REVIEW_YouTube_ゆっくりAI_20260810","196","20","AIでひとり起業【個別相談会】リマインダ","リマインダ配信","3","メール","開催3日前","イベント参加日時","3日前の 8:00","稼働中","すや / info-cosmos@xenomagic.com","【開催3日前】%event_name%","%name% 様

この度は
%event_name%
にお申込み頂きありがとうございます。

開催3日前になりましたので
リマインドをさせて頂きます。

■　お申込者情報
━━━━━━━━━━━━━━━━

お名前：%name%
メールアドレス：%mail%
電話番号：%phone%


■　日程・参加方法
━━━━━━━━━━━━━━━━

%event_info%


■　キャンセルについて
━━━━━━━━━━━━━━━━

キャンセルを希望される場合は事前に『必ず』ご連絡ください。


━━━━━━━━━━━━━━━━
%event_name%運営事務局
%from_mail%
━━━━━━━━━━━━━━━━","%name% 様

この度は
%event_name%
にお申込み頂きありがとうございます。

開催3日前になりましたので
リマインドをさせて頂きます。

■　お申込者情報
━━━━━━━━━━━━━━━━

お名前：%name%
メールアドレス：%mail%
電話番号：%phone%


■　日程・参加方法
━━━━━━━━━━━━━━━━

%event_info%


■　キャンセルについて
━━━━━━━━━━━━━━━━

キャンセルを希望される場合は事前に『必ず』ご連絡ください。


━━━━━━━━━━━━━━━━
%event_name%運営事務局
%from_mail%
━━━━━━━━━━━━━━━━","","受付終了まであと3時間です。

AIひとり起業スクールに関心があり、自分に合う進め方を直接相談したい方はこちらです。
[面談予約URL]","","","https://utage-system.com/account/Y86og5tIw1hZ/scenario/vVqowqBT63pQ/reminder/3Sm1nKs0whtA/edit","3Sm1nKs0whtA"
"YouTube_ゆっくりAI","REVIEW_YouTube_ゆっくりAI_20260810","197","20","AIでひとり起業【個別相談会】リマインダ","リマインダ配信","4","メール","開催前日","イベント参加日時","1日前の 8:00","稼働中","すや / info-cosmos@xenomagic.com","【明日開催】%event_name%","%name% 様

この度は
%event_name%
にお申込み頂きありがとうございます。

開催前日になりましたので
リマインドをさせて頂きます。

■　お申込者情報
━━━━━━━━━━━━━━━━

お名前：%name%
メールアドレス：%mail%
電話番号：%phone%


■　日程・参加方法
━━━━━━━━━━━━━━━━

%event_info%


■　キャンセルについて
━━━━━━━━━━━━━━━━

キャンセルを希望される場合は事前に『必ず』ご連絡ください。


━━━━━━━━━━━━━━━━
%event_name%運営事務局
%from_mail%
━━━━━━━━━━━━━━━━","%name% 様

この度は
%event_name%
にお申込み頂きありがとうございます。

開催前日になりましたので
リマインドをさせて頂きます。

■　お申込者情報
━━━━━━━━━━━━━━━━

お名前：%name%
メールアドレス：%mail%
電話番号：%phone%


■　日程・参加方法
━━━━━━━━━━━━━━━━

%event_info%


■　キャンセルについて
━━━━━━━━━━━━━━━━

キャンセルを希望される場合は事前に『必ず』ご連絡ください。


━━━━━━━━━━━━━━━━
%event_name%運営事務局
%from_mail%
━━━━━━━━━━━━━━━━","","あと1時間で受付を終了します。

今回の勉強会参加者向け案内はこれで最後です。参加したい方は今すぐ予約を完了してください。","","","https://utage-system.com/account/Y86og5tIw1hZ/scenario/vVqowqBT63pQ/reminder/CGM99TaU9YO4/edit","CGM99TaU9YO4"
"YouTube_ゆっくりAI","REVIEW_YouTube_ゆっくりAI_20260810","198","20","AIでひとり起業【個別相談会】リマインダ","リマインダ配信","5","メール","開催当日","イベント参加日時","当日の 8:00","稼働中","すや / info-cosmos@xenomagic.com","【本日開催】%event_name%","%name% 様

この度は
%event_name%
にお申込み頂きありがとうございます。

開催当日になりましたので
リマインドをさせて頂きます。

■　お申込者情報
━━━━━━━━━━━━━━━━

お名前：%name%
メールアドレス：%mail%
電話番号：%phone%


■　日程・参加方法
━━━━━━━━━━━━━━━━

%event_info%


■　キャンセルについて
━━━━━━━━━━━━━━━━

キャンセルを希望される場合は事前に『必ず』ご連絡ください。


━━━━━━━━━━━━━━━━
%event_name%運営事務局
%from_mail%
━━━━━━━━━━━━━━━━","%name% 様

この度は
%event_name%
にお申込み頂きありがとうございます。

開催当日になりましたので
リマインドをさせて頂きます。

■　お申込者情報
━━━━━━━━━━━━━━━━

お名前：%name%
メールアドレス：%mail%
電話番号：%phone%


■　日程・参加方法
━━━━━━━━━━━━━━━━

%event_info%


■　キャンセルについて
━━━━━━━━━━━━━━━━

キャンセルを希望される場合は事前に『必ず』ご連絡ください。


━━━━━━━━━━━━━━━━
%event_name%運営事務局
%from_mail%
━━━━━━━━━━━━━━━━","","[name]さん、本日はありがとうございました。AIひとり起業スクールへのご参加手続きもありがとうございます。これ以降のご案内は、受講開始の案内に切り替わります。一緒に形にしていきましょう。","","","https://utage-system.com/account/Y86og5tIw1hZ/scenario/vVqowqBT63pQ/reminder/OkC1ak5iOy59/edit","OkC1ak5iOy59"
"YouTube_ゆっくりAI","REVIEW_YouTube_ゆっくりAI_20260810","199","20","AIでひとり起業【個別相談会】リマインダ","リマインダ配信","6","メール","開催60分前","イベント参加日時","1時間 前","稼働中","すや / info-cosmos@xenomagic.com","【開催60分前】%event_name%","%name% 様

この度は
%event_name%
にお申込み頂きありがとうございます。

開催60分前になりましたので
リマインドをさせて頂きます。

■　お申込者情報
━━━━━━━━━━━━━━━━

お名前：%name%
メールアドレス：%mail%
電話番号：%phone%


■　日程・参加方法
━━━━━━━━━━━━━━━━

%event_info%


■　キャンセルについて
━━━━━━━━━━━━━━━━

キャンセルを希望される場合は事前に『必ず』ご連絡ください。


━━━━━━━━━━━━━━━━
%event_name%運営事務局
%from_mail%
━━━━━━━━━━━━━━━━","%name% 様

この度は
%event_name%
にお申込み頂きありがとうございます。

開催60分前になりましたので
リマインドをさせて頂きます。

■　お申込者情報
━━━━━━━━━━━━━━━━

お名前：%name%
メールアドレス：%mail%
電話番号：%phone%


■　日程・参加方法
━━━━━━━━━━━━━━━━

%event_info%


■　キャンセルについて
━━━━━━━━━━━━━━━━

キャンセルを希望される場合は事前に『必ず』ご連絡ください。


━━━━━━━━━━━━━━━━
%event_name%運営事務局
%from_mail%
━━━━━━━━━━━━━━━━","","[name]さん、本日はありがとうございました。次回は [面談日時] に、今日整理した内容の続きからお話しします。Zoomはこちらです：[ZoomURL]。変更が必要な場合は [日程変更URL] からお願いします。","","","https://utage-system.com/account/Y86og5tIw1hZ/scenario/vVqowqBT63pQ/reminder/o3RyLZEG5NES/edit","o3RyLZEG5NES"
